Biomarker_A,Biomarker_B,Gate_Type,N_Both,beta_A,beta_B,beta_int,z_int,p_int,dep_rate_both,dep_rate_control,FDR_q
LBXSBU,LBXSNASI,High-High,117,-0.13744598730880783,-0.001978628785976882,0.9511086478908146,3.0582451790909038,0.0022263733854754756,0.1794871794871795,0.08458106098165592,0.8829995525349683
LBXSKSI,LBXSAL,High-Low,160,-0.01665244791641219,0.15908700973045845,0.8143538233317447,3.0438198854778182,0.0023359494953398663,0.19375,0.08394742083250349,0.8829995525349683
LBXSAPSI,LBXSCA,Low-Low,35,-0.41296644997011883,-0.17077844840061215,1.4903572375304135,2.965616760607884,0.003020766549618939,0.2,0.08527589259368545,0.8829995525349683
LBXSBU,LBXSUA,Low-High,17,0.280624695259588,-0.31945449529254766,1.6146073339883502,2.8067282185225717,0.005004744713565689,0.29411764705882354,0.08532155130093275,0.8829995525349683
LBDHDD,LBXTR,TwoSided,68,-0.0172349269377245,-0.03125286036109543,1.1233003678322795,2.6548421377964075,0.007934553066111068,0.19117647058823528,0.08496151568975725,0.8829995525349683
diastolic_bp,LBXSUA,High-Low,38,0.1407384452985537,-0.2027075061892145,1.1090729829942527,2.6096104869193617,0.009064536907815132,0.23684210526315788,0.08510428964974419,0.8829995525349683
LBXTR,LBXSCA,High-Low,23,0.16677373165555603,-0.15846061921630128,1.4136606415988506,2.5929129895199576,0.009516684406313109,0.2608695652173913,0.08527360251498182,0.8829995525349683
LBXTC,LBXSNASI,TwoSided,398,0.21746757784972015,0.3596289162641869,-0.5856440636980357,-2.577569580244365,0.009949784750674042,0.07788944723618091,0.08598531211750306,0.8829995525349683
LBDHDD,LBDLDL,High-Low,60,-0.3755200075080938,-0.06326663857876201,1.0997381022224404,2.5750273710043787,0.010023215443685821,0.16666666666666666,0.08519029777164268,0.8829995525349683
LBXSBU,LBXSNASI,TwoSided,327,-0.00254567402492033,0.1641515429204864,0.5495773118877783,2.5075807937808094,0.012156078774388361,0.1559633027522936,0.08334177215189874,0.8829995525349683
LBDLDL,LBXPLTSI,TwoSided,139,0.29531166283569066,0.2177663038627032,-1.0384831027443668,-2.481693023089159,0.013075986899041147,0.050359712230215826,0.08615720957964822,0.8829995525349683
LBXTC,LBDLDL,High-High,338,0.18243714992651477,0.6514901617944096,-0.8769422592812502,-2.4558301507338074,0.014055957394377374,0.08284023668639054,0.08576642335766424,0.8829995525349683
LBXSAPSI,LBXSAL,High-Low,190,0.48452552145526534,0.3956824259441603,-0.7234552400871124,-2.4493132392048906,0.014312891438248852,0.1,0.08539752297243308,0.8829995525349683
LBDHDD,LBXSCR,High-High,31,-0.34320320447140246,0.03499155915200908,1.2637261991186988,2.436207797336669,0.014842155538110203,0.1935483870967742,0.08534067446662079,0.8829995525349683
diastolic_bp,LBXSUA,Low-Low,68,-0.13048445096157602,-0.21451642047271124,0.9331137747722484,2.4125917252314677,0.015839551326378078,0.16176470588235295,0.08515887112689954,0.8829995525349683
diastolic_bp,LBXSAPSI,Low-Low,26,-0.08480644023352983,-0.33971333726509295,1.3546608166192418,2.4052659138541936,0.01616070172808445,0.19230769230769232,0.08539701257861636,0.8829995525349683
diastolic_bp,LBXSAL,TwoSided,331,-0.014788617521426848,0.09075228594831068,0.5080874147115232,2.3894867014317853,0.016871934668942674,0.13897280966767372,0.0838820788167359,0.8829995525349683
diastolic_bp,LBXHGB,Low-Low,124,0.11070275406683389,0.3016233143051463,-1.084365340093761,-2.381155443152703,0.01725842763899038,0.04838709677419355,0.08612820003969042,0.8829995525349683
diastolic_bp,LBXSUA,TwoSided,299,0.019842499962442382,-0.30625558922025853,0.5581121684458755,2.3443136713112436,0.019062132471024704,0.11036789297658862,0.08492376047662324,0.8829995525349683
LBXSKSI,LBXHGB,Low-Low,116,-0.2120023009911554,0.10181528281281448,0.7394410697127866,2.3387410214628725,0.019348840749171967,0.16379310344827586,0.08477096966091612,0.8829995525349683
LBXTR,LBXSCA,TwoSided,42,0.10872037106669462,-0.0011849708054563317,1.0587328272354122,2.3149289299900264,0.0206168218154449,0.21428571428571427,0.08513779527559055,0.8829995525349683
BMXWAIST,systolic_bp,Low-High,40,-0.3198654423916377,-0.007283356187747997,1.0287009512433385,2.2598603524359313,0.023829919272372567,0.175,0.08531785081676835,0.8829995525349683
BMXWAIST,LBXHGB,Low-Low,80,-0.3532048398910895,0.12088890050127188,0.7995865769424796,2.251057013657042,0.024381926557949168,0.1625,0.08506224066390042,0.8829995525349683
LBDHDD,LBXSATSI,High-High,37,-0.34279150674923253,0.21589008163009835,1.0350653270187173,2.2369937295313176,0.025286749867404666,0.1891891891891892,0.0852926709296606,0.8829995525349683
BMXWAIST,LBDHDD,High-Low,102,0.5464359871976469,0.7075346719190581,-0.8459744871428112,-2.229206983533989,0.025800136101275208,0.09803921568627451,0.08554455445544555,0.8829995525349683
LBXTC,LBDLDL,TwoSided,584,0.13517823978166488,0.47854503048915736,-0.5939237999405557,-2.209591924928482,0.027133496242852516,0.08561643835616438,0.08567269702640881,0.8829995525349683
systolic_bp,LBXSBU,High-Low,22,-0.0060476646824174285,0.2830498895264484,1.1410623531170774,2.1981609200578367,0.027937640495838592,0.2727272727272727,0.08526522593320236,0.8829995525349683
LBXSAPSI,LBXHGB,High-High,75,0.27717194761676617,-0.1884216657830117,0.8099440741558036,2.1802569173242174,0.02923842267687288,0.16,0.08511898884171028,0.8829995525349683
systolic_bp,LBXGH,TwoSided,165,0.1116157509702084,0.4945488879910043,-0.7388035248889632,-2.1778471948587006,0.02941741492224896,0.07272727272727272,0.08588223572780711,0.8829995525349683
systolic_bp,LBXGH,High-High,140,0.13697732074744143,0.5336136398352895,-0.8078049971281105,-2.176281582885724,0.029534211809083118,0.07142857142857142,0.08586762075134168,0.8829995525349683
systolic_bp,LBXSAPSI,TwoSided,194,0.12198322570946978,0.3090469398490436,-0.6785650405624627,-2.167119120300829,0.030225772352309412,0.07216494845360824,0.0859312549960032,0.8829995525349683
BMXBMI,LBXTC,Low-Low,60,-0.04346075214629791,-0.04762667321619778,0.8801633079612823,2.1579552853652157,0.03093130847101392,0.16666666666666666,0.08519029777164268,0.8829995525349683
LBDHDD,LBXPLTSI,Low-Low,37,0.5059295578031986,-0.16494536651845532,0.9698142795194338,2.1403957231905557,0.03232279987029103,0.21621621621621623,0.0851942941465814,0.8829995525349683
LBDHDD,LBXSCR,TwoSided,66,0.002490930258514833,-0.009790510326695886,0.8764856038743918,2.129736196655643,0.033193398843385825,0.16666666666666666,0.0851420678768745,0.8829995525349683
LBXSKSI,LBXSCA,Low-High,79,0.046786157565745445,0.20067476529338993,-1.5631540113036946,-2.1203899449603396,0.03397317396324797,0.02531645569620253,0.08614047219203794,0.8829995525349683
LBXTC,LBXSNASI,High-High,89,0.18754337509279598,0.19138435071482737,-1.134627766128757,-2.1176383982999716,0.03420570359681389,0.0449438202247191,0.08602788490062296,0.8829995525349683
LBXTC,LBXSAL,High-Low,84,0.1969206347583188,0.38313164483651985,-1.0245198457078235,-2.1012555032645395,0.03561854352479145,0.05952380952380952,0.08588653884166832,0.8829995525349683
systolic_bp,LBXSAL,High-High,58,-0.01792791863536151,-0.0937202969750951,0.8433166199045427,2.080021353119817,0.03752357435925602,0.15517241379310345,0.08527208201892744,0.8829995525349683
diastolic_bp,LBXSBU,Low-High,117,0.0845746993833268,0.19963216706361145,-1.0338450027449124,-2.0776315840442745,0.03774330484128596,0.042735042735042736,0.08616757560733763,0.8829995525349683
LBDHDD,LBXSATSI,TwoSided,138,-0.025346461919573137,0.14321660934136682,0.6332175367148459,2.064237342816669,0.03899521850405639,0.14492753623188406,0.08485691573926868,0.8829995525349683
LBXGLU,LBXTC,High-High,42,0.8028797168891812,0.15795030955196715,-1.5544631898094288,-2.06359190053418,0.03905642618652948,0.047619047619047616,0.08582677165354331,0.8829995525349683
LBXSATSI,LBXSCA,TwoSided,132,0.14479504603038507,-0.025406676319505345,0.6183558053629281,2.0266527177284646,0.04269794113406793,0.15151515151515152,0.08480635551142006,0.8829995525349683
LBDHDD,LBXSASSI,High-High,49,-0.3521772050835094,0.17773510161414477,0.9027891822472932,2.0110406805835166,0.04432115997074095,0.16326530612244897,0.08529498670343741,0.8829995525349683
LBXGH,LBXTC,High-High,90,0.5037848134936881,0.1787832679742947,-0.9157350037153568,-2.006350435278855,0.044818872505397934,0.06666666666666667,0.08583860759493671,0.8829995525349683
diastolic_bp,LBXSAPSI,High-High,83,0.30290015386850927,0.43521962174384987,-0.913791302143587,-1.9965578281019494,0.04587323790403661,0.07228915662650602,0.08577922719636327,0.8829995525349683
LBXTC,LBXSCA,Low-Low,95,0.14360095699782022,0.006100821213544557,-1.2177504342872132,-1.9736773688693199,0.04841844008191293,0.031578947368421054,0.08617789650737114,0.8829995525349683
LBXSAPSI,LBXHSCRP,TwoSided,89,0.0988778173673319,0.5546858480387221,0.6068791916488762,1.9582204160593049,0.050204154492886885,0.24719101123595505,0.08424799762681696,0.8829995525349683
BMXBMI,LBDLDL,High-Low,33,0.5262677096599925,-0.019910538263373447,0.8801460758554396,1.938317538766609,0.05258449392236554,0.2727272727272727,0.08506244468482643,0.8829995525349683
LBDHDD,LBXSASSI,TwoSided,106,-0.012183184347441709,0.07769783707773893,0.6896307548138708,1.9238938966394639,0.054367884431025984,0.1509433962264151,0.08498415213946117,0.8829995525349683
LBDHDD,LBXSAPSI,Low-High,63,0.6758364319973136,0.40353038568280736,-0.9653601976980348,-1.9221527518467574,0.05458653999797399,0.07936507936507936,0.08570864976822172,0.8829995525349683
LBXGH,LBXTR,TwoSided,58,0.27916140848696863,0.02765982113626586,0.8373420275807888,1.9196710345333912,0.05489946518770405,0.20689655172413793,0.08497634069400631,0.8829995525349683
LBDLDL,LBXSAL,High-Low,45,0.2808127962244592,0.3576103708611937,-1.4182426282982963,-1.893812480254817,0.05824990450613967,0.044444444444444446,0.08585212168947524,0.8829995525349683
systolic_bp,LBXSAPSI,High-High,125,0.11481258200020099,0.45025342129228396,-0.7004464546058529,-1.8890312274986818,0.05888764449658903,0.08,0.08573980351295028,0.8829995525349683
LBXGH,LBXTC,TwoSided,195,0.48259192255050926,0.13278399362165413,-0.5750481310515734,-1.8782291948474577,0.06034981791879239,0.08205128205128205,0.08573998201259118,0.8829995525349683
LBXGH,LBXTR,High-High,57,0.32818652185361774,0.02592538149052049,0.8151247057099302,1.865896347727305,0.062055868693025554,0.21052631578947367,0.08496796451453918,0.8829995525349683
BMXBMI,LBXHGB,Low-Low,58,-0.03944484790653256,0.14075087513070506,0.7266564721676566,1.8640425543475823,0.06231572862684736,0.1896551724137931,0.08507492113564669,0.8829995525349683
systolic_bp,LBXSCR,High-High,82,0.09531616550633913,0.39561889473462264,-1.050817325353247,-1.860267646677504,0.06284766852333938,0.04878048780487805,0.08596837944664032,0.8829995525349683
LBXTC,LBXHSCRP,Low-High,40,-0.0415580062270911,0.6278342358576696,0.7731591392470177,1.8573057771890085,0.06326766295634131,0.25,0.08502263333989372,0.8829995525349683
LBXTC,LBXSCR,TwoSided,85,0.11800604210698894,0.3961959833176366,-1.0308982195825873,-1.8494867361896827,0.06438756130487046,0.047058823529411764,0.08599387170109717,0.8829995525349683
BMXWAIST,LBXSAPSI,High-High,105,0.40957434981657553,0.22392668690285222,0.5335185953447388,1.8448487393883262,0.06505954515764496,0.22857142857142856,0.08418342081806478,0.8829995525349683
LBDLDL,LBXSKSI,TwoSided,158,0.2604629906988651,0.13690800094385336,-0.665281167585681,-1.8298416533015744,0.06727362025173506,0.06329113924050633,0.08602150537634409,0.8829995525349683
BMXWAIST,LBXSAPSI,Low-High,40,-0.2943488277095682,0.2983181126871284,0.8238833622287455,1.807509818256813,0.07068282523396453,0.175,0.08531785081676835,0.8829995525349683
diastolic_bp,LBXSCA,High-High,59,0.15681499426759607,0.0731347068509789,0.6793981588636642,1.8016439841223382,0.07160143642970868,0.1864406779661017,0.08508330868579315,0.8829995525349683
LBXGLU,LBXSAL,High-Low,64,0.4534326491062649,0.22655180760874188,0.6498020480297203,1.7971505975095148,0.07231171495202147,0.265625,0.08453343854803709,0.8829995525349683
LBXSBU,LBXSUA,High-High,216,0.26162156126564545,-0.13784899180534885,-0.6744453821751712,-1.7939386997664042,0.07282295362387224,0.05092592592592592,0.08642098938513919,0.8829995525349683
LBXSAPSI,LBXHSCRP,High-High,80,0.21251542231298484,0.5547789404939723,0.5771376836855131,1.7880517589194005,0.07376765761390296,0.2625,0.08427188302706975,0.8829995525349683
LBXSASSI,LBXSCA,High-Low,40,0.19240660958576586,-0.15187018809227187,0.8503063550688666,1.785802238699219,0.07413128413400409,0.175,0.08531785081676835,0.8829995525349683
diastolic_bp,LBXSAL,High-Low,93,0.1266621512443733,0.24501766245372048,0.5585202014032351,1.7845082544295712,0.07434111472410856,0.1935483870967742,0.08467702047680285,0.8829995525349683
LBXHGB,LBXPLTSI,Low-High,200,0.27560294787232914,0.34771880654418813,-0.5180333012589091,-1.7843476235881455,0.07436719621592015,0.1,0.08538292341531693,0.8829995525349683
LBXTR,LBXSNASI,TwoSided,64,0.08546373992569178,0.2324362006365321,0.7514661095857106,1.777846888553106,0.07542900516293628,0.1875,0.08502663247188795,0.8829995525349683
LBXSKSI,LBXHGB,TwoSided,407,-0.013623303468042696,0.0032372831500154463,0.37777994979925084,1.7767380891994715,0.07561134232424745,0.11547911547911548,0.08443083205717203,0.8829995525349683
systolic_bp,diastolic_bp,High-Low,81,0.09405364925964643,0.06138018254672278,-1.0901622907141426,-1.7740389630982716,0.07605670565587175,0.037037037037037035,0.08605868985278134,0.8829995525349683
BMXBMI,LBXSBU,Low-High,25,0.00894834565264227,0.031853082377884194,0.9551697953731039,1.7601406148480658,0.07838396789465946,0.2,0.08538862140119878,0.8829995525349683
BMXWAIST,LBXSUA,Low-Low,172,-0.3467086125825192,-0.20102128067031372,0.5707942256637811,1.7441417620453568,0.08113437343890442,0.10465116279069768,0.08534396809571286,0.8829995525349683
systolic_bp,LBXSCR,TwoSided,100,0.07679533166303228,0.40556278229038345,-0.8301907893708902,-1.735003119761703,0.08274025262635655,0.06,0.08592357948921006,0.8829995525349683
LBXSCA,LBXPLTSI,High-High,115,0.19515059811230537,0.33635150639976896,-0.663413031287774,-1.7317991831619028,0.08330932365045796,0.0782608695652174,0.08575394071577278,0.8829995525349683
LBXTR,LBXSATSI,High-High,45,0.48317692618176705,0.3517913383249319,-1.3263488913502657,-1.7307998105105287,0.08348747571666111,0.044444444444444446,0.08585212168947524,0.8829995525349683
LBXTR,LBXSATSI,TwoSided,45,0.48317692618176705,0.3517913383249319,-1.3263488913502657,-1.7307998105105287,0.08348747571666111,0.044444444444444446,0.08585212168947524,0.8829995525349683
diastolic_bp,LBXSATSI,TwoSided,137,0.05633952302816177,0.1599082299945476,0.5287815606741124,1.7299213811121439,0.0836443226454689,0.145985401459854,0.08484848484848485,0.8829995525349683
LBXGLU,LBXHSCRP,TwoSided,30,0.736494032081751,0.7489946688679507,-0.9969007937888017,-1.7219623555539176,0.08507633798298189,0.13333333333333333,0.08552890287062524,0.8829995525349683
BMXBMI,LBXSNASI,High-High,113,0.6277147122814818,0.19457630354285885,-0.5841569953906058,-1.7199854027908885,0.0854350950084441,0.10619469026548672,0.08543958766973932,0.8829995525349683
LBDLDL,LBXSNASI,High-Low,48,0.03660944860260303,0.29958185920066155,0.7092191638636665,1.7159626354578115,0.08616888137613754,0.20833333333333334,0.08508961985424464,0.8829995525349683
LBXSBU,LBXSNASI,High-Low,91,0.1683542582697744,0.39940526547969984,-0.7843791196309209,-1.7133942649348353,0.08664003067469994,0.06593406593406594,0.08584709722084859,0.8829995525349683
BMXWAIST,diastolic_bp,Low-High,28,-0.2811076599068277,0.17029628330426522,0.9015257829274731,1.708803379342229,0.08748737655858964,0.17857142857142858,0.08541379988205229,0.8829995525349683
LBXTC,LBXTR,High-High,88,0.1307658721367471,0.5569430253869159,-0.8429426546229031,-1.698060052294999,0.08949642823811561,0.06818181818181818,0.085821633379474,0.8829995525349683
BMXBMI,LBXIN,High-High,64,0.5720693471813467,0.8776152532655572,-0.7669218644272185,-1.6978898478001736,0.08952855372853277,0.140625,0.08532254882619845,0.8829995525349683
LBXSAPSI,LBXSCA,High-High,82,0.4250283318588611,0.1912131131421062,-0.774043386144735,-1.6975017612507082,0.0896018384037136,0.07317073170731707,0.0857707509881423,0.8829995525349683
LBXTC,LBXSAPSI,High-Low,24,0.06436419127413306,-0.28851025324926477,1.0216006474791608,1.69476287813215,0.09012041218046188,0.16666666666666666,0.08547848300255453,0.8829995525349683
LBXGLU,LBXTC,TwoSided,89,0.823730398732269,0.10704555421870655,-0.6852678346745201,-1.691276409966574,0.09078402332410312,0.10112359550561797,0.08553347176901019,0.8829995525349683
BMXWAIST,LBXSASSI,High-High,55,0.5343361105397885,0.4050730397384368,-0.9406222128843298,-1.6845494087492328,0.09207553916500733,0.07272727272727272,0.08573962747610131,0.8829995525349683
LBDHDD,LBXPLTSI,Low-High,50,0.6676239206857733,0.3080313425175826,-0.9277111672979904,-1.6812747877737335,0.09270955270422138,0.08,0.08569739952718676,0.8829995525349683
LBXSCR,LBXSAL,TwoSided,103,0.38704196751332,0.21876822984301136,-0.7604493801761784,-1.679512430094055,0.09305221840040796,0.06796116504854369,0.08585008416674918,0.8829995525349683
LBXSBU,LBXSUA,Low-Low,75,0.25941431090353817,-0.21353858173822704,0.633660271916188,1.6746341945460765,0.0940060258941821,0.17333333333333334,0.08502024291497975,0.8829995525349683
LBXSUA,LBXSNASI,Low-High,71,-0.1898176286100903,0.06776024403110723,0.6229678395469237,1.6695787344230175,0.0950027407194692,0.15492957746478872,0.08518408844141744,0.8829995525349683
LBDLDL,LBXTR,High-High,42,0.22028521194297984,0.4813569703510282,-1.2860496082158093,-1.6631930973865625,0.09627378891536618,0.047619047619047616,0.08582677165354331,0.8829995525349683
LBXSAPSI,LBXSKSI,Low-Low,35,-0.30732679746922326,-0.10052127466988894,0.9111701021093972,1.6596339690926325,0.09698811034660375,0.14285714285714285,0.08547260745549326,0.8829995525349683
LBXTR,LBXSKSI,TwoSided,42,0.17933656912604803,0.0568730203090691,0.7737386088734922,1.650780537211883,0.09878339568231376,0.19047619047619047,0.08523622047244095,0.8829995525349683
BMXWAIST,diastolic_bp,Low-Low,90,-0.31218926749044223,-0.09087893142288588,0.6454596317218132,1.6479425469153999,0.09936446143095228,0.1111111111111111,0.08544303797468354,0.8829995525349683
LBDHDD,LBXSAPSI,TwoSided,217,0.11095847087293861,0.2848140694081394,-0.48289342639352073,-1.6472041442109724,0.09951609229899416,0.07834101382488479,0.08582874311467201,0.8829995525349683
BMXBMI,LBXSCA,Low-Low,28,0.008881726528310008,-0.13127166289077866,0.8780144365365287,1.6404396603252553,0.10091378476237856,0.17857142857142858,0.08541379988205229,0.8829995525349683
LBDLDL,LBXSNASI,High-High,46,0.2552114439034383,0.1585583360334253,-1.2264173917689354,-1.636594632167816,0.10171519796374112,0.043478260869565216,0.08586057502953919,0.8829995525349683
LBXSUA,LBXSKSI,TwoSided,345,-0.277556509056996,0.02003549767677512,0.3820276929189626,1.6341849434199325,0.10222002306813863,0.09855072463768116,0.08521862635690372,0.8829995525349683
LBXSBU,LBXSAL,High-Low,137,0.16830590425658204,0.36848882195262456,-0.5924627516492448,-1.6338423048629438,0.10229196681466744,0.08029197080291971,0.08574267262791853,0.8829995525349683
LBXTC,LBXSUA,Low-High,97,-0.024757664425497972,-0.33227959897976356,0.6408320702724268,1.6295951080500146,0.10318709899893472,0.10309278350515463,0.08550222662048491,0.8829995525349683
LBXSATSI,LBXSCA,High-High,81,0.20394472482903325,0.06012118059911913,0.5796675826929074,1.6175170885323311,0.1057667100201648,0.16049382716049382,0.08507064519316274,0.8829995525349683
LBXGLU,LBXHSCRP,High-High,29,0.726917650305329,0.7448446156355163,-0.9384126548554769,-1.615751221032839,0.10614811174347641,0.13793103448275862,0.08552049542907697,0.8829995525349683
LBXTR,LBXPLTSI,High-Low,21,0.24799729748675942,-0.12637508950270768,0.9940494461043922,1.6138257240999831,0.10656523316180508,0.19047619047619047,0.08545329535409095,0.8829995525349683
LBXGH,LBXPLTSI,High-High,83,0.4741088266657488,0.315300020228542,-0.656859804345566,-1.612130419438252,0.10693356249099818,0.0963855421686747,0.08558157920743156,0.8829995525349683
LBXTC,LBXSBU,TwoSided,244,0.1374351297574386,0.2935644268142674,-0.4434476878751287,-1.6080668564490554,0.10782053712316107,0.08196721311475409,0.08576019280980117,0.8829995525349683
LBXSNASI,LBXSAL,High-High,51,0.15679738762354528,0.04901048312911932,-1.6432919735641394,-1.6046866485774887,0.10856278165848726,0.0196078431372549,0.08600137917446557,0.8829995525349683
LBXTC,LBXSBU,High-High,66,0.1526684985957515,0.1604979861513048,-0.9904933461043158,-1.6018896735110608,0.10918000841708841,0.045454545454545456,0.08593133385951066,0.8829995525349683
diastolic_bp,LBXSAL,High-High,55,0.17007274861760976,-0.06671993799121699,0.6755981962936565,1.5893966333550047,0.11197087420742588,0.14545454545454545,0.08534542229230314,0.8829995525349683
LBXSAPSI,LBXHGB,TwoSided,246,0.1095492904993091,0.02793615818981997,0.3811532896021055,1.5735271058163074,0.11559681701297793,0.13414634146341464,0.08447167537163519,0.8829995525349683
diastolic_bp,LBXSAL,Low-High,78,-0.09134627502418667,-0.07402055789287919,0.6370449275775221,1.5677881599155417,0.11693057900277345,0.11538461538461539,0.08544053733702094,0.8829995525349683
LBXSUA,LBXSNASI,Low-Low,121,-0.23514975796054494,0.29123628217598774,0.49389802065382793,1.563518640222183,0.11793065480763759,0.1487603305785124,0.08491221109016962,0.8829995525349683
LBXSASSI,LBXSBU,TwoSided,52,0.3980149142214018,0.24566334917797042,-0.9807838153034386,-1.5589991807728751,0.11899657405913372,0.057692307692307696,0.0858128078817734,0.8829995525349683
LBDLDL,LBXSCA,Low-Low,41,0.23998428223963658,-0.035867668400704204,-1.6107420606247589,-1.551815002182239,0.12070649524554322,0.024390243902439025,0.08591674047829938,0.8829995525349683
systolic_bp,LBXPLTSI,Low-High,61,-0.05268264037727943,0.22203647789135528,0.6028046633008152,1.5467183832919826,0.12193116825511596,0.18032786885245902,0.08510008874864412,0.8829995525349683
LBXSASSI,LBXSCA,TwoSided,88,0.14316491651682733,-0.0019937506470767024,0.5770590290649158,1.546549312035845,0.12197196045075084,0.14772727272727273,0.08512952343286534,0.8829995525349683
LBXSATSI,LBXSBU,High-Low,23,0.24836268130106268,0.3056889760167471,0.8058094410690964,1.5428600247582218,0.12286474183982946,0.2608695652173913,0.08527360251498182,0.8829995525349683
systolic_bp,LBXPLTSI,Low-Low,32,-0.01283084153266433,-0.13447346285707418,0.8232478140858731,1.5400215578996161,0.12355509866343388,0.15625,0.08544739429695182,0.8829995525349683
LBXSUA,LBXSCA,High-High,120,-0.1656862604565391,0.18802220707470124,-0.7572001373688747,-1.5355319450870968,0.12465321642640279,0.041666666666666664,0.08619321563181909,0.8829995525349683
BMXBMI,LBXHGB,TwoSided,298,0.37605926627891695,0.008985927852007827,0.324894231708495,1.532603938390173,0.12537347052764775,0.15436241610738255,0.08360258481421648,0.8829995525349683
LBDLDL,LBXSCR,TwoSided,35,0.19548837909806033,0.3139567099378754,-1.5850608049021238,-1.5239721922236558,0.12751565782795168,0.02857142857142857,0.08586603717910889,0.8829995525349683
LBXSKSI,LBXSAL,High-High,49,0.2346054950248016,0.04513169845215761,-1.5615262870477202,-1.5230475664949445,0.12774680544844827,0.02040816326530612,0.08598443809711416,0.8829995525349683
LBXSATSI,LBXSKSI,High-Low,57,0.23181153467140114,-0.12285481901758716,0.6319130971109336,1.5219741406292142,0.12801556029621738,0.15789473684210525,0.08526367668802366,0.8829995525349683
LBXSUA,LBXSNASI,High-Low,106,-0.17310941206970842,0.3962181699127596,-0.748561960582774,-1.5218021328743074,0.12805866691102072,0.04716981132075472,0.08607369255150554,0.8829995525349683
LBDLDL,LBXPLTSI,High-High,39,0.2433622586748436,0.30769599352429605,-1.1430673990649383,-1.5190465772744803,0.12875077235761265,0.05128205128205128,0.08580143658368591,0.8829995525349683
systolic_bp,LBXSCA,Low-Low,56,0.12281472938130644,-0.02909259290663429,-1.13475167716097,-1.516187719550084,0.12947189239697796,0.03571428571428571,0.0859452000788488,0.8829995525349683
LBXGH,LBXHGB,High-High,52,0.36208748460533513,-0.12195566797251665,0.649249391998163,1.5103893677411695,0.13094410001124018,0.15384615384615385,0.08532019704433498,0.8829995525349683
BMXWAIST,LBXSAPSI,TwoSided,238,0.15965207644969787,0.10856567500018635,0.35286101395887914,1.494374867764286,0.13507766665137597,0.14705882352941177,0.08420313127258129,0.8829995525349683
systolic_bp,LBXSNASI,Low-High,62,-0.05042862333578516,0.07620926414303142,0.5947865133443438,1.492200980244566,0.1356464654719929,0.16129032258064516,0.08520710059171598,0.8829995525349683
LBXTC,LBXSAL,High-High,110,0.03907984736833591,-0.09504286739750285,0.5226133698874218,1.4912086611760245,0.13590672043014282,0.11818181818181818,0.08531510107015458,0.8829995525349683
LBXWBCSI,LBXPLTSI,High-High,36,0.7030640937208629,0.28869169596471794,-1.020041651428948,-1.4904633044907938,0.13610245814777477,0.08333333333333333,0.08567774936061381,0.8829995525349683
BMXBMI,LBXIN,TwoSided,65,0.4496406765138395,0.8988766087785196,-0.6678720610085582,-1.4888399111448412,0.13652952976472768,0.13846153846153847,0.08533096576896518,0.8829995525349683
BMXBMI,LBXSAPSI,TwoSided,216,0.3839991652287,0.0971591080747873,0.3499276136906095,1.4870317487660853,0.13700642586301962,0.1712962962962963,0.08381734428199479,0.8829995525349683
LBXSASSI,LBXSNASI,High-Low,79,0.1078267721317825,0.28741260904217064,0.5565265910561601,1.484596448352863,0.137650756869278,0.17721518987341772,0.08495505284994567,0.8829995525349683
BMXWAIST,LBXSKSI,Low-Low,78,-0.30485816625455614,-0.11621065459241335,0.6007944990455448,1.4825622819054243,0.13819074458677746,0.11538461538461539,0.08544053733702094,0.8829995525349683
BMXWAIST,LBXSKSI,High-Low,54,0.4569328374375938,-0.10176579317756781,0.5804808302314441,1.482073988091433,0.13832060919533415,0.18518518518518517,0.08513992905005913,0.8829995525349683
LBXGLU,LBXHGB,High-Low,26,0.7460632482626189,0.23918427932793956,-1.1303863488454782,-1.4816678998490884,0.13842868235368586,0.07692307692307693,0.08569182389937106,0.8829995525349683
BMXWAIST,diastolic_bp,TwoSided,341,0.15233540710952842,0.030290298041615375,0.3163666791864647,1.473247505173233,0.14068430986852146,0.12609970674486803,0.084271372071798,0.8829995525349683
LBXGLU,LBXTR,TwoSided,55,0.533942014019209,0.005657908399340576,0.6719046648345396,1.46951644285035,0.14169276527979674,0.21818181818181817,0.08495121710850498,0.8829995525349683
LBXSBU,LBXSCA,High-Low,61,0.14175179838210344,-0.030348546492076935,-1.0932861143526593,-1.4688780383664717,0.1418658723785432,0.03278688524590164,0.08598757518982349,0.8829995525349683
LBXSAPSI,LBXSAL,TwoSided,287,0.28144904243094687,0.23571328188341104,-0.36214805185642973,-1.466419177106577,0.142534125041139,0.0975609756097561,0.08532526475037822,0.8829995525349683
LBXSAPSI,LBXPLTSI,High-Low,81,0.41163992959049134,-0.006685250506316967,-0.7340366947572975,-1.4656791206108621,0.14273572496307854,0.06172839506172839,0.08586108092085762,0.8829995525349683
LBDLDL,LBXTR,TwoSided,58,0.18443199920593975,0.4851353999789431,-0.8459677881683165,-1.4655209864766905,0.14277883089043836,0.06896551724137931,0.08576498422712933,0.8829995525349683
LBXIN,LBXPLTSI,TwoSided,38,0.9018463800711581,0.16301244777960447,-0.8487318574425301,-1.454735768348081,0.14574242630767834,0.10526315789473684,0.08559622195985832,0.8829995525349683
LBXTC,LBXTR,TwoSided,93,0.10006811936849645,0.5400061503085298,-0.6768185380883538,-1.4472611869828549,0.14782378530101908,0.07526881720430108,0.08576515975863093,0.8829995525349683
BMXBMI,LBXGLU,TwoSided,61,0.40334379146266636,0.5051656904979884,0.5189921154195525,1.4439788207090245,0.14874493301252611,0.26229508196721313,0.08460704072576669,0.8829995525349683
LBXSBU,LBXSKSI,High-High,193,0.16776436413893414,0.26268793127837853,-0.47927914628219753,-1.4391483421782292,0.15010849782122115,0.07772020725388601,0.08582275951643521,0.8829995525349683
systolic_bp,LBXHGB,High-High,69,-0.0028645387470650377,-0.12718500920407477,0.6047169756584034,1.4387417909491031,0.15022369406577732,0.11594202898550725,0.0854633376097898,0.8829995525349683
systolic_bp,LBXSUA,High-High,141,0.09791694837671205,-0.1643231516992568,-0.6555900139880616,-1.4354791855661118,0.15115059546505752,0.0425531914893617,0.08627373024550243,0.8829995525349683
BMXBMI,LBXSAPSI,Low-High,36,0.010055298112401818,0.31440588688618043,0.6683875852038733,1.4334477754377368,0.15172991347465575,0.19444444444444445,0.08528428093645485,0.8829995525349683
systolic_bp,LBXSATSI,TwoSided,76,0.009244573359741666,0.2195577959782945,0.5171842223978506,1.4330550290358606,0.1518421117900718,0.15789473684210525,0.08512739482520244,0.8829995525349683
LBXSATSI,LBXSNASI,High-High,78,0.3694763706927954,0.15723143834531722,-0.7026594674433482,-1.4195048946468627,0.15575187088757914,0.0641025641025641,0.08583563808771237,0.8829995525349683
LBXSBU,LBXSNASI,Low-Low,73,0.23024817088063945,0.2859238181236169,0.5057780161736345,1.418602829292818,0.1560148405627962,0.2054794520547945,0.08480600256688715,0.8829995525349683
LBXSUA,LBXSKSI,High-Low,69,-0.3072279739659893,-0.10366396867199912,0.6313929349387007,1.4145039048459704,0.15721400167650626,0.10144927536231885,0.08556202506661403,0.8829995525349683
diastolic_bp,LBXHGB,High-High,114,0.16169328971321942,-0.15855320599189146,0.5033628882681105,1.4113550489299795,0.15813995022529215,0.11403508771929824,0.08534892942109437,0.8829995525349683
diastolic_bp,LBXTR,High-High,39,0.2532588804680289,0.4565936557303483,-1.0774302987647248,-1.4065102806310747,0.15957265399240883,0.05128205128205128,0.08580143658368591,0.8829995525349683
LBXIN,LBXTR,High-High,25,0.582459108472409,0.15045538280491993,0.7821676664682727,1.404762138094382,0.16009202126680722,0.28,0.08519209983295667,0.8829995525349683
LBXIN,LBXTR,TwoSided,25,0.582459108472409,0.15045538280491993,0.7821676664682727,1.404762138094382,0.16009202126680722,0.28,0.08519209983295667,0.8829995525349683
LBXTC,LBXSKSI,Low-Low,72,-0.015984112308316166,-0.11492769020584694,0.5724344875889732,1.4042458514010139,0.16024565249998124,0.125,0.08538993089832182,0.8829995525349683
LBDHDD,LBXSKSI,Low-High,54,0.5155363599474586,0.14170398043445512,0.5459580582281095,1.40200772200095,0.16091294078668394,0.2037037037037037,0.08504138746551045,0.8829995525349683
LBXGLU,LBXSCA,High-Low,31,0.588413792300614,-0.14454099622549266,0.6783836250094961,1.3996145141944527,0.16162878524484914,0.22580645161290322,0.08524235571723528,0.8829995525349683
diastolic_bp,LBXIN,TwoSided,29,0.14024203667947785,0.8731823042587523,-1.0712106024752375,-1.3892511085671007,0.1647564053085636,0.06896551724137931,0.08571709426914381,0.8829995525349683
LBXSBU,LBXSKSI,TwoSided,306,0.2874396437857651,0.12731482143227957,-0.3483790214869236,-1.3850911075396053,0.1660246106619898,0.08823529411764706,0.08559013742926434,0.8829995525349683
LBXSAPSI,LBXSUA,Low-High,28,-0.2613209563540758,-0.2809736829343997,0.9191323451616881,1.384415698546955,0.1662312047815987,0.10714285714285714,0.08561037939846668,0.8829995525349683
LBXSATSI,LBXSNASI,High-Low,91,0.18798072301258462,0.2867709591672778,0.46194823287900494,1.382669203118458,0.16676631907341077,0.17582417582417584,0.08485807536346553,0.8829995525349683
BMXBMI,LBXSKSI,High-Low,70,0.5258101809421714,-0.11175865836149816,0.4871199498323315,1.3779335881078967,0.16822379354827466,0.18571428571428572,0.08497828661666008,0.8829995525349683
LBXTC,LBXPLTSI,High-Low,43,0.05981551868176909,-0.13196376939295917,0.662151333124979,1.3750750442593296,0.16910818034169395,0.13953488372093023,0.08544148046067526,0.8829995525349683
LBXSATSI,LBXSUA,TwoSided,141,0.3934526251252456,-0.1529319309654983,-0.5552458967455202,-1.3735872283621147,0.16956986411158503,0.05673758865248227,0.0860749428486234,0.8829995525349683
LBXGLU,LBDLDL,High-High,41,0.7405585187068559,0.19005240251774322,-0.7936823656255932,-1.371212187800847,0.170308819957237,0.0975609756097561,0.08562149394744611,0.8829995525349683
diastolic_bp,LBXSNASI,Low-High,75,0.040734337312994036,0.15658592042300767,-0.7439468306509961,-1.3711735373331848,0.1703208653541629,0.05333333333333334,0.08590895625555446,0.8829995525349683
LBXGLU,LBXSUA,High-High,31,0.5925580370834661,-0.29740455310674524,0.6968879321003302,1.370944216284866,0.1703923462631518,0.1935483870967742,0.08534067446662079,0.8829995525349683
BMXWAIST,LBXIN,High-High,69,0.4926588451884437,0.8426205221929499,-0.6065858370356644,-1.3700153365762793,0.17068211423791557,0.14492753623188406,0.08526596269614133,0.8829995525349683
BMXBMI,LBXPLTSI,Low-High,37,0.14950944544792347,0.30518498997152405,-1.0257170005663663,-1.3673400563507998,0.1715187417971481,0.05405405405405406,0.08578455484505657,0.8829995525349683
BMXBMI,systolic_bp,Low-High,45,0.00575210474543454,0.005011308395264105,0.6220212282073111,1.3640719286241418,0.1725449286661478,0.15555555555555556,0.08535985034951266,0.8829995525349683
LBXGH,LBXSAL,TwoSided,171,0.44390435990844745,0.22207900635654546,-0.40123672438036556,-1.3599162140899015,0.17385643942093965,0.10526315789473684,0.08533546007377131,0.8829995525349683
systolic_bp,LBXSUA,High-Low,56,-0.0009357452540607305,-0.16714773664757393,0.5724100787740433,1.3567526219526385,0.17485982608121298,0.14285714285714285,0.0853538340232604,0.8829995525349683
LBXTR,LBXSUA,High-High,54,0.4881237063081312,-0.21076621352942537,-1.0356990358228761,-1.354893049271735,0.17545163451220214,0.037037037037037035,0.08592826172644856,0.8829995525349683
LBXGLU,LBXSCA,TwoSided,67,0.5462962665425797,4.280491476945108e-05,0.49535537787046385,1.3524845513691048,0.17622035753004173,0.208955223880597,0.08485446472619634,0.8829995525349683
LBXSUA,LBXHGB,High-High,132,-0.1793746009207252,0.012726062709086725,-0.7392039919063731,-1.3512292327398154,0.1766220130800774,0.030303030303030304,0.08639523336643495,0.8829995525349683
LBXGH,LBXHGB,High-Low,79,0.46693565638853585,0.24501556098817134,-0.5512480943810535,-1.3471143248243875,0.17794341526992863,0.10126582278481013,0.0855477625209918,0.8829995525349683
BMXBMI,LBXPLTSI,High-Low,54,0.5328671350221593,-0.1511751377510158,0.5323745154142125,1.3374848958148422,0.18106440931186574,0.18518518518518517,0.08513992905005913,0.8829995525349683
diastolic_bp,LBXHGB,High-Low,53,0.17419457761791052,0.16100517006730933,0.5207898385803894,1.3337154690543003,0.1822971231664522,0.18867924528301888,0.08513154005320721,0.8829995525349683
LBXGLU,LBDHDD,TwoSided,48,0.5752312064766611,0.024353428531905294,0.5450739072846834,1.3286994187408834,0.18394715678293627,0.20833333333333334,0.08508961985424464,0.8829995525349683
systolic_bp,LBXPLTSI,High-Low,103,0.08367684918079092,0.0017806845225966897,-0.6594715845968724,-1.3282605495300492,0.18409204761301579,0.04854368932038835,0.08604812357659174,0.8829995525349683
diastolic_bp,LBXSASSI,Low-High,22,-0.054191703923930204,0.2364599905319966,0.7914928127924856,1.3251752513108073,0.18511303182461836,0.18181818181818182,0.08546168958742632,0.8829995525349683
LBXSBU,LBXSNASI,Low-High,46,0.29067321800350227,0.07990359502991069,0.5570110544726854,1.32137113604702,0.1863776453634024,0.1956521739130435,0.08517132729421031,0.8829995525349683
LBDHDD,LBDLDL,TwoSided,135,0.0058255087904345035,0.0734583492376087,0.40223473840067553,1.319514726509169,0.1869970901255782,0.13333333333333333,0.08503029701003278,0.8829995525349683
LBXSAPSI,LBXWBCSI,TwoSided,20,0.17883310011057427,0.28729495826502915,0.8150840255901772,1.3177490100651752,0.18758768219757627,0.25,0.08534669023767433,0.8829995525349683
BMXWAIST,LBXSASSI,TwoSided,79,0.24129864441495155,0.4070997088183266,-0.6193551492373467,-1.317163309218237,0.18778388963439818,0.0759493670886076,0.08574533241134051,0.8829995525349683
BMXWAIST,LBXSBU,High-High,79,0.5346577882554208,0.15272826327211286,-0.569774625784284,-1.3155161569327314,0.1883364909382742,0.08860759493670886,0.08564654746616615,0.8829995525349683
LBXTR,LBXSUA,TwoSided,63,0.48895889917001456,-0.16595340697259786,-0.8370036103875673,-1.3119418310529145,0.189539761950825,0.047619047619047616,0.08590590788046158,0.8829995525349683
LBXTR,LBXPLTSI,High-High,21,0.4387508574947281,0.2935752158599848,-1.377539622456891,-1.3100733377863953,0.1901710270841861,0.047619047619047616,0.08574796188979472,0.8829995525349683
systolic_bp,LBXSCA,TwoSided,311,0.1011863147575959,0.09013102524152952,-0.33145137290953774,-1.3099170500476012,0.19022389854667132,0.07717041800643087,0.0859367101405318,0.8829995525349683
LBXSUA,LBXSAL,Low-High,40,-0.07253981283284387,0.030178696540438664,-1.3475842298741845,-1.3082748933854815,0.1907800876168705,0.025,0.08590828577051761,0.8829995525349683
LBXSAL,LBXPLTSI,Low-Low,92,0.35047569186868305,-0.010071461793171184,-0.6027246429555417,-1.3072770765489232,0.19111862664817236,0.06521739130434782,0.08585558852621167,0.8829995525349683
LBXSATSI,LBXSAPSI,High-High,98,0.34329140024817156,0.3895522654623992,-0.5012752967886279,-1.3028502914584705,0.1926258772825229,0.10204081632653061,0.0855106888361045,0.8829995525349683
LBDLDL,LBXSAL,TwoSided,184,0.2329851582538279,0.2250849993591857,-0.3994609032396284,-1.3009979175886068,0.1932591675200489,0.08695652173913043,0.08564583749251348,0.8829995525349683
BMXWAIST,LBXWBCSI,TwoSided,36,0.22971106599695512,0.6969898269221932,-0.8841766201837403,-1.2983454498868856,0.1941686550622912,0.08333333333333333,0.08567774936061381,0.8829995525349683
LBXGLU,LBXSAL,TwoSided,82,0.5118330821354554,0.1477030751595053,0.44447731023662923,1.2919432551450323,0.19637679657509488,0.21951219512195122,0.08458498023715415,0.8829995525349683
LBXTR,LBXSAL,High-Low,26,0.23241493808662692,0.2841638434772025,0.6801363985932464,1.285698777239694,0.1985482081546467,0.23076923076923078,0.08529874213836477,0.8829995525349683
LBXSATSI,LBXSUA,High-High,120,0.38587680993385237,-0.1982055039108086,-0.5955443677335518,-1.2784289031353993,0.20109823833342344,0.05,0.08609402896250744,0.8829995525349683
BMXBMI,LBDHDD,High-Low,73,0.584070191130052,0.6367711628180139,-0.4901494080920294,-1.2734270540972736,0.20286654225429102,0.136986301369863,0.08529963471221245,0.8829995525349683
LBXGLU,LBDHDD,High-Low,36,0.5386066939687594,0.49973530744643324,0.5585036252805125,1.2701802980275807,0.20402041396055137,0.2777777777777778,0.08498917961833563,0.8829995525349683
BMXBMI,LBXSCA,High-Low,130,0.5265034758813656,-0.22651339027950076,0.38363717544210696,1.2677168260251688,0.20489909379424776,0.16153846153846155,0.08469023034154091,0.8829995525349683
LBXSAL,LBXHGB,Low-High,32,0.28604599058067376,-0.09233564423541145,0.6560767668907037,1.2655241451383215,0.20568349863420254,0.15625,0.08544739429695182,0.8829995525349683
systolic_bp,LBXTC,Low-Low,57,-0.026175925981717238,-0.00863473070556698,0.553801231258276,1.2650710063451092,0.2058458752036061,0.14035087719298245,0.08536224741251848,0.8829995525349683
diastolic_bp,LBXIN,High-High,18,0.24788955369436336,0.8361036027361969,-1.3335929802505924,-1.2598978448818228,0.20770621628931885,0.05555555555555555,0.08572270227808326,0.8829995525349683
BMXWAIST,LBXSKSI,Low-High,55,-0.1976295004287396,0.22752948730237132,-0.9331385524865091,-1.257960098627367,0.20840618701459046,0.03636363636363636,0.0859367300680004,0.8829995525349683
diastolic_bp,LBDLDL,Low-High,23,-0.05366578244898161,0.10525703977807506,0.7442555896901926,1.2563989243671652,0.20897137143869238,0.17391304347826086,0.08547008547008547,0.8829995525349683
LBXSBU,LBXSUA,High-Low,24,0.045671232417841864,-0.1451613594748293,0.7299089400262845,1.2553560414703164,0.20934953950658075,0.16666666666666666,0.08547848300255453,0.8829995525349683
BMXWAIST,LBXWBCSI,High-High,29,0.5095716862767041,0.6197561189150559,-0.8608094715324792,-1.2501878895779055,0.2112309196743265,0.10344827586206896,0.08561879484911039,0.8829995525349683
BMXBMI,BMXWAIST,High-High,725,0.5702702908220593,0.3536799095986959,-0.34722492885341133,-1.2478527266955612,0.21208499537650483,0.13517241379310344,0.08188245225282262,0.8829995525349683
LBXSATSI,LBXSBU,High-High,29,0.338993540287784,0.12545965976048834,-1.2900664401620228,-1.2448364299313721,0.2131918820713099,0.034482758620689655,0.08581539368917723,0.8829995525349683
BMXBMI,LBXSKSI,Low-Low,50,0.012592167478174385,-0.10081616414588011,0.569122700538514,1.24415439364818,0.2134427451032228,0.14,0.08540189125295508,0.8829995525349683
LBXSUA,LBXSKSI,High-High,141,-0.3394593120394071,0.14643025448056401,0.4275551742732167,1.2399842991620253,0.21498120154627343,0.09929078014184398,0.08547858065798629,0.8829995525349683
LBXTC,LBXSNASI,High-Low,123,0.14928844816014886,0.39111877846262066,-0.44041146519185176,-1.2383587988868654,0.21558305052707438,0.08943089430894309,0.08562357376723881,0.8829995525349683
LBXGLU,LBXSUA,High-Low,30,0.7304100078008415,-0.08396392341127855,-0.9428414784499565,-1.2359394197177258,0.2164810828499838,0.06666666666666667,0.08572552103814393,0.8829995525349683
BMXWAIST,LBXSNASI,High-High,122,0.5437501671454471,0.1709318918003661,-0.4083800206100006,-1.2346982460059797,0.2169428289275589,0.10655737704918032,0.08541666666666667,0.8829995525349683
LBXSATSI,LBXSAPSI,TwoSided,109,0.36285693031002625,0.23330557965218945,-0.46676388623593074,-1.2342479441603484,0.21711052694832123,0.09174311926605505,0.08560388387991677,0.8829995525349683
LBXGLU,LBDLDL,TwoSided,90,0.7672523300745714,0.14477635966020447,-0.4826396773463291,-1.229864605713356,0.21874781028498125,0.12222222222222222,0.08534414556962025,0.8829995525349683
LBXTC,LBXPLTSI,TwoSided,310,0.13301381465489637,0.196716181837384,-0.3002311762357315,-1.2195864247621875,0.22262169516399688,0.08387096774193549,0.08572583906186818,0.8829995525349683
LBXSUA,LBXSCA,TwoSided,352,-0.12829644511768992,0.09082420786744166,-0.31509364969543036,-1.2195382250704878,0.22263997676491898,0.06534090909090909,0.08639593908629442,0.8829995525349683
LBDLDL,LBXSCA,TwoSided,155,0.22390042690141387,0.0706167253011712,-0.4150515623701108,-1.2178846682083697,0.223267803248543,0.07741935483870968,0.08579675525032349,0.8829995525349683
LBXTR,LBXSNASI,High-Low,43,0.1937938045900067,0.3109320109368337,0.5717376087948651,1.213938757084892,0.2247711115223886,0.18604651162790697,0.08524461069002855,0.8829995525349683
LBXSBU,LBXSAL,TwoSided,305,0.26978328378232097,0.22320433408284787,-0.2919987239200525,-1.2133236323812595,0.22500611101000412,0.10163934426229508,0.08517732646256441,0.8829995525349683
BMXWAIST,LBXPLTSI,TwoSided,345,0.16070967859127716,0.07674832612441866,0.25537322574093735,1.211402986936628,0.225740995183617,0.13043478260869565,0.08410266815461094,0.8829995525349683
LBXSASSI,LBXSNASI,TwoSided,112,0.12153029096388886,0.2332521932987418,0.4232362457206624,1.2096079543425673,0.22642936445225093,0.15178571428571427,0.08493557978196234,0.8829995525349683
systolic_bp,LBDHDD,High-Low,43,0.07763365788290678,0.6425130316640376,-0.7569834870502699,-1.209585513030306,0.226437979841709,0.06976744186046512,0.08573678511664534,0.8829995525349683
BMXWAIST,LBXSCR,High-High,47,0.5204325430982357,0.2808008489499629,-0.6870255150163949,-1.20262110979977,0.22912297490603628,0.0851063829787234,0.08567208271787297,0.8829995525349683
LBXSKSI,LBXPLTSI,Low-Low,56,-0.014292444256369765,-0.026046125283791865,-0.8949214493792303,-1.1974986256451494,0.23111226292111864,0.03571428571428571,0.0859452000788488,0.8829995525349683
LBXSUA,LBXSNASI,TwoSided,427,-0.2770002823923502,0.2241794347174198,0.25646926687452554,1.1924195407707023,0.233096781994934,0.10304449648711944,0.08491048593350384,0.8829995525349683
LBXSCR,LBXPLTSI,High-High,23,0.2585940826417938,0.28982986495777446,-1.240836088173405,-1.184752122374102,0.23611546755927726,0.043478260869565216,0.08576480990274093,0.8829995525349683
diastolic_bp,LBXSATSI,Low-High,30,-0.054049750086628184,0.2593988132485839,0.6264812735141168,1.1846219652457008,0.23616694838140018,0.16666666666666666,0.0854305937868659,0.8829995525349683
LBXGH,LBXSCR,TwoSided,75,0.3086056719187126,0.02174547049359049,0.4858142407481016,1.1840958538944337,0.23637512118543558,0.16,0.08511898884171028,0.8829995525349683
LBDLDL,LBXSKSI,High-High,38,0.2204159076977542,0.22424058724985593,-0.8918177386078534,-1.1822531746401375,0.23710525925035453,0.05263157894736842,0.08579299488390398,0.8829995525349683
diastolic_bp,LBXSKSI,High-High,70,0.2731237913701602,0.24188142408847357,-0.583986239282962,-1.1815279784547985,0.23739304555509833,0.07142857142857142,0.08576786419265693,0.8829995525349683
BMXBMI,LBXSUA,Low-Low,104,-0.00013561500304530675,-0.18177590589751177,0.43456345358048176,1.1791031235465406,0.2383571149839454,0.125,0.08526440879382056,0.8829995525349683
LBXSKSI,LBXPLTSI,High-High,98,0.2330093423767335,0.30760324901169284,-0.4540670835341544,-1.1758787363138812,0.23964333705769747,0.09183673469387756,0.08560965954077593,0.8829995525349683
diastolic_bp,LBXSBU,TwoSided,231,0.15641037656969267,0.26720002392047026,-0.32055712837540123,-1.1740795876359875,0.24036314869176134,0.09090909090909091,0.08554808945943235,0.8829995525349683
BMXWAIST,LBXGLU,TwoSided,71,0.18047401642391675,0.5430822806036184,0.4199169331680387,1.1729433000563512,0.2408185439911138,0.2112676056338028,0.08478926068502615,0.8829995525349683
BMXWAIST,LBXTC,Low-Low,99,-0.297435265615459,-0.001965182616521797,0.456391008785803,1.1717784882838596,0.2412860014837266,0.10101010101010101,0.0855191527269128,0.8829995525349683
diastolic_bp,LBXSKSI,High-Low,102,0.17275960692414144,-0.13244683801871898,0.41413075450177816,1.1713091853460458,0.24147452064494668,0.12745098039215685,0.08524752475247525,0.8829995525349683
LBXSCR,LBXSAL,High-Low,84,0.2773234631670477,0.334487642648024,-0.5417049193512476,-1.1707309258085792,0.24170695026317346,0.08333333333333333,0.08568887131844238,0.8829995525349683
systolic_bp,LBDLDL,Low-Low,27,0.08303421692204158,0.19356342658919826,-1.2236741252055487,-1.1685359751449098,0.24259063676656534,0.037037037037037035,0.0857985257985258,0.8829995525349683
LBXSCA,LBXHGB,Low-High,35,-0.11984457392590449,-0.09944797678857842,0.6597823367932497,1.1634230202633764,0.24465791408461446,0.11428571428571428,0.08557096488639716,0.8829995525349683
LBXHSCRP,LBXHGB,TwoSided,130,0.5984305287587467,0.02522773999304675,0.333569237114529,1.1624447918654996,0.24505483783784998,0.2,0.08419380460683082,0.8829995525349683
diastolic_bp,LBXSNASI,High-High,129,0.1545687003830133,0.06675522895793011,0.3568358036829934,1.1591192476385361,0.2464075812624329,0.13953488372093023,0.08497964856547205,0.8829995525349683
systolic_bp,LBXSAPSI,Low-High,22,0.10025200321261703,0.3809833745186415,-1.2071998895226157,-1.1586060417663013,0.24661680504550498,0.045454545454545456,0.08575638506876228,0.8829995525349683
diastolic_bp,LBXGLU,TwoSided,64,0.13907508142237773,0.7564638833515519,-0.5169528657497038,-1.1571386463705386,0.24721571949393872,0.109375,0.08551982639573881,0.8829995525349683
BMXBMI,BMXWAIST,Low-Low,455,0.11603823486801583,-0.5664597433261707,0.4652312939076364,1.153875535997042,0.24855120021803856,0.09230769230769231,0.08535959782497178,0.8829995525349683
LBDLDL,LBXPLTSI,Low-High,22,0.20223136012917314,0.2922159046015083,-1.2056531809804594,-1.1527679499583507,0.24900564268898295,0.045454545454545456,0.08575638506876228,0.8829995525349683
systolic_bp,LBXSUA,Low-Low,88,-0.028432817976943872,-0.17103330157991994,0.449286276375504,1.152707800083818,0.24903033879795333,0.125,0.08532726913189638,0.8829995525349683
LBXIN,LBXHGB,TwoSided,39,0.8661061999589333,0.11526756506713544,-0.6712665000181111,-1.1522972619192988,0.24919894174131285,0.10256410256410256,0.08560464429794352,0.8829995525349683
BMXWAIST,LBXTC,High-High,72,0.5333359316597553,0.1603133605643451,-0.49245938794936606,-1.149984413285728,0.2501502910713941,0.09722222222222222,0.0855873642645607,0.8829995525349683
BMXBMI,LBXGH,TwoSided,147,0.397069241165484,0.25186582568459115,0.309225578749263,1.149676553200392,0.2502771149054276,0.1836734693877551,0.08423669816011935,0.8829995525349683
diastolic_bp,LBXGLU,High-High,32,0.2520969252031485,0.7270555121719912,-0.7373350687156983,-1.149223263609298,0.25046393055497607,0.09375,0.08564405113077679,0.8829995525349683
LBXTC,LBXSKSI,TwoSided,348,0.024885610451691416,0.0280029996284411,0.2555056631655201,1.147743540944573,0.25107445087321556,0.10919540229885058,0.08483864420539883,0.8829995525349683
LBXTC,LBXSBU,High-Low,39,0.12786944105401968,0.42739200029151403,-0.7251177105658858,-1.147303334982068,0.25125627617459556,0.07692307692307693,0.08570304044081473,0.8829995525349683
LBDLDL,LBXSUA,High-High,56,0.22047264126958796,-0.20925807661130327,-0.8627492740207806,-1.1468745335266068,0.2514334792054638,0.03571428571428571,0.0859452000788488,0.8829995525349683
BMXWAIST,LBXHGB,TwoSided,322,0.16992925083293858,0.0448299945217244,0.24808386693719892,1.1444581591247216,0.2524336804962971,0.12422360248447205,0.08441295546558704,0.8829995525349683
BMXBMI,LBXHSCRP,TwoSided,195,0.3408340356601966,0.45241038492245744,0.3109204011938889,1.142245595346269,0.25335194837537245,0.2153846153846154,0.08314180073948237,0.8829995525349683
LBXIN,LBXSKSI,High-High,22,0.8335712348778156,0.212914211379475,-0.8936343755235091,-1.141943239696981,0.2534776137717577,0.09090909090909091,0.0856581532416503,0.8829995525349683
LBXGH,LBXSBU,TwoSided,153,0.4170960864223101,0.24114542987176854,-0.35775606064888305,-1.1391779626581648,0.2546289351710179,0.10457516339869281,0.08538163001293661,0.8829995525349683
LBXSASSI,LBXPLTSI,High-High,30,0.3579405769566331,0.2948797793322314,-0.865377199612191,-1.1378896413256359,0.25516656722735287,0.06666666666666667,0.08572552103814393,0.8829995525349683
LBDLDL,LBXSKSI,Low-High,61,0.21354067740332008,0.22286389363607575,-0.6398110172846935,-1.133829148550619,0.2568662215717652,0.06557377049180328,0.08579035598067251,0.8829995525349683
LBXTR,LBXSBU,TwoSided,25,0.2618521945737065,0.19072803330413604,0.6311035375182662,1.1305197678387957,0.2582572736474419,0.2,0.08538862140119878,0.8829995525349683
systolic_bp,LBXSASSI,TwoSided,68,0.06282775234564346,0.38027485912090037,-0.5725039532750485,-1.1288900160933057,0.25894423297347735,0.07352941176470588,0.08575093743832643,0.8829995525349683
LBDHDD,LBXTR,Low-High,66,0.5082112919197652,0.05846857947343957,0.4957027054605196,1.1243728576771699,0.2608548816510665,0.18181818181818182,0.08504340962904498,0.8829995525349683
LBXSCA,LBXPLTSI,High-Low,66,0.09204685611689388,-0.13426023605304785,0.47697351752046296,1.122358439603725,0.26171006777729944,0.12121212121212122,0.08543804262036306,0.8829995525349683
diastolic_bp,LBXSUA,Low-High,71,-0.06468700663862252,-0.29812741853373614,0.5020564609717989,1.1220749804442123,0.2618305607617283,0.09859154929577464,0.0855789161978087,0.8829995525349683
systolic_bp,LBXSAL,Low-Low,69,0.11153330853986125,0.34032759796752743,-0.5231521598170569,-1.11855015172961,0.2633320996384547,0.08695652173913043,0.08566071252343826,0.8829995525349683
LBXSAL,LBXPLTSI,Low-High,184,0.23140087836979503,0.1758940153921762,0.28977761969911847,1.1181791933039429,0.26349046881604987,0.16847826086956522,0.08414853264124576,0.8829995525349683
BMXBMI,LBXSNASI,Low-High,63,0.00752875905762068,0.08645061577157143,0.457113836086131,1.118170704044308,0.2634940938107694,0.14285714285714285,0.08531413354374198,0.8829995525349683
diastolic_bp,LBXSUA,High-High,122,0.2724272453556629,-0.19458920513342073,-0.5144604915840881,-1.117382484154837,0.2638308211414707,0.04918032786885246,0.08611111111111111,0.8829995525349683
LBXGH,LBXSCA,High-Low,57,0.37148734024008,-0.137244900730327,0.4558325623285553,1.1138180815312417,0.26535723828667257,0.15789473684210525,0.08526367668802366,0.8829995525349683
LBXSATSI,LBXSKSI,TwoSided,118,0.21942053880654455,0.05023942361831759,0.36008748196936957,1.1137128757589483,0.2654023837613071,0.13559322033898305,0.08508528361761206,0.8829995525349683
LBXSKSI,LBXSCA,Low-Low,81,-0.10184994449092408,-0.13563654987197857,0.4508153477558707,1.1131691139140112,0.26563580497177786,0.1111111111111111,0.08546586305701018,0.8829995525349683
LBXGLU,LBXSBU,High-High,50,0.7355915049310328,0.11290333418177902,-0.5802336118002517,-1.1127191653396789,0.26582906172210063,0.1,0.08559889676910953,0.8829995525349683
systolic_bp,LBXSKSI,Low-Low,44,-0.00872611288153305,-0.09267845847760531,0.541409208463043,1.1124640425472396,0.26593868213186445,0.13636363636363635,0.08544989171096673,0.8829995525349683
LBXSATSI,LBXHGB,TwoSided,159,0.3738527003078174,0.12556851226506233,-0.3871370277685936,-1.1122017376693747,0.26605142096156,0.07547169811320754,0.08583092701384049,0.8829995525349683
LBXGLU,LBXTR,High-High,54,0.5541002752505343,0.0652608900065523,0.5122899525669752,1.1099226647321667,0.26703235294514294,0.2037037037037037,0.08504138746551045,0.8829995525349683
LBXGLU,LBXSATSI,High-High,39,0.5709026237193482,0.22040794373654082,0.49274365911180157,1.1092125233563117,0.267338511340671,0.23076923076923078,0.08511266358358752,0.8829995525349683
LBXIN,LBXSKSI,High-Low,16,0.6694608616041765,-0.08721887578234502,0.7043904955058956,1.1071763120849791,0.2682177069359507,0.25,0.085411348910269,0.8829995525349683
systolic_bp,LBXSASSI,High-High,57,0.0636532687864247,0.36921710696202303,-0.6199523425312924,-1.106973700865027,0.26830529897215205,0.07017543859649122,0.08575653031049778,0.8829995525349683
systolic_bp,diastolic_bp,Low-Low,101,-0.031170881213323984,-0.0864770449030905,0.4209784831436681,1.10528380844717,0.2690366316170554,0.1188118811881188,0.08533808533808533,0.8829995525349683
LBXTC,LBXPLTSI,Low-Low,101,0.0979489539674331,-0.020379569300012345,-0.5545559095378623,-1.1037878700630586,0.2696851678851775,0.04950495049504951,0.08603108603108603,0.8829995525349683
diastolic_bp,LBXGH,TwoSided,145,0.1491132192941419,0.42463498582353343,-0.3562375768424238,-1.10185908855964,0.27052293705155106,0.09655172413793103,0.08551257830366908,0.8829995525349683
BMXBMI,LBXSAL,High-High,21,0.5512435934319473,0.019896126144334596,0.6384561895719919,1.0993755335705766,0.2716042980873369,0.19047619047619047,0.08545329535409095,0.8829995525349683
LBXTR,LBXSBU,High-High,21,0.2718984977757579,0.049242594681335614,0.6744868282367962,1.0987243845732202,0.2718883030565872,0.19047619047619047,0.08545329535409095,0.8829995525349683
BMXBMI,diastolic_bp,Low-High,29,0.0339151991745495,0.19445711926209214,0.5818621554480359,1.0960993397399705,0.2730353035675759,0.1724137931034483,0.08542219600904355,0.8829995525349683
LBXGLU,LBXSATSI,TwoSided,39,0.5781015565784778,0.22102265342383778,0.48561284807743366,1.0952461884671738,0.273408795395379,0.23076923076923078,0.08511266358358752,0.8829995525349683
LBXSCA,LBXSAL,High-Low,29,0.183268026985272,0.3448927926339974,-0.8169705832734864,-1.090449443465129,0.2755152120219416,0.06896551724137931,0.08571709426914381,0.8829995525349683
LBXSAPSI,LBXWBCSI,High-High,20,0.32116473092591885,0.2908922234231889,0.6757689282078267,1.0880297060165136,0.2765819936687648,0.25,0.08534669023767433,0.8829995525349683
LBDLDL,LBXSCA,Low-High,31,0.06833062406572808,0.10358385152232723,0.5817976098165724,1.0789350244707157,0.2806166939775324,0.16129032258064516,0.08543899321600629,0.8829995525349683
BMXWAIST,LBXSAPSI,Low-Low,76,-0.1961598574923127,-0.06489294879444853,-0.6919348877475741,-1.0786679765216305,0.2807357662375629,0.039473684210526314,0.08601619593126605,0.8829995525349683
systolic_bp,LBXSCA,Low-High,33,0.0010395360059370033,0.10279042781703951,0.5655716859679286,1.0777988739067919,0.2811235222062074,0.15151515151515152,0.0854557970301898,0.8829995525349683
LBXSAL,LBXPLTSI,High-High,65,0.03738470834407597,0.2994977047371237,-0.5864366857415292,-1.0771419803269946,0.2814168408137423,0.06153846153846154,0.0858242083456644,0.8829995525349683
LBXSNASI,LBXSKSI,TwoSided,484,0.30359166046772007,0.13140642086919707,-0.2191167919628191,-1.0757910032709281,0.28202073679119155,0.09710743801652892,0.08509981477670303,0.8829995525349683
LBXIN,LBXPLTSI,High-High,24,0.827695498987637,0.28221133117425806,-0.713772389390115,-1.072581113569828,0.28345910235652516,0.125,0.08557673413244252,0.8829995525349683
LBXSAPSI,LBXSUA,High-High,82,0.3956418037873927,-0.20138442972200946,-0.5344248311488565,-1.0724835827443755,0.28350288398617507,0.06097560975609756,0.08586956521739131,0.8829995525349683
LBXSNASI,LBXPLTSI,High-High,110,0.15813569889846382,0.3129329611167985,-0.37986259146322415,-1.0718186709391533,0.28380148522648585,0.1,0.08551327784383671,0.8829995525349683
LBXSASSI,LBXHGB,High-High,60,0.3627354805352908,-0.023797597832189595,-0.6785679175319682,-1.0706372769428272,0.28433255549392866,0.05,0.08588049694340366,0.8829995525349683
BMXWAIST,LBXSUA,TwoSided,411,0.18456712592418256,-0.2693089021697951,0.2348838239418811,1.064845699268813,0.28694576101680014,0.09975669099756691,0.08507813297926667,0.8829995525349683
LBXSBU,LBXPLTSI,TwoSided,239,0.2611218137706476,0.17860552020628423,-0.2808666412438875,-1.0613028838673355,0.28855227557712815,0.09623430962343096,0.08541603934557863,0.8829995525349683
systolic_bp,LBXSKSI,High-High,126,0.08778040449921554,0.24157565097553949,-0.3917839861919777,-1.0595060923742403,0.28936935612056736,0.07936507936507936,0.08574831282254863,0.8829995525349683
BMXBMI,LBDHDD,High-High,39,0.5251003698688314,-0.26462660291857565,0.4736070428356447,1.057992755421041,0.29005874524733866,0.1794871794871795,0.08530945586932992,0.8829995525349683
LBXTR,LBXHGB,TwoSided,55,0.22668164340767752,0.07996315742298025,0.4861145842637645,1.0567143641032042,0.29064196739949444,0.14545454545454545,0.08534542229230314,0.8829995525349683
LBXIN,LBXSCA,High-High,15,0.6740512903110304,0.10975210368017833,0.671793051017882,1.0534557421699562,0.2921321681591581,0.26666666666666666,0.08540296456267792,0.8829995525349683
diastolic_bp,LBXHSCRP,TwoSided,88,0.1369880585972725,0.7677190983005829,-0.37284619895981996,-1.051586050167554,0.2929895106999727,0.13636363636363635,0.08522839628238085,0.8829995525349683
LBXSASSI,LBXHGB,High-Low,25,0.24209731112626026,0.17869968211096277,0.5687843385740324,1.0456262704050054,0.2957336154485837,0.2,0.08538862140119878,0.8829995525349683
LBXTC,LBXSCR,Low-High,55,0.07384129129067474,0.27230261527918886,-0.668339453083802,-1.0414899545895426,0.29764821298295585,0.05454545454545454,0.08583817877205085,0.8829995525349683
LBXGH,LBXSKSI,TwoSided,184,0.28906979189582094,0.04020916621204292,0.28223736782230546,1.036190240861245,0.3001133987616814,0.1358695652173913,0.08474745458175284,0.8829995525349683
LBDHDD,LBXHGB,Low-Low,30,0.6314337622825807,0.22396313492991665,-0.656832359884573,-1.0339548212307095,0.30115728451788615,0.1,0.08562721195438458,0.8829995525349683
diastolic_bp,LBDHDD,High-Low,43,0.25871388668622314,0.639205994453103,-0.5765597265779007,-1.0336391280911144,0.3013049000621092,0.09302325581395349,0.08563835023132198,0.8829995525349683
LBXGH,LBXSAL,High-Low,126,0.44887128125749876,0.32935120072704455,-0.3265159104051248,-1.0332984864127848,0.3014642353782312,0.12698412698412698,0.0851528384279476,0.8829995525349683
LBXSAL,LBXHSCRP,TwoSided,176,0.10717659672226904,0.562631494608007,0.2798797811657107,1.029363977346519,0.3033086699157197,0.19886363636363635,0.08368242569319768,0.8829995525349683
LBXSNASI,LBXHGB,High-High,125,0.15186888675276758,-0.004183130811110685,-0.4414410842868878,-1.027807440367249,0.30404041566789974,0.056,0.08603751116403692,0.8829995525349683
diastolic_bp,LBXSATSI,High-High,107,0.15375077847838728,0.21518828291003753,0.3511332322975309,1.0249601889726017,0.3053819727003251,0.14018691588785046,0.08509162951956414,0.8829995525349683
LBXIN,LBXHGB,High-Low,18,0.8193377854443941,0.215886646144069,-0.809016459328832,-1.0247263948809553,0.3054923050905334,0.1111111111111111,0.08562450903377848,0.8829995525349683
diastolic_bp,LBXSCA,TwoSided,313,0.06670847477592962,-0.010928465494816327,0.2339463109961676,1.0235300789865982,0.3060572856670887,0.11182108626198083,0.0848417433511983,0.8829995525349683
LBXHSCRP,LBXHGB,High-Low,114,0.6051491335999841,0.08054057061847772,0.30971502757308683,1.0212476640687396,0.30713711522486487,0.21052631578947367,0.08425852498017447,0.8829995525349683
LBXGH,LBXSUA,High-Low,65,0.4503625655094312,-0.08018604714843204,-0.5103256271267972,-1.020703397418644,0.30739498441028223,0.07692307692307693,0.08572555983032455,0.8829995525349683
LBXHSCRP,LBXWBCSI,TwoSided,21,0.7188111520086881,0.5299850321038758,-0.718969768779961,-1.0198737219099492,0.3077883537424282,0.14285714285714285,0.08555151753265887,0.8829995525349683
LBXHSCRP,LBXWBCSI,High-High,21,0.7188111520086881,0.5299850321038758,-0.718969768779961,-1.0198737219099492,0.3077883537424282,0.14285714285714285,0.08555151753265887,0.8829995525349683
BMXBMI,LBXGLU,High-High,58,0.514529105223133,0.5098415396974095,0.37709053950705546,1.0179760282381278,0.3086893483507297,0.25862068965517243,0.08468059936908517,0.8829995525349683
LBXSKSI,LBXSAL,TwoSided,372,0.02633590482398345,0.1457596944714515,0.21559363482212707,1.0162888873079392,0.30949183887816945,0.11559139784946236,0.08453713123092574,0.8829995525349683
LBXTC,LBXPLTSI,High-High,97,0.1382593353535428,0.30605118745818616,-0.3910529118499794,-1.0116850437611666,0.31168866884563584,0.09278350515463918,0.08560118753092529,0.8829995525349683
LBDLDL,LBXHSCRP,TwoSided,23,0.1409004779519289,0.6770360585666736,0.5157287492820521,1.010466986433547,0.31227160857961156,0.2608695652173913,0.08527360251498182,0.8829995525349683
LBDLDL,LBXPLTSI,Low-Low,57,0.20881101709162891,-0.04137018530538216,-0.6463006411579191,-1.0088129371917376,0.3130643553740454,0.05263157894736842,0.08585510103499261,0.8829995525349683
LBXGLU,LBXSBU,TwoSided,56,0.7354645424960926,0.22893281811436458,-0.45578361878763396,-1.0060076152030106,0.31441190687582565,0.125,0.08545239503252514,0.8829995525349683
LBXTC,LBXSAPSI,TwoSided,229,0.03601368205629094,0.14685807887646649,0.251299697363772,1.005729592349622,0.31454566406566076,0.12663755458515283,0.08472876767271634,0.8829995525349683
LBDHDD,LBXSBU,Low-High,48,0.6328190337131412,0.11261562012191645,-0.5605566092692906,-1.0032393263821482,0.3157454026109665,0.08333333333333333,0.08568051999212133,0.8829995525349683
LBXTC,LBXSKSI,High-High,79,0.0628970712662621,0.15560731869244987,0.36820940738495817,1.0012842652099099,0.3166893977874714,0.13924050632911392,0.08525140768546874,0.8829995525349683
LBXGH,LBXSCR,High-High,70,0.3663286122373677,0.02339182561582318,0.4232017061077041,0.9991139343996008,0.31773950170766885,0.15714285714285714,0.0851756810106593,0.8829995525349683
systolic_bp,LBXSBU,High-High,162,0.08267561731608125,0.15391536386967633,-0.34647491368600447,-0.9987126267448477,0.31793392216667105,0.08024691358024691,0.08575697211155378,0.8829995525349683
LBDHDD,LBXSBU,TwoSided,194,0.08719734499056651,0.25673071881887893,-0.29351283064300177,-0.9971080792287755,0.31871205183957596,0.08762886597938144,0.08563149480415667,0.8829995525349683
diastolic_bp,LBXSASSI,TwoSided,77,0.09054372642753537,0.1998170301030502,0.3897337628183469,0.9959963944670849,0.31925189702972623,0.14285714285714285,0.08523456790123457,0.8829995525349683
LBXWBCSI,LBXPLTSI,TwoSided,40,0.6499200883842449,0.15168347940440427,-0.6182648705929696,-0.9953086032078072,0.3195861947879922,0.1,0.08561306829364299,0.8829995525349683
LBXTR,LBXSNASI,High-High,21,0.2821618691043071,0.10371304497691931,0.6047182402478123,0.9946448829067304,0.31990901001759653,0.19047619047619047,0.08545329535409095,0.8829995525349683
LBXSCR,LBXSKSI,High-Low,19,0.14126092106264854,-0.07702342459668238,0.6710095694366749,0.9940698150929106,0.32018887949696206,0.15789473684210525,0.08553471472061279,0.8829995525349683
diastolic_bp,LBXHGB,Low-High,28,-0.04936961254638016,-0.08805248521983923,0.6365296804052494,0.9920001044274375,0.32119747447509284,0.10714285714285714,0.08561037939846668,0.8829995525349683
diastolic_bp,LBDLDL,High-High,55,0.24899703048184535,0.20831908662561818,-0.5545826932142005,-0.9910786987735098,0.3216471534067986,0.07272727272727272,0.08573962747610131,0.8829995525349683
diastolic_bp,LBXWBCSI,TwoSided,33,0.12468415059413138,0.6331557543079881,-0.6721562052705637,-0.9829206526552681,0.32564649237613763,0.09090909090909091,0.08565247320287148,0.8829995525349683
systolic_bp,LBXTR,High-High,43,0.05654819945849887,0.43111570837603314,-0.6355725240398601,-0.9826828541553345,0.3257635519144887,0.06976744186046512,0.08573678511664534,0.8829995525349683
LBXSATSI,LBXSCA,High-Low,51,0.25860496198437716,-0.12662845245983567,0.44365803733307985,0.9787082284210709,0.32772416522653947,0.13725490196078433,0.08541030440350704,0.8829995525349683
LBXSCR,LBXSCA,TwoSided,94,0.3127671115552964,0.05195641132820393,-0.4426709296803239,-0.97366467483414,0.3302230624244372,0.07446808510638298,0.08577364463791057,0.8829995525349683
LBXGH,LBXHSCRP,High-High,71,0.40966035865284034,0.7291348043348468,-0.35885834333245625,-0.9720637074027481,0.3310188558563997,0.16901408450704225,0.08508538150231962,0.8829995525349683
LBXHSCRP,LBXPLTSI,High-High,111,0.5976174387855652,0.15985248124121101,0.29343832361676797,0.971925628052428,0.3310875490659645,0.21621621621621623,0.08423347537409573,0.8829995525349683
BMXBMI,LBXSKSI,TwoSided,262,0.40450556457770254,0.03826659410119604,0.21491774848674908,0.9716428238537954,0.3312282703375721,0.1450381679389313,0.0841046277665996,0.8829995525349683
LBXSBU,LBXSCA,Low-Low,57,0.3168242503778001,-0.14255252543912716,0.41085129682728494,0.9712950357915263,0.33140138012178333,0.15789473684210525,0.08526367668802366,0.8829995525349683
systolic_bp,LBXSATSI,High-High,62,0.0026775676166647436,0.2508519054001096,0.3940802102321967,0.9710853750825488,0.33150576595741943,0.14516129032258066,0.08530571992110454,0.8829995525349683
LBXGH,LBXPLTSI,TwoSided,164,0.4167949421458169,0.16709419318640356,-0.29330734958665955,-0.9705888660166737,0.3317530525684169,0.10365853658536585,0.08537557282327157,0.8829995525349683
LBXSAPSI,LBXSCR,TwoSided,68,0.17295652321976834,0.0831159839685548,0.4080034949514117,0.968738646462102,0.3326756051081452,0.14705882352941177,0.0852575488454707,0.8829995525349683
LBDHDD,LBXSNASI,High-Low,125,-0.2366539510122498,0.38018568920849716,-0.37133450737708495,-0.9640276482588219,0.33503206444337397,0.072,0.08583903939664583,0.8829995525349683
LBXGH,LBXSKSI,High-Low,45,0.3791870461926214,-0.08285861214710949,0.43492454050092494,0.9637671565806755,0.33516267636039765,0.15555555555555556,0.08535985034951266,0.8829995525349683
BMXBMI,LBXSCR,TwoSided,50,0.42567076765785883,0.09027029855839812,0.4194858734233852,0.9634563245844983,0.3353185720948304,0.18,0.08520488573680063,0.8829995525349683
LBXHSCRP,LBXPLTSI,High-Low,18,0.7269154602521063,-0.028095770397752136,-1.0048078238108233,-0.9586252535128095,0.33774756583040744,0.05555555555555555,0.08572270227808326,0.8829995525349683
BMXBMI,LBXSBU,High-High,72,0.5900465182325201,0.12304327986847524,-0.39607552017161174,-0.9584096228340043,0.3378562447595804,0.1111111111111111,0.08548864758144126,0.8829995525349683
LBXSAPSI,LBXPLTSI,Low-Low,38,-0.125312272332019,-0.04410570788750882,-1.000992036714025,-0.9579330472487116,0.33809652089578257,0.02631578947368421,0.0858913813459268,0.8829995525349683
LBXSKSI,LBXSAL,Low-High,86,-0.0164753544638946,0.02753980139744091,-0.5223493742564127,-0.9568509693581122,0.3386424817944047,0.046511627906976744,0.08600237247924081,0.8829995525349683
LBXSCR,LBXSNASI,High-High,48,0.10558055718317315,0.0941933208249782,0.45466789965008814,0.9563815204345503,0.3388795175104279,0.14583333333333334,0.08538506992318298,0.8829995525349683
LBXTC,LBXSCA,TwoSided,368,0.12459284228762128,0.07630418393784372,-0.22473323920982086,-0.9558295020606435,0.3391583806448222,0.08152173913043478,0.08582468985153549,0.8829995525349683
LBXSAPSI,LBXSNASI,High-Low,95,0.29518896511505716,0.29953822622165793,0.3026620587752688,0.9554947718879275,0.33932754797417897,0.17894736842105263,0.08479271791827446,0.8829995525349683
LBDHDD,LBXSCA,Low-High,44,0.5493116189906005,0.10444368105652097,0.41339061268517735,0.952575723964396,0.34080508199778226,0.18181818181818182,0.08525300255955896,0.8829995525349683
LBXSUA,LBXHSCRP,High-High,64,-0.3363703511943037,0.6772589818495286,0.3817501480843698,0.9523141401631681,0.34093768870629027,0.15625,0.08522391004142829,0.8829995525349683
LBXIN,LBXSATSI,TwoSided,26,0.806443861957377,0.3089674990582894,-0.6359478245639845,-0.9515063906352415,0.3413473759663911,0.11538461538461539,0.0855935534591195,0.8829995525349683
LBXIN,LBXSATSI,High-High,26,0.806443861957377,0.3089674990582894,-0.6359478245639845,-0.9515063906352415,0.3413473759663911,0.11538461538461539,0.0855935534591195,0.8829995525349683
LBXTC,LBXHGB,Low-High,53,0.07249342937269951,-0.024821866693577263,-0.7101353939506543,-0.951360867882768,0.3414212179992645,0.03773584905660377,0.08591979505369987,0.8829995525349683
systolic_bp,LBXTC,TwoSided,312,-0.005914613953665973,0.03714567985902311,0.21796448070737282,0.949085426473801,0.34257716586593545,0.11217948717948718,0.08483316481294237,0.8829995525349683
LBXGH,LBXSAL,High-High,34,0.4344292188566142,0.031321199376034205,-0.7119529622654226,-0.9479345433683771,0.3431627781214084,0.058823529411764705,0.08575924468922108,0.8829995525349683
BMXBMI,diastolic_bp,High-High,142,0.5895534826746686,0.22964799634655614,-0.28663376732673346,-0.9472341419107878,0.3435194813999197,0.1267605633802817,0.08508946322067594,0.8829995525349683
systolic_bp,LBXHSCRP,High-High,56,0.06851138506086242,0.749956114993171,-0.4176693277841859,-0.9444208890924205,0.34495461101398206,0.125,0.08545239503252514,0.8829995525349683
BMXBMI,LBXSAPSI,High-High,121,0.5111618920705729,0.2547669444084544,0.2657737599653921,0.9443042846266373,0.3450141770694547,0.2066115702479339,0.08421783553218927,0.8829995525349683
BMXWAIST,LBXPLTSI,Low-High,62,-0.18269086234542314,0.2825279370615937,-0.5149884584066635,-0.9440259262937799,0.34515639975319456,0.06451612903225806,0.08579881656804733,0.8829995525349683
LBXGLU,LBXHGB,TwoSided,61,0.7389035538805897,0.11783146854865531,-0.42173519220166494,-0.942523011833755,0.3459249352489677,0.11475409836065574,0.08549452716694605,0.8829995525349683
LBXGLU,LBXPLTSI,High-Low,49,0.6082426827675036,-0.1501674153870932,0.4268433517449843,0.9419230630886898,0.3462320313545775,0.16326530612244897,0.08529498670343741,0.8829995525349683
BMXBMI,LBXHGB,Low-High,33,0.10063422392334538,-0.032602870965658476,-0.9732074510595822,-0.9393784326374816,0.3475364821883846,0.030303030303030304,0.08584914937555316,0.8829995525349683
LBDHDD,LBXSCA,TwoSided,299,0.003460363696296459,-0.004163470769225301,0.2212882042554411,0.9392405357409834,0.3476072612893353,0.10702341137123746,0.08502473997778451,0.8829995525349683
diastolic_bp,LBXHSCRP,High-High,44,0.24442462730457282,0.7414945132277305,-0.4464698615417161,-0.9367690320912293,0.34887737808324637,0.13636363636363635,0.08544989171096673,0.8829995525349683
LBXSATSI,LBXPLTSI,High-High,54,0.34106766095520247,0.29541050510005784,-0.4700218093009899,-0.9354355389116171,0.349563888996952,0.09259259259259259,0.08563263697280252,0.8829995525349683
LBXSAPSI,LBXSCA,Low-High,29,-0.1284167517477409,0.14225702862705336,-0.9771386652332049,-0.9349789110886927,0.3497991677599519,0.034482758620689655,0.08581539368917723,0.8829995525349683
LBDHDD,LBXWBCSI,TwoSided,17,0.0627614712666298,0.5889789750362794,-1.0040353023743598,-0.9347084311865019,0.3499385806690869,0.058823529411764705,0.08571428571428572,0.8829995525349683
LBXSAL,LBXHGB,High-High,199,0.04740884264212896,0.0028801102388074755,-0.3575069940429197,-0.9306940415726078,0.35201185274291225,0.05025125628140704,0.0863740877736679,0.8829995525349683
diastolic_bp,LBXSBU,High-Low,31,0.1931796044635844,0.3247024869022595,0.46334235665964835,0.9291445438444934,0.35281418258630803,0.1935483870967742,0.08534067446662079,0.8829995525349683
BMXWAIST,LBXHSCRP,TwoSided,167,0.14127413665486172,0.5763831036103362,0.25306568010054187,0.9284960014094591,0.35315034100492093,0.19760479041916168,0.08380667663178874,0.8829995525349683
BMXWAIST,LBDHDD,TwoSided,344,0.25109888642056954,0.08941587849269118,-0.21487940867348768,-0.9284072809031434,0.3531963431704569,0.09302325581395349,0.08541286264962467,0.8829995525349683
LBXSCA,LBXHSCRP,Low-High,79,-0.1913832379103597,0.665199032886909,0.3326501618600153,0.9272624714987907,0.353790274261366,0.17721518987341772,0.08495505284994567,0.8829995525349683
BMXBMI,LBXTC,TwoSided,247,0.4085027983840678,0.04371572793800852,0.2085631916689313,0.9261166120931336,0.35438538178027346,0.145748987854251,0.08417880462079357,0.8829995525349683
LBXGH,LBDHDD,TwoSided,138,0.3108677142963606,0.018156419701152792,0.2798866868042919,0.9256798703911389,0.35461237197444084,0.13043478260869565,0.08505564387917329,0.8829995525349683
LBXSCR,LBXHSCRP,TwoSided,42,0.04136293074379023,0.6591248889877157,0.4200389352169061,0.9225996329149372,0.3562158870568456,0.21428571428571427,0.08513779527559055,0.8829995525349683
LBXIN,LBXSASSI,TwoSided,18,0.7946546966193266,0.3085019065480298,-0.7383447302408163,-0.9212506629185249,0.3569195730761757,0.1111111111111111,0.08562450903377848,0.8829995525349683
LBXIN,LBXSASSI,High-High,18,0.7946546966193266,0.3085019065480298,-0.7383447302408163,-0.9212506629185249,0.3569195730761757,0.1111111111111111,0.08562450903377848,0.8829995525349683
BMXWAIST,LBXHGB,Low-High,45,-0.21986184091893787,-0.043942283271270276,-0.9464845822569019,-0.9194556882675933,0.35785727284481084,0.022222222222222223,0.08595057595746776,0.8829995525349683
LBXTC,LBXWBCSI,High-High,16,0.11081293240816721,0.5805967255998151,-0.9905633480022098,-0.9190261207017724,0.3580819098451853,0.0625,0.08570587080306302,0.8829995525349683
LBDLDL,LBXSBU,High-High,21,0.193341845440658,0.11088809103916437,-0.9603629839642743,-0.9170525464357356,0.3591151056893155,0.047619047619047616,0.08574796188979472,0.8829995525349683
systolic_bp,LBXGLU,High-High,61,0.059411911649072655,0.7333700097915141,-0.41645197389345234,-0.9170410984605466,0.35912110433716293,0.11475409836065574,0.08549452716694605,0.8829995525349683
BMXBMI,LBXTR,TwoSided,23,0.43678732464833936,0.30406238880016695,0.5116629052364833,0.9141942908250763,0.36061476353973765,0.21739130434782608,0.08537184399253364,0.8829995525349683
LBXSCR,LBXSNASI,High-Low,49,0.252996822019483,0.3629380365691651,-0.5217203676241,-0.9140493015644761,0.3606909404950266,0.08163265306122448,0.08568895892839555,0.8829995525349683
BMXBMI,LBXSASSI,High-High,44,0.5827768365466854,0.34867549232161915,-0.4726812948963026,-0.9135209209540175,0.3609686356390682,0.11363636363636363,0.0855483362866706,0.8829995525349683
BMXBMI,systolic_bp,High-Low,15,0.5845167767457999,0.14856195240277556,-0.9606588964502124,-0.9131337244621182,0.3611722153325334,0.06666666666666667,0.08569745754392853,0.8829995525349683
LBXSNASI,LBXSKSI,Low-Low,113,0.3787046552103738,-0.013281579386194186,-0.34220706072545026,-0.9119463187955364,0.36179697690073753,0.08849557522123894,0.08563782337198929,0.8829995525349683
LBXSBU,LBXHGB,Low-High,29,0.3354740665028256,-0.09075356608984993,0.5238178993210848,0.9040826615842898,0.3659515714004874,0.13793103448275862,0.08552049542907697,0.8909339491379767
LBXTC,LBXHSCRP,TwoSided,75,0.06109033696799873,0.6511939310276865,0.3032545606195595,0.9022228115570116,0.36693851936872945,0.2,0.08482275106151871,0.8911364041812001
LBDHDD,LBXSAPSI,High-High,67,-0.3131501284180349,0.31604964475929137,0.36024439265913216,0.899955995435512,0.36814366908831775,0.13432835820895522,0.08534780463739516,0.8918664808871777
LBXTC,LBXSUA,High-High,116,0.13663852504411714,-0.20481213873756382,-0.41163618168701616,-0.8956807123962324,0.3704233144997461,0.05172413793103448,0.0860598849890938,0.8927145343022511
LBXGH,LBXHSCRP,TwoSided,72,0.35893316968436184,0.7288331690217729,-0.3297267354745785,-0.8943544185810888,0.37113229224545297,0.16666666666666666,0.08509378084896348,0.8927145343022511
LBDLDL,LBXSAL,High-High,42,0.19719067703582455,0.014832388035923062,-0.6750533398550245,-0.8942093367095836,0.3712098976307535,0.047619047619047616,0.08582677165354331,0.8927145343022511
systolic_bp,LBDHDD,TwoSided,266,0.07869857259624692,0.08934657548995485,-0.23524498547652908,-0.8916805897315789,0.37256416030466855,0.08270676691729323,0.08574879227053141,0.8932327760400897
LBDHDD,LBXSCA,High-High,129,-0.3318003907456017,0.09697163489337633,0.3058313346183264,0.8904259288598213,0.373237224876792,0.10077519379844961,0.08547602501737317,0.8932327760400897
LBDLDL,LBXSBU,Low-Low,16,0.16698471551013555,0.396826718814656,-0.9373796001784689,-0.8839748751281528,0.37670977589738397,0.0625,0.08570587080306302,0.8976148412153225
LBDLDL,LBXSATSI,Low-High,17,0.17473640368022306,0.32195235099589137,-0.9340271718749952,-0.8833140005659332,0.3770666413935072,0.058823529411764705,0.08571428571428572,0.8976148412153225
BMXBMI,LBXHGB,High-High,62,0.5434405797236967,-0.1045730504616987,0.35445992706189866,0.8802615253771221,0.3787176502518186,0.14516129032258066,0.08530571992110454,0.8976148412153225
LBXSKSI,LBXSCA,TwoSided,369,0.122499274915496,0.07358788502989569,-0.20460478350132555,-0.8799298921948749,0.3788972900820836,0.08401084010840108,0.08573171971931252,0.8976148412153225
BMXBMI,LBXSCA,TwoSided,285,0.40726205122667386,-0.006125133353644389,0.19117032389518135,0.8785965450358948,0.3796200697634782,0.14035087719298245,0.08409801351215085,0.8976148412153225
LBDLDL,LBXSKSI,Low-Low,24,0.17186551579781553,-0.033577896581049815,-0.9117765331170006,-0.8709159443847444,0.38380005025853536,0.041666666666666664,0.08577323639221851,0.90343476994062
LBDLDL,LBXSBU,TwoSided,107,0.1929936007955964,0.23877842918544118,-0.3235293202542897,-0.8687683499651944,0.3849738478076977,0.09345794392523364,0.08558692421991085,0.90343476994062
LBXTC,LBDHDD,High-High,164,0.15719276397514698,-0.2444217382264311,-0.3127151084937,-0.8680304684008326,0.3853776532585462,0.06707317073170732,0.085973301454473,0.90343476994062
BMXBMI,LBXSUA,TwoSided,345,0.4197895586314853,-0.26795806117766563,0.19323255235091868,0.8658299748798985,0.38658340865497987,0.11594202898550725,0.08460992188292583,0.90343476994062
BMXWAIST,LBXSAL,Low-Low,43,-0.2509079001962025,0.2789181782160269,0.4081723772693997,0.8626174960188558,0.3883478075730298,0.13953488372093023,0.08544148046067526,0.90343476994062
LBXTC,LBDHDD,High-Low,62,0.11685706584901062,0.6313497936700248,-0.4029142572428756,-0.8596923686438204,0.3899586425652195,0.0967741935483871,0.08560157790927021,0.90343476994062
BMXWAIST,LBXGH,TwoSided,169,0.17767890484601015,0.2882379402045507,0.23271997820801069,0.8593967084329229,0.3901216850970626,0.14792899408284024,0.08462075151998405,0.90343476994062
LBXSUA,LBXPLTSI,Low-Low,45,-0.13926993818456535,-0.11141927410517012,0.4427376153130521,0.8575677856680012,0.39113116966006667,0.1111111111111111,0.08555675888549769,0.90343476994062
systolic_bp,LBXSNASI,High-High,167,-0.008146758596884619,0.07806056592421322,0.24929556672182238,0.8559745156883367,0.39201187577690844,0.11976047904191617,0.08510214250124563,0.90343476994062
LBXSNASI,LBXSAL,High-Low,161,0.16161747773160118,0.3490725035098795,-0.2525225761079542,-0.8554082007804565,0.39232520519508274,0.11180124223602485,0.08525047306045215,0.90343476994062
LBDHDD,LBXSAL,High-High,108,-0.31815638810715446,-0.037364990548062756,0.3387990138875898,0.8538989645548649,0.3931609733429764,0.08333333333333333,0.0856944719635427,0.90343476994062
LBXSBU,LBXSAL,Low-High,32,0.4051133853203782,0.02130916773469435,-0.6454861545076507,-0.8508928020287916,0.39482890366645085,0.0625,0.08574237954768928,0.90343476994062
LBXSKSI,LBXPLTSI,High-Low,101,0.16085695826653712,-0.13915032067189395,0.3212383744811895,0.850520596815229,0.39503571419499717,0.10891089108910891,0.08543708543708543,0.90343476994062
BMXWAIST,LBXIN,TwoSided,71,0.21101567487228506,0.8466953310868143,-0.37298434773838746,-0.850352222240195,0.39512929064174473,0.14084507042253522,0.08528279538051525,0.90343476994062
LBXIN,LBDHDD,TwoSided,30,0.6627266042982103,0.03423613309143778,0.4444294074537787,0.8490251072088467,0.39586732171567673,0.2,0.08533228470310657,0.90343476994062
LBXIN,LBXSNASI,High-Low,18,0.6749343019502121,0.3289805925051024,0.49582113087358937,0.8474548582252266,0.39674163832077936,0.2777777777777778,0.0853299293008641,0.90343476994062
BMXBMI,LBXSASSI,Low-High,17,0.048396336424710217,0.2612595936740757,0.5714084737868003,0.8420413220007068,0.3997648240572509,0.17647058823529413,0.08551791850760923,0.906394832199323
LBDLDL,LBXSASSI,Low-High,17,0.1654341504071721,0.32478042309200184,-0.8941192070147772,-0.841835437315474,0.3998800730291131,0.058823529411764705,0.08571428571428572,0.906394832199323
LBXSASSI,LBXSUA,TwoSided,89,0.3724983206628074,-0.17325209899525965,-0.39535917178767566,-0.8389646719656151,0.40148913452499424,0.06741573033707865,0.08583011964797785,0.907954785875331
systolic_bp,LBXGLU,TwoSided,66,0.0583014902779763,0.73395974336419,-0.35705622141843946,-0.836446316099103,0.4029038657638455,0.12121212121212122,0.08543804262036306,0.9090691341948551
BMXWAIST,LBXPLTSI,High-High,152,0.43969801410556547,0.18445202162598937,0.22393514351909952,0.8345437034092485,0.40397467074842897,0.17763157894736842,0.08427860696517413,0.9093947389435604
LBDLDL,LBXHGB,TwoSided,159,0.19915898413768485,0.12287418743584096,-0.2763037011501454,-0.8329147869909712,0.40489278944850204,0.08176100628930817,0.08573135517275715,0.9093947389435604
LBXGH,LBXSATSI,TwoSided,72,0.3156167398563361,0.23052539006828213,0.3079730427382659,0.8289305299557584,0.40714371854987874,0.16666666666666666,0.08509378084896348,0.9117346503152617
LBDLDL,LBXSATSI,High-High,49,0.09146806819657362,0.2598119396883683,0.38620751548502413,0.8277996796177358,0.40778395617548724,0.14285714285714285,0.08539347975967694,0.9117346503152617
LBXSUA,LBXSCA,Low-High,45,-0.08008778251063535,0.14409059172794336,-0.5125967486643169,-0.8231498145542087,0.41042280370998596,0.06666666666666667,0.08575366742148272,0.9128928566693695
LBXSNASI,LBXSKSI,High-High,206,0.14826541611373548,0.23473033666550777,-0.24270094239949674,-0.8226503464814515,0.41070685932610196,0.09223300970873786,0.08553421368547419,0.9128928566693695
LBDLDL,LBXSCR,Low-High,20,0.16527979103822824,0.23124576501319846,-0.8725974317325327,-0.8219953525491406,0.41107954194847873,0.05,0.08573954036535061,0.9128928566693695
systolic_bp,LBXSNASI,TwoSided,388,-0.010096835802461988,0.23050082648831738,0.16852051343797347,0.8109129882281778,0.4174156409518991,0.1211340206185567,0.08426737314041166,0.9248804988282529
LBXHGB,LBXPLTSI,TwoSided,381,0.1292440414199627,0.17718509183302436,-0.1812422938061978,-0.8064667549027211,0.4199737696200204,0.09448818897637795,0.08532735973933409,0.927549862078709
BMXBMI,LBDLDL,Low-Low,28,0.04055446235736756,0.08477705320394177,0.4780070033754594,0.804400529757663,0.4211656953383217,0.14285714285714285,0.08551208964025948,0.927549862078709
LBXSAPSI,LBXSNASI,High-High,142,0.394271193830778,0.14018565164399244,-0.25317389042720634,-0.8039211167701432,0.42144253368282114,0.11267605633802817,0.0852882703777336,0.927549862078709
systolic_bp,LBXHGB,TwoSided,283,0.00428647093452248,0.06534481561326783,0.18921071358217467,0.7986834863012815,0.42447396455920894,0.10954063604240283,0.08498840608932352,0.9287367492025745
BMXBMI,LBXTR,High-High,22,0.552323597702299,0.28800396305920195,0.44988244033480607,0.7965593210780572,0.4257070105411416,0.22727272727272727,0.08536345776031434,0.9287367492025745
LBXSUA,LBXHSCRP,TwoSided,94,-0.22257913693972026,0.6609318826847258,0.2642366424325674,0.793148992882244,0.427691021307142,0.1595744680851064,0.08498219232291254,0.9287367492025745
LBXTC,LBXSATSI,High-High,94,0.05261869802722678,0.2472029939331975,0.2887910832710066,0.7928800592233389,0.4278477062968823,0.1276595744680851,0.0852789869410368,0.9287367492025745
LBXSATSI,LBXHGB,High-High,145,0.354446828193881,-0.03861775199972325,-0.3070483366292858,-0.7885269329016488,0.43038855109570917,0.06896551724137931,0.08591031122601173,0.9287367492025745
systolic_bp,LBXSNASI,Low-Low,55,0.08942670582103253,0.3649932591823733,-0.3983193108848979,-0.7866878435015152,0.4314646221043944,0.09090909090909091,0.08564107618015177,0.9287367492025745
diastolic_bp,LBDHDD,Low-Low,38,-0.05106163451077067,0.5593767311711971,0.38399705249407956,0.7862552106695514,0.43171798664359184,0.15789473684210525,0.08539944903581267,0.9287367492025745
LBXSAPSI,LBXPLTSI,TwoSided,243,0.24053079814874953,0.1674625650046596,-0.20238111021353103,-0.7837315972758281,0.4331976180163062,0.102880658436214,0.08524952304448238,0.9287367492025745
BMXWAIST,LBDLDL,TwoSided,146,0.23619999149013568,0.19951336970287803,-0.2528802125934174,-0.7835430965633323,0.43330825635676085,0.0958904109589041,0.08552108194112967,0.9287367492025745
LBXSBU,LBXSCA,Low-High,28,0.339450321678739,0.11212123153854926,0.41590806939758224,0.7816981200389113,0.43439200677783496,0.17857142857142858,0.08541379988205229,0.9287367492025745
diastolic_bp,LBXSKSI,Low-High,82,0.010118447832062717,0.21888072969193614,-0.3609069516057049,-0.7812564096676542,0.4346517022503754,0.07317073170731707,0.0857707509881423,0.9287367492025745
BMXWAIST,LBXSBU,Low-Low,62,-0.2759607432559169,0.3238790770225666,0.34049543690682466,0.7810152721976327,0.43479351240605957,0.12903225806451613,0.0854043392504931,0.9287367492025745
BMXBMI,LBXSKSI,Low-High,45,0.1044850538192931,0.21178590440248912,-0.48782234030118765,-0.7772391780668254,0.43701767164507144,0.06666666666666667,0.08575366742148272,0.9287367492025745
systolic_bp,LBXPLTSI,High-High,76,0.06819138125407827,0.2950086222958866,-0.33173698891173303,-0.7757840120948939,0.43787652545987776,0.09210526315789473,0.08562117321746,0.9287367492025745
systolic_bp,LBDHDD,Low-Low,15,0.025559561754025528,0.5708776010068235,0.5286550512237841,0.7756147117939444,0.437976511238647,0.2,0.08550112888976145,0.9287367492025745
LBXHSCRP,LBXPLTSI,TwoSided,129,0.6257542458796522,0.08629107410858493,0.2236816652322559,0.7755226273982756,0.43803090017554625,0.1937984496124031,0.08428472153281048,0.9287367492025745
LBXSKSI,LBXHGB,Low-High,44,-0.0783786663247371,-0.08687918367608258,0.43389699575182555,0.7750371465971704,0.43831770987686003,0.09090909090909091,0.08564678086237448,0.9287367492025745
LBXSASSI,LBXSUA,High-High,69,0.3608926764781882,-0.22876410931870536,-0.43421030181335923,-0.7702459385129754,0.44115401835351153,0.057971014492753624,0.08585808743708674,0.9287367492025745
LBXTC,LBXPLTSI,Low-High,69,0.07839864639652502,0.2919879260914381,-0.35574938203222056,-0.7694750609153982,0.4416113439699112,0.08695652173913043,0.08566071252343826,0.9287367492025745
LBXSAPSI,LBXSBU,Low-High,27,-0.23812234758711276,0.06549236354946798,0.506781797784969,0.7628839634622072,0.4455326008894488,0.1111111111111111,0.0856019656019656,0.9287367492025745
systolic_bp,LBXSCA,High-High,128,0.06958519190913735,0.15925141534931714,-0.27177190183301225,-0.7618937098692459,0.44612344447749497,0.0859375,0.08566607107405201,0.9287367492025745
BMXWAIST,LBXPLTSI,High-Low,64,0.47506710897044124,-0.11463766294450492,0.30962134468287655,0.7615950948332684,0.4463017033114267,0.140625,0.08532254882619845,0.9287367492025745
LBDLDL,LBXSAPSI,TwoSided,101,0.1864122139298452,0.2288041722172987,-0.28379256581714346,-0.76018776383123,0.4471423580275482,0.09900990099009901,0.08553608553608553,0.9287367492025745
diastolic_bp,LBXTC,Low-High,56,-0.05202689156704249,0.07364200241896965,0.3371992194524786,0.7593658839563443,0.44763371577440725,0.125,0.08545239503252514,0.9287367492025745
LBXSBU,LBXSUA,TwoSided,332,0.19405285713351347,-0.2535472737975465,0.18618460033718054,0.7589438550678284,0.4478861433439203,0.09939759036144578,0.08520770010131712,0.9287367492025745
LBXSCR,LBXPLTSI,High-Low,54,0.13324106018379428,-0.11750086967352562,0.3830848906018428,0.7566017498102411,0.4492884927083536,0.1111111111111111,0.08553409538825384,0.9287367492025745
diastolic_bp,LBXGH,High-High,66,0.2518705982914471,0.4416865216126799,-0.33054096454573,-0.7565436556948699,0.44932330852880875,0.10606060606060606,0.08553670086819258,0.9287367492025745
BMXWAIST,LBDLDL,High-Low,34,0.4809780269682496,0.08437261336360108,0.37925654614752874,0.7543017666857489,0.45066804174254427,0.17647058823529413,0.08536585365853659,0.9287367492025745
diastolic_bp,LBXPLTSI,High-Low,50,0.24000538176151234,-0.04014064280645545,-0.4711077674233112,-0.7526872727357182,0.4516378597645455,0.06,0.08579590228526399,0.9287367492025745
LBXSNASI,LBXWBCSI,TwoSided,30,0.2515594856753149,0.33657633721261904,0.4308198659869615,0.7509946940272422,0.4526558490493173,0.2,0.08533228470310657,0.9287367492025745
LBXSCA,LBXHSCRP,TwoSided,115,-0.004940678092637961,0.6462175409277661,0.22495738440545554,0.75008068452493,0.4532061119627572,0.1826086956521739,0.0845642906711609,0.9287367492025745
BMXBMI,systolic_bp,TwoSided,297,0.41183484204349785,-0.016816903605870338,0.1635153164371153,0.7472315903662343,0.45492377831450903,0.13804713804713806,0.08409893992932863,0.9287367492025745
LBXSCR,LBXSCA,High-Low,49,0.25606363250753666,-0.06891610332172053,-0.4807654421131787,-0.7467694062073891,0.45520276587508457,0.061224489795918366,0.08578745198463508,0.9287367492025745
LBDLDL,LBXSCA,High-High,50,0.1976555262246765,0.14579915453144354,-0.4175526366569344,-0.745454212072092,0.45599718148672685,0.08,0.08569739952718676,0.9287367492025745
LBDHDD,LBXSBU,High-Low,53,-0.2620532557090701,0.41423882240347515,-0.41582449341019223,-0.7451983878097576,0.45615179734900424,0.07547169811320754,0.0857227313035767,0.9287367492025745
LBXSAPSI,LBXPLTSI,Low-High,20,-0.21814241726621014,0.2531463634457624,0.498979740446172,0.7438389227825749,0.456973929490299,0.15,0.08554311530151247,0.9287367492025745
BMXWAIST,LBXSKSI,TwoSided,305,0.18697043452759146,0.04870714064677398,0.1651226882890778,0.7435840779260221,0.4571281387027083,0.1180327868852459,0.0846721228655148,0.9287367492025745
LBDHDD,LBXSAPSI,High-Low,68,-0.2569406092185272,-0.10480728112858632,-0.47605990785279484,-0.7425157565218784,0.45777490883615746,0.04411764705882353,0.08594829287546872,0.9287367492025745
BMXWAIST,LBDLDL,High-High,39,0.5129415809667132,0.20876280277243806,-0.41658638352695126,-0.7385742769888533,0.4601655487176104,0.10256410256410256,0.08560464429794352,0.931669878923129
diastolic_bp,LBXPLTSI,TwoSided,297,0.14651165509284952,0.17371734427041258,-0.17805059837787576,-0.7347479289712145,0.46249302468857556,0.09427609427609428,0.08541140837960626,0.9344633654568351
LBXSASSI,LBXSCR,TwoSided,17,0.3191848349791757,0.23851955414863327,-0.7761697171968932,-0.73059722214549,0.465025209273739,0.058823529411764705,0.08571428571428572,0.9376581929323244
LBDHDD,LBXHGB,High-High,38,-0.26841852962965845,-0.04529302046593258,-0.7492276761505653,-0.7268345340612781,0.46732732498181706,0.02631578947368421,0.0858913813459268,0.9388571959536366
LBXSKSI,LBXSAL,Low-Low,77,-0.017814926879953178,0.33049180614409185,-0.31378592861674515,-0.7265131935630066,0.4675242223257967,0.09090909090909091,0.08562962962962962,0.9388571959536366
LBXSCR,LBXSCA,High-High,41,0.24565704827733867,0.14308619213165166,-0.46616785857773096,-0.7245814033221882,0.4687088710453793,0.07317073170731707,0.08571990945773054,0.9393230627047642
LBXGH,LBDHDD,High-High,32,0.4084301104972076,-0.23937385657596302,-0.5404754338084435,-0.7195494698510002,0.47180243309301384,0.0625,0.08574237954768928,0.9405636901907845
LBXSAPSI,LBXSCA,TwoSided,231,0.24141196864849812,0.059075113267046404,-0.19264057525200443,-0.7192498609952893,0.4719869827398636,0.09523809523809523,0.08544779861598636,0.9405636901907845
diastolic_bp,LBXSCR,High-High,30,0.23835006009539686,0.24222850376423907,-0.5513052895745428,-0.7175837505941799,0.4730139797777321,0.06666666666666667,0.08572552103814393,0.9405636901907845
LBXSAPSI,LBXSAL,Low-High,44,-0.24216569201389107,-0.031068466557894702,0.41850469634184995,0.7163841454150367,0.47375418197736974,0.09090909090909091,0.08564678086237448,0.9405636901907845
systolic_bp,LBXSCA,High-Low,94,0.062493126826209444,-0.05316610821256968,-0.328362663269106,-0.7158280673251635,0.47409751929494914,0.06382978723404255,0.08587257617728532,0.9405636901907845
diastolic_bp,LBXGH,Low-High,74,0.0037104729204208656,0.4376989547152031,-0.31217232656348803,-0.7108999392338312,0.47714624367854186,0.0945945945945946,0.0856042654028436,0.9442678472051306
LBXSASSI,LBXPLTSI,TwoSided,103,0.35041724227442284,0.15262367583821876,-0.2796718453318907,-0.7069871939353413,0.479574436023986,0.0970873786407767,0.08555302505198535,0.9442678472051306
BMXBMI,systolic_bp,High-High,139,0.5368432736695925,-0.03146728836009978,0.20049010660744712,0.7068995692696214,0.47962889167923206,0.15827338129496402,0.08466660041737056,0.9442678472051306
LBDLDL,LBXSCA,High-Low,33,0.18522669016666668,-0.06571066851862535,-0.5344857086688239,-0.7030614260392067,0.48201746990302374,0.06060606060606061,0.08575081128921232,0.9442678472051306
LBXSATSI,LBXPLTSI,High-Low,68,0.26922691232106283,-0.1290681759637713,0.30372303817126983,0.7020040762326001,0.4826766213784235,0.11764705882352941,0.08545490428261299,0.9442678472051306
LBXSAPSI,LBXSKSI,Low-High,23,-0.15128043817916997,0.20362352157736488,-0.7350048891316179,-0.6997576525011853,0.4840786652024598,0.043478260869565216,0.08576480990274093,0.9442678472051306
BMXBMI,LBXSNASI,High-Low,123,0.5301527348708749,0.29978563089665916,0.19177690852031684,0.6977719854669601,0.48531980149162657,0.1951219512195122,0.08433376327016569,0.9442678472051306
LBDHDD,LBXSAL,TwoSided,326,0.008268109528167068,0.163190159799089,0.157045860143478,0.6959842265310815,0.4864387079992166,0.11042944785276074,0.0848521668691778,0.9442678472051306
LBXGH,LBXSATSI,High-High,72,0.36726421186991626,0.23311478111490694,0.25839512516808155,0.6953046929805792,0.48686437384456815,0.16666666666666666,0.08509378084896348,0.9442678472051306
LBXSBU,LBXSKSI,Low-High,23,0.39631804739409177,0.20624860089760214,-0.5318724574590821,-0.6946554220489278,0.48727127084688926,0.08695652173913043,0.08566656842518912,0.9442678472051306
LBXSAL,LBXWBCSI,TwoSided,33,0.19600148088109237,0.5906278615921186,-0.4332753146171646,-0.6935282074004563,0.48797813029960246,0.12121212121212122,0.08555413511653064,0.9442678472051306
systolic_bp,LBDHDD,Low-High,68,0.08451135272049341,-0.26058998674679557,-0.3834832663871614,-0.6929059483766907,0.48836857647450094,0.058823529411764705,0.08584961515689757,0.9442678472051306
LBXGH,LBXSAPSI,TwoSided,154,0.2998768258535236,0.14784982088286258,0.19839250558347482,0.6928329304979691,0.4884144037267917,0.14935064935064934,0.08469347133757962,0.9442678472051306
LBXSUA,LBXSAL,High-High,98,-0.21946226999356605,0.01630537164206932,-0.37678926155192727,-0.6892575101122075,0.49066123158457553,0.04081632653061224,0.08610451306413301,0.9462079701494317
LBDLDL,LBXSAL,Low-Low,66,0.03532959612582131,0.28826239487069516,0.2857695398039131,0.6858217139547383,0.49282554180493277,0.15151515151515152,0.08524072612470403,0.9462079701494317
BMXWAIST,diastolic_bp,High-High,156,0.5114708005226746,0.2174744721300653,-0.20484114818493473,-0.6854739686897021,0.4930448816603681,0.12179487179487179,0.08510850089587896,0.9462079701494317
LBXTC,LBXSKSI,Low-High,115,0.0728283618434187,0.2175231569265933,-0.26948142826718846,-0.6851385636402575,0.4932564874815496,0.0782608695652174,0.08575394071577278,0.9462079701494317
diastolic_bp,LBXTC,Low-Low,107,0.007645849718861476,0.07843762713419583,-0.29896012568862423,-0.682556814419957,0.4948869306008029,0.06542056074766354,0.08588410104011887,0.9474922593638673
LBXSCR,LBXHSCRP,High-High,40,0.0481385282429399,0.6712257068052426,0.3212741020125343,0.6789614702814417,0.49716227532260004,0.2,0.08521944499114348,0.9498875172168235
LBXGH,LBXPLTSI,High-Low,74,0.38547421465637605,-0.11975936626734444,0.27565377841661726,0.6745204643125193,0.49998047974888893,0.12162162162162163,0.08540679304897314,0.9498875172168235
BMXBMI,diastolic_bp,High-Low,61,0.5813823709199801,0.025434043090129504,-0.29435985114271035,-0.6743035899259977,0.5001183221728107,0.11475409836065574,0.08549452716694605,0.9498875172168235
LBXGLU,LBXIN,High-High,58,0.6007879284174833,0.6609511399652717,-0.31326465214829735,-0.6740360528861457,0.5002883928663853,0.1896551724137931,0.08507492113564669,0.9498875172168235
LBXTC,LBXSBU,Low-Low,42,0.05971281892375282,0.4017308183102411,-0.3804041765553572,-0.6723763322972269,0.5013441461911207,0.09523809523809523,0.08562992125984252,0.9498875172168235
BMXWAIST,LBXSNASI,Low-Low,84,-0.2731407814274154,0.3231027781653893,0.25565451524972627,0.6714745735769361,0.5019182519979362,0.11904761904761904,0.08539237003360348,0.9498875172168235
BMXBMI,LBDLDL,High-High,41,0.5797185009924212,0.2052512273617044,-0.3457421038277383,-0.6695258517257605,0.5031600955231197,0.12195121951219512,0.0855230784371617,0.9504135137658928
BMXWAIST,LBXSBU,Low-High,16,-0.25632110616716985,0.06981576514044727,0.5207799030861544,0.6663772468284788,0.5051700021113419,0.125,0.08560769683879835,0.9506137659665556
LBXTC,LBXHGB,High-Low,61,0.12873267573520436,0.22481669398225945,-0.3065224180854483,-0.6663391703193114,0.5051943340430782,0.09836065573770492,0.08559313677152154,0.9506137659665556
BMXBMI,LBXPLTSI,TwoSided,343,0.4056668594421372,0.07820689002790536,0.13773160726131567,0.6641115149913265,0.50661894072615,0.1457725947521866,0.08357845623288367,0.951478620106636
BMXBMI,LBXSAL,Low-Low,45,0.04742529057768282,0.29561262156510415,0.3003280244279701,0.6623540282077661,0.5077443587520979,0.15555555555555556,0.08535985034951266,0.9517793492957577
systolic_bp,LBXHSCRP,TwoSided,83,0.058221351415355525,0.7443606261037006,-0.234312532258709,-0.6585433005757549,0.510189082762806,0.14457831325301204,0.08518628322956814,0.9534451228309919
LBXGLU,LBXSASSI,High-High,28,0.6140111800865389,0.2213263606191449,0.3449029090028771,0.656922949137296,0.5112304611589873,0.21428571428571427,0.0853155101238451,0.9534451228309919
LBXTC,LBXHGB,Low-Low,122,-0.017881716329559087,0.1698824930342092,0.21924741421764568,0.655643012359719,0.512053843692327,0.12295081967213115,0.08521825396825397,0.9534451228309919
LBXTR,LBXSKSI,High-High,31,0.28695599357404006,0.1742544876913225,0.3602536523728987,0.6549484756528687,0.512500928093738,0.16129032258064516,0.08543899321600629,0.9534451228309919
LBXTR,LBXSAPSI,TwoSided,30,0.28821193879147133,0.19066286794858342,0.3560855185148311,0.6483274127351862,0.5167732075267732,0.16666666666666666,0.0854305937868659,0.9565160492138316
LBXGLU,LBXSASSI,TwoSided,28,0.6198611314977808,0.22193759630758708,0.33900052384737217,0.6464320992658689,0.5179995578360299,0.21428571428571427,0.0853155101238451,0.9565160492138316
LBXGH,LBXSASSI,TwoSided,55,0.32947521660440404,0.21508693014649738,0.27736669643480605,0.646171197488835,0.5181684904224879,0.16363636363636364,0.0852468709963536,0.9565160492138316
LBXSCA,LBXSAL,Low-Low,329,-0.2912584531592737,0.32717516190918067,0.18348435269780924,0.6461653084028709,0.5181723039047186,0.1094224924012158,0.08487794996454978,0.9565160492138316
LBXGH,LBXSNASI,TwoSided,278,0.2666264298930288,0.22145751456636678,0.15903361578517988,0.6441426121014093,0.5194829604033602,0.1366906474820144,0.08424022571543732,0.9565160492138316
systolic_bp,LBDLDL,TwoSided,151,0.06003110087306937,0.18889215215297595,-0.20924097735133157,-0.6433882383105136,0.5199722133657341,0.09271523178807947,0.08556362550989952,0.9565160492138316
BMXBMI,LBXSUA,High-Low,39,0.5469349915792184,-0.08195700806998825,0.28751077386365564,0.6390093930628828,0.5228168213410285,0.1794871794871795,0.08530945586932992,0.9599322797737642
LBDLDL,LBXSUA,Low-High,40,0.09677151430105205,-0.2716389650993477,0.3690786892890952,0.6368331126801389,0.5242335549420684,0.1,0.08561306829364299,0.9599322797737642
BMXBMI,LBXWBCSI,TwoSided,34,0.42981161133825657,0.3001042956174414,0.3559818645585675,0.6360405402992051,0.5247499987809928,0.20588235294117646,0.08526750590086546,0.9599322797737642
LBXSCA,LBXSAL,TwoSided,641,0.03907969166954618,0.22395307957331534,-0.12605118744694738,-0.6327632373684885,0.5268882671082352,0.09204368174726989,0.08524212948436356,0.9612006477493287
LBXTC,LBXSATSI,TwoSided,133,0.058106417577869204,0.24928135763902348,0.20311431436760513,0.631408277246617,0.5277736052929654,0.12030075187969924,0.08521203694507895,0.9612006477493287
LBXTC,LBDHDD,Low-Low,83,-0.027241127994639933,0.5517304586615185,0.2364090648315005,0.6283362862380475,0.5297836656557866,0.14457831325301204,0.08518628322956814,0.9612006477493287
LBDLDL,LBXPLTSI,High-Low,21,0.1736218414857384,-0.058354041250072375,-0.6588166602744522,-0.6282633917865051,0.5298314090553797,0.047619047619047616,0.08574796188979472,0.9612006477493287
LBXSBU,LBXPLTSI,Low-High,70,0.40543196168521556,0.28293887883801944,-0.256657486177198,-0.6270252600122594,0.5306426773326597,0.12857142857142856,0.08537307540465851,0.9612006477493287
LBXTC,LBXHSCRP,High-High,35,0.12816084498799507,0.7315376026885935,-0.3218099842166275,-0.6241357240855275,0.5325384545013037,0.14285714285714285,0.08547260745549326,0.9612006477493287
LBXSNASI,LBXHGB,TwoSided,434,0.2839165172455208,0.12458616192328364,-0.12927817333032515,-0.6235347774911245,0.5329331558885948,0.10138248847926268,0.08497133497133497,0.9612006477493287
BMXWAIST,LBXSCA,TwoSided,344,0.19066923542534273,0.005799582065658758,0.13581735110114232,0.6224903916724938,0.5336194597920112,0.11046511627906977,0.08480421992290525,0.9612006477493287
LBXGH,LBXSUA,High-High,82,0.38745698510930127,-0.2846719497665912,0.2506713978089093,0.6213688315591461,0.5343569747335204,0.10975609756097561,0.08547430830039526,0.9612006477493287
diastolic_bp,LBXTC,High-High,124,0.1837062380105123,0.05708414586071594,0.20403798626047912,0.6201001682946512,0.535191841393896,0.12096774193548387,0.08523516570748164,0.9612006477493287
BMXBMI,LBXSCR,High-High,38,0.5498501392387265,0.10450171086566176,0.2949992770172172,0.6125509285831683,0.5401733134534428,0.18421052631578946,0.08530106257378985,0.9647202218173012
BMXWAIST,LBXSAPSI,High-Low,17,0.4999523147726411,-0.12596323319795333,-0.6448243473685232,-0.609887712646022,0.5419361925534112,0.058823529411764705,0.08571428571428572,0.9647202218173012
LBXTR,LBXSAPSI,High-High,27,0.28068382971182104,0.3340326151060532,0.33921707527139794,0.6088691490748952,0.5426111746954763,0.18518518518518517,0.08540540540540541,0.9647202218173012
LBXGH,LBDLDL,TwoSided,108,0.3842861125169354,0.16240757835386202,-0.2163496008762162,-0.607165309282032,0.543741211837619,0.1111111111111111,0.08539726570239746,0.9647202218173012
BMXBMI,LBXSCA,High-High,62,0.5877165795746547,0.17809114988980898,-0.24786401057525548,-0.6061459930067622,0.5444178119643248,0.12903225806451613,0.0854043392504931,0.9647202218173012
LBXSBU,LBXHSCRP,TwoSided,94,0.15036052051644597,0.6459303203092958,0.19192641200604427,0.6060320820418588,0.544493449587462,0.20212765957446807,0.08458646616541353,0.9647202218173012
LBXGH,LBXSASSI,High-High,54,0.3783187492906465,0.2142226014946936,0.26015236458649554,0.6051800570129804,0.5450593653148021,0.16666666666666666,0.08523847063460781,0.9647202218173012
LBXTC,LBXSNASI,Low-High,112,0.07402235205430027,0.13662865012293798,-0.2354962050949679,-0.6029750543539952,0.546525284369469,0.08035714285714286,0.08572844400396432,0.9647202218173012
LBXIN,LBXSAPSI,TwoSided,32,0.7913612057251761,0.2045470479492971,-0.33102961813136417,-0.6022661325738138,0.5469970008085934,0.15625,0.08544739429695182,0.9647202218173012
BMXWAIST,LBXSCR,TwoSided,54,0.22381750969401043,0.2504027745574536,-0.3115137008534461,-0.6011836177962012,0.5477176945765303,0.09259259259259259,0.08563263697280252,0.9647202218173012
LBXSATSI,LBXSASSI,High-High,282,0.19054010340164731,-0.03309004241394972,0.2622077036362654,0.599303437518297,0.5489705559970254,0.11347517730496454,0.08487903225806452,0.9647202218173012
LBXSATSI,LBXSASSI,TwoSided,282,0.19054010340164731,-0.03309004241394972,0.2622077036362654,0.599303437518297,0.5489705559970254,0.11347517730496454,0.08487903225806452,0.9647202218173012
LBXSNASI,LBXHGB,Low-High,75,0.328195509451215,-0.09057219977162742,0.24877619272440235,0.597751436730234,0.5500057987736358,0.10666666666666667,0.08551397254863237,0.9647202218173012
LBXSKSI,LBXPLTSI,TwoSided,327,0.10613133320886517,0.16962291803010798,-0.13903996964711782,-0.595201965297723,0.5517084767669442,0.09480122324159021,0.08536708860759494,0.9647202218173012
systolic_bp,LBXSKSI,Low-High,27,0.019614064811990208,0.1786143220181433,0.34320672254956913,0.595023452807861,0.5518277942240952,0.14814814814814814,0.0855036855036855,0.9647202218173012
LBXSAPSI,LBXSCR,High-High,53,0.3291223532024153,0.10070852699759765,0.27253072313392496,0.5934560344061941,0.5528759980742735,0.1509433962264151,0.08532860380333038,0.9648420072588206
BMXWAIST,LBXSCA,High-High,69,0.48371107608362157,0.12617652854391,0.214922679622767,0.5886410535992628,0.5561020881053537,0.15942028985507245,0.08516727523931708,0.9677434709275543
LBXGH,LBDLDL,High-High,44,0.4274378909794051,0.18153733719827295,-0.3054430600721436,-0.5875961579804614,0.556803390481301,0.11363636363636363,0.0855483362866706,0.9677434709275543
diastolic_bp,LBXSCR,TwoSided,81,0.12587966902528538,0.26156209740376346,-0.2679239319129451,-0.5859644265682193,0.557899420619033,0.08641975308641975,0.0856634719889339,0.9677434709275543
LBXSASSI,LBXSBU,High-Low,27,0.30997001991612505,0.3860097540091712,-0.3844906536350051,-0.585123708271207,0.5584645384967326,0.1111111111111111,0.0856019656019656,0.9677434709275543
LBXIN,LBXSCA,TwoSided,42,0.6716296523819685,0.0185629565054571,0.27546687327617775,0.5829471260636756,0.5599288946863297,0.19047619047619047,0.08523622047244095,0.9685787546679318
LBXSAPSI,LBXSKSI,TwoSided,231,0.16997156501746352,0.05542259194019704,0.14568005092664368,0.5796166599477451,0.5621731556855993,0.12121212121212122,0.0848460535553104,0.970757848521893
LBXHGB,LBXPLTSI,High-High,46,-0.08089308228831668,0.25520230411842243,0.29199012038768646,0.5754390053631434,0.5649944307940055,0.10869565217391304,0.08556518314296967,0.973490702151481
LBXSASSI,LBXSKSI,High-High,35,0.2628320434568252,0.1783910498247633,0.30396894442741773,0.5743508612154737,0.5657303979034469,0.14285714285714285,0.08547260745549326,0.973490702151481
LBDHDD,LBXPLTSI,High-Low,85,-0.30281119632333175,-0.10064317808677446,0.2527656922009354,0.5701612827623318,0.5685683133091204,0.08235294117647059,0.08569734110902441,0.9751579904038592
LBXSNASI,LBXSAL,TwoSided,448,0.28261400825908195,0.21392905709858415,-0.1118647534330759,-0.570000547043691,0.5686773270610741,0.11383928571428571,0.08437564076276399,0.9751579904038592
BMXBMI,LBXPLTSI,Low-Low,58,0.04830001542337123,-0.10911538803646796,0.27324849243617816,0.5651694014394957,0.5719585469195638,0.10344827586206896,0.08556782334384858,0.9768558471673013
LBXSAPSI,LBXSCA,High-Low,85,0.3780102112849569,-0.06795340088248943,-0.23284461098150855,-0.5607544460447214,0.5749649451458412,0.09411764705882353,0.0855984975783335,0.9768558471673013
systolic_bp,LBXSBU,Low-Low,47,0.0635669568647366,0.3991899412147688,-0.2926006603189842,-0.5586700302494434,0.576386936498354,0.10638297872340426,0.08557360905957656,0.9768558471673013
LBDHDD,LBXSNASI,Low-Low,80,0.5333435738264993,0.307218171210975,0.1952379560220789,0.5577635873294895,0.5770058302926375,0.175,0.08496344595929659,0.9768558471673013
LBXTC,LBXSKSI,High-Low,82,0.07726437396637865,-0.08242944211441136,0.22211991534835018,0.5577158204441213,0.577038452866005,0.10975609756097561,0.08547430830039526,0.9768558471673013
BMXWAIST,LBXGLU,High-High,69,0.4501565341889897,0.5473574446648664,0.2030572756180779,0.555437771371933,0.5785952631523872,0.21739130434782608,0.08477252541202013,0.9768558471673013
LBXSUA,LBXPLTSI,High-Low,98,-0.2748317079843532,-0.10354089620115618,0.24660397533923803,0.5522598738019937,0.5807703181122255,0.07142857142857142,0.08580760095011876,0.9768558471673013
systolic_bp,LBXSAPSI,Low-Low,33,0.06630013673649526,-0.154068264003094,-0.42776069522863774,-0.5521853353268602,0.5808213805514048,0.06060606060606061,0.08575081128921232,0.9768558471673013
BMXWAIST,systolic_bp,High-High,155,0.5179608729720953,0.04196682264133341,-0.16507141946028447,-0.5510945113644977,0.5815688877450131,0.11612903225806452,0.08519956205832586,0.9768558471673013
LBDHDD,LBXSAL,Low-High,46,0.5679333933111894,-0.008673658002847558,0.26428876517903327,0.5508553807306824,0.5817328165041138,0.13043478260869565,0.08546671918077983,0.9768558471673013
LBXSAPSI,LBXSKSI,High-Low,65,0.33417611613427284,-0.08553446067560776,0.22136977943937505,0.5482619466752213,0.5835120523587052,0.13846153846153847,0.08533096576896518,0.9768558471673013
LBDHDD,LBXHGB,TwoSided,291,0.07356140871027744,0.12113791135723607,-0.13785525537941765,-0.5469368168226931,0.5844221408065396,0.0859106529209622,0.08566239531833317,0.9768558471673013
BMXBMI,LBXSBU,Low-Low,38,0.04119568720832664,0.34170822392377553,0.27109524924987616,0.5444533277215128,0.5861295572529999,0.15789473684210525,0.08539944903581267,0.9768558471673013
LBXTC,LBXSAPSI,Low-High,83,0.000581541543331418,0.3307483252825116,0.20212024362225822,0.5390166655239557,0.5898753552586271,0.13253012048192772,0.085285107224034,0.9768558471673013
LBDHDD,LBXSNASI,High-High,100,-0.25957044426185527,0.1319466759595097,-0.229384241775105,-0.537856358787888,0.5906762194192912,0.07,0.08582458919025936,0.9768558471673013
LBDLDL,LBXHGB,High-High,66,0.18887176211437662,-0.046532246733505714,-0.3012599373310873,-0.5369780924545687,0.591282746801846,0.06060606060606061,0.08583267561168113,0.9768558471673013
diastolic_bp,LBXSAPSI,TwoSided,196,0.1335739432000029,0.22869191824048857,-0.14917762997671358,-0.5356835366039354,0.5921772837152046,0.10204081632653061,0.08534879072556466,0.9768558471673013
LBXSCR,LBXPLTSI,TwoSided,78,0.25194693673754404,0.15223137710164636,-0.24421038432473513,-0.5340051590749428,0.5933379647079429,0.08974358974358974,0.08563808771236665,0.9768558471673013
LBXTR,LBXSCA,High-High,19,0.3153789490255966,0.11923947663213796,0.36027195489297226,0.5330359310157956,0.5940087079893506,0.15789473684210525,0.08553471472061279,0.9768558471673013
BMXBMI,LBXTC,High-Low,77,0.5491941744838827,0.010692490427556703,0.19179137783911868,0.5326994406441519,0.5942416534132897,0.15584415584415584,0.0851358024691358,0.9768558471673013
LBXSCA,LBXPLTSI,TwoSided,351,0.05506219423494996,0.16826268837389305,-0.12203891791737627,-0.5324087421853094,0.5944429316515321,0.09401709401709402,0.08537204344736575,0.9768558471673013
BMXWAIST,LBXTR,TwoSided,34,0.21268372295079166,0.3135724452841532,0.28750307226202765,0.5318350237134263,0.5948402630134249,0.14705882352941177,0.08546420141620771,0.9768558471673013
LBDHDD,LBXHSCRP,Low-High,37,0.5850650756440201,0.7038961474553015,-0.24706390844724832,-0.5310168771054422,0.595407083927058,0.1891891891891892,0.0852926709296606,0.9768558471673013
BMXBMI,LBXSAL,TwoSided,411,0.4037573385167043,0.13325986069251325,0.10398587165766872,0.5303760111053302,0.5958512549451032,0.1435523114355231,0.08323970993769789,0.9768558471673013
LBXSAL,LBXHSCRP,Low-High,169,0.17985832338888702,0.5925883068042338,0.14897236785136556,0.5282548315224711,0.5973224770889389,0.1952662721893491,0.0838233828366391,0.9768558471673013
BMXWAIST,LBXSAL,High-Low,197,0.4940294474837951,0.28318875306682695,-0.1343259962291305,-0.5271841680755984,0.5980657018150748,0.15228426395939088,0.08435782108945528,0.9768558471673013
LBXGH,LBXSCA,TwoSided,152,0.3296584777229901,0.016375705850671916,0.15206140388711767,0.5250402355000301,0.5995552208599334,0.13157894736842105,0.08497512437810946,0.9768558471673013
LBXSAPSI,LBXSUA,High-Low,58,0.33473472127705867,-0.13464860830515982,0.22163466970880147,0.5237285792024912,0.6004673349298271,0.13793103448275862,0.08537066246056782,0.9768558471673013
LBDHDD,LBXSUA,High-Low,170,-0.30510151114834033,-0.11959675583531981,0.1789036060584161,0.5229494744890537,0.6010094141848061,0.08235294117647059,0.08572567783094098,0.9768558471673013
LBXSASSI,LBXSAL,High-High,56,0.3254547061245747,0.0033017869520215117,-0.2928464800454505,-0.5189664365340461,0.6037841468437297,0.07142857142857142,0.08574807806031934,0.9768558471673013
BMXBMI,LBXGH,High-High,134,0.5168940324986654,0.3141674068211223,0.14563189160996104,0.5186857752383139,0.6039798828745404,0.1865671641791045,0.08432657926102503,0.9768558471673013
systolic_bp,LBDHDD,High-High,140,0.019785110944856233,-0.31033011816984496,0.18126669677040033,0.5172127121379312,0.6050076790209881,0.08571428571428572,0.08566885311071358,0.9768558471673013
LBDLDL,LBXSBU,Low-High,59,0.16534030457004267,0.0958603069918712,-0.2702728705137374,-0.514140038635666,0.6071540861184083,0.0847457627118644,0.08567484965000494,0.9768558471673013
LBXSNASI,LBXSCA,Low-Low,109,0.33005330158607127,-0.1332535778541204,0.17811687969813897,0.5135120968447423,0.6075931511306947,0.11926605504587157,0.0853066481720004,0.9768558471673013
LBXTC,LBXSBU,Low-High,97,0.01283670155938132,0.05234754529666873,0.20030721395586282,0.5123157677029108,0.6084300316832566,0.10309278350515463,0.08550222662048491,0.9768558471673013
LBXSBU,LBXHGB,TwoSided,299,0.16824475350351367,0.060240516564707476,0.12107775807037738,0.508214793266317,0.6113027174912387,0.11705685618729098,0.08472180147430072,0.9768558471673013
LBXGH,LBXTC,High-Low,101,0.43094827985365985,0.04584545032232863,-0.19459013972947722,-0.5072901461172719,0.6119512515618375,0.09900990099009901,0.08553608553608553,0.9768558471673013
LBDLDL,LBXSASSI,TwoSided,42,0.16210115279645057,0.319304096776217,-0.28775605965085865,-0.5054453525167969,0.6132460716982591,0.09523809523809523,0.08562992125984252,0.9768558471673013
BMXBMI,LBDLDL,TwoSided,118,0.43092131332827066,0.12312743582551348,0.15315905672919164,0.5053275064115087,0.6133288263730974,0.15254237288135594,0.08488694962316541,0.9768558471673013
LBXSAPSI,LBXSUA,Low-Low,42,-0.22551040423950378,-0.126493150960949,0.2941931430011269,0.5032341198047019,0.6147996787523282,0.09523809523809523,0.08562992125984252,0.9768558471673013
systolic_bp,LBXSAL,High-Low,144,0.059211625364907414,0.3296228104353908,-0.15567368542819413,-0.5019316325192891,0.6157156132314003,0.1111111111111111,0.08530522966792603,0.9768558471673013
LBXGH,LBXSUA,TwoSided,158,0.3974675811063123,-0.1790057064070067,-0.16270281926524785,-0.501496025586669,0.6160220742498286,0.08860759493670886,0.08562325766626842,0.9768558471673013
LBDHDD,LBXSNASI,Low-High,52,0.6139841506531892,0.13005299615118107,-0.2345694686359728,-0.4987806365601783,0.6179339302017532,0.11538461538461539,0.08551724137931034,0.9768558471673013
diastolic_bp,LBDLDL,TwoSided,142,0.1304647266456717,0.17893713134511863,-0.16624593638906496,-0.4981320372297234,0.6183909809521234,0.09154929577464789,0.08558648111332008,0.9768558471673013
LBDHDD,LBXSNASI,TwoSided,357,0.07315684250643863,0.2791376864863381,-0.11060294764364122,-0.4974081479833214,0.618901260906104,0.10084033613445378,0.0851193499238192,0.9768558471673013
LBXTC,LBXHGB,High-High,131,0.08119150412463148,-0.10081209784804816,0.18394217444505595,0.4967399915778819,0.6193724170731598,0.08396946564885496,0.08569158971303743,0.9768558471673013
LBDHDD,LBXSKSI,TwoSided,277,0.025862549499409533,0.062145645556334325,0.12017941348053007,0.496020486991925,0.6198799567354923,0.10469314079422383,0.08513853904282116,0.9768558471673013
LBXHGB,LBXWBCSI,TwoSided,31,0.08880485665294338,0.39511672887922367,0.2943565272147653,0.4956253510516983,0.6201587633259049,0.16129032258064516,0.08543899321600629,0.9768558471673013
LBXTC,LBXSNASI,Low-Low,74,0.06896273146563266,0.35888925991840814,-0.21446410457343318,-0.4938969069215715,0.6213789891252812,0.0945945945945946,0.0856042654028436,0.9768558471673013
BMXBMI,LBXSBU,TwoSided,186,0.42356981804832594,0.1716421224386966,0.12279674685580173,0.49213588249158235,0.6226232873163609,0.15591397849462366,0.08436501597444089,0.9768558471673013
LBDHDD,LBXHSCRP,High-High,24,-0.2643868973579293,0.6721412945199042,0.2840095706801923,0.49087272123245257,0.6235164718027111,0.16666666666666666,0.08547848300255453,0.9768558471673013
BMXWAIST,LBXHGB,High-Low,101,0.5102145206779386,0.21104973180388595,-0.1571158130455384,-0.4885673877025754,0.6251480062938116,0.1485148514851485,0.08504108504108504,0.9768558471673013
LBXSAPSI,LBXSKSI,High-High,108,0.37133299955058824,0.20372413536125494,-0.16731955800347928,-0.4870293555518811,0.6262375279165133,0.12037037037037036,0.08529819694868239,0.9768558471673013
BMXBMI,systolic_bp,Low-Low,98,0.03476348711593267,0.0009893482672217865,0.19305877972342306,0.4867262920923535,0.6264523104099745,0.11224489795918367,0.0854117181314331,0.9768558471673013
LBXSCA,LBXWBCSI,TwoSided,24,0.02828567641807571,0.4157770355354916,0.3097470762341017,0.48645821080539553,0.6266423272841279,0.16666666666666666,0.08547848300255453,0.9768558471673013
systolic_bp,LBXHGB,Low-High,23,0.05553767113932609,-0.050142833014698955,-0.5072589941231589,-0.48617167049070564,0.6268454553760421,0.043478260869565216,0.08576480990274093,0.9768558471673013
LBXSUA,LBXWBCSI,TwoSided,21,-0.19540098397512906,0.42866881185160954,0.3401141251560477,0.48578793061279857,0.6271175324486028,0.14285714285714285,0.08555151753265887,0.9768558471673013
LBXSUA,LBXSAL,TwoSided,385,-0.16955770036411164,0.21621403248012486,-0.1137546837448732,-0.48422906648163444,0.6282233106957089,0.08051948051948052,0.08587144748904961,0.9768558471673013
BMXBMI,LBXTC,High-High,68,0.5822492861040988,0.141459412950696,-0.18868729496478787,-0.4830633847042619,0.6290507313194448,0.1323529411764706,0.08535622656404183,0.9768558471673013
LBXSASSI,LBXSNASI,High-High,33,0.3214866189477373,0.12944398462888926,-0.30896787172869883,-0.4829784787900204,0.6291110171919233,0.09090909090909091,0.08565247320287148,0.9768558471673013
LBXSNASI,LBXSAL,Low-Low,146,0.30489812494614643,0.26784033245595296,0.1332699578464438,0.48029930464763587,0.6310145832464434,0.15753424657534246,0.08462609387430389,0.9781171540836029
LBXIN,LBXSAPSI,High-High,28,0.7593770903519526,0.346765850620529,-0.2659153161679781,-0.47634277535026215,0.6338301957866941,0.17857142857142858,0.08541379988205229,0.9781171540836029
BMXBMI,diastolic_bp,Low-Low,57,0.04856093550108806,-0.043672738450100716,0.22804149190116527,0.47545114757968615,0.6344654456523342,0.10526315789473684,0.08555938886150813,0.9781171540836029
LBXSATSI,LBXSAL,TwoSided,151,0.3292283519528474,0.20001114306845982,-0.15381914908705696,-0.47515363045624803,0.6346774749040832,0.09933774834437085,0.0854641329220973,0.9781171540836029
diastolic_bp,LBXSNASI,High-Low,79,0.2413579099764404,0.3601994762202363,-0.1855670992169061,-0.47486479540046683,0.6348833454498031,0.11392405063291139,0.08544897757581744,0.9781171540836029
LBXIN,LBXSAL,TwoSided,59,0.7898651423885883,0.18258383349050405,-0.20848843671355868,-0.4712884609034676,0.6374347547621569,0.1694915254237288,0.08518189884649512,0.9793451830884936
LBXTC,LBDLDL,Low-Low,244,0.03155256122402224,0.23272564131151174,-0.18705644711463817,-0.46389601718968665,0.6427222464690909,0.09016393442622951,0.08555934926692108,0.9793451830884936
LBXSCA,LBXSAL,High-High,282,0.16018386606858012,-0.0075463973803136025,-0.1395182848527101,-0.463255935767546,0.6431809264150379,0.07446808510638298,0.08598790322580645,0.9793451830884936
LBDHDD,LBXSUA,High-High,45,-0.30212895583441784,-0.2744249613300977,0.29000636703638605,0.4621209418228396,0.6439945931814514,0.06666666666666667,0.08575366742148272,0.9793451830884936
LBXSCR,LBXSKSI,TwoSided,148,0.11123396222916454,0.061820456566461686,0.175103336433245,0.4611711520574356,0.6446758168829858,0.10810810810810811,0.08533916849015317,0.9793451830884936
BMXWAIST,LBXSNASI,Low-High,97,-0.2656418596709408,0.10475299255668358,0.18062226834389827,0.46039442179313467,0.6452331378849651,0.09278350515463918,0.08560118753092529,0.9793451830884936
BMXWAIST,LBXSBU,High-Low,43,0.4815618240253078,0.3348231060961563,0.19441442277463084,0.459963300783705,0.6455425627078724,0.20930232558139536,0.08514617580470518,0.9793451830884936
LBXSBU,LBXHSCRP,Low-High,37,0.3064068960343616,0.6707878104513112,0.2015448939778132,0.45892959749890605,0.6462847236684887,0.24324324324324326,0.08509591736350221,0.9793451830884936
LBDHDD,LBXHSCRP,TwoSided,61,0.05069261073107428,0.6827516072442577,0.1702807467923641,0.4544394664259214,0.6495125517651492,0.18032786885245902,0.08510008874864412,0.9793451830884936
LBXGH,LBXSCA,High-High,93,0.4295269023850498,0.13933839398245457,-0.1653891587103607,-0.4533124813734573,0.6503237465114213,0.11827956989247312,0.08536947274705708,0.9793451830884936
LBDLDL,LBXSUA,High-Low,23,0.13429605948246442,-0.1228472026317881,0.2945543947695715,0.4499739229810684,0.6527292436230123,0.13043478260869565,0.08556832694763729,0.9793451830884936
LBXGLU,LBXPLTSI,High-High,31,0.6828438029399037,0.2733889847388597,-0.23772873983270154,-0.44921168556846447,0.6532789585643928,0.16129032258064516,0.08543899321600629,0.9793451830884936
LBXSUA,LBXSCA,High-Low,71,-0.2674899539645287,-0.10276897962459684,0.22679735885573116,0.4492045881971768,0.6532840779741292,0.07042253521126761,0.08577633007600434,0.9793451830884936
BMXWAIST,systolic_bp,Low-Low,155,-0.2775302381553649,0.0425070516266843,0.16205848762812763,0.4485717290068404,0.6537406316588561,0.09032258064516129,0.08559769085299095,0.9793451830884936
systolic_bp,LBXWBCSI,TwoSided,19,0.046712580846096426,0.5378197234574554,-0.3620762912066291,-0.4477761506830254,0.6543147571439835,0.10526315789473684,0.08563291760777766,0.9793451830884936
LBXGLU,LBXSNASI,High-Low,80,0.5691804519666859,0.29361317990776487,0.1619412001294458,0.44631433233411055,0.6553702047598551,0.1875,0.08486465125469275,0.9793451830884936
LBXGLU,LBXSNASI,TwoSided,102,0.6971122460698165,0.2592100056716898,-0.15362300525311653,-0.44576196631553117,0.6557691980202556,0.1568627450980392,0.08495049504950496,0.9793451830884936
LBXSCA,LBXHGB,Low-Low,174,-0.1506437720065977,0.19082578880842643,0.1384434095517971,0.443924880093458,0.657096895787781,0.10919540229885058,0.08526126844834464,0.9793451830884936
LBXIN,LBXHGB,High-High,21,0.7750246619726042,-0.05326125378226607,-0.34895810053335075,-0.4433050710341718,0.6575450883529097,0.09523809523809523,0.08564973971122679,0.9793451830884936
LBXSUA,LBXPLTSI,TwoSided,319,-0.21568000950483884,0.1315214522561923,0.10741029042052434,0.4416833256544851,0.6587183774109224,0.09090909090909091,0.0855003541434787,0.9793451830884936
diastolic_bp,LBXHSCRP,Low-High,44,-0.012429958377312783,0.7226202347083639,-0.2113747206676022,-0.44004810310561,0.6599022680649074,0.13636363636363635,0.08544989171096673,0.9793451830884936
LBXSBU,LBXHGB,High-Low,157,0.08118947228940748,0.2143384814255343,-0.14402689373253663,-0.43975066515678846,0.6601177029137211,0.10191082802547771,0.08541562966650075,0.9793451830884936
diastolic_bp,LBXPLTSI,Low-High,71,-0.00299050617569463,0.2822996275445498,-0.19172953634348994,-0.4396314620653179,0.6602040498410995,0.09859154929577464,0.0855789161978087,0.9793451830884936
LBXGH,LBXSNASI,High-Low,210,0.31879823658837864,0.26990474769548684,0.11834303193716528,0.43746413951245605,0.6617747774569986,0.14285714285714285,0.0844675740592474,0.9793451830884936
LBXSNASI,LBXHGB,High-Low,89,0.13465208928658082,0.21781877635393224,-0.16194880847552273,-0.43614563889120705,0.6627310661141446,0.11235955056179775,0.08543458914268763,0.9793451830884936
systolic_bp,LBXSBU,TwoSided,255,0.05140662166022681,0.23211288593885973,-0.11177245607078844,-0.4349598279291279,0.6635915868250177,0.10196078431372549,0.0852518347240374,0.9793451830884936
systolic_bp,LBXIN,TwoSided,26,0.036149631917573775,0.7052818010697119,0.2420945511599419,0.43456464077772755,0.663878465386524,0.19230769230769232,0.08539701257861636,0.9793451830884936
LBXSAL,LBXPLTSI,High-Low,62,-0.02633022001631659,-0.09851435964574234,0.22055071908407223,0.4333852767450619,0.6647348949568028,0.08064516129032258,0.08570019723865878,0.9793451830884936
LBXSCR,LBXSKSI,High-High,126,0.2116711778361654,0.1949542126420842,-0.17602906396845458,-0.43149437886184,0.6661089389486584,0.09523809523809523,0.08554982135768162,0.9793451830884936
LBXSAL,LBXHGB,Low-Low,289,0.2555298506391388,0.09938843008959675,0.10777844121618697,0.4304518719014627,0.6668669692220476,0.1384083044982699,0.08413194794714011,0.9793451830884936
systolic_bp,LBXTC,High-High,153,0.013004020678895375,0.07328202929473596,0.13374841888535813,0.4301250875011191,0.6671046515874444,0.1111111111111111,0.08528211762364414,0.9793451830884936
LBXSASSI,LBXPLTSI,High-Low,73,0.27194106430344206,-0.12563233596779622,0.19177402322078566,0.4287948981770549,0.6680724919940824,0.1095890410958904,0.08549708757034258,0.9793451830884936
LBXIN,LBXSUA,High-High,35,0.7292909888229997,-0.2885568698155658,0.23769259896218842,0.42826566130773536,0.6684577162460001,0.14285714285714285,0.08547260745549326,0.9793451830884936
LBXSCA,LBXHGB,TwoSided,403,0.009414192210265114,0.07690652607429646,0.09388500935208563,0.4268554327623944,0.6694846283572028,0.0967741935483871,0.08521277681396061,0.9793944266471839
LBDLDL,LBXSNASI,Low-High,54,0.16192244525016117,0.12671184471324332,-0.22081730476872918,-0.42476091782941966,0.6710109706083444,0.09259259259259259,0.08563263697280252,0.9799076965380976
BMXWAIST,LBXSKSI,High-High,118,0.5082963964983477,0.20298482047972485,-0.13573340212114188,-0.42332786249857,0.6720560684555852,0.1271186440677966,0.08518445061483539,0.9799076965380976
LBXSUA,LBXHGB,TwoSided,393,-0.17417358900035165,0.13175516284519068,-0.10141458043927776,-0.42228507898074646,0.6728169478258541,0.07633587786259542,0.08604342950351718,0.9799076965380976
LBXSKSI,LBXPLTSI,Low-High,72,-0.07120435270813494,0.25474398123039155,0.1673042086373632,0.42014566786462126,0.6743790428849485,0.125,0.08538993089832182,0.9803037384774552
LBXIN,LBDHDD,High-Low,25,0.6524156524537186,0.5478407874911138,0.2277035851157142,0.41841349205488165,0.6756448236951066,0.24,0.08529036061707772,0.9803037384774552
LBDLDL,LBXSAPSI,Low-High,36,0.15236274886369724,0.3633508939589377,-0.2408839326061178,-0.41743782730263934,0.6763581911997898,0.1111111111111111,0.08557938225457407,0.9803037384774552
LBXTC,LBXSAL,Low-Low,122,-0.006000075528603064,0.2934628949796652,0.13777439277546003,0.4164704766828682,0.6770657666360518,0.12295081967213115,0.08521825396825397,0.9803037384774552
LBXSBU,LBXPLTSI,High-High,39,0.09928361262715417,0.27925488063184506,-0.23013273799849016,-0.41324846709874374,0.6794245815973349,0.10256410256410256,0.08560464429794352,0.9821875147875745
diastolic_bp,LBXSAPSI,High-Low,18,0.22482560716800928,-0.16459824261866782,-0.4356030729694113,-0.41197315454389055,0.6803590999999122,0.05555555555555555,0.08572270227808326,0.9821875147875745
BMXWAIST,LBXSUA,High-Low,24,0.4837793399328266,-0.08466545318167125,0.23473559194888627,0.40975476688364626,0.681985850607121,0.16666666666666666,0.08547848300255453,0.983096562424885
LBXGLU,LBXSCR,High-High,23,0.6773717163597259,0.20020285634912335,-0.2740439074851978,-0.40708513095725324,0.6839454637517137,0.13043478260869565,0.08556832694763729,0.984482083590058
LBXSBU,LBXWBCSI,Low-High,15,0.37172779852540794,0.502888463651497,-0.33511567402311104,-0.4045197572293921,0.6858305522667196,0.13333333333333333,0.085599293216845,0.9848094183118882
LBDLDL,LBXSAL,Low-High,31,0.15138866984907165,-0.0015607061167374377,-0.3096957000651649,-0.40405747262756614,0.6861704567751188,0.06451612903225806,0.08573394946416281,0.9848094183118882
LBXSAL,LBXWBCSI,Low-High,27,0.30783305232957037,0.5076166264382919,-0.25035021556330483,-0.395178252402372,0.6927113413314492,0.14814814814814814,0.0855036855036855,0.9850502124178534
LBXSNASI,LBXPLTSI,Low-Low,75,0.3335537882322071,-0.10130110463481384,0.16569864727467334,0.3948974769276388,0.6929185521070786,0.10666666666666667,0.08551397254863237,0.9850502124178534
BMXWAIST,systolic_bp,High-Low,20,0.5045476769490445,0.09712072641004693,-0.30255389731060883,-0.3928041644762799,0.6944641285993497,0.1,0.08564132783343155,0.9850502124178534
BMXWAIST,LBXHGB,High-High,96,0.4839504457800157,-0.09207662337082492,0.14490814594423054,0.39177380169950515,0.6952253540094309,0.11458333333333333,0.08539481496140906,0.9850502124178534
LBXSNASI,LBXPLTSI,High-Low,83,0.10586863131258457,-0.10083965837956659,0.16370606794876824,0.3917357271030299,0.6952534891697242,0.0963855421686747,0.08558157920743156,0.9850502124178534
BMXWAIST,LBXSATSI,High-High,95,0.5003524150251543,0.299049529531167,-0.13990205422759888,-0.3904826341425962,0.696179694120036,0.12631578947368421,0.08528742455723756,0.9850502124178534
diastolic_bp,LBXSAL,Low-Low,105,-0.014867647376229275,0.32361588909332994,-0.14253790124591947,-0.3903565141042508,0.6962729389918986,0.10476190476190476,0.08547093195998812,0.9850502124178534
LBXGLU,LBXIN,TwoSided,60,0.5834762159354004,0.6102478646011278,-0.17912400232770817,-0.3893434250359917,0.6970221169408307,0.2,0.08499309800828239,0.9850502124178534
LBXTC,LBXSUA,High-Low,70,0.10957295898195844,-0.09667378304285143,-0.18016037359830445,-0.38893939514072895,0.6973209789611747,0.08571428571428572,0.08566916699565733,0.9850502124178534
LBXHGB,LBXWBCSI,Low-High,15,0.19008261277338473,0.43410179252060427,0.2788569988924783,0.3871536864308717,0.6986424345506608,0.2,0.08550112888976145,0.9850502124178534
LBXSUA,LBXSAL,Low-Low,122,-0.14865519524643586,0.2978213493122155,0.1275807610044094,0.38672057451329295,0.698963082770548,0.12295081967213115,0.08521825396825397,0.9850502124178534
LBXIN,LBXSNASI,High-High,19,0.7745376715472244,0.12479487864964997,-0.26166122380477613,-0.3867100508693532,0.6989708744685665,0.15789473684210525,0.08553471472061279,0.9850502124178534
LBXSNASI,LBXHSCRP,Low-High,83,0.3307050569453811,0.7060568301674752,-0.12930865891418705,-0.38255846984210096,0.7020471681138539,0.18072289156626506,0.08488981124617057,0.9850502124178534
diastolic_bp,LBXTC,TwoSided,327,0.095584190389969,0.0606118326264306,0.08862322650102228,0.3818632682399102,0.7025627870178925,0.10091743119266056,0.08516455696202532,0.9850502124178534
BMXWAIST,LBXSBU,TwoSided,200,0.2015884390888822,0.18584135080368508,0.09740426884471601,0.3817641159410648,0.7026363377087107,0.13,0.08478304339132174,0.9850502124178534
LBXSATSI,LBXSAL,High-High,102,0.31849053406853883,-0.0004363478048466615,-0.15914687289341298,-0.38056033092507163,0.7035295214591177,0.0784313725490196,0.08574257425742575,0.9850502124178534
LBXSAPSI,LBXSBU,TwoSided,186,0.17437119386684308,0.17991575114271005,0.10324234534534286,0.38045636610136885,0.7036066804379573,0.12903225806451613,0.08486421725239617,0.9850502124178534
LBXSNASI,LBXSCA,High-High,126,0.09976709170059046,0.10614310271880269,0.12169002059663245,0.3794942245655348,0.7043208922460311,0.11904761904761904,0.0852520841603811,0.9850502124178534
LBDHDD,LBXSBU,Low-Low,20,0.5993135408784118,0.379018825131035,-0.24900957286914122,-0.3763581846471769,0.7066506283929832,0.15,0.08554311530151247,0.9852134331594585
LBXGLU,LBXSAPSI,High-High,63,0.6541540353832656,0.3291528275119222,-0.149316530169243,-0.37431515718940855,0.7081698565969317,0.1746031746031746,0.08511687543150212,0.9852134331594585
LBXGH,LBXSKSI,High-High,132,0.3791200635070964,0.1507742289434157,0.11539599311967176,0.3700388837113968,0.7113535184846616,0.13636363636363635,0.08500496524329693,0.9852134331594585
LBXHGB,LBXPLTSI,High-Low,68,-0.07779221488824055,-0.09626932814564068,0.18649264110366298,0.36583901948378245,0.7144852018420906,0.07352941176470588,0.08575093743832643,0.9852134331594585
LBXSATSI,LBXPLTSI,TwoSided,122,0.31732436397789965,0.1491082322509932,-0.12448830216255712,-0.3637434646481928,0.7160495833134293,0.10655737704918032,0.08541666666666667,0.9852134331594585
systolic_bp,LBXHGB,Low-Low,58,0.06413671523623612,0.21001370371876216,-0.17049602154634366,-0.3600470587657551,0.7188119423189383,0.10344827586206896,0.08556782334384858,0.9852134331594585
LBDHDD,LBXSATSI,Low-High,101,0.5850592046290649,0.26099553769744616,-0.13048174156045864,-0.35643169010441017,0.7215173003955124,0.12871287128712872,0.08523908523908524,0.9852134331594585
LBDHDD,LBXHGB,Low-High,93,0.6143801632790034,-0.06335538710821297,-0.1447329748591404,-0.3535646174274711,0.7236651948514692,0.0967741935483871,0.085567316252844,0.9852134331594585
LBXSUA,LBXSKSI,Low-Low,97,-0.12935769593314816,-0.06944628827988286,0.14160712842478723,0.3531081271039642,0.7240073803031416,0.09278350515463918,0.08560118753092529,0.9852134331594585
LBXIN,LBXSNASI,TwoSided,37,0.7014844217245603,0.25721437554944104,0.16753272934846303,0.35212457535896424,0.7247448387298376,0.21621621621621623,0.0851942941465814,0.9852134331594585
LBXSASSI,LBXSCA,High-High,48,0.26758418899534614,0.11386126050615512,0.1714151897905978,0.35186334768888616,0.724940747892624,0.125,0.08548355327949576,0.9852134331594585
diastolic_bp,LBDHDD,High-High,70,0.2065855549128834,-0.29609456723281213,0.15209377694075274,0.34812315183017206,0.7277476978716404,0.1,0.08557046979865772,0.9852134331594585
BMXWAIST,LBXSCA,Low-High,98,-0.26078017536822157,0.11803740155414556,0.14342292360239986,0.3480992598260419,0.7277656401848409,0.08163265306122448,0.08570863024544735,0.9852134331594585
BMXWAIST,LBXPLTSI,Low-Low,67,-0.25172030682416857,-0.08261181266393647,0.1763415918338916,0.34720724988673746,0.7284356246331514,0.07462686567164178,0.08574247656635421,0.9852134331594585
LBXTC,LBXSCA,High-High,154,0.07135675248782172,0.10335996397440501,0.10781159709577272,0.3462529317040265,0.7291526382821899,0.11038961038961038,0.0852906050955414,0.9852134331594585
BMXBMI,LBXSAL,High-Low,245,0.5494998699101659,0.24316672446452683,-0.08220370772044044,-0.3461550761006238,0.7292261741289447,0.16326530612244897,0.08376016872551974,0.9852134331594585
LBXGH,LBXSBU,High-High,133,0.42529153999012015,0.07039352152734596,-0.11733637459272696,-0.34571481350599975,0.7295570504000162,0.11278195488721804,0.08531135167345318,0.9852134331594585
BMXWAIST,LBDHDD,Low-High,202,-0.22737131039460148,-0.27737461945238673,0.11755747852294944,0.34446297206586624,0.7304981380833444,0.06930693069306931,0.086,0.9852134331594585
LBXSCA,LBXHSCRP,High-High,36,0.12864623816050455,0.6942705622068165,0.1576029029420809,0.3439343880285293,0.730895629791994,0.19444444444444445,0.08528428093645485,0.9852134331594585
LBXGLU,LBXSKSI,High-Low,18,0.6748836916925853,-0.0384313614331058,-0.2682483075434626,-0.34355211934987484,0.7311831383533416,0.1111111111111111,0.08562450903377848,0.9852134331594585
LBXTC,LBXSUA,Low-Low,69,0.03187875090122997,-0.1293117493203973,0.15241836511452156,0.34350298275396157,0.7312200972779241,0.10144927536231885,0.08556202506661403,0.9852134331594585
LBXSCR,LBXSNASI,TwoSided,106,0.13648759574072047,0.2529963580172573,0.1321203598376055,0.3411898359831677,0.7329606744294467,0.12264150943396226,0.08528129952456419,0.9852134331594585
BMXWAIST,systolic_bp,TwoSided,370,0.200454101025055,0.006760918879013781,0.07336736186024384,0.3385602407019827,0.7349410387351165,0.11081081081081082,0.0847233523189585,0.9852134331594585
diastolic_bp,LBXSKSI,TwoSided,308,0.13064433244337592,0.09605533067663126,-0.08105664102025667,-0.33819110473493913,0.7352191787520488,0.09415584415584416,0.08540529613907419,0.9852134331594585
diastolic_bp,LBXGLU,Low-High,32,-0.01831235315624781,0.6807025189865474,-0.19427760144961093,-0.3360003012196623,0.7368706393250274,0.125,0.0855457227138643,0.9852134331594585
LBXGLU,LBXSKSI,TwoSided,81,0.6321054285563742,0.0663711252647431,0.12252431581388006,0.3334221212378188,0.7388156672233299,0.16049382716049382,0.08507064519316274,0.9852134331594585
BMXWAIST,LBXSATSI,TwoSided,115,0.2278005026605891,0.3277692071151907,-0.11618323801941452,-0.3320138557545769,0.7398787965323622,0.10434782608695652,0.08545652820461981,0.9852134331594585
LBXSNASI,LBXSCA,TwoSided,438,0.24780535276662397,0.00995558189422135,0.06713491352581649,0.33183497235611564,0.7400138750101095,0.11187214611872145,0.08449405981155264,0.9852134331594585
LBXSCA,LBXHGB,High-Low,46,0.1473738338081505,0.21662382907622837,-0.1654244080984183,-0.3303194988092346,0.7411585611164744,0.10869565217391304,0.08556518314296967,0.9852134331594585
LBXIN,LBXHSCRP,High-High,21,0.7115711353939065,0.6904628150803133,-0.19088402754391304,-0.32997083109941583,0.7414220022855148,0.23809523809523808,0.08535507317552303,0.9852134331594585
LBXIN,LBXHSCRP,TwoSided,21,0.7115711353939065,0.6904628150803133,-0.19088402754391304,-0.32997083109941583,0.7414220022855148,0.23809523809523808,0.08535507317552303,0.9852134331594585
LBDLDL,LBXSAPSI,High-High,40,0.169052424320047,0.361858915106691,-0.17189239002964093,-0.32960342912201496,0.7416996312110069,0.125,0.0855146624680181,0.9852134331594585
BMXBMI,LBXSASSI,TwoSided,61,0.44928769989999984,0.319142994910964,-0.1410776805636494,-0.32700653455838774,0.7436629428293299,0.13114754098360656,0.08539591756237057,0.9852134331594585
diastolic_bp,LBDHDD,Low-High,79,-0.014283023484889789,-0.2726435970215982,-0.16284479016596853,-0.3265081672002521,0.7440399110644625,0.06329113924050633,0.08584411735651487,0.9852134331594585
LBXSASSI,LBXHGB,TwoSided,85,0.3186842818059464,0.10461823020170224,-0.13810389135935253,-0.324163682174341,0.7458141161495873,0.09411764705882353,0.0855984975783335,0.9852134331594585
LBXIN,LBXSBU,TwoSided,27,0.700087655581765,0.19405729660632134,0.17170818535524585,0.3236327743618753,0.7462160718966795,0.2222222222222222,0.08530712530712531,0.9852134331594585
LBDLDL,LBXSUA,Low-Low,35,0.1145062929247458,-0.12567262271800475,0.1878618492982383,0.323473048428491,0.7463370155586154,0.11428571428571428,0.08557096488639716,0.9852134331594585
LBXSUA,LBXPLTSI,Low-High,98,-0.09375281294783314,0.2797860042072104,-0.12196909408418138,-0.32214247746527613,0.7473447596916261,0.10204081632653061,0.0855106888361045,0.9852134331594585
LBDHDD,LBXSAL,High-Low,110,-0.26369564597189926,0.31709743521048667,-0.1191130608798411,-0.320172270091291,0.7488377429067694,0.09090909090909091,0.08561236623067776,0.9852134331594585
LBXSNASI,LBXSCA,Low-High,88,0.358292414992636,0.1469411258255425,-0.11897658179720469,-0.3195586460503743,0.7493029274095367,0.11363636363636363,0.08542614198141191,0.9852134331594585
LBDHDD,LBXPLTSI,TwoSided,251,0.03557204675761151,0.131847564837557,0.078854996681437,0.3181509162391796,0.7503704629207202,0.10756972111553785,0.0851170736609386,0.9852134331594585
LBXSCR,LBXHGB,High-High,17,0.20160435030099502,-0.049422339572368225,-0.3351413852735074,-0.31665309342838865,0.7515068444773345,0.058823529411764705,0.08571428571428572,0.9852134331594585
diastolic_bp,LBDLDL,Low-Low,51,-0.016656120208946898,0.15389104196084571,-0.18054670508717008,-0.31552874250010887,0.7523602314122884,0.0784313725490196,0.08570584178898631,0.9852134331594585
diastolic_bp,LBXTR,TwoSided,50,0.12000113656781529,0.3733511649748479,-0.16705951628178595,-0.3149317586921283,0.7528134676879117,0.1,0.08559889676910953,0.9852134331594585
LBXSBU,LBXSAL,Low-Low,109,0.3493019685697727,0.2947229988508943,-0.10773006527763765,-0.3149107694748529,0.7528294044701971,0.14678899082568808,0.08500941246408401,0.9852134331594585
systolic_bp,LBXHGB,High-Low,133,0.0168256240185366,0.18337692183292803,0.09937994596495185,0.3147640276354792,0.7529408261812107,0.12030075187969924,0.08521203694507895,0.9852134331594585
BMXBMI,LBXWBCSI,High-High,29,0.5511778319351074,0.3420859670426137,0.1818750054094376,0.3145998108876694,0.75306552276781,0.20689655172413793,0.08532389658901013,0.9852134331594585
LBXSNASI,LBXPLTSI,TwoSided,372,0.273680520229933,0.160666552419244,-0.06613684119042443,-0.31442395167540577,0.7531990671040089,0.11290322580645161,0.08463886063072228,0.9852134331594585
LBDHDD,LBXSAL,Low-Low,62,0.5523669511509846,0.28046173564218846,0.11928331386007036,0.31416133439453703,0.7533985077101742,0.1774193548387097,0.08510848126232741,0.9852134331594585
systolic_bp,LBXIN,High-High,22,0.04188952971112501,0.7676705273268818,-0.20890754977567708,-0.31165978273172174,0.7552990953220795,0.13636363636363635,0.0855599214145383,0.9863906066060535
LBXSASSI,LBXHSCRP,High-High,24,0.29291014802539933,0.7092894544182123,-0.18158439582905217,-0.30684295642151405,0.758962909894639,0.16666666666666666,0.08547848300255453,0.9885567095853554
LBXSASSI,LBXHSCRP,TwoSided,24,0.29291014802539933,0.7092894544182123,-0.18158439582905217,-0.30684295642151405,0.758962909894639,0.16666666666666666,0.08547848300255453,0.9885567095853554
LBDHDD,LBXSUA,Low-High,91,0.6215924988009902,-0.2595950102469099,-0.12742946304370772,-0.2998602143142709,0.7642837829721042,0.08791208791208792,0.08564929284937198,0.9934469416533049
LBXSNASI,LBXHGB,Low-Low,145,0.34864795153842437,0.1956692555528739,-0.08859505637392832,-0.2992720437673678,0.7647324834836293,0.1310344827586207,0.08501541215074078,0.9934469416533049
LBXGH,LBXGLU,High-High,258,0.23694699253472154,0.5936900307751937,-0.1319988001318921,-0.2946257463218122,0.7682797920236251,0.1511627906976744,0.0839702333065165,0.9937503675392236
LBDLDL,LBXSNASI,TwoSided,184,0.17203923081620817,0.26928871076252564,-0.08316996248321423,-0.2940331908590231,0.7687325411615447,0.11413043478260869,0.08514673587542423,0.9937503675392236
BMXWAIST,LBXHSCRP,High-High,154,0.4201944700129598,0.6242434313941225,-0.08325640282728443,-0.2922475907552847,0.7700973268791347,0.19480519480519481,0.0839968152866242,0.9937503675392236
diastolic_bp,LBXSBU,Low-Low,45,-0.04418487481695092,0.35633865449565794,0.13923868644175272,0.28556790309845903,0.7752090897478523,0.13333333333333333,0.08545830461750517,0.9937503675392236
LBXSBU,LBXHSCRP,High-High,57,0.03148174324650806,0.6877881691510632,0.11469276633167123,0.2851422025347331,0.775535198553195,0.17543859649122806,0.08516510596352883,0.9937503675392236
LBXGH,LBDLDL,High-Low,61,0.41541002825849493,0.11787823593023748,-0.13056927747334246,-0.28014943144787907,0.7793628615999287,0.11475409836065574,0.08549452716694605,0.9937503675392236
diastolic_bp,LBXSCA,Low-Low,66,-0.03414195629731439,-0.09803674067097459,0.1315041686107331,0.2793560995148087,0.7799715579451496,0.09090909090909091,0.0856353591160221,0.9937503675392236
LBXTC,LBXSAL,TwoSided,389,0.08830817221730378,0.20026062161950886,-0.06091963012936364,-0.27912951656240576,0.7801454320472386,0.09768637532133675,0.0851931111790482,0.9937503675392236
BMXWAIST,LBXGH,High-High,157,0.4745983672861723,0.36759832001914133,-0.07849571853220806,-0.27773516451563074,0.7812156647598695,0.15286624203821655,0.08461921353907417,0.9937503675392236
BMXBMI,diastolic_bp,TwoSided,289,0.45133744002540477,0.11431227228208171,-0.061676903357150016,-0.2744944227025927,0.7837046891231833,0.1245674740484429,0.08453545848885302,0.9937503675392236
BMXWAIST,LBXSUA,High-High,205,0.5400555229919796,-0.30925560108716277,-0.08572493304918806,-0.2721329479378648,0.7855197963992498,0.08780487804878048,0.08562568770631189,0.9937503675392236
systolic_bp,LBXTR,TwoSided,48,0.04356909669824283,0.3697208462834102,-0.14349418805567787,-0.26995022357685755,0.7871985481240286,0.10416666666666667,0.08558203663580854,0.9937503675392236
LBXIN,LBXTC,TwoSided,41,0.7703723725504346,0.07959339703748193,-0.13688344372118258,-0.26850685739110075,0.7883091971781965,0.14634146341463414,0.08542466292687728,0.9937503675392236
LBXHGB,LBXWBCSI,High-High,16,-0.07361791960674102,0.4631541130586742,0.21740947533862626,0.26446231843549906,0.7914236969783379,0.125,0.08560769683879835,0.9937503675392236
LBXSAPSI,LBXSBU,High-Low,41,0.3544494797998707,0.3724589337596887,-0.12836996264780726,-0.2643840978835087,0.7914839637714152,0.14634146341463414,0.08542466292687728,0.9937503675392236
systolic_bp,LBXGH,Low-High,18,0.05553437499514222,0.41553537698119763,-0.2015936418829458,-0.25982810541858864,0.7949963703214586,0.1111111111111111,0.08562450903377848,0.9937503675392236
LBXTR,LBXSAL,TwoSided,52,0.3706251929819098,0.19428702528496872,-0.12847048690433913,-0.25793664481779177,0.7964558030256972,0.11538461538461539,0.08551724137931034,0.9937503675392236
LBXSKSI,LBXHSCRP,High-High,53,0.16732321981244402,0.6859064718306477,0.10225716792358931,0.2577656413539327,0.7965877828220589,0.18867924528301888,0.08513154005320721,0.9937503675392236
LBXSKSI,LBXHGB,High-Low,112,0.19255776170208164,0.2006929743867702,-0.08722609766644851,-0.25627063533027994,0.7977418699138126,0.11607142857142858,0.08533201189296333,0.9937503675392236
systolic_bp,diastolic_bp,High-High,340,-0.04437460317314996,0.20576860006094766,0.06916615075547831,0.25435492783100383,0.7992213684477072,0.10294117647058823,0.08507402149665383,0.9937503675392236
LBXSAPSI,LBXSUA,TwoSided,210,0.19566102292919438,-0.20201771510336447,0.07117984256152038,0.2538207754838489,0.799634022423438,0.09523809523809523,0.0854683746997598,0.9937503675392236
LBXSATSI,LBXSBU,TwoSided,52,0.29002958983839017,0.2061793192430456,0.1118287818049874,0.25194343267152786,0.8010847877229499,0.1346153846153846,0.08541871921182266,0.9937503675392236
LBXSASSI,LBXSAL,High-Low,53,0.2541548042736418,0.29631689570849906,0.11059707370987816,0.25181936562665,0.8011806879770117,0.1509433962264151,0.08532860380333038,0.9937503675392236
LBXIN,LBXSBU,High-High,20,0.7204701260133352,0.059322348319392974,0.1552393902257721,0.2505070280189349,0.8021952703623152,0.2,0.0854449027695934,0.9937503675392236
LBXTC,LBXSUA,TwoSided,352,0.07801323403440566,-0.20553098871578382,0.06076989976302215,0.25016145085542424,0.8024624953579742,0.08238636363636363,0.08578680203045685,0.9937503675392236
LBXSCA,LBXPLTSI,Low-High,85,-0.10122406839568016,0.2606292243719878,0.09503002168576034,0.24892392852065454,0.8034196254821242,0.11764705882352941,0.08540081051695167,0.9937503675392236
LBXTC,LBXSASSI,TwoSided,105,0.06730774751680739,0.26012480583871883,0.09292126390453707,0.24636854503644462,0.8053969533404595,0.11428571428571428,0.08537189264137862,0.9937503675392236
diastolic_bp,LBXPLTSI,High-High,97,0.22156549688474528,0.27128899074529284,-0.08664922749535946,-0.2460027016087355,0.8056801411768443,0.12371134020618557,0.08530430479960416,0.9937503675392236
LBXSKSI,LBXSCA,High-High,130,0.19914378270998204,0.13116172582890717,-0.08295268312651623,-0.2447571974657104,0.8066444374530802,0.1,0.08548451151707705,0.9937503675392236
LBXSBU,LBXSCA,High-High,122,0.08820000670953912,0.13273883444017573,-0.08754003862224004,-0.24423887721046125,0.8070458189328847,0.09836065573770492,0.08551587301587302,0.9937503675392236
systolic_bp,LBXSAL,TwoSided,315,0.025630524929347094,0.18067396796017152,0.05506528504033585,0.24390207893657884,0.8073066590394522,0.1111111111111111,0.08485890563366036,0.9937503675392236
LBXSKSI,LBXHSCRP,Low-High,42,-0.045646947074109614,0.713763526955137,-0.11727796612694702,-0.24385887638249598,0.8073401196659572,0.14285714285714285,0.08543307086614173,0.9937503675392236
LBXTC,LBXWBCSI,TwoSided,25,0.0821624326125816,0.5156651817898743,-0.16738891055687832,-0.24194120102087233,0.8088257245105764,0.12,0.08558514296944089,0.9937503675392236
LBXSUA,LBXHGB,High-Low,87,-0.24808652799241743,0.2163582862390049,-0.10550222360878662,-0.24171320602512783,0.8090023960196511,0.08045977011494253,0.08571428571428572,0.9937503675392236
LBDHDD,LBDLDL,Low-Low,27,0.5800255527488836,0.10124619462713394,0.14259705302634582,0.24076793949353528,0.8097349793068287,0.14814814814814814,0.0855036855036855,0.9937503675392236
LBDHDD,LBXSKSI,High-High,87,-0.27510756005668074,0.2014541578109741,-0.1034192832036706,-0.23970137209044867,0.8105617711762381,0.08045977011494253,0.08571428571428572,0.9937503675392236
systolic_bp,LBXSAL,Low-High,44,0.0324459752243095,-0.018165130915785532,0.13418876760652415,0.23810373760117207,0.8118006359097726,0.09090909090909091,0.08564678086237448,0.9937503675392236
LBXIN,LBXSAL,High-Low,52,0.7163407016277349,0.2812983358728589,-0.10467161849225685,-0.23338993930820975,0.8154586247593114,0.19230769230769232,0.0851231527093596,0.9937503675392236
LBXSCR,LBXSUA,TwoSided,151,0.23116658542371712,-0.21420170004971736,0.08964176238587888,0.23241540040924397,0.8162153885854196,0.09271523178807947,0.08556362550989952,0.9937503675392236
systolic_bp,LBXTC,Low-High,31,0.0548154089699847,0.10298269759481662,-0.14769990343118347,-0.2315079088267883,0.8169202419592831,0.0967741935483871,0.08563563071477731,0.9937503675392236
systolic_bp,LBXHSCRP,Low-High,27,0.03218103203105398,0.6962861111080563,0.1234096376518383,0.2292828310472223,0.8186490969095042,0.18518518518518517,0.08540540540540541,0.9937503675392236
LBXSBU,LBXPLTSI,High-Low,113,0.07350808677510046,-0.09953629849234116,0.09058580023314461,0.22914386604094955,0.818757100169846,0.08849557522123894,0.08563782337198929,0.9937503675392236
LBXHGB,LBXPLTSI,Low-Low,67,0.20717236269617054,-0.07236125869063005,-0.10654234887660197,-0.2273665284026962,0.8201387452010405,0.08955223880597014,0.08564380858411445,0.9937503675392236
LBXSBU,LBXHGB,High-High,36,0.07253332985605727,-0.06663975401744554,0.14325320562324778,0.22575191089836147,0.8213943810458166,0.08333333333333333,0.08567774936061381,0.9937503675392236
LBDLDL,LBXSKSI,High-Low,35,0.16452169891716972,-0.04894080098437721,-0.14213537848915161,-0.22181645796005098,0.8244567669947958,0.08571428571428572,0.08566932231730107,0.9937503675392236
LBXGLU,LBXSKSI,High-High,60,0.6332123700476872,0.16350633845914045,0.09054189605920068,0.22126250170294331,0.8248880456832027,0.16666666666666666,0.08519029777164268,0.9937503675392236
LBXSAPSI,LBXSNASI,Low-Low,54,-0.18467262830143094,0.3525205025343387,-0.11730772700943226,-0.22104328058313008,0.8250587333275246,0.09259259259259259,0.08563263697280252,0.9937503675392236
BMXBMI,LBXSAPSI,Low-Low,40,0.08429110053529623,-0.17779508771429212,-0.14371630956052564,-0.219342675458283,0.8263831209785282,0.075,0.08571147411926786,0.9937503675392236
LBXSBU,LBXHGB,Low-Low,77,0.33687387051580064,0.1752562366209056,0.08221207613282701,0.21858862544753277,0.8269705141183586,0.15584415584415584,0.0851358024691358,0.9937503675392236
BMXWAIST,diastolic_bp,High-Low,67,0.4890792078614536,-0.027465162929086205,0.08717017360286111,0.21823089639444831,0.8272492133270897,0.13432835820895522,0.08534780463739516,0.9937503675392236
LBDLDL,LBXSNASI,Low-Low,36,0.14606059348781586,0.34908937482461894,-0.12523563714939606,-0.21806270966872604,0.8273802516022359,0.1111111111111111,0.08557938225457407,0.9937503675392236
LBXSAL,LBXPLTSI,TwoSided,403,0.17323137801095212,0.12032387946103253,0.04526896247396556,0.21650635887249262,0.8285930690408112,0.1141439205955335,0.08449841820593938,0.9937503675392236
systolic_bp,LBXSKSI,TwoSided,307,0.0512551687738027,0.09178072354094133,-0.05157336779665217,-0.2148974561053921,0.829847268293919,0.09446254071661238,0.0853966649823143,0.9937503675392236
LBXSBU,LBXSKSI,High-Low,24,0.08405903388287969,-0.04776748303956477,-0.1590593306740104,-0.20840102781962755,0.8349158538629349,0.08333333333333333,0.08567498526233051,0.9937503675392236
LBXSASSI,LBXSKSI,TwoSided,86,0.2698727779985407,0.07421169208337536,0.0821563299807572,0.20627192291909457,0.8365785091858371,0.11627906976744186,0.08540925266903915,0.9937503675392236
LBDHDD,LBXSBU,High-High,73,-0.2902069293271344,0.06724710797514265,0.09592072091831669,0.20543637995171712,0.8372311992791546,0.0821917808219178,0.0856945404284727,0.9937503675392236
systolic_bp,LBXSKSI,High-Low,110,0.04691541002308179,-0.04661706809529089,-0.08029964785266676,-0.20473677406272575,0.8377777873978696,0.08181818181818182,0.08571145461751882,0.9937503675392236
systolic_bp,LBXSBU,Low-High,24,0.04758628120578864,0.08511196990704559,-0.15720755811211626,-0.20468576408157974,0.8378176435437112,0.08333333333333333,0.08567498526233051,0.9937503675392236
BMXWAIST,LBXSAL,TwoSided,419,0.2023865260208734,0.17690037135581613,0.04090047644561755,0.20299083031872306,0.8391421993583958,0.11694510739856802,0.08432996013492794,0.9937503675392236
LBXSUA,LBXSNASI,High-High,129,-0.264001652887993,0.1124115495627906,0.07667763012551947,0.20275131011030978,0.83932941630755,0.07751937984496124,0.08577385088851384,0.9937503675392236
LBXGH,LBXHGB,TwoSided,137,0.3730951687456604,0.10434125314209192,-0.062452594075803086,-0.20130041848717242,0.8404636753574246,0.11678832116788321,0.08524590163934426,0.9937503675392236
LBXGH,LBXSNASI,High-High,62,0.4243025369790692,0.13822158441268853,-0.08316878107873056,-0.2012459182751547,0.8405062882902637,0.12903225806451613,0.0854043392504931,0.9937503675392236
BMXBMI,LBXSUA,High-High,195,0.5979351477292653,-0.3785681789836848,0.061339495036157606,0.19978782435522388,0.8416465241128885,0.10256410256410256,0.0853402618167283,0.9937503675392236
LBXSUA,LBXHSCRP,Low-High,30,-0.10232528131558699,0.6940698656192019,0.10379959104626273,0.19731874842073363,0.8435781086401017,0.16666666666666666,0.0854305937868659,0.9937503675392236
LBDHDD,LBXSCR,Low-High,34,0.578021782282211,0.14781367407705112,0.10779142362218003,0.19730769735668424,0.843586756130148,0.14705882352941177,0.08546420141620771,0.9937503675392236
diastolic_bp,LBXWBCSI,High-High,18,0.20940497714595685,0.4450005059867401,0.14004332734249053,0.19685174232967081,0.8439435587026913,0.16666666666666666,0.08552631578947369,0.9937503675392236
LBDHDD,LBDLDL,High-High,38,-0.27704128769413516,0.15776358814770688,-0.1248870430091019,-0.19613084032242897,0.8445077579297084,0.07894736842105263,0.08569460842188115,0.9937503675392236
LBXSNASI,LBXSKSI,High-Low,66,0.12216885253286312,-0.04696332517254034,-0.0902659391178049,-0.1954036921171885,0.8450769264333863,0.09090909090909091,0.0856353591160221,0.9937503675392236
LBDHDD,LBXSKSI,High-Low,104,-0.27555155495610995,-0.044850806963061485,-0.08472717105947232,-0.19519681172008607,0.8452388749337891,0.0673076923076923,0.08585858585858586,0.9937503675392236
BMXBMI,LBDHDD,TwoSided,250,0.4505643018488864,0.056700958158405826,-0.046087454352906586,-0.1949976609431897,0.8453947787712479,0.124,0.08470659163987138,0.9937503675392236
LBXSAPSI,LBXSNASI,TwoSided,315,0.17349439295269692,0.24765134080640297,0.04386592645423408,0.19460103192365713,0.8457052951447117,0.12698412698412698,0.08435319105896633,0.9937503675392236
systolic_bp,LBXTC,High-Low,71,0.03253316575203889,0.035042611273933884,0.08483928796592562,0.19400753996877973,0.8461699780338172,0.09859154929577464,0.0855789161978087,0.9937503675392236
BMXWAIST,LBXSAL,High-High,25,0.4947644870729187,0.03446610223984312,0.12297611008278227,0.1926307314770703,0.8472481754211052,0.12,0.08558514296944089,0.9937503675392236
LBDLDL,LBXSATSI,TwoSided,66,0.13646217636735877,0.28405894288854106,0.08110862793733058,0.19134805726473994,0.8482529123495125,0.12121212121212122,0.08543804262036306,0.9937503675392236
LBXGLU,LBXPLTSI,TwoSided,80,0.63868078652268,0.12616240258912473,0.07036570026212405,0.19133754888691096,0.8482611447318333,0.1625,0.08506224066390042,0.9937503675392236
LBXSKSI,LBXSCA,High-Low,79,0.19824417315660892,-0.07903356345440687,-0.08334055612382547,-0.19112369527558265,0.8484286836701552,0.08860759493670886,0.08564654746616615,0.9937503675392236
LBXSATSI,LBXSNASI,TwoSided,169,0.2629949456576666,0.25075485791620744,0.05592826739769548,0.1896817605672151,0.8495585142857409,0.1242603550295858,0.08501943586165653,0.9937503675392236
diastolic_bp,LBXSNASI,TwoSided,382,0.12134740869582206,0.26728795474280015,-0.04015180066131584,-0.18933414049726421,0.8498309389572903,0.1099476439790576,0.08472505091649694,0.9937503675392236
LBXTC,LBXSCA,High-Low,50,0.0993772875307569,-0.07667640646380372,-0.10438455892050094,-0.1891458618390141,0.8499784976254693,0.08,0.08569739952718676,0.9937503675392236
LBXGH,LBDHDD,High-Low,100,0.35004257268922856,0.5284161883661416,0.06390718210716094,0.1879257833641499,0.8509348306158021,0.16,0.08493367649970303,0.9937503675392236
LBXSAPSI,LBXHGB,High-Low,115,0.35197305464331025,0.18936096090452886,-0.05935068233441674,-0.18509774876783053,0.8531523673213137,0.1391304347826087,0.08505997818974918,0.9937503675392236
LBDLDL,LBXHGB,High-Low,21,0.15841077118212674,0.20027313596299204,0.12063770924659431,0.184201409919676,0.853855453451022,0.14285714285714285,0.08555151753265887,0.9937503675392236
BMXWAIST,LBDLDL,Low-Low,51,-0.24168400123520742,0.16059164851820093,-0.10469088434003307,-0.18306565422998491,0.854746504279708,0.0784313725490196,0.08570584178898631,0.9937503675392236
LBXTC,LBXSASSI,Low-High,34,0.03601861323230913,0.28277310984406856,0.10546406964968039,0.18246860620897526,0.855214989366061,0.11764705882352941,0.08556254917387883,0.9937503675392236
diastolic_bp,LBXHGB,TwoSided,319,0.10472642616458816,0.08862163277941686,0.042411531187272235,0.1814727087961134,0.8559965527096609,0.10031347962382445,0.08519680259030658,0.9937503675392236
LBXSKSI,LBXWBCSI,TwoSided,16,0.08611618435021015,0.5074643862344754,-0.14722683974017922,-0.1805829299148148,0.8566949555445502,0.125,0.08560769683879835,0.9937503675392236
LBXSATSI,LBXSUA,High-Low,21,0.2993787031266146,-0.1024039108089321,-0.13704832854944074,-0.1783925773950982,0.8584146781911035,0.09523809523809523,0.08564973971122679,0.9937503675392236
BMXBMI,LBXHGB,High-Low,145,0.5490124892716627,0.15609455127353142,0.04866554551777301,0.17815475240063117,0.8586014435345704,0.1724137931034483,0.0844188127672268,0.9937503675392236
diastolic_bp,LBXSKSI,Low-Low,54,-0.03148434786342954,-0.06277949918798356,0.09023693814998585,0.17777459852582178,0.8588999970007981,0.09259259259259259,0.08563263697280252,0.9937503675392236
LBXIN,LBXSKSI,TwoSided,38,0.760197126447848,0.08110152365791265,-0.08973953389060568,-0.17520364323531074,0.8609196217245666,0.15789473684210525,0.08539944903581267,0.9937503675392236
LBXSASSI,LBXSAL,TwoSided,109,0.29659161427146,0.1890264846134773,-0.06539330592483597,-0.1744452547599833,0.861515551351769,0.11009174311926606,0.08540572674130585,0.9937503675392236
LBXGLU,LBDLDL,High-Low,48,0.6679902695091694,0.06477597224180286,-0.08516421512424026,-0.17441353388374414,0.8615404788330575,0.14583333333333334,0.08538506992318298,0.9937503675392236
LBXSAPSI,LBXSAL,High-High,32,0.3573463673914771,-0.0014341033731710925,-0.1088078579496741,-0.17198244486018058,0.8634513303278896,0.09375,0.08564405113077679,0.9937503675392236
LBXSAL,LBXHGB,TwoSided,534,0.1734302734775096,0.06434417901650925,0.03443697263348103,0.17050174643170818,0.8646155610198148,0.10299625468164794,0.0847124534546959,0.9937503675392236
LBXSNASI,LBXHSCRP,TwoSided,126,0.2526793620168086,0.703777243961806,-0.048493427848304835,-0.16787096504683072,0.8666847924784781,0.18253968253968253,0.08445811830091306,0.9937503675392236
BMXBMI,LBXSATSI,High-High,90,0.561349140466704,0.2782907568683042,-0.05671733249510712,-0.16212300087361833,0.8712089937242331,0.14444444444444443,0.08514636075949367,0.9937503675392236
BMXBMI,LBXHSCRP,High-High,184,0.46243474283078717,0.5315505698642448,0.04489424219629934,0.16151613294228953,0.8716869059261472,0.20652173913043478,0.08344979037732082,0.9937503675392236
LBDHDD,LBXSCA,Low-Low,53,0.60140798803857,-0.09725548516355277,-0.07670267361742565,-0.16058259290559002,0.8724221658055976,0.11320754716981132,0.08552566755345355,0.9937503675392236
LBXGLU,LBXSCR,TwoSided,26,0.6688344698559577,0.19138602360735396,-0.09652263967076018,-0.16002995670383954,0.8728574762779726,0.15384615384615385,0.08549528301886793,0.9937503675392236
BMXWAIST,LBXSCA,Low-Low,52,-0.25099173925222884,-0.10089353285186002,0.08816204572173486,0.15891131307136563,0.8737387474182412,0.07692307692307693,0.08571428571428572,0.9937503675392236
BMXWAIST,LBXTR,High-High,32,0.49075713045590225,0.32215521948340997,0.0861843611328232,0.15794435163318063,0.8745006491125105,0.15625,0.08544739429695182,0.9937503675392236
LBXGH,LBXIN,High-High,65,0.35570048976618046,0.6587307334448901,-0.06841857454583147,-0.15584342175866917,0.8761564431359372,0.18461538461538463,0.08503502022294565,0.9937503675392236
LBDHDD,LBXSUA,TwoSided,322,0.06592492961092106,-0.1840200194151875,-0.03986822929189931,-0.15583129010146812,0.8761660059719799,0.07763975155279502,0.08593117408906882,0.9937503675392236
LBXSNASI,LBXSCA,High-Low,115,0.11272308386945663,-0.09760037873713583,0.056710759123789964,0.15553329972445032,0.8764009039654029,0.09565217391304348,0.08555566570833746,0.9937503675392236
LBXSBU,LBXSCA,TwoSided,268,0.2169521950278796,0.03300068374565072,-0.03877051987059242,-0.1550722279512068,0.8767643761909641,0.1044776119402985,0.08516206965975438,0.9937503675392236
LBXSAPSI,LBXHGB,Low-Low,40,-0.2044240974029453,0.19625051885411426,0.09017268149474612,0.15503519999086476,0.8767935672110996,0.1,0.08561306829364299,0.9937503675392236
LBXSASSI,LBXSAPSI,TwoSided,90,0.2798501039913098,0.19435269465456056,-0.060450501341619,-0.15438971569844792,0.8773024621223904,0.12222222222222222,0.08534414556962025,0.9937503675392236
LBXTC,LBXSAL,Low-High,73,0.04904580144134375,-0.005297212708602105,-0.07737334114464046,-0.1543040398667468,0.8773700121141934,0.0684931506849315,0.08579326685753776,0.9937503675392236
BMXWAIST,LBDHDD,High-High,34,0.47512036020176635,-0.24701303501224442,0.08492230688643998,0.1524124625745552,0.8788616281982163,0.11764705882352941,0.08556254917387883,0.9937503675392236
BMXBMI,LBXSNASI,Low-Low,62,0.05850492515311466,0.33993752056022325,0.06437848937329758,0.15176943986758357,0.8793687863236886,0.12903225806451613,0.0854043392504931,0.9937503675392236
LBXSASSI,LBXSKSI,High-Low,51,0.3062152383352229,-0.05980516576700158,-0.07823485709654592,-0.1498298495612194,0.8808988586344653,0.09803921568627451,0.08560732932715989,0.9937503675392236
BMXWAIST,LBXTC,TwoSided,307,0.22219399283264435,0.08927842770603514,-0.034152516786851314,-0.14887465119068782,0.8816525437028631,0.10423452768729642,0.08509348155634158,0.9937503675392236
LBXSAPSI,LBXHGB,Low-High,16,-0.1972769672232774,-0.06684983987414887,0.1570374863027791,0.14778616359014227,0.882511529281662,0.0625,0.08570587080306302,0.9937503675392236
LBXSCR,LBXSBU,High-High,230,0.21564142118886648,0.0372756864760623,-0.06614851954320546,-0.14770186576880692,0.8825780591184552,0.09565217391304348,0.08543922984356198,0.9937503675392236
LBXSNASI,LBXWBCSI,Low-High,23,0.33598652287428155,0.4329943571655197,0.09273716201601079,0.14469596516493788,0.8849509249644607,0.17391304347826086,0.08547008547008547,0.9937503675392236
BMXWAIST,LBXSNASI,High-Low,120,0.48189159229844664,0.3268548422181109,0.04180516552256009,0.14401664303144346,0.8854873274020384,0.16666666666666666,0.08470541559214441,0.9937503675392236
LBXSBU,LBXSAL,High-High,27,0.08459592303343033,-0.007142005998526199,-0.10919907330077527,-0.14375683746027748,0.8856924874703842,0.07407407407407407,0.0857002457002457,0.9937503675392236
diastolic_bp,LBDHDD,TwoSided,230,0.12225223934892678,0.05758997396310818,-0.037681225998532755,-0.142232784384427,0.8868961368336032,0.09565217391304348,0.08543922984356198,0.9937503675392236
BMXBMI,BMXWAIST,TwoSided,1180,0.47464593392975607,-0.08628728726117461,0.03177729851418841,0.14168083066527032,0.8873321170939851,0.11864406779661017,0.08135668366215916,0.9937503675392236
LBXSASSI,LBXSAPSI,High-High,80,0.24955661342618835,0.33891073031522545,-0.056381858812203374,-0.1414603225437208,0.8875063028090392,0.1375,0.08525983007310808,0.9937503675392236
LBXGLU,LBXHGB,High-High,32,0.6565337314851779,-0.07189889637500414,0.08108154519988323,0.14020377530125822,0.8884989891108759,0.125,0.0855457227138643,0.9937503675392236
LBDHDD,LBXPLTSI,High-High,79,-0.2806599211862309,0.25556713942276327,0.057466985945533164,0.14016430740467775,0.8885301720293853,0.10126582278481013,0.0855477625209918,0.9937503675392236
LBXTC,LBXSAPSI,Low-Low,29,0.04740720941623228,-0.18224047873382937,-0.107768621393885,-0.13909940667004533,0.8893715970773958,0.06896551724137931,0.08571709426914381,0.9937503675392236
LBXIN,LBDLDL,High-Low,23,0.7244765066332791,0.07954814273980922,0.08596606402520908,0.13741593494502094,0.890702036264887,0.17391304347826086,0.08547008547008547,0.9937503675392236
diastolic_bp,LBXSASSI,High-High,55,0.2070118717292858,0.27017163909223696,0.06331766982610705,0.13710398153659134,0.8909486053799937,0.12727272727272726,0.08544397358825269,0.9937503675392236
BMXBMI,LBXSCA,Low-High,65,0.07498937485456458,0.1289740179845451,-0.06254443001566098,-0.13288804129675016,0.8942819246830732,0.09230769230769231,0.0856269113149847,0.9952032974637633
LBXSBU,LBXWBCSI,TwoSided,26,0.20019761352731505,0.4427469949516569,0.08437987480655985,0.13270384027206877,0.8944276056323683,0.15384615384615385,0.08549528301886793,0.9952032974637633
LBXSASSI,LBXSUA,High-Low,20,0.2969185605988737,-0.10912927009522524,-0.10176927515885288,-0.1309656086910938,0.8958025133164256,0.1,0.08564132783343155,0.9952032974637633
LBXTC,LBXSAPSI,High-High,93,0.0940902545988603,0.3568138791952576,-0.04601839556832321,-0.12955688455594755,0.896917016796011,0.12903225806451613,0.08527055099416361,0.9952032974637633
LBXTC,LBXSCA,Low-High,69,0.05056794317022866,0.13020237203452695,-0.05890637151871251,-0.12698572053711138,0.8989517004106586,0.08695652173913043,0.08566071252343826,0.9952032974637633
LBXSCR,LBXHGB,High-Low,103,0.1194173275732422,0.18136780155245483,0.05152761379994801,0.12629510520693593,0.899498330715152,0.11650485436893204,0.08535498564214279,0.9952032974637633
BMXWAIST,LBXTC,Low-High,43,-0.24354849789640054,0.08709303372622057,0.06962979352684025,0.1253274134850022,0.900264350455382,0.09302325581395349,0.08563835023132198,0.9952032974637633
LBXTC,LBDHDD,TwoSided,323,0.07362294451944602,0.04022011146941226,0.02948311463531624,0.12412872274784917,0.9012133565594571,0.09597523219814241,0.08533252353477072,0.9952032974637633
BMXWAIST,LBXTC,High-Low,93,0.4986775408688538,0.041100015444651944,-0.04501824677303907,-0.12269794085404709,0.9023462945065237,0.11827956989247312,0.08536947274705708,0.9952032974637633
LBXTC,LBXSASSI,High-High,71,0.08145989243929744,0.2754305051853264,0.05296129665628484,0.12131476881349447,0.9034417225948402,0.11267605633802817,0.08548020925871089,0.9952032974637633
BMXBMI,LBXTC,Low-High,42,0.06546409893610147,0.09404898720293235,0.061546657125638886,0.11947272369119762,0.9049008485780853,0.11904761904761904,0.08553149606299212,0.9952032974637633
LBXTC,LBXSATSI,Low-High,39,0.05313485296558991,0.3032115721849419,-0.06726350428493894,-0.11937044738838433,0.9049818734275751,0.10256410256410256,0.08560464429794352,0.9952032974637633
LBDHDD,LBXSKSI,Low-Low,32,0.5852549796220806,-0.055090947171155064,0.06773430611179737,0.11887729032166562,0.905372573859022,0.125,0.0855457227138643,0.9952032974637633
LBXSCR,LBXHGB,TwoSided,128,0.1669872274002316,0.08703409641251203,0.04467598479182495,0.11598101477391287,0.907667588257698,0.109375,0.08536827476672623,0.996176549958215
LBXSUA,LBXSKSI,Low-High,38,-0.11463067225369528,0.18709798713591844,0.06429020698678838,0.11521006753093624,0.908278619079549,0.10526315789473684,0.08559622195985832,0.996176549958215
LBXSAPSI,LBXSAL,Low-Low,21,-0.17154031727354885,0.3088659454366957,-0.08834814466300886,-0.11334236726833379,0.9097591294080797,0.09523809523809523,0.08564973971122679,0.9966916684404072
LBXGH,LBXGLU,TwoSided,260,0.1492556772563282,0.5147531828154605,0.04965488965841218,0.11132237593613872,0.9113607122541756,0.15384615384615385,0.08388654194327097,0.9971563259315708
LBXIN,LBXTC,High-Low,27,0.7514103701690065,0.029537242052714473,-0.06644729529443051,-0.11011052444451803,0.9123217216136195,0.14814814814814814,0.0855036855036855,0.9971563259315708
LBXIN,LBDLDL,TwoSided,34,0.717880161955967,0.12371944305827481,0.05706578542616007,0.10896508958647529,0.9132301798894394,0.17647058823529413,0.08536585365853659,0.9971563259315708
LBXTR,LBXHGB,High-High,47,0.3575883896648812,-0.06683868368677592,-0.06294034096839013,-0.10770649415743694,0.9142285178926368,0.0851063829787234,0.08567208271787297,0.9971563259315708
LBXSUA,LBXHGB,Low-Low,160,-0.14112305035199052,0.20398827606725953,0.03374650576243474,0.10540831126351691,0.9160518213719501,0.10625,0.0853415654252141,0.9980409899146329
BMXWAIST,LBXSAL,Low-High,154,-0.2481397761336951,-0.0015873806686574731,0.03978943334309726,0.10407425807144075,0.9171104189859051,0.06493506493506493,0.08598726114649681,0.9980914714349916
systolic_bp,LBXSNASI,High-Low,104,0.04485022774651301,0.34828753921379274,-0.034032426548232554,-0.09828489488258985,0.9217060722430555,0.11538461538461539,0.08536343830461478,0.99995529571848
LBDLDL,LBXSASSI,High-High,25,0.14580014704293542,0.2855864058482392,0.06331055635601894,0.0956415425427151,0.923805270235417,0.12,0.08558514296944089,0.99995529571848
LBXSAPSI,LBXPLTSI,High-High,104,0.3358843993086614,0.25066508224225503,0.030651169255640164,0.0954773523734451,0.9239356782575475,0.15384615384615385,0.08496732026143791,0.99995529571848
LBDHDD,LBXHGB,High-Low,130,-0.29076025662646326,0.19794383778564936,0.032503905057669,0.092576377206904,0.926240111395216,0.09230769230769231,0.08558379666401907,0.99995529571848
LBXSKSI,LBXHGB,High-High,135,0.19029102830773448,-0.0771679860137314,0.03283199572823877,0.08882208552820924,0.9292233053482537,0.08148148148148149,0.08572563822389988,0.99995529571848
LBXGLU,LBXTC,High-Low,46,0.655698226439066,0.013927479256275075,0.04091111308333918,0.08747827582377335,0.9302913526062674,0.15217391304347827,0.08536825521859,0.99995529571848
LBXGLU,LBXSCA,High-High,35,0.6573504347571993,0.12319090114978697,0.04259991571232976,0.08605665338527688,0.9314213813270585,0.17142857142857143,0.08537425002458936,0.99995529571848
LBXSCR,LBXSUA,High-High,132,0.2582829792693781,-0.28887471989177704,0.03624719991021439,0.08547375598622503,0.9318847587920452,0.08333333333333333,0.08570009930486594,0.99995529571848
LBXSUA,LBXPLTSI,High-High,78,-0.26291700908387355,0.2718808001949813,0.037296961127914564,0.08536714137977731,0.9319695151567998,0.08974358974358974,0.08563808771236665,0.99995529571848
BMXBMI,LBXSAPSI,High-Low,19,0.5620823067338881,-0.13993764522231109,-0.06360316185864022,-0.08112201474719712,0.9353449181483703,0.10526315789473684,0.08563291760777766,0.99995529571848
systolic_bp,LBDLDL,High-Low,37,0.037469076154363776,0.12639440732840543,0.046254855499099724,0.08044815681164671,0.9358808273914366,0.10810810810810811,0.08558780127889817,0.99995529571848
LBXSATSI,LBXHSCRP,TwoSided,26,0.294568959309498,0.7012070268833434,0.043032032751263195,0.08041961231992834,0.9359035290463467,0.19230769230769232,0.08539701257861636,0.99995529571848
LBXSATSI,LBXHSCRP,High-High,26,0.294568959309498,0.7012070268833434,0.043032032751263195,0.08041961231992834,0.9359035290463467,0.19230769230769232,0.08539701257861636,0.99995529571848
LBXSCR,LBXSBU,TwoSided,235,0.11342851462508509,0.1953885429718832,-0.03223981343818467,-0.07563932307837005,0.9397060507678622,0.10212765957446808,0.0852814287147587,0.99995529571848
BMXWAIST,LBXSNASI,TwoSided,423,0.20897545544465984,0.256202687429543,0.014478020567605407,0.07402822234848042,0.9409879286799625,0.12293144208037825,0.08405767460885571,0.99995529571848
systolic_bp,LBXSUA,TwoSided,306,0.042543156625662534,-0.19334694512595293,0.01867728087337276,0.07329550703350216,0.9415709669532228,0.08169934640522876,0.08579223928860145,0.99995529571848
LBXSNASI,LBXSAL,Low-High,90,0.34664079272560105,-0.0010772405505256664,-0.02859593857843989,-0.07282144152490459,0.9419482083844634,0.1,0.08554193037974683,0.99995529571848
LBXTC,LBXHGB,TwoSided,367,0.08015189187386597,0.09960993251648025,-0.015386214384162654,-0.06743893678326471,0.9462322726579878,0.09264305177111716,0.08540925266903915,0.99995529571848
LBXSUA,LBXSCA,Low-Low,116,-0.11215452263341695,-0.08369180611087623,0.025811569547550123,0.0668766235145948,0.9466799230991914,0.08620689655172414,0.08566329565734682,0.99995529571848
LBXTR,LBXPLTSI,TwoSided,42,0.3501655423895545,0.14522122133483167,-0.03555729877866807,-0.06653133322744066,0.9469548126565316,0.11904761904761904,0.08553149606299212,0.99995529571848
LBXIN,LBXSUA,TwoSided,44,0.750812194957316,-0.1991553851560881,0.03353294361506944,0.06581801597531868,0.9475227126627352,0.13636363636363635,0.08544989171096673,0.99995529571848
LBXGH,LBXSAPSI,High-High,136,0.36805045413549115,0.30656916052282324,0.019622839019731875,0.064965130924107,0.9482017630741355,0.15441176470588236,0.08474071130538446,0.99995529571848
LBXSBU,LBXSKSI,Low-Low,66,0.3706636009905837,-0.07529407641306476,0.027607525479660264,0.06368964579898256,0.9492173494642633,0.12121212121212122,0.08543804262036306,0.99995529571848
diastolic_bp,LBXPLTSI,Low-Low,79,-0.02435674926759808,-0.08191232197162748,0.029613185823473633,0.06267213497145739,0.9500275868313284,0.0759493670886076,0.08574533241134051,0.99995529571848
BMXBMI,LBXPLTSI,High-High,194,0.5471869480543264,0.2100727787335018,-0.015600028518682517,-0.06146871337152497,0.950985930385932,0.16494845360824742,0.08413269384492406,0.99995529571848
LBDHDD,LBXSCA,High-Low,73,-0.2829936153695469,-0.08911988203552278,-0.03059170592677034,-0.06121898043391517,0.9511848138823813,0.0684931506849315,0.08579326685753776,0.99995529571848
BMXBMI,LBXSBU,High-Low,51,0.5629130477060601,0.36553483109156343,0.024590781746105024,0.06109650860060685,0.9512823496914665,0.19607843137254902,0.08511476701802778,0.99995529571848
LBXSCA,LBXHGB,High-High,148,0.12736291126080368,-0.0769567903723765,0.02244677277683158,0.06095744080620389,0.9513931033059131,0.07432432432432433,0.08583648299184404,0.99995529571848
LBXSNASI,LBXSKSI,Low-High,99,0.3438255777126624,0.18823376130866645,-0.0178044009971029,-0.051010136693988246,0.9593174431516885,0.12121212121212122,0.08532119172523013,0.99995529571848
LBXSATSI,LBXSAL,High-Low,49,0.2962293180998221,0.3085381636861869,0.02262322264058526,0.05085061077103084,0.9594445614493067,0.14285714285714285,0.08539347975967694,0.99995529571848
BMXWAIST,LBXSCA,High-Low,125,0.49939027683380705,-0.12561638345617487,0.016590029763895446,0.05030605757284862,0.9598784966386615,0.12,0.08524362409447256,0.99995529571848
LBXSKSI,LBXHSCRP,TwoSided,95,0.07308565582341978,0.6984504336888449,0.016187782716895506,0.04995591752201953,0.9601575171520969,0.16842105263157894,0.08489165924606708,0.99995529571848
diastolic_bp,LBXWBCSI,Low-High,15,0.0071152151406317825,0.6430453898822169,-12.06131479218077,-0.04798984404811131,0.9617243365580617,0.0,0.08579562187101207,0.99995529571848
diastolic_bp,LBXSCR,Low-High,51,-0.032174612119229534,0.1901288985911386,0.024091042285875677,0.04515158436682081,0.9639864849390154,0.09803921568627451,0.08560732932715989,0.99995529571848
LBXGH,LBXIN,TwoSided,65,0.3045215883427273,0.6562025549537291,-0.019760721168307106,-0.04501681497603676,0.9640939061282635,0.18461538461538463,0.08503502022294565,0.99995529571848
systolic_bp,LBXPLTSI,TwoSided,272,0.039926713097921084,0.14270494224059918,0.010796905693754265,0.044349614726684354,0.9646257237204796,0.10294117647058823,0.08519637462235649,0.99995529571848
LBXGLU,LBXSAPSI,TwoSided,70,0.6504666479127889,0.17886303443788107,-0.01670587883297557,-0.043731974598745865,0.9651180515458273,0.17142857142857143,0.08507698381365969,0.99995529571848
LBXIN,LBXSCA,High-Low,27,0.7552973450139937,-0.10337696896462885,-0.02554557420823527,-0.042334569793431476,0.9662319872690603,0.14814814814814814,0.0855036855036855,0.99995529571848
LBDLDL,LBXTR,Low-High,16,0.12170016237802851,0.33872730066832446,0.0327240240332609,0.0405396760728716,0.9676628760943863,0.125,0.08560769683879835,0.99995529571848
LBDHDD,LBXSASSI,Low-High,57,0.5755326033296894,0.24362273789285352,-0.017850672719808662,-0.039750064402202065,0.9682923875709836,0.14035087719298245,0.08536224741251848,0.99995529571848
diastolic_bp,LBXSCA,Low-High,104,-0.03030216864037675,0.12509825345214887,0.014313477086647122,0.0375601290287067,0.9700383978998843,0.09615384615384616,0.0855614973262032,0.99995529571848
diastolic_bp,LBXSAPSI,Low-High,69,-0.03123375075773019,0.3523936698388479,0.015378698188942734,0.03663092743775239,0.9707792835428412,0.11594202898550725,0.0854633376097898,0.99995529571848
BMXBMI,LBDHDD,Low-High,134,0.10896796878689555,-0.29573780007090994,0.0138595993564571,0.036603894365240315,0.9708008383584606,0.08208955223880597,0.0857171235597934,0.99995529571848
BMXBMI,LBXSKSI,High-High,97,0.563126747829055,0.18320023912469538,-0.011772591873911342,-0.03645337807818683,0.9709208528830544,0.15463917525773196,0.08500742206828303,0.99995529571848
diastolic_bp,LBXSNASI,Low-Low,99,-0.029253915342331377,0.34613995964001343,-0.013375060155714389,-0.036432836890473295,0.9709372314997582,0.1111111111111111,0.08542017222607147,0.99995529571848
LBXSAPSI,LBXSNASI,Low-High,24,-0.18713412112625585,0.11720276519012365,-0.02791941183995799,-0.03599032401962873,0.9712900742710507,0.08333333333333333,0.08567498526233051,0.99995529571848
LBXSUA,LBXSAL,High-Low,125,-0.26830640335312966,0.32180942782174393,-0.013048531479825525,-0.03563255510116294,0.9715753495802747,0.088,0.08564056762925473,0.99995529571848
LBDLDL,LBXHGB,Low-Low,51,0.12173576270163113,0.19728040267802197,-0.017444806084087616,-0.03550199121246376,0.9716794586197851,0.11764705882352941,0.08550881686533346,0.99995529571848
LBDLDL,LBXSUA,TwoSided,154,0.15655366663256134,-0.18937688823966267,-0.011870178589676497,-0.03545782882974631,0.9717146729318332,0.08441558441558442,0.08568869426751592,0.99995529571848
LBXGLU,LBXSUA,TwoSided,62,0.6742619211667044,-0.1928478927894853,-0.01505028699296771,-0.03502249547521233,0.9720618030794559,0.12903225806451613,0.0854043392504931,0.99995529571848
LBXSATSI,LBXSKSI,High-High,61,0.296387728502281,0.19056140274489855,0.015383016990074407,0.03473874252411487,0.9722880674924288,0.11475409836065574,0.08549452716694605,0.99995529571848
systolic_bp,LBDLDL,High-High,74,0.03302018951085105,0.15052857980069634,0.014361560981073995,0.033415777482094226,0.9733430280776051,0.10810810810810811,0.08550552922590837,0.99995529571848
BMXBMI,LBXSATSI,TwoSided,102,0.4426341206939198,0.2957189069562082,0.011193174663462577,0.0333009129353033,0.9734346257478514,0.13725490196078433,0.08514851485148515,0.99995529571848
LBXSCA,LBXPLTSI,Low-Low,85,-0.0856184962759091,-0.07703197668188386,0.015051420297521937,0.03195004808263562,0.9745118863931135,0.07058823529411765,0.08579618463971533,0.99995529571848
LBXSNASI,LBXPLTSI,Low-High,104,0.34403670466964786,0.26769063905446555,-0.009841561873136041,-0.030649959451141563,0.9755486989648874,0.14423076923076922,0.08506634977223212,0.99995529571848
BMXBMI,LBXSAL,Low-High,100,0.07309836967269433,-0.014056674078921205,-0.012033242847562126,-0.02838788923415393,0.9773527833010655,0.08,0.08572559889130865,0.99995529571848
LBXTR,LBXSASSI,High-High,24,0.32874916572940094,0.28064775544961645,0.01744853048044547,0.0257833355864536,0.9794301537065704,0.125,0.08557673413244252,0.99995529571848
LBXTR,LBXSASSI,TwoSided,24,0.32874916572940094,0.28064775544961645,0.01744853048044547,0.0257833355864536,0.9794301537065704,0.125,0.08557673413244252,0.99995529571848
LBXSNASI,LBXHSCRP,High-High,43,0.12116004231329568,0.7043085524958558,0.0096667443966711,0.022511316672922495,0.9820400848887105,0.18604651162790697,0.08524461069002855,0.99995529571848
diastolic_bp,LBXSCA,High-Low,84,0.2212637122627415,-0.0926923178451615,0.005120856577959603,0.01230539944860309,0.9901819595453598,0.09523809523809523,0.08559003755682941,0.99995529571848
LBXHSCRP,LBXHGB,High-High,16,0.7031827894025415,-0.04628261006014359,-0.009482643529336067,-0.012151888752201447,0.9903044342020602,0.125,0.08560769683879835,0.99995529571848
LBXSASSI,LBXSBU,High-High,25,0.3730955873160836,0.13383290980902016,-15.56679993939805,-0.01200672032437518,0.9904202533993626,0.0,0.08587992532180407,0.99995529571848
BMXBMI,LBXSNASI,TwoSided,361,0.4392305144149886,0.25593976159162385,0.0019809026664772676,0.010081582735431905,0.9919561970469299,0.14681440443213298,0.08342648104867391,0.99995529571848
diastolic_bp,LBXSBU,High-High,38,0.22399839837591284,0.09345269478695803,-0.004217810076151016,-0.007519565168094984,0.9940003115894032,0.10526315789473684,0.08559622195985832,0.99995529571848
LBDLDL,LBXSAPSI,Low-Low,16,0.17896273572058974,-0.1343874793474359,-15.983149878255105,-0.006938970808478466,0.9944635467534949,0.0,0.08580404476732771,0.99995529571848
BMXBMI,LBDLDL,Low-High,16,0.11332469163947564,0.20404640525769194,-16.578764021254546,-0.006226862027146222,0.9950317150328679,0.0,0.08580404476732771,0.99995529571848
LBXGLU,LBXSAL,High-High,15,0.715869940581516,0.03373422733671605,-16.81145381908367,-0.00593498683893084,0.995264593432713,0.0,0.08579562187101207,0.99995529571848
LBXTC,LBXSCR,High-High,23,0.134349785618031,0.2930305413913714,-17.221181843165628,-0.005539453185282038,0.9955801784322879,0.0,0.08586305138029277,0.99995529571848
BMXWAIST,LBDLDL,Low-High,22,-0.2057528482245293,0.19645608017243976,-16.988558772787368,-0.0051218947845846656,0.9959133370974514,0.0,0.08585461689587426,0.99995529571848
LBDHDD,LBXSUA,Low-Low,16,0.6273586452526914,-0.07181998265963345,-17.14376185221182,-0.005088682611259849,0.9959398362324382,0.0,0.08580404476732771,0.99995529571848
LBXSBU,LBXPLTSI,Low-Low,17,0.41367931525896723,-0.0407020983167262,-18.228017709565624,-0.0029921917227349114,0.9976125799839809,0.0,0.08581246931762396,0.99995529571848
systolic_bp,LBXSUA,Low-High,21,0.07546954789981748,-0.22228416820687819,-18.443326554865312,-0.002342164534193576,0.998131224787908,0.0,0.08584618406836264,0.99995529571848
LBDLDL,LBXHGB,Low-High,21,0.18389396196705207,-0.027533222803401022,-18.759562347541728,-0.002187107277924995,0.9982549422613535,0.0,0.08584618406836264,0.99995529571848
diastolic_bp,LBXTC,High-Low,40,0.221890666998884,0.05292564152897991,0.0010167543329771874,0.0018212236317846685,0.9985468745857309,0.1,0.08561306829364299,0.99995529571848
LBXSAPSI,LBXSBU,High-High,104,0.35020554162432643,0.056380563856144206,0.0006316718071920564,0.0017821376946729032,0.9985780606008792,0.125,0.08526440879382056,0.99995529571848
BMXWAIST,LBXSASSI,Low-High,24,-0.23802191299104253,0.28602910045476987,0.0012690588234744468,0.0016452379395619089,0.9986872906413852,0.08333333333333333,0.08567498526233051,0.99995529571848
systolic_bp,diastolic_bp,TwoSided,522,0.01990282483609825,0.1119892587269132,0.0003298952996995338,0.001535868137686897,0.9987745550072924,0.09578544061302682,0.08512396694214876,0.99995529571848
LBXGLU,LBXSNASI,High-High,20,0.7699328756110843,0.17567135789601443,-21.84363721844685,-0.0008733482476019789,0.9993031690056173,0.0,0.08583775289726969,0.99995529571848
BMXWAIST,LBXSATSI,Low-High,20,-0.19710808781453856,0.31092777951845296,-20.877587601251868,-0.0008209238274399324,0.9993449976260599,0.0,0.08583775289726969,0.99995529571848
LBDHDD,LBXSAPSI,Low-Low,19,0.6305376581340424,-0.10435981768962224,-27.130305690617128,-5.602850805692867e-05,0.99995529571848,0.0,0.08582932338210743,0.99995529571848
