outcome_var,outcome_name,marker1_var,marker1_name,marker2_var,marker2_name,anomaly_type,gate,n_samples,n_cases,p00,p10,p01,p11,or10,or01,or11,beta1,p1,beta2,p2,beta3,p3,p3_fdr,p3_bonferroni,survives_fdr,survives_bonferroni
diabetes_binary,Diabetes,systolic_bp,Systolic BP (mmHg),BMXBMI,Body Mass Index (kg/m2),High-High,OR,6633,797.0,0.0978581979320531,0.2415630550621669,0.1903052064631956,0.2577319587628865,2.9410949617209847,2.1727230313031334,3.2397737983034878,1.0771231177789455,3.3575849228227234e-23,0.7732239998809072,4.2290120583644754e-11,-0.6868851665361889,0.0135063432794242,1.0,1.0,False,False
diabetes_binary,Diabetes,systolic_bp,Systolic BP (mmHg),BMXWAIST,Waist Circumference (cm),High-High,OR,6424,748.0,0.0859047619047619,0.2349624060150376,0.2701688555347092,0.2568807339449541,3.2738166574947853,3.94365238109454,3.717281862095673,1.184196054215274,1.7476139969220717e-25,1.3709294583131226,4.191823866032057e-36,-1.2526746546700636,2.367051856182707e-06,0.006391040011693309,0.03195520005846655,True,True
diabetes_binary,Diabetes,systolic_bp,Systolic BP (mmHg),BMXWAIST,Waist Circumference (cm),TwoSided-TwoSided,XOR,6424,748.0,0.1023419203747072,0.1582568807339449,0.1527472527472527,0.0913978494623656,1.6522485655936985,1.5843666327191928,0.8930542308503904,0.5002145268276544,2.185468359368464e-06,0.4582554298523278,1.2930609215704256e-05,-1.0836854572618737,2.020334210405516e-06,0.006391040011693309,0.027274511840474466,True,True
diabetes_binary,Diabetes,systolic_bp,Systolic BP (mmHg),LBXGH,"Glycohemoglobin (HbA1c, %)",High-High,OR,5737,776.0,0.0581887431231485,0.1150442477876106,0.8185840707964602,0.7383177570093458,2.1180760890991523,72.56363636363636,45.072022160664815,0.7438921428227285,3.3182149269553134e-06,4.2908967297233005,1.8871508496056434e-215,-1.2134325589049284,4.689440961123372e-05,0.052756210812637934,0.6330745297516552,False,False
diabetes_binary,Diabetes,systolic_bp,Systolic BP (mmHg),LBXSUA,Uric Acid (mg/dL),High-High,OR,5600,763.0,0.1177360120976452,0.2393162393162393,0.2065727699530516,0.2337662337662337,2.362855339427652,1.957621576833147,2.328085404647652,0.8576145250643763,2.965963805426112e-13,0.6683373036165,1.8034931834264196e-07,-0.6990711300691184,0.0275545528051161,1.0,1.0,False,False
diabetes_binary,Diabetes,systolic_bp,Systolic BP (mmHg),LBXSKSI,Potassium (mmol/L),High-High,OR,5599,762.0,0.1131993006993007,0.2334710743801653,0.2400835073068893,0.2666666666666666,2.391408854873062,2.480283025981086,2.902289447737098,0.8696560342311837,1.1360049892663305e-13,0.9062485388527876,8.141567804650935e-15,-0.7290352066361732,0.0282198257814583,1.0,1.0,False,False
diabetes_binary,Diabetes,systolic_bp,Systolic BP (mmHg),LBXHSCRP,hs-CRP Inflammation (mg/L),High-High,OR,6124,763.0,0.0995194233079695,0.2398452611218568,0.2265193370165746,0.2714285714285714,2.860241486977454,2.6550887612856195,3.4229887300580573,1.0490477144098542,2.1095087644451075e-20,0.974505404769082,6.034310123836465e-18,-0.808364012062743,0.0089353224748263,1.0,1.0,False,False
diabetes_binary,Diabetes,systolic_bp,Systolic BP (mmHg),LBXHGB,Hemoglobin (g/dL),TwoSided-TwoSided,AND,6297,780.0,0.1183762761302868,0.1165644171779141,0.1275510204081632,0.24,0.9855378090195904,1.091582370483598,2.364640801375496,-0.0174773042092479,0.8745714637797831,0.0851092845658529,0.4273739297761095,0.7875855259053215,0.0002328989094902,0.1497207275294143,1.0,False,False
diabetes_binary,Diabetes,diastolic_bp,Diastolic BP (mmHg),LBXSCR,Creatinine Kidney (mg/dL),Low-Low,XOR,5602,763.0,0.1323561112308687,0.1655629139072847,0.169047619047619,0.0333333333333333,1.3067093888018848,1.340160475676632,0.2620341741253051,0.2628791796222433,0.049151690223518,0.2878932165444086,0.0358897918195942,-2.0377829644476053,0.0009419445443891,0.3740073926250838,1.0,False,False
diabetes_binary,Diabetes,diastolic_bp,Diastolic BP (mmHg),LBXSCA,Calcium (mg/dL),Low-Low,AND,5600,763.0,0.1335661283282409,0.1312127236580517,0.1536842105263157,0.3,0.9853322448979592,1.183751552795031,2.8431793770139637,-0.0204893619002559,0.8828261898394955,0.1637964436982784,0.223060660013427,0.8791841489836825,0.0253314899079993,1.0,1.0,False,False
diabetes_binary,Diabetes,BMXBMI,Body Mass Index (kg/m2),LBXGH,"Glycohemoglobin (HbA1c, %)",High-High,OR,5947,794.0,0.0554418985270049,0.1270491803278688,0.8199152542372882,0.7474747474747475,2.492286999194696,77.08016973064952,49.68818835084678,0.9080766404030114,1.282009970913195e-09,4.351155038166755,1.55104401877894e-227,-1.3386608086065075,8.345061512016342e-06,0.0160940472017458,0.11265833041222062,True,False
diabetes_binary,Diabetes,BMXBMI,Body Mass Index (kg/m2),LBXGLU,Fasting Glucose (mg/dL),High-High,OR,2840,407.0,0.0676949443016281,0.148471615720524,0.7767857142857143,0.7735849056603774,2.423269623306736,47.449698597620014,45.58977917981072,0.8760095410012825,1.6394456220376126e-05,3.869680868735251,4.2524027612847874e-102,-0.8943764178713582,0.0324198539478534,1.0,1.0,False,False
diabetes_binary,Diabetes,BMXWAIST,Waist Circumference (cm),LBXGH,"Glycohemoglobin (HbA1c, %)",High-High,OR,5744,748.0,0.0512333965844402,0.1503267973856209,0.8037383177570093,0.8070175438596491,3.289467249643089,75.35191912809982,75.98380104950947,1.18673099789143,4.922035857903381e-16,4.328596090947948,8.629612747052023e-215,-1.16580973273079,0.0001268299832285,0.10396762799305263,1.0,False,False
diabetes_binary,Diabetes,BMXWAIST,Waist Circumference (cm),LBXGLU,Fasting Glucose (mg/dL),High-High,OR,2751,389.0,0.0603524229074889,0.1844660194174757,0.7714285714285715,0.8,3.545281899109792,51.98781630740393,60.34141414141413,1.2589259729663511,3.1384917796091637e-10,3.961699116967718,3.6832300323656353e-100,-1.0890269361709537,0.0070225281403283,0.918048129919605,1.0,False,False
diabetes_binary,Diabetes,BMXWAIST,Waist Circumference (cm),LBDHDD,HDL Cholesterol (mg/dL),TwoSided-TwoSided,AND,6418,740.0,0.1059665871121718,0.1141769743101807,0.1272344900105152,0.243362831858407,1.0903304961275977,1.2330781800980477,2.7276134943773425,0.0838517860767879,0.4426008072313621,0.2069841653779071,0.058703757389339,0.7074529978469256,0.0009024280399299,0.3740073926250838,1.0,False,False
diabetes_binary,Diabetes,BMXWAIST,Waist Circumference (cm),LBXSATSI,ALT Liver Enzyme (U/L),High-High,OR,5610,737.0,0.1112080244221543,0.2887931034482758,0.1511879049676026,0.2371134020618556,3.249694390566633,1.430658832870582,2.518855707984671,1.1772078141146298,1.522007475350273e-25,0.3531462988043419,0.0104809531591707,-0.6204643215697472,0.0349114186579106,1.0,1.0,False,False
diabetes_binary,Diabetes,BMXWAIST,Waist Circumference (cm),LBXSNASI,Sodium (mmol/L),High-Low,OR,5612,737.0,0.1071276141698676,0.2778864970645792,0.2136986301369863,0.3,3.211500010098358,2.2737322085226044,3.635890967696728,1.1654532996137623,1.810697658389181e-26,0.8176494969829996,1.905562268491501e-09,-0.7099777709309368,0.0433767498146357,1.0,1.0,False,False
diabetes_binary,Diabetes,BMXWAIST,Waist Circumference (cm),LBXHSCRP,hs-CRP Inflammation (mg/L),High-High,OR,6779,735.0,0.0839978734715576,0.2673913043478261,0.1652173913043478,0.287037037037037,3.986626078132928,2.1675913733024017,4.407211133504524,1.3813286285210198,8.004170944969405e-33,0.7693179911995678,1.041695840903465e-08,-0.6712376335881608,0.0031811342731362,0.6266225130231325,1.0,False,False
diabetes_binary,Diabetes,LBXGH,"Glycohemoglobin (HbA1c, %)",LBXGLU,Fasting Glucose (mg/dL),High-High,OR,2885,416.0,0.0603448275862069,0.8367346938775511,0.5396825396825397,0.8461538461538461,75.79497430039979,18.155504360704292,84.3710426340228,4.3795682581983,1.6090149217002439e-28,2.904502427803516,9.7300296075084e-28,-2.833884860589561,1.995079306344292e-08,8.977856878549314e-05,0.00026933570635647943,True,True
diabetes_binary,Diabetes,LBXGH,"Glycohemoglobin (HbA1c, %)",LBXIN,Insulin (uIU/mL),High-High,OR,2820,411.0,0.0650684931506849,0.8415841584158416,0.1605504587155963,0.84375,75.14900378310215,2.771242238799303,74.35144418423107,4.335095350269054,1.5664628942086312e-94,1.0108947246665112,6.099782197065383e-07,-0.9945583053468184,0.024939223510169,1.0,1.0,False,False
diabetes_binary,Diabetes,LBXGH,"Glycohemoglobin (HbA1c, %)",LBXHSCRP,hs-CRP Inflammation (mg/L),High-High,OR,5888,797.0,0.0594795539033457,0.8227571115973742,0.1002087682672233,0.7727272727272727,72.92933621120457,1.7744175631738868,52.93230706494037,4.295940755205195,1.1672362078374095e-216,0.5658936872918813,0.0005526932845551,-0.8772582443872226,0.0041415506513958,0.7261160232966662,1.0,False,False
diabetes_binary,Diabetes,LBXGLU,Fasting Glucose (mg/dL),LBXIN,Insulin (uIU/mL),High-High,OR,2823,411.0,0.0669240669240669,0.7942583732057417,0.1753554502369668,0.7222222222222222,53.20711688883993,2.9873119913582395,35.60001558482039,3.985715608936228,1.4292753742481242e-97,1.0867905497029426,4.807580801790907e-08,-1.482066777338487,6.681456693737645e-05,0.06938435797342939,0.9019966536545821,False,False
diabetes_binary,Diabetes,LBXGLU,Fasting Glucose (mg/dL),LBXIN,Insulin (uIU/mL),TwoSided-TwoSided,OR,2823,411.0,0.0723718964606444,0.4493150684931506,0.1081081081081081,0.4177215189873418,10.428847281750508,1.563871451794423,9.183862407862406,2.34737436813206,3.1568879713678247e-65,0.4405996480203474,0.0158378798669856,-0.569295002808085,0.0319582951638905,1.0,1.0,False,False
diabetes_binary,Diabetes,LBXGLU,Fasting Glucose (mg/dL),LBXSNASI,Sodium (mmol/L),Low-High,AND,2825,411.0,0.1514900662251655,0.03862660944206,0.1987951807228915,0.3,0.2367516718978357,1.4039425479405858,2.610914051841746,-1.491459735787735,1.5098489794783238e-05,0.3291201719758121,0.1042522291738819,2.0380034421558046,0.010408918317395,1.0,1.0,False,False
diabetes_binary,Diabetes,LBXIN,Insulin (uIU/mL),LBDHDD,HDL Cholesterol (mg/dL),High-Low,OR,2820,410.0,0.1196943972835314,0.3125,0.2197802197802197,0.3103448275862069,3.350854884440244,2.087061015370284,3.3543756145526054,1.2068699574870878,1.8238164415551256e-14,0.7283797143640337,0.0001254907141814,-0.7384300502175349,0.0463618475811806,1.0,1.0,False,False
diabetes_binary,Diabetes,LBXIN,Insulin (uIU/mL),LBXSATSI,ALT Liver Enzyme (U/L),High-High,OR,2818,411.0,0.120223271790468,0.3551401869158878,0.2028985507246377,0.1911764705882352,4.035772891368559,1.8763160303945805,1.7772799537505422,1.3937972001987786,5.046499973527401e-19,0.6220416894524399,0.000732830122813,-1.4679051723525005,0.000146324809768,0.10396762799305263,1.0,False,False
diabetes_binary,Diabetes,LBXIN,Insulin (uIU/mL),LBXSASSI,AST Liver Enzyme (U/L),Low-Low,AND,2810,411.0,0.1513626834381551,0.0636704119850187,0.2013888888888889,0.2857142857142857,0.3912368899821381,1.4303736834857168,2.4001185536455245,-0.9642945017315556,0.0001761163728546,0.3463167736976983,0.1080547324418509,1.4256400682341763,0.0354072063418487,1.0,1.0,False,False
diabetes_binary,Diabetes,LBXIN,Insulin (uIU/mL),LBXSNASI,Sodium (mmol/L),Low-High,AND,2820,411.0,0.1509671993271656,0.0601503759398496,0.19375,0.3125,0.3700165732512721,1.3664248393038378,2.6866420753461933,-1.0218369657979045,0.0001096229608665,0.3012100299480341,0.1477075114837516,1.65920480531016,0.0087636016996598,1.0,1.0,False,False
diabetes_binary,Diabetes,LBXTC,Total Cholesterol (mg/dL),LBXSAPSI,Alkaline Phosphatase (U/L),High-High,XNOR,5893,799.0,0.1431277625762997,0.106951871657754,0.0958408679927667,0.2142857142857142,0.7217898105829462,0.6395522185382582,1.7284513021471135,-0.3327103885299374,0.0197721332255539,-0.454765034537243,0.0024771956794384,1.2777435892697466,0.0111346233812818,1.0,1.0,False,False
diabetes_binary,Diabetes,LBXTC,Total Cholesterol (mg/dL),LBXSCR,Creatinine Kidney (mg/dL),High-Low,AND,5893,799.0,0.1391956657637007,0.0992647058823529,0.1289682539682539,0.2608695652173913,0.6866949222970166,0.9210617899751792,2.239222572707663,-0.3834347306802783,0.0102357924262246,-0.0881255293194149,0.5269436953303877,1.252092999031652,0.0013547696947721,0.4385130154079143,1.0,False,False
diabetes_binary,Diabetes,LBXTC,Total Cholesterol (mg/dL),LBXSBU,BUN Kidney (mg/dL),High-Low,XNOR,5891,799.0,0.1446007447248655,0.1121673003802281,0.0712830957230142,0.15,0.7524465527324712,0.4597564995181192,1.1138701557012771,-0.2911999485391974,0.0432890986341841,-0.7895528828009912,1.165670669083501e-05,1.123743641176063,0.0239252688643099,1.0,1.0,False,False
diabetes_binary,Diabetes,LBDHDD,HDL Cholesterol (mg/dL),LBXSCA,Calcium (mg/dL),High-High,AND,5891,799.0,0.1404358353510895,0.0708812260536398,0.1501340482573726,0.25,0.4724778815365632,1.0885394350831774,2.105857154625587,-0.7615561993642617,1.4108805939833184e-05,0.078124695786865,0.6039536814335008,1.3964939938382834,0.001170973991734,0.435741114285669,1.0,False,False
diabetes_binary,Diabetes,LBDHDD,HDL Cholesterol (mg/dL),LBXSCA,Calcium (mg/dL),TwoSided-TwoSided,AND,5891,799.0,0.127016129032258,0.1455108359133126,0.1435963777490297,0.2375690607734806,1.1728522955440863,1.155761916337865,2.1568447152522605,0.1573497376038651,0.1259462400081023,0.1418676469862824,0.2097266496209002,0.4623320475571664,0.0418094765611522,1.0,1.0,False,False
diabetes_binary,Diabetes,LBDHDD,HDL Cholesterol (mg/dL),LBXHSCRP,hs-CRP Inflammation (mg/L),TwoSided-TwoSided,AND,6687,801.0,0.1141291942478886,0.1354268891069676,0.1105947955390334,0.2085308056872037,1.2184927947832087,0.9678869433438624,2.0603486066172634,0.1954360921677392,0.0581254842189052,-0.0354398653947107,0.7432456804924585,0.5554396276751918,0.0119273211980663,1.0,1.0,False,False
diabetes_binary,Diabetes,LBDLDL,LDL Cholesterol (mg/dL),LBXSCR,Creatinine Kidney (mg/dL),High-Low,AND,2795,402.0,0.1469026548672566,0.1026615969581749,0.1356589147286821,0.5714285714285714,0.6744186046511628,0.9212527964205816,7.584615384615384,-0.4088914327672794,0.0533938698518182,-0.0927202037167032,0.6278565445444982,2.5483972151897656,2.762413708089522e-05,0.03729258505920855,0.3729258505920855,True,False
diabetes_binary,Diabetes,LBDLDL,LDL Cholesterol (mg/dL),LBXSNASI,Sodium (mmol/L),High-Low,AND,2796,402.0,0.1432192648922687,0.097165991902834,0.1842105263157894,0.3666666666666666,0.6549735925644042,1.367762655925617,3.523696235036441,-0.4403126837815512,0.0480208937099,0.3007282019007895,0.1663906334186997,1.381846032843314,0.0045255659665225,0.7636892568506719,1.0,False,False
diabetes_binary,Diabetes,LBDLDL,LDL Cholesterol (mg/dL),LBXWBCSI,WBC Count (10^3/uL),TwoSided-TwoSided,OR,2806,403.0,0.120775623268698,0.2035398230088495,0.1700680272108843,0.1666666666666666,1.864226839788369,1.4967017460609826,1.485201714350734,0.6207902033362037,6.1893145018774e-06,0.3999604378722635,0.006114302934428,-0.6450828959052486,0.042986995623854,1.0,1.0,False,False
diabetes_binary,Diabetes,LBDLDL,LDL Cholesterol (mg/dL),LBXPLTSI,Platelet Count (10^3/uL),High-High,AND,2806,403.0,0.1452464788732394,0.109375,0.1490196078431372,0.3043478260869565,0.7330746796346628,1.0403776931503992,2.671571998349608,-0.3247601243884924,0.1200632325582615,0.0300698005766703,0.8713354682615811,1.2403927450180978,0.0190562495086629,1.0,1.0,False,False
diabetes_binary,Diabetes,LBXTR,Triglycerides (mg/dL),LBXSUA,Uric Acid (mg/dL),High-High,OR,2819,410.0,0.1220455522131499,0.2888888888888888,0.2333333333333333,0.2105263157894736,2.931288975028606,2.201532208480469,1.9732903300565867,1.072413811318225,2.1321564409998192e-11,0.7836162897825787,7.55413988952957e-06,-1.2045855844267082,0.0024278594165006,0.5852875379063947,1.0,False,False
diabetes_binary,Diabetes,LBXTR,Triglycerides (mg/dL),LBXSUA,Uric Acid (mg/dL),TwoSided-TwoSided,XOR,2819,410.0,0.1335857220118983,0.1807511737089202,0.1724137931034483,0.1159420289855072,1.4357451481915,1.3565221306677473,0.8721088435374149,0.3583532906515841,0.0123733290583574,0.3010038730864827,0.0421146105506835,-0.8211696952312141,0.0126611008739346,1.0,1.0,False,False
diabetes_binary,Diabetes,LBXSATSI,ALT Liver Enzyme (U/L),LBXSUA,Uric Acid (mg/dL),High-High,XOR,5896,800.0,0.1246684350132626,0.167381974248927,0.2272727272727272,0.1441441441441441,1.4177187349713924,2.07128820229476,1.2122495109014395,0.3446485398167854,0.0087217630469351,0.7251696211283513,5.670486934727681e-09,-0.9021612775554296,0.0051322909870077,0.8308590724900125,1.0,False,False
diabetes_binary,Diabetes,LBXSATSI,ALT Liver Enzyme (U/L),LBXSUA,Uric Acid (mg/dL),High-Low,AND,5896,800.0,0.1376089663760896,0.1546762589928057,0.0858283433133732,0.3809523809523809,1.1514334427531838,0.5941994922994366,3.943369895894388,0.1369073186530887,0.271547778776313,-0.5303763513169371,0.0012972953411999,1.7432539339858328,0.0004041821834509,0.22977571411462497,1.0,False,False
diabetes_binary,Diabetes,LBXSATSI,ALT Liver Enzyme (U/L),LBXSKSI,Potassium (mmol/L),High-High,XOR,5894,799.0,0.1184238105219031,0.1660516605166051,0.2577696526508227,0.088235294117647,1.487709991158267,2.589310747218878,0.8265055506434816,0.3935691156142387,0.0014799744013367,0.9498483558926404,1.0167751282936773e-18,-1.6713507622077108,0.0074803921697153,0.918048129919605,1.0,False,False
diabetes_binary,Diabetes,LBXSASSI,AST Liver Enzyme (U/L),LBXSAPSI,Alkaline Phosphatase (U/L),Low-High,AND,5878,800.0,0.1358435614728521,0.1792260692464358,0.0844036697247706,0.3714285714285714,1.3943535381403538,0.591821354636963,3.814384085692425,0.3286501276911497,0.0085419631990217,-0.5337148241027979,0.0008340148265322,1.529221475674495,0.0001432673253034,0.10396762799305263,1.0,False,False
diabetes_binary,Diabetes,LBXSASSI,AST Liver Enzyme (U/L),LBXSBU,BUN Kidney (mg/dL),TwoSided-TwoSided,OR,5878,800.0,0.1027657954833798,0.1676367869615832,0.2256902761104441,0.2571428571428571,1.761331137805558,2.5468180068595925,3.0345455466783777,0.5643951135329881,8.404985803883305e-08,0.9340560026851716,1.6902481385952636e-21,-0.3924587202524271,0.0478288716979754,1.0,1.0,False,False
diabetes_binary,Diabetes,LBXSASSI,AST Liver Enzyme (U/L),LBXSUA,Uric Acid (mg/dL),High-High,OR,5878,800.0,0.1233859397417503,0.1839323467230444,0.2185273159144893,0.1809523809523809,1.6072799300027376,1.993054987123707,1.6004844937999183,0.4708204121078422,0.0001956976914213,0.6864804892017572,4.743907734776196e-08,-0.7064595554785777,0.0213126288665394,1.0,1.0,False,False
diabetes_binary,Diabetes,LBXSAPSI,Alkaline Phosphatase (U/L),LBXSCA,Calcium (mg/dL),High-Low,AND,5896,800.0,0.1375286518024588,0.0933572710951526,0.1575875486381323,0.2692307692307692,0.6508984067011548,1.1782666132312123,2.4104699237174634,-0.437345053965672,0.0039042825561709,0.1596810833982087,0.2126001509446751,1.1151047971845962,0.0209112003419976,1.0,1.0,False,False
diabetes_binary,Diabetes,LBXSAPSI,Alkaline Phosphatase (U/L),LBXHGB,Hemoglobin (g/dL),High-High,XNOR,5896,799.0,0.1428571428571428,0.0962962962962963,0.108058608058608,0.1627906976744186,0.6444368682184747,0.7318599619993603,1.2321229359089034,-0.447312218043664,0.0031784502102438,-0.3189672099488148,0.0266822783785744,0.9204301078197376,0.0459252088878402,1.0,1.0,False,False
diabetes_binary,Diabetes,LBXSAPSI,Alkaline Phosphatase (U/L),LBXWBCSI,WBC Count (10^3/uL),High-High,AND,5896,799.0,0.1352928913904523,0.0857142857142857,0.1763565891472868,0.2413793103448276,0.6048252918478073,1.3735151960877434,2.081229294790288,-0.5121747614862905,0.0015189234807828,0.3137191902377598,0.0107415699089209,0.908272119590855,0.0129529959459852,1.0,1.0,False,False
diabetes_binary,Diabetes,LBXSCR,Creatinine Kidney (mg/dL),LBXSUA,Uric Acid (mg/dL),High-High,OR,5897,800.0,0.1127728375101051,0.3126491646778043,0.1818181818181818,0.2694610778443114,3.583197441773505,1.7572173363526256,2.919887453638573,1.2749623867531117,9.117604175153437e-29,0.5586481469116316,9.694379883422937e-05,-0.768243544939774,0.002043958469372,0.5306430641638845,1.0,False,False
diabetes_binary,Diabetes,LBXSBU,BUN Kidney (mg/dL),LBXHGB,Hemoglobin (g/dL),Low-High,AND,5894,799.0,0.1455906821963394,0.0665322580645161,0.1045045045045045,0.2285714285714285,0.4239066408875768,0.6896645970753124,1.812847965738758,-0.8716082566147095,2.38628069281178e-06,-0.3785357795451657,0.0088759904796167,1.8033599478404256,0.0001021679910258,0.09851913420345,1.0,False,False
diabetes_binary,Diabetes,LBXSUA,Uric Acid (mg/dL),LBXSNASI,Sodium (mmol/L),Low-High,AND,5897,800.0,0.1372549019607843,0.0883534136546184,0.1717791411042944,0.2916666666666667,0.6150598477295458,1.3121166042749748,2.692244309403646,-0.4956280792601386,0.0023756289019223,0.2652092165997225,0.0818711003797104,1.1813951525224613,0.0181018675447153,1.0,1.0,False,False
diabetes_binary,Diabetes,LBXSUA,Uric Acid (mg/dL),LBXSCA,Calcium (mg/dL),Low-High,AND,5897,800.0,0.1383319967923015,0.0887096774193548,0.1524547803617571,0.2692307692307692,0.6122019034969455,1.1275474834043668,2.39430735810171,-0.5002790663028182,0.0021682515887915,0.1137373151327277,0.4398435161355586,1.2172264006701148,0.0133680300415485,1.0,1.0,False,False
diabetes_binary,Diabetes,LBXSNASI,Sodium (mmol/L),LBXSCA,Calcium (mg/dL),Low-Low,XOR,5897,800.0,0.1245222289277811,0.2415584415584415,0.1646341463414634,0.1428571428571428,2.245862737388161,1.3915064965376969,1.239851872952571,0.8061312067361561,1.9085613521775256e-10,0.3261414560273862,0.0114219850624883,-0.9737466161404156,0.0284316655801133,1.0,1.0,False,False
diabetes_binary,Diabetes,LBXSNASI,Sodium (mmol/L),LBXSAL,Albumin (g/dL),Low-Low,OR,5900,800.0,0.1196348805593319,0.2365038560411311,0.2649842271293375,0.1777777777777777,2.2864162696708856,2.6611561779820114,1.6668180589348471,0.8239487256536699,8.163766032893665e-11,0.9756706326849424,3.75712815869261e-13,-1.3352034418956709,0.001869991103781,0.5122552760739629,1.0,False,False
diabetes_binary,Diabetes,LBXSNASI,Sodium (mmol/L),LBXHGB,Hemoglobin (g/dL),Low-Low,XOR,5897,799.0,0.1204504323346068,0.2454308093994778,0.2040816326530612,0.1176470588235294,2.381894238290112,1.8779510027028496,1.0424162992970332,0.8650396972788343,7.948633780942746e-12,0.6271950499856624,1.834425233030004e-07,-1.5189661646854984,0.00112444607783,0.43371491573442855,1.0,False,False
diabetes_binary,Diabetes,LBXSNASI,Sodium (mmol/L),LBXWBCSI,WBC Count (10^3/uL),High-High,XOR,5897,799.0,0.1267212133306725,0.1891025641025641,0.1884328358208955,0.1052631578947368,1.6164057250421715,1.6050525680620682,0.8982656586734171,0.4744133003873245,0.0016414335642306,0.4700398309617003,7.123792675754974e-05,-1.1542539496361703,0.0395118040755603,1.0,1.0,False,False
hypertension_binary,Hypertension,systolic_bp,Systolic BP (mmHg),diastolic_bp,Diastolic BP (mmHg),High-High,OR,5517,1937.0,0.2999137559292799,0.7025495750708215,0.5,0.6861702127659575,5.497179047466592,2.3338124326266616,5.079474118069792,1.7071769761868625,2.2480780400552488e-45,0.8477085801794034,7.725865190185095e-14,-0.92490201573091,4.299049142809139e-05,0.052756210812637934,0.5803716342792338,False,False
hypertension_binary,Hypertension,systolic_bp,Systolic BP (mmHg),LBXSUA,Uric Acid (mg/dL),High-High,OR,5146,1818.0,0.2898791182744726,0.7058823529411765,0.5606796116504854,0.7123287671232876,5.864754245952899,3.1238104566112885,5.9804126552684345,1.7714399463038373,1.3765207909717745e-58,1.1398918882059053,1.6770537988645147e-27,-1.1086393447018006,0.0001981650827972,0.13376143088811,1.0,False,False
hypertension_binary,Hypertension,systolic_bp,Systolic BP (mmHg),LBXSNASI,Sodium (mmol/L),High-Low,OR,5149,1819.0,0.306613694788502,0.7160751565762005,0.4028169014084507,0.5833333333333334,5.689649398220827,1.526807843137255,3.1361597542242707,1.7410742122166758,6.052768227089891e-60,0.4222570063746828,0.0001907849464544,-1.0108603311833584,0.0063827207027485,0.8792523417051504,1.0,False,False
hypertension_binary,Hypertension,systolic_bp,Systolic BP (mmHg),LBXSKSI,Potassium (mmol/L),High-Low,OR,5146,1818.0,0.3015800320586215,0.7115789473684211,0.5207547169811321,0.6410256410256411,5.7000200103501815,2.515127432377125,4.071857619577308,1.7428501375130712,3.5258588039224144e-60,0.9228517665567904,4.20119109688404e-13,-1.2460982409587424,0.0007917214450974,0.34478191963919036,1.0,False,False
hypertension_binary,Hypertension,systolic_bp,Systolic BP (mmHg),LBXPLTSI,Platelet Count (10^3/uL),High-Low,OR,5274,1859.0,0.3032977241058987,0.7017937219730942,0.4266666666666667,0.6666666666666666,5.39312512631312,1.7102295396992129,4.54631864226747,1.6874973201322705,2.302572532296781e-54,0.5361790449200349,1.076536918905068e-07,-0.698885926678489,0.0155167807707119,1.0,1.0,False,False
hypertension_binary,Hypertension,diastolic_bp,Diastolic BP (mmHg),LBXTC,Total Cholesterol (mg/dL),TwoSided-TwoSided,OR,5172,1824.0,0.3153733528550512,0.479002624671916,0.3694516971279373,0.4323144104803493,1.9955855185395963,1.2725553473440232,1.6547510467504063,0.6910775377709262,1.9450342684783426e-17,0.2405467088662901,0.0039353870921456,-0.4289223820825839,0.0132906567934583,1.0,1.0,False,False
hypertension_binary,Hypertension,diastolic_bp,Diastolic BP (mmHg),LBXSUA,Uric Acid (mg/dL),High-High,OR,5146,1818.0,0.3043989649494236,0.5878048780487805,0.5869565217391305,0.5633802816901409,3.2551434421326446,3.243825919707396,2.9374275782155275,1.181335263359213,5.47916258925959e-29,1.17783493162952,4.4348802145648505e-29,-1.2778409005683111,5.024704645191531e-06,0.011305585451680944,0.06783351271008567,True,False
hypertension_binary,Hypertension,diastolic_bp,Diastolic BP (mmHg),LBXSUA,Uric Acid (mg/dL),TwoSided-TwoSided,OR,5146,1818.0,0.312372634643377,0.4771573604060913,0.3878954607977992,0.4438775510204081,2.008680188000169,1.3955342902711323,1.7585863677255935,0.6976160481669778,3.5717176924524924e-18,0.3328830428984829,8.246005194862335e-05,-0.4668886005134112,0.0100563503445755,1.0,1.0,False,False
hypertension_binary,Hypertension,BMXBMI,Body Mass Index (kg/m2),LBXGH,"Glycohemoglobin (HbA1c, %)",High-High,OR,5442,1894.0,0.3048535003354954,0.4505494505494505,0.6308411214953271,0.6363636363636364,1.8702506977244635,3.8907536389811432,3.963335307889764,0.6258403410671668,3.4004626672432927e-10,1.3601182057624135,3.632349157119368e-38,-0.6020514791031523,0.0219777534842572,1.0,1.0,False,False
hypertension_binary,Hypertension,BMXBMI,Body Mass Index (kg/m2),LBXIN,Insulin (uIU/mL),High-High,OR,2552,909.0,0.3265977443609023,0.5178571428571429,0.4821428571428571,0.5227272727272727,2.2128450644590774,1.919774057717983,2.2550936693872377,0.7950725462455245,8.09557018106404e-07,0.6521546182812343,5.203106689653512e-05,-0.6326418040576526,0.0404985914932572,1.0,1.0,False,False
hypertension_binary,Hypertension,BMXBMI,Body Mass Index (kg/m2),LBXSAL,Albumin (g/dL),High-Low,OR,5325,1857.0,0.328125,0.4966442953020134,0.4417670682730923,0.4,2.02003147176201,1.6216709501992774,1.371470696405847,0.7032546576379981,1.7739259925889856e-12,0.4826841106318633,0.0002410912707217,-0.874726198407887,0.0014291556534736,0.4486884028347349,1.0,False,False
hypertension_binary,Hypertension,BMXBMI,Body Mass Index (kg/m2),LBXHSCRP,hs-CRP Inflammation (mg/L),High-High,OR,5319,1851.0,0.3236224028906955,0.4694444444444444,0.4540389972144846,0.5,1.8495775735592104,1.7387087068696965,2.0896407394489014,0.6147993695978217,2.5521662288499405e-08,0.5528096242976234,6.011003441546076e-07,-0.430434911174067,0.0463382362639083,1.0,1.0,False,False
hypertension_binary,Hypertension,BMXBMI,Body Mass Index (kg/m2),LBXHGB,Hemoglobin (g/dL),High-Low,OR,5452,1898.0,0.3232981352505055,0.4860215053763441,0.4323144104803493,0.4487179487179487,1.9791471029505283,1.594660254046944,1.7078687123961465,0.6827273293731917,3.523216069212835e-12,0.4662412817114241,2.8641630578753973e-06,-0.6161647832563479,0.0201832809349928,1.0,1.0,False,False
hypertension_binary,Hypertension,BMXBMI,Body Mass Index (kg/m2),LBXWBCSI,WBC Count (10^3/uL),High-High,OR,5452,1898.0,0.3287181777579276,0.5011547344110855,0.382830626450116,0.4,2.05119649305787,1.2679633174808955,1.3662943436690198,0.7186072168803933,1.2665138094231066e-12,0.2364374361429806,0.0231013076023652,-0.6465214901074396,0.0072373362566316,0.918048129919605,1.0,False,False
hypertension_binary,Hypertension,BMXWAIST,Waist Circumference (cm),LBXIN,Insulin (uIU/mL),High-High,OR,2469,873.0,0.3217223028543783,0.5612903225806452,0.4683544303797468,0.5280898876404494,2.69198286782892,1.8580370678272773,2.3553719008264467,0.9922684404171586,3.950524403497927e-09,0.6191163212995375,0.0001958879226773,-0.753038751351325,0.0166538021206059,1.0,1.0,False,False
hypertension_binary,Hypertension,BMXWAIST,Waist Circumference (cm),LBXSAL,Albumin (g/dL),High-Low,OR,5133,1776.0,0.3156769596199525,0.5399515738498789,0.4209245742092457,0.5151515151515151,2.542803670789741,1.576672083182546,2.301419415872179,0.9338583756709158,3.0591130838759507e-19,0.454731597197588,1.5623576481824926e-05,-0.5542546746807857,0.0251456620564332,1.0,1.0,False,False
hypertension_binary,Hypertension,BMXWAIST,Waist Circumference (cm),LBXHSCRP,hs-CRP Inflammation (mg/L),High-High,OR,5128,1771.0,0.3158141717503519,0.5451977401129944,0.4309859154929577,0.5031847133757962,2.5951595640112712,1.6418707852548673,2.1935780662770425,0.9543614068442984,1.3027177244592614e-17,0.4952458069151069,1.0014761665697916e-05,-0.6637926050580993,0.0028336758111018,0.6072162452361,1.0,False,False
hypertension_binary,Hypertension,LBXGH,"Glycohemoglobin (HbA1c, %)",LBXGLU,Fasting Glucose (mg/dL),High-High,OR,2652,945.0,0.3191126279863481,0.6222222222222222,0.5789473684210527,0.6601941747572816,3.4736329802462067,2.916458767875888,4.129720433775352,1.2568439661542643,5.2123137773305225e-05,1.0763065311538107,7.54631408853181e-05,-0.911138053586106,0.0366455435076741,1.0,1.0,False,False
hypertension_binary,Hypertension,LBXGH,"Glycohemoglobin (HbA1c, %)",LBXGLU,Fasting Glucose (mg/dL),TwoSided-TwoSided,AND,2652,945.0,0.3423885187083547,0.2758620689655172,0.30078125,0.5950413223140496,0.735446167108249,0.8289564422073281,2.816605856736614,-0.3124127049645966,0.0569713964961316,-0.1909121929080807,0.1861186638826389,1.5408389098570965,7.481311297422575e-10,1.0099770251520476e-05,1.0099770251520476e-05,True,True
hypertension_binary,Hypertension,LBXGH,"Glycohemoglobin (HbA1c, %)",LBXTR,Triglycerides (mg/dL),TwoSided-TwoSided,AND,2604,931.0,0.3520408163265306,0.4373177842565597,0.2797029702970297,0.5053763440860215,1.431036023956378,0.7163946574229062,1.8794712757030767,0.3580256870527015,0.0027852965796643,-0.3358548665978205,0.0057202289876863,0.6094159666274138,0.0209210631407927,1.0,1.0,False,False
hypertension_binary,Hypertension,LBXGH,"Glycohemoglobin (HbA1c, %)",LBXSNASI,Sodium (mmol/L),High-Low,OR,5407,1900.0,0.3172172391161671,0.6495327102803738,0.3769470404984423,0.5862068965517241,3.98230304362913,1.304089827138462,3.036406907396127,1.383575726450541,8.188610312802852e-39,0.264063085904864,0.0270929656317772,-0.5327422112310295,0.0469819881559746,1.0,1.0,False,False
hypertension_binary,Hypertension,LBXGLU,Fasting Glucose (mg/dL),LBDHDD,HDL Cholesterol (mg/dL),High-High,XOR,2606,931.0,0.3186761229314421,0.6586345381526104,0.3852813852813853,0.3636363636363636,4.111804715643816,1.3422730287542428,1.2822831727205335,1.417077656421097,1.3737750678977796e-23,0.2926717972180949,0.0407255672813084,-1.5095027564874,0.0215145533097375,1.0,1.0,False,False
hypertension_binary,Hypertension,LBXGLU,Fasting Glucose (mg/dL),LBXSASSI,AST Liver Enzyme (U/L),TwoSided-TwoSided,AND,2589,926.0,0.3351739370513528,0.4120734908136483,0.3511705685618729,0.5816326530612245,1.3909923286315269,1.0754578057063062,2.7471366949278595,0.3294755883025359,0.004294783636722,0.0709780259034626,0.5878951978448053,0.6139014217335116,0.0202552747661954,1.0,1.0,False,False
hypertension_binary,Hypertension,LBXGLU,Fasting Glucose (mg/dL),LBXSNASI,Sodium (mmol/L),High-Low,OR,2599,931.0,0.3197463768115942,0.6591928251121076,0.4351145038167939,0.5675675675675675,4.100463020782741,1.6413979490540855,2.771129554569045,1.4146368413232426,1.6001800014209634e-21,0.4939237694612186,0.0066631095346522,-0.8816893004699818,0.0290816793451063,1.0,1.0,False,False
hypertension_binary,Hypertension,LBXIN,Insulin (uIU/mL),LBXSASSI,AST Liver Enzyme (U/L),High-High,OR,2585,925.0,0.3330206378986867,0.5097087378640777,0.4461538461538462,0.4423076923076923,2.0810121228719107,1.614605797825248,1.5949021338517873,0.733394473644089,5.808728939185774e-07,0.4783315318581896,0.0015598700884049,-0.7489729792317777,0.0307849842675901,1.0,1.0,False,False
hypertension_binary,Hypertension,LBXTC,Total Cholesterol (mg/dL),LBDHDD,HDL Cholesterol (mg/dL),Low-Low,AND,5436,1906.0,0.3406006674082313,0.3616557734204793,0.4070351758793969,0.5595238095238095,1.0980966984634433,1.3300154127660222,2.451866361954511,0.0924337700977703,0.3653664873561688,0.2843831209650683,0.0077352450661734,0.5230313887612896,0.0466890754601495,1.0,1.0,False,False
hypertension_binary,Hypertension,LBXTC,Total Cholesterol (mg/dL),LBXSAL,Albumin (g/dL),Low-Low,AND,5407,1900.0,0.3427003293084522,0.3669354838709677,0.4083601286173633,0.6666666666666666,1.1128190404338905,1.3252449047064918,3.7735531385247847,0.1058973456326827,0.2811263927941235,0.2805349733137469,0.0189093666706036,0.9579985060776572,0.0062954075272698,0.8761649651354877,1.0,False,False
hypertension_binary,Hypertension,LBXTC,Total Cholesterol (mg/dL),LBXWBCSI,WBC Count (10^3/uL),Low-High,AND,5433,1905.0,0.3434940855323021,0.376753507014028,0.3684210526315789,0.5681818181818182,1.1563894897302616,1.1159986759351206,2.4989432943752705,0.1444108601755608,0.1393391612305293,0.1087653087921588,0.2696506859235352,0.6690224862588862,0.0445151357296736,1.0,1.0,False,False
hypertension_binary,Hypertension,LBDLDL,LDL Cholesterol (mg/dL),LBXSKSI,Potassium (mmol/L),High-Low,AND,2573,918.0,0.3472288015158692,0.3258928571428571,0.4423076923076923,0.6666666666666666,0.9117617283200712,1.4921842772760383,3.669198558769111,-0.0955776459795803,0.5231827782685283,0.3994411356296281,0.0065459978753118,1.0205264405968504,0.0198261978755663,1.0,1.0,False,False
hypertension_binary,Hypertension,LBXTR,Triglycerides (mg/dL),LBXSAPSI,Alkaline Phosphatase (U/L),High-Low,AND,2595,929.0,0.3605313092979127,0.430327868852459,0.2401746724890829,0.6428571428571429,1.3410037256191103,0.5639612756650446,3.0627577550654475,0.2925452752187074,0.0327620812074504,-0.5786632557901823,0.0003311297248838,1.4469635036654698,0.0149912453950536,1.0,1.0,False,False
hypertension_binary,Hypertension,LBXTR,Triglycerides (mg/dL),LBXSCR,Creatinine Kidney (mg/dL),High-High,OR,2596,929.0,0.3137996219281663,0.4203539823008849,0.6832579185520362,0.5757575757575758,1.5874453189596227,4.697260778380802,2.939596793025609,0.461094614307697,0.0012296848752165,1.5511996406738726,1.8737208713467972e-24,-0.9244975595220806,0.0229821560430066,1.0,1.0,False,False
hypertension_binary,Hypertension,LBXTR,Triglycerides (mg/dL),LBXSUA,Uric Acid (mg/dL),High-High,OR,2594,929.0,0.324108818011257,0.4257425742574257,0.6108374384236454,0.4912280701754385,1.5477921666837349,3.2645602259239554,2.01393433582117,0.4357098773789957,0.0035926498773194,1.1857864853698676,4.431299157890408e-15,-0.9216349103282812,0.0061823245038883,0.8755486026262452,1.0,False,False
hypertension_binary,Hypertension,LBXTR,Triglycerides (mg/dL),LBXHSCRP,hs-CRP Inflammation (mg/L),High-Low,AND,2591,926.0,0.3681449690033381,0.4382470119521912,0.1694915254237288,0.5714285714285714,1.3399453383192104,0.3536500407618765,2.2061026352288486,0.2919036638097951,0.0306362652937531,-1.049052016721034,4.901211264472301e-09,1.585013613758568,0.0461203398978208,1.0,1.0,False,False
hypertension_binary,Hypertension,LBXSATSI,ALT Liver Enzyme (U/L),LBXSAPSI,Alkaline Phosphatase (U/L),High-Low,AND,5409,1900.0,0.3595378341640236,0.3578528827037773,0.255863539445629,0.5652173913043478,0.993783543672188,0.6140853637930452,2.289988751406075,-0.0073248351652648,0.9405159487633672,-0.4902095422532,8.940350084345482e-06,1.3372692790531369,0.002637233636817,0.5945227201333351,1.0,False,False
hypertension_binary,Hypertension,LBXSATSI,ALT Liver Enzyme (U/L),LBXSKSI,Potassium (mmol/L),Low-High,AND,5407,1899.0,0.3488372093023256,0.2524752475247525,0.4390243902439024,0.5384615384615384,0.6324127941616509,1.4613859447144788,2.1690466499822474,-0.4612998950176043,0.0001023722825004,0.3790318510400089,8.023255693883453e-05,0.8605730328778478,0.0151424977318039,1.0,1.0,False,False
hypertension_binary,Hypertension,LBXSASSI,AST Liver Enzyme (U/L),LBXSUA,Uric Acid (mg/dL),High-High,OR,5393,1895.0,0.3212538906180525,0.4061696658097686,0.5922330097087378,0.5106382978723404,1.4462990452980988,3.0651997860955977,2.2032745301510435,0.3681927146935183,0.0006563530361889,1.1212196380782882,1.6278101838379232e-26,-0.6988373461646656,0.0058526249957926,0.8495917676568435,1.0,False,False
hypertension_binary,Hypertension,LBXSCR,Creatinine Kidney (mg/dL),LBXSBU,BUN Kidney (mg/dL),TwoSided-TwoSided,AND,5408,1900.0,0.3228325956782088,0.3788098693759071,0.3667883211678832,0.6,1.2798171588318594,1.2160384388982164,3.1417505114340685,0.2461818185904657,0.004107205416575,0.1947647349617858,0.0406030941224234,0.705303161405482,2.368969241570691e-05,0.03553453862356037,0.3198108476120433,True,False
hypertension_binary,Hypertension,LBXSBU,BUN Kidney (mg/dL),LBXSUA,Uric Acid (mg/dL),TwoSided-TwoSided,AND,5408,1900.0,0.328330700368615,0.4177018633540372,0.3469945355191257,0.5555555555555556,1.4679249310872076,1.087829577650599,2.5541667066189797,0.3835301260932039,1.0541638777158043e-05,0.0834683069888561,0.3260422174946853,0.4718898906939248,0.007278096972662,0.918048129919605,1.0,False,False
hypertension_binary,Hypertension,LBXSNASI,Sodium (mmol/L),LBXHGB,Hemoglobin (g/dL),Low-Low,XOR,5408,1900.0,0.3344312692138779,0.425414364640884,0.4596412556053811,0.391304347826087,1.4744754245832083,1.693206024865105,1.2916414765170228,0.3876250468749531,0.0004707986250151,0.5264235698103951,1.4361114923025644e-07,-0.6676708448017457,0.0466065390947168,1.0,1.0,False,False
hypertension_binary,Hypertension,LBXSNASI,Sodium (mmol/L),LBXHGB,Hemoglobin (g/dL),Low-High,AND,5408,1900.0,0.3473661009477628,0.4048257372654155,0.3282937365010799,0.6,1.2790878670928705,0.9196647794986456,2.78540415805418,0.2452395126264119,0.0257794553993022,-0.0852753336491908,0.4111718427496047,0.8761379868147109,0.0196090697047934,1.0,1.0,False,False
hypertension_binary,Hypertension,LBXSKSI,Potassium (mmol/L),LBXSCA,Calcium (mg/dL),High-Low,AND,5405,1899.0,0.341535657325131,0.4309278350515464,0.3360824742268041,0.6086956521739131,1.460546523343827,0.9772699426940764,2.9696114921189944,0.3783916692515414,9.680724409629467e-05,-0.0243430617337657,0.8100199153770996,0.7442424277651436,0.0247889857088043,1.0,1.0,False,False
hypertension_binary,Hypertension,LBXSKSI,Potassium (mmol/L),LBXHGB,Hemoglobin (g/dL),Low-Low,OR,5405,1899.0,0.329447322970639,0.5338078291814946,0.4501108647450111,0.4878048780487805,2.329084774808547,1.666527827297885,1.9403941224415175,0.8461237627593337,7.619002544605126e-12,0.5104630247410342,3.036960858122276e-07,-0.6946911598055702,0.0465822861852089,1.0,1.0,False,False
hypertension_binary,Hypertension,LBXSAL,Albumin (g/dL),LBXHGB,Hemoglobin (g/dL),Low-High,AND,5408,1900.0,0.345749342681858,0.430635838150289,0.3381147540983606,0.8,1.43216160190535,0.9679248636160462,6.432752613240418,0.3585190539007868,0.0015018220314519,-0.0339303726287599,0.7359664590631234,1.6994821565411802,0.0346031585781898,1.0,1.0,False,False
hypertension_binary,Hypertension,LBXSAL,Albumin (g/dL),LBXWBCSI,WBC Count (10^3/uL),Low-Low,AND,5408,1900.0,0.347769028871391,0.4236760124610592,0.31875,0.6,1.3798615600884971,0.8789088840947324,2.780463744864443,0.3211592607681344,0.0061143337221603,-0.1306620493944109,0.2035138471303429,0.8438280968448486,0.0253242467100666,1.0,1.0,False,False
high_cholesterol_binary,High Cholesterol,systolic_bp,Systolic BP (mmHg),diastolic_bp,Diastolic BP (mmHg),High-High,OR,5490,1797.0,0.3032272038119991,0.5698005698005698,0.3630952380952381,0.4032258064516129,3.040445244095991,1.312031417350946,1.5556343586451349,1.113014541368789,4.2969913404899465e-23,0.2700220413470818,0.0219790650089843,-0.9431016588562174,1.6254782096620025e-05,0.027429944788046293,0.21943955830437034,True,False
high_cholesterol_binary,High Cholesterol,systolic_bp,Systolic BP (mmHg),BMXBMI,Body Mass Index (kg/m2),High-High,OR,5419,1770.0,0.3022675736961451,0.5310492505353319,0.3459119496855345,0.3692307692307692,2.6127443067338683,1.222230221222347,1.3624577048350883,0.9608800714918152,1.5214325145000722e-22,0.1994653412344317,0.0498208959537463,-0.8593405939392755,0.0032027372887849,0.6266225130231325,1.0,False,False
high_cholesterol_binary,High Cholesterol,systolic_bp,Systolic BP (mmHg),BMXWAIST,Waist Circumference (cm),High-High,OR,5235,1697.0,0.2952046783625731,0.5298165137614679,0.388646288209607,0.3939393939393939,2.688926790489268,1.5189558955895588,1.561818848551522,0.9896462274125284,2.1074406953676976e-22,0.4172324431519786,3.984386186145912e-05,-0.9674230906278184,0.000784140972366,0.34478191963919036,1.0,False,False
high_cholesterol_binary,High Cholesterol,systolic_bp,Systolic BP (mmHg),BMXWAIST,Waist Circumference (cm),Low-High,AND,5235,1697.0,0.3354549740688354,0.1492537313432835,0.3862745098039216,0.5,0.3495320151242794,1.247797704178382,1.9806814190375832,-1.0568512818162443,2.564529606778918e-15,0.2206154312220955,0.0223611097469836,1.5198507436184088,0.006494902232736,0.8856684862821819,1.0,False,False
high_cholesterol_binary,High Cholesterol,systolic_bp,Systolic BP (mmHg),LBXGH,"Glycohemoglobin (HbA1c, %)",High-High,OR,5238,1730.0,0.282765019717003,0.4964705882352941,0.5927710843373494,0.6206896551724138,2.500408570519272,3.687865934706545,4.125528568718523,0.9166693986802554,4.578608801556448e-19,1.3062201012353305,3.2055199034502335e-35,-0.7996257345917509,0.0023956566860276,0.5852875379063947,1.0,False,False
high_cholesterol_binary,High Cholesterol,systolic_bp,Systolic BP (mmHg),LBXPLTSI,Platelet Count (10^3/uL),High-Low,OR,5248,1733.0,0.2999766736645673,0.527027027027027,0.4049217002237136,0.4571428571428571,2.5990779453727866,1.5889417380227195,1.9694782481412871,0.9556225252830348,2.3753032009404284e-21,0.4624096631269291,5.7502300686426615e-06,-0.742473504693821,0.0074561503958714,0.918048129919605,1.0,False,False
high_cholesterol_binary,High Cholesterol,diastolic_bp,Diastolic BP (mmHg),BMXWAIST,Waist Circumference (cm),High-High,XOR,5235,1697.0,0.3101927095426051,0.3886138613861386,0.4009216589861751,0.3333333333333333,1.414855626976839,1.4893421310567825,1.1208596525400931,0.3460759900863462,0.0012520900081487,0.3975921895650168,0.0001193002593666,-0.6375968388452928,0.0167917627655414,1.0,1.0,False,False
high_cholesterol_binary,High Cholesterol,diastolic_bp,Diastolic BP (mmHg),LBXIN,Insulin (uIU/mL),High-High,XOR,2452,824.0,0.3239719157472417,0.3915094339622642,0.412037037037037,0.2,1.3449282892438346,1.4641827032437105,0.5533879445049482,0.2946059911245754,0.04745856813301,0.3800270709631986,0.0093816613802261,-1.3253496355180143,0.0079738020926805,0.9697867410016825,1.0,False,False
high_cholesterol_binary,High Cholesterol,diastolic_bp,Diastolic BP (mmHg),LBXTR,Triglycerides (mg/dL),Low-High,XOR,2459,825.0,0.3074611917876815,0.3863636363636363,0.5330396475770925,0.3333333333333333,1.420640186873797,2.568525882716969,1.1793172924173738,0.3493918815695032,0.0172416977581332,0.9443668550022902,2.5698304853134357e-11,-1.1748905136141228,0.0436716127861414,1.0,1.0,False,False
high_cholesterol_binary,High Cholesterol,diastolic_bp,Diastolic BP (mmHg),LBXSATSI,ALT Liver Enzyme (U/L),High-Low,AND,5125,1697.0,0.3375237191650854,0.3663967611336032,0.2090680100755667,0.5555555555555556,1.1361359140739098,0.521023161635571,2.4241616562325667,0.1266428085809968,0.200348842239537,-0.656203410256331,2.736035497462904e-07,1.427053120844868,0.0043168514968733,0.7376898127568298,1.0,False,False
high_cholesterol_binary,High Cholesterol,diastolic_bp,Diastolic BP (mmHg),LBXSCR,Creatinine Kidney (mg/dL),High-High,XOR,5126,1698.0,0.3103613304618329,0.3791574279379157,0.4827586206896552,0.3278688524590163,1.3582922046029833,2.0738030238946634,1.097406968916127,0.3053045455764328,0.0029377371750766,0.7294377207560708,7.028170386788962e-13,-0.9541514672397984,0.0018716103975483,0.5122552760739629,1.0,False,False
high_cholesterol_binary,High Cholesterol,BMXWAIST,Waist Circumference (cm),LBXTC,Total Cholesterol (mg/dL),High-High,OR,5134,1665.0,0.2903148281663061,0.3742071881606765,0.5668103448275862,0.4722222222222222,1.4630662096267235,3.1959199261640303,2.1932783807008054,0.3796457814989307,0.0001698738340136,1.1627046273678507,2.044692722818651e-31,-0.7597205407278437,0.0354104578714664,1.0,1.0,False,False
high_cholesterol_binary,High Cholesterol,LBXGH,"Glycohemoglobin (HbA1c, %)",LBXGLU,Fasting Glucose (mg/dL),TwoSided-TwoSided,AND,2634,875.0,0.3185108583247156,0.2413793103448276,0.2984496124031007,0.5564853556485355,0.6852101197647226,0.913213086404858,2.6808882492032486,-0.3845085527740702,0.0246435237900899,-0.0940678578832094,0.5151918961979332,1.466110196295899,8.326153561156707e-09,5.620153653780777e-05,0.00011240307307561555,True,True
high_cholesterol_binary,High Cholesterol,LBXGH,"Glycohemoglobin (HbA1c, %)",LBXIN,Insulin (uIU/mL),TwoSided-TwoSided,AND,2579,864.0,0.3337155963302752,0.3793103448275862,0.256857855361596,0.5043478260869565,1.2215543615744693,0.6919792093514784,2.030416122410897,0.1989510045826251,0.1145441342374672,-0.3709370085953498,0.0030193067107955,0.8808052364050127,0.0004853976147864,0.26211471198465597,1.0,False,False
high_cholesterol_binary,High Cholesterol,LBXGH,"Glycohemoglobin (HbA1c, %)",LBXTC,Total Cholesterol (mg/dL),TwoSided-TwoSided,OR,5410,1768.0,0.2900219298245614,0.3841642228739003,0.413472706155633,0.4200913242009132,1.5277631898952877,1.725961518244983,1.775514740615188,0.4233673347590215,1.065211295647422e-06,0.5456498438520092,3.066561770766662e-12,-0.396138145745243,0.0245969603281732,1.0,1.0,False,False
high_cholesterol_binary,High Cholesterol,LBXGLU,Fasting Glucose (mg/dL),LBXSASSI,AST Liver Enzyme (U/L),TwoSided-TwoSided,AND,2572,861.0,0.3257491675915649,0.4074074074074074,0.2432432432432432,0.5,1.423833578164242,0.6681419703359711,2.068936170212766,0.3527810865051421,0.002381458330181,-0.4075053968924318,0.0048003132600973,0.7821988463338424,0.0039128888350452,0.6950526220146079,1.0,False,False
high_cholesterol_binary,High Cholesterol,LBXGLU,Fasting Glucose (mg/dL),LBXPLTSI,Platelet Count (10^3/uL),High-Low,OR,2637,876.0,0.2929199444701527,0.6244343891402715,0.3925233644859813,0.5121951219512195,4.002046420182524,1.5623021165029167,2.530482992280594,1.389657624942897,2.7705695374508317e-21,0.4445268959700212,0.0026249147835041,-0.9041498091611956,0.0152097027972597,1.0,1.0,False,False
high_cholesterol_binary,High Cholesterol,LBXIN,Insulin (uIU/mL),LBXTC,Total Cholesterol (mg/dL),High-High,XOR,2579,863.0,0.2927884615384615,0.3877551020408163,0.6431535269709544,0.3076923076923077,1.5319811729564292,4.340111054735474,1.1436034713527048,0.4251210503958249,0.0023407807709415,1.4709572735572785,7.163092173472311e-25,-1.825129087277892,0.0038467415125384,0.6950526220146079,1.0,False,False
high_cholesterol_binary,High Cholesterol,LBXIN,Insulin (uIU/mL),LBDLDL,LDL Cholesterol (mg/dL),High-High,XOR,2555,846.0,0.2924345295829292,0.3801652892561983,0.620253164556962,0.2857142857142857,1.4863875455193545,3.941579277419473,1.036454018227009,0.3947426347483848,0.0051155977499762,1.3742122682440716,4.674021256958709e-22,-1.8016562830710117,0.0038139476147631,0.6950526220146079,1.0,False,False
high_cholesterol_binary,High Cholesterol,LBXIN,Insulin (uIU/mL),LBDLDL,LDL Cholesterol (mg/dL),High-Low,AND,2555,846.0,0.3266283524904214,0.3423423423423423,0.3222748815165877,0.5882352941176471,1.0761204665641526,0.983729626935202,2.9135531135531134,0.0706011331051423,0.6354949850910103,-0.0198625105566523,0.8977189754919188,1.0294107359173903,0.0113465744168045,1.0,1.0,False,False
high_cholesterol_binary,High Cholesterol,LBXIN,Insulin (uIU/mL),LBXSATSI,ALT Liver Enzyme (U/L),High-High,XOR,2576,862.0,0.3195682778038479,0.4123711340206185,0.4331550802139037,0.3125,1.4963812806966394,1.6287704215018652,0.980495766938429,0.4015847155444935,0.008701626791327,0.4867665898254791,0.0016543555226902,-0.9210521364691352,0.0073182736221544,0.918048129919605,1.0,False,False
high_cholesterol_binary,High Cholesterol,LBXIN,Insulin (uIU/mL),LBXSCA,Calcium (mg/dL),High-High,AND,2575,863.0,0.3247543284978942,0.3662551440329218,0.3833333333333333,0.7333333333333333,1.204034939340775,1.295550885077176,5.311655067594592,0.1836913655855777,0.1924542101334433,0.2565839015519919,0.1090378324384502,1.3033332428079776,0.035509994019862,1.0,1.0,False,False
high_cholesterol_binary,High Cholesterol,LBXTC,Total Cholesterol (mg/dL),LBXTR,Triglycerides (mg/dL),High-High,OR,2589,865.0,0.2853817504655493,0.6338797814207651,0.5,0.5972222222222222,4.319737993902623,2.502852485737572,3.690646885748622,1.4668182958004845,7.048205726787143e-20,0.917920724085086,2.6573430360027412e-09,-1.0729140100933958,0.0009331687510173,0.3740073926250838,1.0,False,False
high_cholesterol_binary,High Cholesterol,LBXTC,Total Cholesterol (mg/dL),LBXSATSI,ALT Liver Enzyme (U/L),High-High,OR,5383,1761.0,0.2964732650739476,0.567741935483871,0.3524229074889868,0.4927536231884058,3.1142200660371344,1.2929698871329185,2.305628940501467,1.1367930276697076,2.3002889719812542e-30,0.2557428804776124,0.0136062259387146,-0.5573746124381046,0.0452526744064181,1.0,1.0,False,False
high_cholesterol_binary,High Cholesterol,LBDLDL,LDL Cholesterol (mg/dL),LBXSATSI,ALT Liver Enzyme (U/L),High-High,OR,2555,846.0,0.2933844678811121,0.6160714285714286,0.3807339449541284,0.4814814814814814,3.8545381620856434,1.4834942390240229,2.241323011963406,1.3519091791406528,1.5741416902879163e-20,0.3925686195951244,0.007796382362432,-0.9395829806525432,0.0306736549276499,1.0,1.0,False,False
high_cholesterol_binary,High Cholesterol,LBDLDL,LDL Cholesterol (mg/dL),LBXHGB,Hemoglobin (g/dL),Low-Low,AND,2565,848.0,0.3294006606890042,0.3254716981132075,0.308080808080808,0.5555555555555556,0.9856287365409702,0.9102336174920284,2.5284267152556343,-0.0178411003279198,0.9075881909087616,-0.0982100363200852,0.5411437281887372,1.0500917132969427,0.0086204795103846,1.0,1.0,False,False
high_cholesterol_binary,High Cholesterol,LBXSAPSI,Alkaline Phosphatase (U/L),LBXSUA,Uric Acid (mg/dL),High-High,XOR,5385,1762.0,0.309631985461154,0.3883089770354906,0.4301552106430155,0.3584905660377358,1.4165037741707165,1.6837956287538138,1.259976722309912,0.3474144259163942,0.0004650244749453,0.5206224353883689,2.2400267727736723e-07,-0.6481180455342237,0.041355015259177,1.0,1.0,False,False
high_cholesterol_binary,High Cholesterol,LBXSAPSI,Alkaline Phosphatase (U/L),LBXSNASI,Sodium (mmol/L),High-Low,AND,5387,1762.0,0.3177570093457944,0.3668032786885246,0.3573407202216066,0.5909090909090909,1.2449918941827545,1.1956650520698078,3.074941584917084,0.2181434454752392,0.0279446613323745,0.1771739492275917,0.1214676057092335,0.7365063019547151,0.0305317751395774,1.0,1.0,False,False
high_cholesterol_binary,High Cholesterol,LBXSAPSI,Alkaline Phosphatase (U/L),LBXSKSI,Potassium (mmol/L),High-Low,AND,5385,1760.0,0.3222416812609457,0.3742454728370221,0.2912280701754386,0.5428571428571428,1.259031413255865,0.8671160577668784,2.485229202037352,0.229442696954763,0.0191572521044043,-0.1459381541838108,0.2767153953354622,0.8318346495765029,0.0271325653045001,1.0,1.0,False,False
high_cholesterol_binary,High Cholesterol,LBXSBU,BUN Kidney (mg/dL),LBXSKSI,Potassium (mmol/L),High-High,OR,5383,1760.0,0.2955210443394103,0.5606796116504854,0.3737623762376237,0.5241935483870968,3.0398908977654173,1.4243551827517158,2.623662483645914,1.1126390884873707,1.9393066256615844e-26,0.3526087573188067,0.0010908224624322,-0.4996796105848571,0.031287654869854,1.0,1.0,False,False
high_cholesterol_binary,High Cholesterol,LBXSBU,BUN Kidney (mg/dL),LBXPLTSI,Platelet Count (10^3/uL),High-Low,OR,5383,1762.0,0.294755877034358,0.5616113744075829,0.3806146572104019,0.5263157894736842,3.062667172208166,1.4717136651517642,2.65545518160496,1.120100854373736,2.700457985007734e-27,0.385456399540296,0.0002561195949164,-0.5278001999392757,0.0256248235220271,1.0,1.0,False,False
high_cholesterol_binary,High Cholesterol,LBXSUA,Uric Acid (mg/dL),LBXHGB,Hemoglobin (g/dL),High-Low,AND,5383,1762.0,0.3196758217019361,0.4026548672566372,0.2935779816513761,0.6037735849056604,1.4355577590093829,0.8862842483043785,3.21639940080057,0.3608467203157988,0.000360967900765,-0.1228075268165792,0.2641263907419633,0.938436263814462,0.0030248572263057,0.6266225130231325,1.0,False,False
high_cholesterol_binary,High Cholesterol,LBXSKSI,Potassium (mmol/L),LBXHSCRP,hs-CRP Inflammation (mg/L),High-High,AND,5371,1755.0,0.3194508009153318,0.3900862068965517,0.3054393305439331,0.5423728813559322,1.3636301638449868,0.938467005322113,2.5172346450541943,0.3093469773203713,0.0020948774412631,-0.0652315035103689,0.532361478397972,0.6820804066831782,0.0216809666917425,1.0,1.0,False,False
high_cholesterol_binary,High Cholesterol,LBXSKSI,Potassium (mmol/L),LBXWBCSI,WBC Count (10^3/uL),High-High,AND,5383,1759.0,0.319275727710291,0.3933747412008281,0.3042596348884381,0.5909090909090909,1.3835965106918284,0.9339687434224924,3.053491597086861,0.3239537211603586,0.0010232371225501,-0.0699928950527445,0.4973549286936772,0.8708662120346431,0.0096844499540036,1.0,1.0,False,False
high_cholesterol_binary,High Cholesterol,LBXSCA,Calcium (mg/dL),LBXWBCSI,WBC Count (10^3/uL),Low-High,AND,5383,1762.0,0.3306581059390048,0.2969072164948453,0.3144016227180527,0.4772727272727273,0.8563864691150013,0.9297461273996552,1.8516685718499943,-0.156859124698296,0.1332162996504892,-0.074410725554552,0.466589160013265,0.8455081250563415,0.0113091095070158,1.0,1.0,False,False
high_cholesterol_binary,High Cholesterol,LBXSAL,Albumin (g/dL),LBXPLTSI,Platelet Count (10^3/uL),High-High,XNOR,5386,1762.0,0.3416314736608135,0.2057142857142857,0.2821011673151751,0.3478260869565217,0.5015982834873233,0.7587379121423149,1.056648308418568,-0.6949227433854337,3.1752832130854177e-07,-0.2780306503308044,0.0069103453831062,1.0003769855830125,0.0328398363349129,1.0,1.0,False,False
arthritis_binary,Arthritis,systolic_bp,Systolic BP (mmHg),BMXWAIST,Waist Circumference (cm),High-High,OR,4748,1441.0,0.2693402328589909,0.4596577017114914,0.448441247002398,0.4385964912280701,2.307915632189638,2.2060362629821206,2.127840762214262,0.8362517913103598,2.444361807819345e-15,0.7910018379295554,4.7565535019894336e-14,-0.8761411771732772,0.0038903578471552,0.6950526220146079,1.0,False,False
arthritis_binary,Arthritis,systolic_bp,Systolic BP (mmHg),LBXGH,"Glycohemoglobin (HbA1c, %)",High-High,OR,4766,1484.0,0.2793667007150153,0.4858611825192802,0.4435897435897435,0.3943661971830985,2.4373226367612264,2.057114202149725,1.6895606559442984,0.8910347979424381,1.1560328297188663e-16,0.7209993903881522,2.4238649563246004e-11,-1.0934246444181164,0.0001211218169585,0.10396762799305263,1.0,False,False
arthritis_binary,Arthritis,systolic_bp,Systolic BP (mmHg),LBXSUA,Uric Acid (mg/dL),High-High,OR,4667,1456.0,0.2835820895522388,0.4844559585492228,0.3975,0.4354838709677419,2.3736949665349343,1.6680539353238537,1.956459569600343,0.864565823871545,1.184317460348107e-15,0.5108693004710275,2.388322420593175e-06,-0.7081842880862065,0.0167911411710102,1.0,1.0,False,False
arthritis_binary,Arthritis,systolic_bp,Systolic BP (mmHg),LBXSUA,Uric Acid (mg/dL),TwoSided-TwoSided,XOR,4667,1456.0,0.3003257328990228,0.3423019431988042,0.344055944055944,0.2769953051643192,1.2134049444921235,1.2227855846183595,0.8969277589216021,0.1926945087140937,0.0332299269475371,0.2004759995582446,0.0227481162480327,-0.5068384347080873,0.0091639605631766,1.0,1.0,False,False
arthritis_binary,Arthritis,systolic_bp,Systolic BP (mmHg),LBXHSCRP,hs-CRP Inflammation (mg/L),High-High,OR,4663,1452.0,0.281767955801105,0.4823232323232323,0.4053398058252427,0.4259259259259259,2.374690186915357,1.7386546260120337,1.9011102963506137,0.8649722666394789,5.662856699689829e-16,0.552444419603285,2.2068272863616794e-07,-0.7802008570675032,0.0123409317334112,1.0,1.0,False,False
arthritis_binary,Arthritis,systolic_bp,Systolic BP (mmHg),LBXHGB,Hemoglobin (g/dL),Low-High,XNOR,4777,1487.0,0.3356269113149847,0.1619718309859155,0.230392156862745,0.3684210526315789,0.3847533870304269,0.594682080227342,1.1874762808349146,-0.9607855649921584,1.4843824069115522e-12,-0.5232544914480285,1.892415591264141e-05,1.627887267897721,0.0013642627146024,0.4385130154079143,1.0,False,False
arthritis_binary,Arthritis,diastolic_bp,Diastolic BP (mmHg),BMXBMI,Body Mass Index (kg/m2),High-Low,XNOR,4920,1503.0,0.3205992509363295,0.2729411764705882,0.2021505376344086,0.36,0.7975161786706292,0.538948441585589,1.2198709555657783,-0.2287318312580408,0.0448712839687573,-0.6218880258040909,2.3654075071665075e-07,1.0262749666919104,0.0217263367566088,1.0,1.0,False,False
arthritis_binary,Arthritis,diastolic_bp,Diastolic BP (mmHg),LBXSUA,Uric Acid (mg/dL),TwoSided-TwoSided,XOR,4667,1456.0,0.300392670157068,0.3411420204978038,0.3382749326145552,0.2903225806451613,1.2067635488784312,1.1913642427528186,0.9576586107373588,0.1872195717658356,0.0371659934700746,0.1744375123017634,0.0450842423311774,-0.410046259125195,0.0408077518546191,1.0,1.0,False,False
arthritis_binary,Arthritis,diastolic_bp,Diastolic BP (mmHg),LBXPLTSI,Platelet Count (10^3/uL),TwoSided-TwoSided,AND,4777,1487.0,0.2984644913627639,0.2949438202247191,0.3426294820717131,0.4623655913978494,0.9843268925858124,1.2258581113254423,2.0224293636264314,-0.0168720414037162,0.8529163153012039,0.2030223699234717,0.0184593656402345,0.5176473293162053,0.0062261233964533,0.8755486026262452,1.0,False,False
arthritis_binary,Arthritis,BMXBMI,Body Mass Index (kg/m2),LBXTC,Total Cholesterol (mg/dL),High-Low,XOR,4849,1496.0,0.2888269571826704,0.4541176470588235,0.3483412322274881,0.2909090909090909,2.048719435448516,1.3179377338719367,1.0282798461700675,0.7170408522119178,4.397877070048376e-12,0.2747495240855074,0.0109890328787286,-0.981675265213948,0.002985237801863,0.6266225130231325,1.0,False,False
arthritis_binary,Arthritis,BMXBMI,Body Mass Index (kg/m2),LBXTC,Total Cholesterol (mg/dL),TwoSided-TwoSided,XOR,4849,1496.0,0.2968900288554024,0.3341935483870967,0.3415265200517464,0.2582417582417582,1.1894857714838292,1.229061750115321,0.8299396809402526,0.1728728099896836,0.0435387843630859,0.2056526003675017,0.0160010267121684,-0.5715010733138473,0.0051697897843823,0.8308590724900125,1.0,False,False
arthritis_binary,Arthritis,BMXBMI,Body Mass Index (kg/m2),LBXSAL,Albumin (g/dL),High-Low,OR,4829,1493.0,0.2907628564465025,0.4497487437185929,0.3669354838709677,0.375,1.994229372655414,1.4167255171863469,1.4728334584610534,0.6899960140918764,9.111520897967291e-11,0.3462956392361638,0.0109827442653563,-0.6554353390264093,0.022107804618742,1.0,1.0,False,False
arthritis_binary,Arthritis,BMXBMI,Body Mass Index (kg/m2),LBXPLTSI,Platelet Count (10^3/uL),TwoSided-TwoSided,AND,4939,1522.0,0.2964808470881345,0.2860927152317881,0.3413654618473896,0.4380530973451327,0.9519492871546756,1.2306428447713071,1.851229478668108,-0.0503246815481945,0.5731476341861754,0.2068973103427554,0.0165073262817153,0.4584726165580749,0.0102681112789131,1.0,1.0,False,False
arthritis_binary,Arthritis,BMXWAIST,Waist Circumference (cm),LBXSAPSI,Alkaline Phosphatase (U/L),High-High,OR,4647,1425.0,0.2797571918712061,0.46,0.3924050632911392,0.4126984126984127,2.1933649320062325,1.664131872052664,1.8188087380166589,0.7853236835270453,1.7907806486755217e-13,0.5084525271794806,3.232247620473136e-06,-0.7009312517270431,0.0177959656744532,1.0,1.0,False,False
arthritis_binary,Arthritis,BMXWAIST,Waist Circumference (cm),LBXSUA,Uric Acid (mg/dL),High-High,OR,4647,1425.0,0.2809486578055772,0.4558011049723757,0.3948126801152737,0.4455445544554455,2.1440807966995887,1.6713247593594076,2.060502746768086,0.7625025679109353,7.915124150839619e-12,0.5126342178589995,9.140802674647002e-06,-0.5540651639864208,0.0292211008594334,1.0,1.0,False,False
arthritis_binary,Arthritis,LBXGH,"Glycohemoglobin (HbA1c, %)",LBXGLU,Fasting Glucose (mg/dL),High-High,OR,2424,767.0,0.2950513538748833,0.5128205128205128,0.5660377358490566,0.4473684210526316,2.510611128002432,3.099503826423345,1.9354138958095275,0.9222688300496636,0.0044013727115682,1.1366787013951192,5.2842465046241e-05,-1.3992810894498764,0.0018972417632369,0.5122552760739629,1.0,False,False
arthritis_binary,Arthritis,LBXGH,"Glycohemoglobin (HbA1c, %)",LBDLDL,LDL Cholesterol (mg/dL),TwoSided-TwoSided,AND,2359,748.0,0.3152741514360313,0.2615803814713896,0.3398876404494382,0.4615384615384615,0.7715133474644864,1.1198795934632688,1.8632848605759995,-0.2621946746681405,0.0451479161352342,0.111780986196306,0.369937584184305,0.7718389633883,0.0031523109623234,0.6266225130231325,1.0,False,False
arthritis_binary,Arthritis,LBXGH,"Glycohemoglobin (HbA1c, %)",LBXSBU,BUN Kidney (mg/dL),High-High,OR,4896,1524.0,0.2745721271393643,0.4266666666666667,0.5645645645645646,0.5408163265306123,1.967185946304276,3.421889743789734,3.105703819989534,0.6760834526585424,8.307224149829176e-10,1.2312558859617526,2.4231568811934947e-26,-0.7721622492861147,0.0025394833025428,0.5945227201333351,1.0,False,False
arthritis_binary,Arthritis,LBXGH,"Glycohemoglobin (HbA1c, %)",LBXSNASI,Sodium (mmol/L),High-Low,OR,4899,1525.0,0.290737148399612,0.4707379134860051,0.3741721854304636,0.35,2.1698899321559844,1.460785661571829,1.3239921395819685,0.7746243500154502,3.913413679324866e-13,0.3774474082911414,0.002289631592678,-0.8793043620743717,0.0019376302331778,0.5129021205470647,1.0,False,False
arthritis_binary,Arthritis,LBXGLU,Fasting Glucose (mg/dL),LBXWBCSI,WBC Count (10^3/uL),TwoSided-TwoSided,AND,2427,767.0,0.3058007566204287,0.2902374670184696,0.3464788732394366,0.4579439252336448,0.9302480658961458,1.2051449010553357,1.919749663313,-0.0744057680242264,0.5536205094115095,0.1852722294913037,0.135579856230918,0.5403360718823268,0.0352604875262771,1.0,1.0,False,False
arthritis_binary,Arthritis,LBXTC,Total Cholesterol (mg/dL),LBXSUA,Uric Acid (mg/dL),Low-High,AND,4896,1523.0,0.2996489468405215,0.3151658767772511,0.380281690140845,0.55,1.0775360104710452,1.4355779668400483,2.8465001330747883,0.072892541688888,0.5088392783095615,0.3606173336656342,0.000639481267403,0.6161309216871951,0.0394185938008539,1.0,1.0,False,False
arthritis_binary,Arthritis,LBDHDD,HDL Cholesterol (mg/dL),LBXSNASI,Sodium (mmol/L),Low-Low,AND,4899,1524.0,0.3094312105007292,0.2729528535980149,0.3473053892215569,0.5208333333333334,0.840045642767755,1.189660919338855,2.421146279728341,-0.1769124599278687,0.1298465245856326,0.1718749116140578,0.1512828100608364,0.8911989405496442,0.007294873418963,0.918048129919605,1.0,False,False
arthritis_binary,Arthritis,LBDLDL,LDL Cholesterol (mg/dL),LBXTR,Triglycerides (mg/dL),High-Low,AND,2361,748.0,0.3312335958005249,0.3185840707964602,0.1866666666666666,0.6,0.9470567585781016,0.4674329749892669,2.825494853523357,-0.0576755098066779,0.7021890392725262,-0.7692055609671566,1.5313562876391842e-05,1.934957152472895,0.0397421777393165,1.0,1.0,False,False
arthritis_binary,Arthritis,LBXTR,Triglycerides (mg/dL),LBXSAPSI,Alkaline Phosphatase (U/L),High-Low,AND,2375,753.0,0.3225974025974026,0.3558558558558558,0.2149532710280373,0.5,1.1628352221920104,0.5792366033168532,2.0989541432019307,0.148463882760235,0.3171665164680752,-0.5534619223610432,0.0014140778307373,1.1468587001539283,0.0476825033846726,1.0,1.0,False,False
arthritis_binary,Arthritis,LBXTR,Triglycerides (mg/dL),LBXSUA,Uric Acid (mg/dL),Low-High,AND,2374,753.0,0.3219461697722567,0.1581395348837209,0.413953488372093,0.6666666666666666,0.4001659530684722,1.4894645776783022,3.97652833556448,-0.9272941831936456,1.579923018583586e-06,0.3971967862366806,0.006807424641933,1.968086900972929,0.0027341004659517,0.6050878080384909,1.0,False,False
arthritis_binary,Arthritis,LBXTR,Triglycerides (mg/dL),LBXSKSI,Potassium (mmol/L),High-High,AND,2375,754.0,0.3091545772886443,0.3349056603773584,0.3546099290780142,0.6521739130434783,1.128653901637097,1.2327683316325857,4.073089543012031,0.1179946826147487,0.4416544503564423,0.2052381948628972,0.2609404587902264,1.1094504778963297,0.0253468863770372,1.0,1.0,False,False
arthritis_binary,Arthritis,LBXSATSI,ALT Liver Enzyme (U/L),LBXSAPSI,Alkaline Phosphatase (U/L),Low-High,AND,4901,1524.0,0.3036238981390793,0.2822822822822823,0.3787878787878788,0.6818181818181818,0.9047643089568402,1.3997434414594394,4.738922477495634,-0.1030686373374574,0.4148851879512957,0.3354038904879425,0.0009814963501297,1.3599049312204612,0.0049998295402784,0.8283490188468421,1.0,False,False
arthritis_binary,Arthritis,LBXSASSI,AST Liver Enzyme (U/L),LBXSAPSI,Alkaline Phosphatase (U/L),Low-High,AND,4888,1519.0,0.3028642590286426,0.2904884318766066,0.3752860411899313,0.5531914893617021,0.944645988067924,1.3841301543147957,2.83645418136285,-0.0593176200154679,0.6116864657353236,0.3240900596285798,0.0019449589981912,0.7824970876742884,0.0180413819044128,1.0,1.0,False,False
arthritis_binary,Arthritis,LBXSASSI,AST Liver Enzyme (U/L),LBXSKSI,Potassium (mmol/L),High-Low,AND,4887,1519.0,0.313250120019203,0.2843373493975903,0.2888888888888888,0.5,0.8730683694389284,0.893831790576333,2.191880505553428,-0.1380793410437187,0.2251200840439284,-0.1158183720448735,0.4025620247840118,1.038865886381909,0.0058527432883027,0.8495917676568435,1.0,False,False
arthritis_binary,Arthritis,LBXSCR,Creatinine Kidney (mg/dL),LBXHGB,Hemoglobin (g/dL),Low-High,XNOR,4899,1523.0,0.3284818067754078,0.2322175732217573,0.2318501170960187,0.4444444444444444,0.620125041234516,0.619083817298131,1.6722899094033117,-0.4807719914040174,2.258663234507972e-05,-0.482834102911335,5.3579397484417474e-05,1.4555221983393616,0.0348904978946985,1.0,1.0,False,False
arthritis_binary,Arthritis,LBXSBU,BUN Kidney (mg/dL),LBXHGB,Hemoglobin (g/dL),Low-High,XNOR,4897,1523.0,0.324540174249758,0.2401215805471124,0.2279411764705882,0.3571428571428571,0.6603989188972037,0.6166790610364135,1.181039779996172,-0.419028715140581,0.0016660412557794,-0.4869887954177332,7.124028693276734e-05,1.0512151959108391,0.0151267785441962,1.0,1.0,False,False
arthritis_binary,Arthritis,LBXSUA,Uric Acid (mg/dL),LBXHGB,Hemoglobin (g/dL),High-Low,AND,4897,1523.0,0.2961576846307385,0.3764434180138568,0.3498759305210918,0.6037735849056604,1.436140480591497,1.2807771428571426,3.591627906976744,0.3609905582007165,0.0005896063791407,0.2460777030094,0.0253176347060663,0.6798075202585157,0.032270216898495,1.0,1.0,False,False
arthritis_binary,Arthritis,LBXSNASI,Sodium (mmol/L),LBXWBCSI,WBC Count (10^3/uL),High-High,AND,4900,1524.0,0.3086538461538461,0.3445692883895131,0.295045045045045,0.5862068965517241,1.1803067252658537,0.9393306153667548,3.1351498637602178,0.1634228377165574,0.219446399587489,-0.0645856327479704,0.5547267286856734,1.05588972389066,0.0105979125560394,1.0,1.0,False,False
arthritis_binary,Arthritis,LBXSCA,Calcium (mg/dL),LBXHGB,Hemoglobin (g/dL),Low-High,AND,4897,1523.0,0.3204419889502762,0.2885906040268456,0.2248803827751196,0.5,0.8630745156811319,0.6174591454357253,2.120269763956538,-0.1504976335925067,0.2545574757825626,-0.4857073886963274,6.642450453824656e-05,1.3879463671148318,0.0058292512637893,0.8495917676568435,1.0,False,False
arthritis_binary,Arthritis,LBXHSCRP,hs-CRP Inflammation (mg/L),LBXHGB,Hemoglobin (g/dL),High-Low,AND,4892,1519.0,0.2958653131963357,0.3790523690773067,0.3360655737704918,0.5697674418604651,1.4543055160928295,1.2067695679468782,3.140727728983689,0.3734929509390889,0.0005802218810947,0.1861882385893893,0.1081860548260311,0.5882865224954446,0.0277628131746135,1.0,1.0,False,False
liver_condition_binary,Liver Condition,systolic_bp,Systolic BP (mmHg),diastolic_bp,Diastolic BP (mmHg),Low-Low,XNOR,4981,270.0,0.0577573707104881,0.0328767123287671,0.032258064516129,0.0660377358490566,0.5757368161510454,0.5645574604976271,1.2272741578455957,-0.5895495700942095,0.0501626888197997,-0.6091855446110681,0.0429266221148436,1.3415372506770888,0.0194670848370563,1.0,1.0,False,False
liver_condition_binary,Liver Condition,systolic_bp,Systolic BP (mmHg),LBXGH,"Glycohemoglobin (HbA1c, %)",Low-High,AND,4764,260.0,0.0538937596699329,0.0329411764705882,0.0743243243243243,0.2352941176470588,0.6171930506297177,1.4259287721445204,5.838504375497215,-0.5141957124905042,0.0671952360038156,0.3432545193607176,0.077451941464993,1.8576263691786128,0.0050314532996623,0.8283490188468421,1.0,False,False
liver_condition_binary,Liver Condition,systolic_bp,Systolic BP (mmHg),LBXIN,Insulin (uIU/mL),High-High,AND,2260,126.0,0.0573144104803493,0.0443349753694581,0.0390243902439024,0.2,0.799778262405731,0.7047213390125382,4.46574752261956,-0.2704528537379539,0.4467749858481727,-0.4035814590689979,0.2810659010026969,2.0879206796762166,0.0056387265394043,0.8495917676568435,1.0,False,False
liver_condition_binary,Liver Condition,diastolic_bp,Diastolic BP (mmHg),BMXBMI,Body Mass Index (kg/m2),High-Low,AND,4918,264.0,0.0566650024962556,0.0475059382422802,0.0300429184549356,0.12,0.8482449057791525,0.5323562625220084,2.5842735042735043,-0.1859644678844931,0.4366848446199556,-0.6623601643488873,0.0179369128965237,1.6681591534112603,0.0194483486608302,1.0,1.0,False,False
liver_condition_binary,Liver Condition,diastolic_bp,Diastolic BP (mmHg),BMXWAIST,Waist Circumference (cm),High-Low,AND,4745,252.0,0.0562759336099585,0.0503597122302158,0.026431718061674,0.1111111111111111,0.907356031946196,0.4726930320150659,2.5353535353535355,-0.1173249294593577,0.6169690171419464,-0.7868363882179986,0.0089008773877236,1.64428662006922,0.0498873332249862,1.0,1.0,False,False
liver_condition_binary,Liver Condition,diastolic_bp,Diastolic BP (mmHg),LBXGH,"Glycohemoglobin (HbA1c, %)",Low-High,AND,4764,260.0,0.0542615817762989,0.0277777777777777,0.0716049382716049,0.1428571428571428,0.5187853818570229,1.362609171158503,3.047835051546392,-0.6971985027791255,0.0263153855250938,0.2958562453068677,0.1494710068383559,1.4677323469544912,0.005666124556168,0.8495917676568435,1.0,False,False
liver_condition_binary,Liver Condition,BMXBMI,Body Mass Index (kg/m2),LBXGH,"Glycohemoglobin (HbA1c, %)",Low-Low,AND,4926,267.0,0.0571496891439502,0.0228310502283105,0.0515873015873015,0.0925925925925925,0.4034732998297211,0.9281209548424212,1.8295059151009043,-0.9533045206416336,0.0035294314766292,-0.1082806125238566,0.7112225218933996,1.5824363294350814,0.0132669560858787,1.0,1.0,False,False
liver_condition_binary,Liver Condition,BMXBMI,Body Mass Index (kg/m2),LBXTR,Triglycerides (mg/dL),High-High,AND,2343,128.0,0.0535714285714285,0.0533980582524271,0.0392156862745098,0.2413793103448276,1.0344332855093257,0.7606901259852292,5.861788617886178,-0.0034246608813652,0.991623035292598,-0.3269934926666706,0.3829401061219285,2.056965474129044,0.0015997795213406,0.46950051169778473,1.0,False,False
liver_condition_binary,Liver Condition,LBXGH,"Glycohemoglobin (HbA1c, %)",LBXSCR,Creatinine Kidney (mg/dL),High-Low,AND,4897,270.0,0.0543640897755611,0.0726817042606516,0.0289855072463768,0.1486486486486486,1.381999709712585,0.539036627485538,3.1433899709904685,0.3099466249340267,0.1306023139339548,-0.6553916382451991,0.0295155763114229,1.4563593603038336,0.0026423232005926,0.5945227201333351,1.0,False,False
liver_condition_binary,Liver Condition,LBXGH,"Glycohemoglobin (HbA1c, %)",LBXHSCRP,hs-CRP Inflammation (mg/L),Low-Low,AND,4890,270.0,0.056023082471748,0.0505836575875486,0.0422535211267605,0.125,0.9284822847834368,0.7615499332964651,2.571835243733468,-0.1078809465609588,0.7122779710542311,-0.2965574952372899,0.2357303448283674,1.2828662140136422,0.0264457780203754,1.0,1.0,False,False
liver_condition_binary,Liver Condition,LBXGLU,Fasting Glucose (mg/dL),LBXSBU,BUN Kidney (mg/dL),TwoSided-TwoSided,AND,2375,132.0,0.0519242516799022,0.0625,0.0401459854014598,0.1354166666666666,1.2350521745753675,0.7924697892739438,2.9357075323038133,0.1965982431506366,0.4174488999434597,-0.2696103151265484,0.4100762684507858,1.1237692658936966,0.0224788388315564,1.0,1.0,False,False
liver_condition_binary,Liver Condition,LBXGLU,Fasting Glucose (mg/dL),LBXHSCRP,hs-CRP Inflammation (mg/L),Low-Low,AND,2372,132.0,0.0581874356333676,0.0204081632653061,0.0541871921182266,0.1290322580645161,0.3768064534584359,0.9629498255048916,2.6376451742090508,-1.087064181229365,0.0345770521020241,-0.0754632695508856,0.8162917506498851,2.037121775574338,0.0113703675984106,1.0,1.0,False,False
liver_condition_binary,Liver Condition,LBXIN,Insulin (uIU/mL),LBXSNASI,Sodium (mmol/L),Low-Low,AND,2375,132.0,0.0566132264529058,0.036036036036036,0.0496453900709219,0.25,0.6575993756610496,0.9253557800959664,5.974096916299559,-0.4733007633972046,0.2043529177123375,-0.1386959409507869,0.7285425733808897,2.326618125624693,0.0031944492775862,0.6266225130231325,1.0,False,False
liver_condition_binary,Liver Condition,LBXIN,Insulin (uIU/mL),LBXSNASI,Sodium (mmol/L),TwoSided-TwoSided,AND,2375,132.0,0.0575757575757575,0.0435835351089588,0.0401606425702811,0.1428571428571428,0.7618893176507966,0.7140858463859043,2.839185359527355,-0.2931600739921636,0.2652912511403803,-0.3785245259246714,0.2650663315581553,1.6752790637015738,0.002341587418631,0.5852875379063947,1.0,False,False
liver_condition_binary,Liver Condition,LBXTC,Total Cholesterol (mg/dL),LBXTR,Triglycerides (mg/dL),High-Low,AND,2384,132.0,0.058609958506224,0.0663716814159292,0.0133333333333333,0.2,1.1722539861072054,0.2516160966193139,5.331864904552129,0.1326449956127537,0.6407684651458134,-1.5276121652175598,0.0095313437395116,2.785125736471526,0.0310781775620031,1.0,1.0,False,False
liver_condition_binary,Liver Condition,LBXTC,Total Cholesterol (mg/dL),LBXSCR,Creatinine Kidney (mg/dL),Low-High,AND,4897,270.0,0.0536779324055666,0.0531645569620253,0.0555555555555555,0.1341463414634146,1.009910057135457,1.0568826179324549,2.8293577092653304,-0.0101523714640187,0.9655283911740468,0.0363676441708739,0.8745038457674513,0.9785811112772898,0.0320249385160824,1.0,1.0,False,False
liver_condition_binary,Liver Condition,LBXTC,Total Cholesterol (mg/dL),LBXSBU,BUN Kidney (mg/dL),High-Low,AND,4895,270.0,0.0554334554334554,0.0541760722347629,0.040625,0.1621621621621621,0.9931053451911618,0.7465344411685875,3.508843537414966,-0.0242742504824098,0.9124269809714768,-0.3263555510338778,0.2625359127820829,1.543944905350979,0.007005651858345,0.918048129919605,1.0,False,False
liver_condition_binary,Liver Condition,LBXTC,Total Cholesterol (mg/dL),LBXSKSI,Potassium (mmol/L),High-Low,AND,4895,270.0,0.0547779922779922,0.0561797752808988,0.0477941176470588,0.1470588235294117,1.04424350916622,0.8958267166359651,3.210467498603092,0.0267524297752174,0.9018336975703404,-0.1437473880535707,0.6228855843932042,1.2072683569104097,0.0448889277113205,1.0,1.0,False,False
liver_condition_binary,Liver Condition,LBDLDL,LDL Cholesterol (mg/dL),LBXWBCSI,WBC Count (10^3/uL),High-High,AND,2360,131.0,0.05741127348643,0.0324074074074074,0.0528846153846153,0.15,0.5852654996274258,0.9519331004066672,3.2696832579185524,-0.5980347347249806,0.1315728245081023,-0.0869190877550999,0.7891325572029987,1.7487421352764927,0.0295017937568331,1.0,1.0,False,False
liver_condition_binary,Liver Condition,LBXTR,Triglycerides (mg/dL),LBXWBCSI,WBC Count (10^3/uL),High-High,AND,2384,132.0,0.0549845837615621,0.0485436893203883,0.050251256281407,0.1515151515151515,0.9143617965560092,0.9481376940541204,3.3022439820481435,-0.1313811760940567,0.6984333922441432,-0.0950135319231823,0.7795082631725159,1.3477765004185502,0.0459457310754293,1.0,1.0,False,False
liver_condition_binary,Liver Condition,LBXSATSI,ALT Liver Enzyme (U/L),LBXSCR,Creatinine Kidney (mg/dL),Low-High,AND,4900,270.0,0.056245434623813,0.0189873417721519,0.0663615560640732,0.1,0.3505423913912974,1.2092573842562606,2.064469362998905,-1.1246715657622737,0.0070921396847823,0.1761699180711745,0.3872758921646556,1.5714183328437423,0.02465672358361,1.0,1.0,False,False
liver_condition_binary,Liver Condition,LBXSATSI,ALT Liver Enzyme (U/L),LBXSCA,Calcium (mg/dL),Low-High,AND,4898,270.0,0.0579956321281242,0.0216718266253869,0.0497630331753554,0.09375,0.384143505921697,0.8680782140043729,1.9233218923604969,-1.022189852734153,0.008408388916902,-0.1617967777857007,0.4884884883081898,1.7029453009989342,0.0238962089312191,1.0,1.0,False,False
liver_condition_binary,Liver Condition,LBXSAPSI,Alkaline Phosphatase (U/L),LBXSKSI,Potassium (mmol/L),Low-Low,AND,4898,270.0,0.0579187695265561,0.0254629629629629,0.0545454545454545,0.1,0.4429192792182116,0.9659358694658704,2.066139657444005,-0.8556875615901569,0.0061862393192379,-0.0635814306194638,0.816309155463951,1.5110944141672555,0.0394881780616148,1.0,1.0,False,False
liver_condition_binary,Liver Condition,LBXSAPSI,Alkaline Phosphatase (U/L),LBXSCA,Calcium (mg/dL),Low-High,AND,4898,270.0,0.0585596810366309,0.025522041763341,0.0495283018867924,0.1,0.4387936714708755,0.8549159819730227,2.0420382165605093,-0.8649949045617484,0.0056782205998871,-0.1770495903059649,0.4487141548755683,1.6221844514487893,0.0242406869297311,1.0,1.0,False,False
liver_condition_binary,Liver Condition,LBXSAPSI,Alkaline Phosphatase (U/L),LBXHSCRP,hs-CRP Inflammation (mg/L),Low-High,AND,4887,270.0,0.0570275044158465,0.0251141552511415,0.0649350649350649,0.125,0.4438893407175038,1.1636616519286964,2.686226192309667,-0.853385310217056,0.0063946527112817,0.1382752236312437,0.4911682364517069,1.5747033677436977,0.0281443837163438,1.0,1.0,False,False
liver_condition_binary,Liver Condition,LBXSCR,Creatinine Kidney (mg/dL),LBXSUA,Uric Acid (mg/dL),High-Low,AND,4899,270.0,0.05646999240314,0.0649350649350649,0.0296610169491525,0.1875,1.1758104770402558,0.5272933088394947,4.322727649349574,0.1486905731194612,0.4594483143213772,-0.671893074797511,0.0163879501652976,1.87278421258604,0.0096959397071204,1.0,1.0,False,False
liver_condition_binary,Liver Condition,LBXSCR,Creatinine Kidney (mg/dL),LBXSUA,Uric Acid (mg/dL),Low-High,AND,4899,270.0,0.053394355453852,0.04375,0.0772442588726513,0.2857142857142857,0.8276604488509922,1.499053907162124,8.040380047505938,-0.2093502291818735,0.3712845328371232,0.394785573721775,0.0330873886366863,1.773451466741192,0.0452031652171307,1.0,1.0,False,False
liver_condition_binary,Liver Condition,LBXSCR,Creatinine Kidney (mg/dL),LBXSNASI,Sodium (mmol/L),High-High,AND,4901,270.0,0.0535414165666266,0.0589569160997732,0.0542635658914728,0.1891891891891892,1.1250427371135825,1.0461243555079764,4.337660908790847,0.1020897340433304,0.6326281622488935,0.0141608205746037,0.9601356396477032,1.3007339290277704,0.0170579120771602,1.0,1.0,False,False
liver_condition_binary,Liver Condition,LBXSCR,Creatinine Kidney (mg/dL),LBXSAL,Albumin (g/dL),Low-High,AND,4901,270.0,0.0575487599325788,0.0442105263157894,0.0307692307692307,0.1538461538461538,0.7731706364790968,0.5502098017734969,3.5531451393301263,-0.2777231642934125,0.2331635139537822,-0.654135949807075,0.073305377452621,2.0229626178865754,0.0214930630183607,1.0,1.0,False,False
liver_condition_binary,Liver Condition,LBXSCR,Creatinine Kidney (mg/dL),LBXWBCSI,WBC Count (10^3/uL),High-Low,AND,4898,269.0,0.0541147132169576,0.0541176470588235,0.048661800486618,0.173076923076923,1.0183165560077103,0.9132778438367024,3.809036860879905,5.73154585694139e-05,0.9997971763385928,-0.111960098282934,0.6403621940748616,1.408942432615462,0.003858622246113,0.6950526220146079,1.0,False,False
liver_condition_binary,Liver Condition,LBXSUA,Uric Acid (mg/dL),LBXSKSI,Potassium (mmol/L),Low-High,AND,4896,270.0,0.05811015664477,0.0305676855895196,0.0511111111111111,0.1,0.5276664169690286,0.8891908005733785,2.0587260895286925,-0.6712193659346789,0.016449347295262,-0.1357419304171881,0.5455609174859111,1.3952845858979352,0.0472336921642203,1.0,1.0,False,False
liver_condition_binary,Liver Condition,LBXSUA,Uric Acid (mg/dL),LBXWBCSI,WBC Count (10^3/uL),High-Low,AND,4896,269.0,0.0525262631315657,0.0689655172413793,0.0485436893203883,0.1764705882352941,1.3537054338944032,0.940003328441533,4.022998463043175,0.2897962381441167,0.151513285790652,-0.0830436426479709,0.7292791879860334,1.1452882871452057,0.0165314650904452,1.0,1.0,False,False
liver_condition_binary,Liver Condition,LBXSNASI,Sodium (mmol/L),LBXSAL,Albumin (g/dL),Low-High,AND,4902,270.0,0.0564694328504787,0.0532544378698224,0.0377777777777777,0.1219512195121951,0.962497588840647,0.6731392314486085,2.5126140314385044,-0.0620199562559609,0.8052724444772523,-0.4215951023046265,0.1001172019935837,1.325463314180225,0.0255202362655089,1.0,1.0,False,False
liver_condition_binary,Liver Condition,LBXSKSI,Potassium (mmol/L),LBXHGB,Hemoglobin (g/dL),High-Low,AND,4896,269.0,0.0569651741293532,0.0452380952380952,0.0377833753148614,0.1016949152542373,0.8023750803766919,0.6694661597391317,2.007187506362877,-0.2428593361780348,0.3204703695758636,-0.4307072955422713,0.1131434461828181,1.3016972993583336,0.0202947013898058,1.0,1.0,False,False
liver_condition_binary,Liver Condition,LBXSCA,Calcium (mg/dL),LBXHGB,Hemoglobin (g/dL),Low-High,AND,4896,269.0,0.0526189332051898,0.0671140939597315,0.0599520383693045,0.2631578947368421,1.322440015867628,1.1672068830433964,6.814625716754379,0.2587365639244804,0.2843924137225395,0.1382393891388651,0.5253306466125283,1.4640300338166226,0.0164357186872217,1.0,1.0,False,False
liver_condition_binary,Liver Condition,LBXSAL,Albumin (g/dL),LBXHSCRP,hs-CRP Inflammation (mg/L),Low-Low,AND,4889,270.0,0.0551335456995834,0.063063063063063,0.047008547008547,0.2857142857142857,1.1766172949002216,0.8618026880665833,7.773634347913727,0.1428045034399559,0.5445023051991823,-0.1679912451357327,0.4630280876711171,1.9501812633476368,0.0295561696982367,1.0,1.0,False,False
liver_condition_binary,Liver Condition,LBXSAL,Albumin (g/dL),LBXHGB,Hemoglobin (g/dL),Low-High,AND,4899,269.0,0.0530266343825665,0.06006006006006,0.063231850117096,0.3333333333333333,1.1652661369721673,1.2235986338261682,9.595409146661993,0.1320057279528505,0.5836612482566474,0.1868489638353594,0.3749947653192818,1.8704747725908577,0.0155328841222787,1.0,1.0,False,False
liver_condition_binary,Liver Condition,LBXHGB,Hemoglobin (g/dL),LBXWBCSI,WBC Count (10^3/uL),High-High,AND,5013,274.0,0.0528730082085948,0.0591259640102827,0.0541176470588235,0.1578947368421052,1.146127718024656,1.0436169159156186,3.501232886363103,0.1184010989208328,0.6001906046754633,0.0245823437031792,0.9131386128484588,1.068580340197366,0.0255300195255307,1.0,1.0,False,False
thyroid_binary,Thyroid Problem,diastolic_bp,Diastolic BP (mmHg),LBXSAPSI,Alkaline Phosphatase (U/L),High-Low,AND,4670,569.0,0.1243794094591063,0.115,0.0995260663507109,0.238095238095238,0.9225991117057408,0.7856164846332143,2.344526058062259,-0.089059283138788,0.5875658499117495,-0.2509054009311716,0.13955790608791,1.1284101077701705,0.0446799266023817,1.0,1.0,False,False
thyroid_binary,Thyroid Problem,diastolic_bp,Diastolic BP (mmHg),LBXSUA,Uric Acid (mg/dL),Low-High,AND,4669,568.0,0.1197164610133893,0.162907268170426,0.0861244019138756,0.2558139534883721,1.4384762859018627,0.7010015104983213,2.599393377706631,0.3583642138707791,0.0131144174356755,-0.3667837331986229,0.0431195731392672,0.9356968262783304,0.0246476881443673,1.0,1.0,False,False
thyroid_binary,Thyroid Problem,diastolic_bp,Diastolic BP (mmHg),LBXSAL,Albumin (g/dL),High-High,AND,4672,570.0,0.1285938316779926,0.1105263157894736,0.0635294117647058,0.2195121951219512,0.8500701062465792,0.4672279932997472,1.979086294416244,-0.1719269303812202,0.3135294801523876,-0.7771657924616776,0.00014615310888,1.5940307441978214,0.0005202356484292,0.2701223559151615,1.0,False,False
thyroid_binary,Thyroid Problem,BMXBMI,Body Mass Index (kg/m2),LBXGH,"Glycohemoglobin (HbA1c, %)",Low-High,AND,4927,598.0,0.1238693467336683,0.0840336134453781,0.1334792122538293,0.2857142857142857,0.6556889042083164,1.0961222244793922,3.0286582718193658,-0.4324749166021368,0.0119594783740434,0.0857475255517918,0.5562326222619763,1.386724531809151,0.0280453751843047,1.0,1.0,False,False
thyroid_binary,Thyroid Problem,BMXBMI,Body Mass Index (kg/m2),LBXSCR,Creatinine Kidney (mg/dL),High-Low,AND,4826,585.0,0.1201224177505738,0.1061320754716981,0.1320754716981132,0.2280701754385964,0.8774046891525797,1.1220476236382917,2.22010795095738,-0.13960229930312,0.3979332151246519,0.1085401685752052,0.4740612817569146,0.8030932702801771,0.0365203100674247,1.0,1.0,False,False
thyroid_binary,Thyroid Problem,BMXBMI,Body Mass Index (kg/m2),LBXSUA,Uric Acid (mg/dL),High-Low,AND,4824,584.0,0.1210404326551635,0.111353711790393,0.1217391304347826,0.3043478260869565,0.9168956142466896,1.0133750356312945,3.297749009757511,-0.0943732985156678,0.5464372747756199,0.0065510669766008,0.9653585703895444,1.2437579125572007,0.012895383530326,1.0,1.0,False,False
thyroid_binary,Thyroid Problem,BMXBMI,Body Mass Index (kg/m2),LBXPLTSI,Platelet Count (10^3/uL),High-Low,AND,4938,600.0,0.1235617808904452,0.1101321585903083,0.1049107142857142,0.2368421052631578,0.8847745472134143,0.8384319670799719,2.2822402358142964,-0.1302669376646434,0.407983540310042,-0.1846888907281502,0.252775914047158,1.1040095106108991,0.0122257151624429,1.0,1.0,False,False
thyroid_binary,Thyroid Problem,BMXWAIST,Waist Circumference (cm),LBXSASSI,AST Liver Enzyme (U/L),Low-Low,AND,4634,556.0,0.1237870443220561,0.0674698795180722,0.125,0.2391304347826087,0.5201310803891449,1.0198861301872395,2.290915865563753,-0.6691737260833769,0.0009121451128403,0.0111363077158873,0.946762110932062,1.4576310864476474,0.0007156824145218,0.3383835109224362,1.0,False,False
thyroid_binary,Thyroid Problem,BMXWAIST,Waist Circumference (cm),LBXSCR,Creatinine Kidney (mg/dL),High-Low,AND,4647,557.0,0.1182252922422954,0.107981220657277,0.1330166270783848,0.2777777777777778,0.9105907962675374,1.1518237551069288,2.952353725938632,-0.102185326677602,0.5334075778735006,0.1347988667063925,0.3755948900926361,1.0212195444975078,0.0178826655195416,1.0,1.0,False,False
thyroid_binary,Thyroid Problem,BMXWAIST,Waist Circumference (cm),LBXHSCRP,hs-CRP Inflammation (mg/L),Low-High,AND,4642,556.0,0.1199464524765729,0.0791855203619909,0.1524663677130044,0.2631578947368421,0.6385634459787567,1.326563372109291,2.7803405989313035,-0.4605277827039482,0.0119471345875728,0.2775508508057525,0.0490552279383184,1.1462948559662711,0.0434873558692133,1.0,1.0,False,False
thyroid_binary,Thyroid Problem,BMXWAIST,Waist Circumference (cm),LBXHGB,Hemoglobin (g/dL),Low-Low,AND,4752,570.0,0.1201860945980873,0.0727699530516431,0.1572481572481572,0.2,0.5825024001216695,1.3733038147458478,1.8961292119186857,-0.5542294763100681,0.0040758242225483,0.3118217202996398,0.0313536345334098,0.846782478996446,0.0464143614893498,1.0,1.0,False,False
thyroid_binary,Thyroid Problem,LBXGH,"Glycohemoglobin (HbA1c, %)",LBXGLU,Fasting Glucose (mg/dL),High-High,XOR,2425,312.0,0.1227251516565562,0.238095238095238,0.2692307692307692,0.1329787234042553,2.3056780032112103,2.6878188225436803,1.1130511985794616,0.8037222138405491,0.0290551738586974,0.9683441935351024,0.0024387736699821,-1.680067759667983,0.0014825606452256,0.45295919108793,1.0,False,False
thyroid_binary,Thyroid Problem,LBXGH,"Glycohemoglobin (HbA1c, %)",LBXSNASI,Sodium (mmol/L),High-High,AND,4899,600.0,0.1179869973513123,0.1244444444444444,0.1648351648351648,0.391304347826087,1.069691696091389,1.4872445167147352,4.893423318921578,0.0606331531113592,0.6874217916010223,0.3889492324900225,0.022191961131149,1.1202172337937226,0.0199949811292412,1.0,1.0,False,False
thyroid_binary,Thyroid Problem,LBXGH,"Glycohemoglobin (HbA1c, %)",LBXPLTSI,Platelet Count (10^3/uL),High-Low,AND,5002,612.0,0.1225238444607483,0.1261904761904762,0.1020881670533642,0.2258064516129032,1.041689896297502,0.8217322226867784,2.139283181383684,0.0336741875913734,0.8274534522885166,-0.2054909370176985,0.2160036889538935,0.9084171902275148,0.0157157177404223,1.0,1.0,False,False
thyroid_binary,Thyroid Problem,LBXGLU,Fasting Glucose (mg/dL),LBXIN,Insulin (uIU/mL),Low-Low,XNOR,2379,306.0,0.1361097003555104,0.0697674418604651,0.0879120879120879,0.1785714285714285,0.493540321504609,0.6279967117955945,1.430948519252718,-0.7422825535608214,0.0154219985794952,-0.4914144542317573,0.0686431370142655,1.5556253161825344,0.0035202773270059,0.66934850583915,1.0,False,False
thyroid_binary,Thyroid Problem,LBXGLU,Fasting Glucose (mg/dL),LBXSAPSI,Alkaline Phosphatase (U/L),Low-Low,AND,2378,306.0,0.13510747185261,0.0714285714285714,0.1071428571428571,0.21875,0.5078022632519357,0.7829803047194351,1.8797953964194372,-0.7084146526907339,0.0129741584132554,-0.2637288314292887,0.2722942278054887,1.555712513077938,0.0057629432798438,0.8495917676568435,1.0,False,False
thyroid_binary,Thyroid Problem,LBXGLU,Fasting Glucose (mg/dL),LBXSKSI,Potassium (mmol/L),Low-High,AND,2378,307.0,0.1327655310621242,0.0821917808219178,0.130718954248366,0.4,0.5987625763459553,1.0014529860273529,4.514993481095176,-0.5362084209729242,0.0352830683849539,-0.0178921254777763,0.9426560959801268,2.0253601675325226,0.0058058582632323,0.8495917676568435,1.0,False,False
thyroid_binary,Thyroid Problem,LBXGLU,Fasting Glucose (mg/dL),LBXHSCRP,hs-CRP Inflammation (mg/L),High-High,AND,2374,305.0,0.1248710010319917,0.1206030150753768,0.125,0.3783783783783784,0.9766323024054984,1.016494845360825,4.316604518534767,-0.0396420533804046,0.8621245707452458,0.0011799411398503,0.995807940027065,1.4891153161218271,0.0012437861799369,0.4385130154079143,1.0,False,False
thyroid_binary,Thyroid Problem,LBXGLU,Fasting Glucose (mg/dL),LBXWBCSI,WBC Count (10^3/uL),Low-Low,AND,2428,312.0,0.132112815437902,0.05,0.1527093596059113,0.2083333333333333,0.3633198005503937,1.1977082486793986,1.8499400910615864,-1.062033464634561,0.0022908976049104,0.1688982422035727,0.4120088145718903,1.4405396702305282,0.0248106982532017,1.0,1.0,False,False
thyroid_binary,Thyroid Problem,LBXIN,Insulin (uIU/mL),LBXTC,Total Cholesterol (mg/dL),High-Low,AND,2377,306.0,0.1282316442605998,0.1219512195121951,0.1170731707317073,0.2727272727272727,0.958788743541582,0.9161137624645947,2.631585430953065,-0.0573956336251907,0.7977825787136514,-0.1037578085210609,0.6485257060794054,1.097009581531345,0.0282814373088791,1.0,1.0,False,False
thyroid_binary,Thyroid Problem,LBXIN,Insulin (uIU/mL),LBXTC,Total Cholesterol (mg/dL),Low-High,AND,2377,306.0,0.1305023303987571,0.0887850467289719,0.1346153846153846,0.2916666666666667,0.6634473677546783,1.050234497133924,2.85063649222065,-0.4320360098311893,0.083525354681203,0.0357722288511108,0.8672982836657208,1.4054851555452932,0.0109656995829606,1.0,1.0,False,False
thyroid_binary,Thyroid Problem,LBXIN,Insulin (uIU/mL),LBDHDD,HDL Cholesterol (mg/dL),High-Low,AND,2377,306.0,0.130126582278481,0.1195652173913043,0.0914634146341463,0.2222222222222222,0.9240627333831218,0.6919310322434004,1.9628783552255853,-0.096713864225088,0.6830355227883873,-0.3960560871942686,0.1557641111427205,1.1398470005729686,0.0191163234912359,1.0,1.0,False,False
thyroid_binary,Thyroid Problem,LBXIN,Insulin (uIU/mL),LBDLDL,LDL Cholesterol (mg/dL),Low-High,AND,2352,301.0,0.1299316149395055,0.0925925925925925,0.1296296296296296,0.3157894736842105,0.6974014958747783,1.0107065348444657,3.218630751964085,-0.3808188467208679,0.1192646642184055,-0.0026739136990869,0.9900188256705048,1.5118664111421314,0.0099865613140566,1.0,1.0,False,False
thyroid_binary,Thyroid Problem,LBXIN,Insulin (uIU/mL),LBXSASSI,AST Liver Enzyme (U/L),High-High,AND,2367,303.0,0.1263482280431433,0.1164021164021164,0.1256830601092896,0.25,0.9272198843510642,1.0106664644588097,2.363916752340993,-0.0933113025949417,0.6935984398715506,-0.0060395428411793,0.9793380540012504,0.9343786132315092,0.0448428072907419,1.0,1.0,False,False
thyroid_binary,Thyroid Problem,LBXTC,Total Cholesterol (mg/dL),LBXSBU,BUN Kidney (mg/dL),High-High,XOR,4896,598.0,0.1108901044256588,0.1434977578475336,0.2182741116751269,0.0588235294117647,1.3507191006301738,2.245937700211078,0.6161598759583082,0.2951436590264364,0.0405407035271956,0.8059286975532732,9.941149794015884e-10,-1.7919798945461514,0.0173108197013216,1.0,1.0,False,False
thyroid_binary,Thyroid Problem,LBXTC,Total Cholesterol (mg/dL),LBXPLTSI,Platelet Count (10^3/uL),Low-Low,AND,4921,604.0,0.1233217304823471,0.1207729468599033,0.0980861244019138,0.2537313432835821,0.984052979912888,0.7808287149116665,2.46133827884299,-0.0237874259757066,0.8805250103414344,-0.257329684510815,0.1330333457624536,1.1636508853474796,0.0012994117054698,0.4385130154079143,1.0,False,False
thyroid_binary,Thyroid Problem,LBDHDD,HDL Cholesterol (mg/dL),LBXSASSI,AST Liver Enzyme (U/L),High-Low,AND,4884,597.0,0.1215303825956489,0.111358574610245,0.1322115384615384,0.3,0.9129178688159788,1.1087708375090088,3.2374455115710385,-0.0989213830963835,0.530306872930391,0.0964722552649246,0.5273281853041101,1.1331682958095894,0.0334414365957277,1.0,1.0,False,False
thyroid_binary,Thyroid Problem,LBDHDD,HDL Cholesterol (mg/dL),LBXSKSI,Potassium (mmol/L),Low-Low,AND,4896,600.0,0.1256003842459173,0.0938967136150234,0.1126760563380281,0.2272727272727272,0.7289020190750137,0.8953350922484798,2.1861918406331013,-0.3265257312403832,0.0584601550987402,-0.1232610006011853,0.5239129818063484,1.166443484329964,0.040383515408186,1.0,1.0,False,False
thyroid_binary,Thyroid Problem,LBDHDD,HDL Cholesterol (mg/dL),LBXSKSI,Potassium (mmol/L),High-Low,AND,4896,600.0,0.123736157920077,0.1123853211009174,0.1070110701107011,0.2285714285714285,0.9038766105520548,0.8607676354783445,2.1870659952292604,-0.1090886997435353,0.4920667859709519,-0.1641262009945919,0.4166796986186126,1.0143352715892544,0.0328173663020075,1.0,1.0,False,False
thyroid_binary,Thyroid Problem,LBDHDD,HDL Cholesterol (mg/dL),LBXHSCRP,hs-CRP Inflammation (mg/L),Low-High,AND,4892,598.0,0.1211970074812967,0.0835443037974683,0.1550925925925926,0.2181818181818181,0.6695013644257007,1.3379228217972816,2.0817828495824027,-0.4139932872037138,0.0277971862331016,0.2859386289640508,0.0432214216254391,0.832904555489678,0.0371174169600594,1.0,1.0,False,False
thyroid_binary,Thyroid Problem,LBDLDL,LDL Cholesterol (mg/dL),LBXSAL,Albumin (g/dL),High-High,AND,2353,302.0,0.1323076923076923,0.1382488479262673,0.0595238095238095,0.2222222222222222,1.0650419084461635,0.4337386889907193,2.031948242513173,0.0507957200521191,0.8068137957165626,-0.8793029847883711,0.0082501730787284,1.456451251485434,0.0338034284281679,1.0,1.0,False,False
thyroid_binary,Thyroid Problem,LBXTR,Triglycerides (mg/dL),LBXSASSI,AST Liver Enzyme (U/L),High-Low,AND,2368,304.0,0.1310020876826722,0.1116279069767441,0.1055045871559633,0.3157894736842105,0.8472351270964293,0.7960269076080602,3.188498637802813,-0.1820921344159246,0.4222663164836366,-0.2453778793518374,0.2873573659339783,1.54640758881704,0.0083441307176261,1.0,1.0,False,False
thyroid_binary,Thyroid Problem,LBXTR,Triglycerides (mg/dL),LBXHSCRP,hs-CRP Inflammation (mg/L),High-High,AND,2372,305.0,0.1268850754030161,0.1042654028436018,0.1415094339622641,0.3461538461538461,0.8155948006539651,1.147990027173152,3.728951212386795,-0.2219191299169868,0.3459325865074713,0.125976126369699,0.5459380166312984,1.38873966861163,0.006896573991198,0.918048129919605,1.0,False,False
thyroid_binary,Thyroid Problem,LBXSATSI,ALT Liver Enzyme (U/L),LBXSAPSI,Alkaline Phosphatase (U/L),Low-High,AND,4901,599.0,0.1179926560587515,0.1024096385542168,0.1616379310344827,0.4,0.8631811909287369,1.447660412246337,5.078507772020726,-0.1591549651917487,0.3957321785249106,0.3654867666153581,0.0068306375742668,1.3997810871657208,0.0059850909690711,0.8595609370474451,1.0,False,False
thyroid_binary,Thyroid Problem,LBXSASSI,AST Liver Enzyme (U/L),LBXSCR,Creatinine Kidney (mg/dL),High-Low,AND,4888,597.0,0.1225967540574282,0.0854271356783919,0.1415313225058004,0.2037037037037037,0.6768019290908406,1.186934979674713,1.8903778019433823,-0.4027272020680556,0.0300955058492167,0.1654369994875643,0.2582887348448596,0.8420515006378226,0.0397845527578872,1.0,1.0,False,False
thyroid_binary,Thyroid Problem,LBXSASSI,AST Liver Enzyme (U/L),LBXSKSI,Potassium (mmol/L),High-High,AND,4887,597.0,0.1226840260390585,0.0891566265060241,0.1402714932126696,0.2222222222222222,0.7078682551032361,1.173579214001642,2.1308904268827007,-0.3567212220237528,0.0461332940382744,0.1542181932762702,0.2882294758030741,0.9169951212037244,0.0461451506651486,1.0,1.0,False,False
thyroid_binary,Thyroid Problem,LBXSAPSI,Alkaline Phosphatase (U/L),LBXSCR,Creatinine Kidney (mg/dL),High-High,AND,4901,599.0,0.1150287571892973,0.1513002364066193,0.1339712918660287,0.3114754098360656,1.379028056520774,1.197988692949942,3.5266142939260394,0.3159336857337169,0.0287361996811127,0.1740804697717017,0.2518118868800429,0.7571281962399772,0.0274708551518752,1.0,1.0,False,False
thyroid_binary,Thyroid Problem,LBXSAPSI,Alkaline Phosphatase (U/L),LBXSAL,Albumin (g/dL),Low-Low,AND,4901,599.0,0.1218446601941747,0.0979498861047836,0.1473354231974921,0.3043478260869565,0.7900208917581073,1.2552193162627232,3.2731795567616464,-0.2451375492974063,0.1432803111725381,0.219422081677573,0.1835458063881192,1.1741134406988774,0.0208923680109484,1.0,1.0,False,False
thyroid_binary,Thyroid Problem,LBXSAPSI,Alkaline Phosphatase (U/L),LBXHSCRP,hs-CRP Inflammation (mg/L),Low-High,AND,4888,597.0,0.1198889449772842,0.0981735159817351,0.1551724137931034,0.2916666666666667,0.8066896114410141,1.3547589865177116,3.1433077963046414,-0.2242034065665486,0.1816809164836529,0.2988865218666033,0.029405742761645,1.031495932340053,0.037669843496823,1.0,1.0,False,False
thyroid_binary,Thyroid Problem,LBXSCR,Creatinine Kidney (mg/dL),LBXHSCRP,hs-CRP Inflammation (mg/L),TwoSided-TwoSided,AND,4889,597.0,0.1168091168091168,0.1380208333333333,0.1067708333333333,0.2061855670103092,1.2140352848060867,0.907571795905374,1.9796760250666736,0.1911737689499409,0.1063184045363091,-0.1011581496867496,0.434046167316627,0.5849114632119986,0.0161814396642353,1.0,1.0,False,False
thyroid_binary,Thyroid Problem,LBXSCR,Creatinine Kidney (mg/dL),LBXHGB,Hemoglobin (g/dL),High-Low,AND,4900,599.0,0.1174587540014774,0.1324675324675324,0.1309192200557103,0.2526315789473684,1.1557564231994302,1.141034554973822,2.572262292681141,0.1374029229541058,0.3846245388741269,0.1238626971070559,0.4497655088527039,0.6708266164519487,0.0386262270749859,1.0,1.0,False,False
thyroid_binary,Thyroid Problem,LBXSKSI,Potassium (mmol/L),LBXWBCSI,WBC Count (10^3/uL),TwoSided-TwoSided,XOR,4898,600.0,0.1138138138138138,0.144215530903328,0.1446862996158771,0.1089743589743589,1.3166077376751872,1.3204606304993285,0.9756517961286544,0.2716535368190425,0.0307794666208627,0.2754628150362074,0.0170134262129019,-0.5960137710692129,0.0496401137207093,1.0,1.0,False,False
thyroid_binary,Thyroid Problem,LBXSKSI,Potassium (mmol/L),LBXPLTSI,Platelet Count (10^3/uL),High-Low,AND,4898,600.0,0.1219695076230942,0.1313868613138686,0.0985576923076923,0.2428571428571428,1.0964677083407892,0.7949019185609907,2.3526626426501114,0.0851585111973146,0.5797788970137899,-0.239443712853424,0.1625086550416082,0.9911168785728828,0.0056762865270589,0.8495917676568435,1.0,False,False
heart_attack_binary,Heart Attack,systolic_bp,Systolic BP (mmHg),BMXWAIST,Waist Circumference (cm),Low-High,AND,4750,222.0,0.0455610518094246,0.0366132723112128,0.061269146608315,0.2,0.8178260384666078,1.3862969264599068,5.849686609686611,-0.2279736569664652,0.3917763435461281,0.3128180457233218,0.1360262011183531,1.5709317045993878,0.0302419590166111,1.0,1.0,False,False
heart_attack_binary,Heart Attack,systolic_bp,Systolic BP (mmHg),LBXSCA,Calcium (mg/dL),Low-High,AND,4671,228.0,0.0503653444676409,0.0297766749379652,0.041871921182266,0.2,0.6005359364532491,0.845067385802377,4.990085956863366,-0.5470269014900919,0.0703068373771591,-0.1935919908549572,0.4540093163285084,2.2910985399324324,0.0001373950244694,0.10396762799305263,1.0,False,False
heart_attack_binary,Heart Attack,BMXBMI,Body Mass Index (kg/m2),LBXSKSI,Potassium (mmol/L),Low-Low,AND,4827,236.0,0.0509928904143172,0.0334821428571428,0.0367647058823529,0.1071428571428571,0.6639200750126543,0.7427338129496404,2.54859641698406,-0.4389574560239491,0.1067053553703834,-0.3420293398907199,0.2999529357068791,1.584453330590909,0.0328293196775153,1.0,1.0,False,False
heart_attack_binary,Heart Attack,BMXBMI,Body Mass Index (kg/m2),LBXSKSI,Potassium (mmol/L),TwoSided-TwoSided,AND,4827,236.0,0.0476044226044226,0.0323383084577114,0.0633116883116883,0.1059602649006622,0.6789357057743579,1.3642265558664273,2.4287680497383755,-0.4025751839757085,0.0619746871279545,0.3017741818027481,0.1024596039698255,0.9641697481555142,0.0110045444750843,1.0,1.0,False,False
heart_attack_binary,Heart Attack,BMXBMI,Body Mass Index (kg/m2),LBXSCA,Calcium (mg/dL),Low-High,AND,4827,236.0,0.0499113250570053,0.0304449648711943,0.0518518518518518,0.1041666666666666,0.6184880365241026,1.0618524797945712,2.401018478102721,-0.5146092261373092,0.0769918872051266,0.0401872753621644,0.8646294302989314,1.268967137742152,0.0339748720491645,1.0,1.0,False,False
heart_attack_binary,Heart Attack,BMXBMI,Body Mass Index (kg/m2),LBXHGB,Hemoglobin (g/dL),High-High,AND,4940,239.0,0.0489493201483312,0.0421286031042128,0.0419753086419753,0.1282051282051282,0.8739098149415413,0.8731023214650419,3.0900229985762784,-0.1572047370199101,0.5219019223505912,-0.1610101235092977,0.5330342464976414,1.3680741204049065,0.0209467760219832,1.0,1.0,False,False
heart_attack_binary,Heart Attack,BMXBMI,Body Mass Index (kg/m2),LBXWBCSI,WBC Count (10^3/uL),Low-High,AND,4940,239.0,0.0487012987012987,0.0281385281385281,0.0584269662921348,0.1724137931034483,0.5852282587359071,1.2309350127572407,4.374393235555091,-0.5699511223658599,0.0499705387231373,0.1923480260142016,0.3710504934103537,1.7811095863526705,0.0032837543206237,0.633295476120285,1.0,False,False
heart_attack_binary,Heart Attack,BMXWAIST,Waist Circumference (cm),LBXTR,Triglycerides (mg/dL),High-Low,AND,2264,111.0,0.0518842162752594,0.0552995391705069,0.0097087378640776,0.2,1.106036865772411,0.2222890718007143,5.348013550970126,0.0673586742693451,0.8307486387349277,-1.719510809664517,0.0166772487313613,3.171319777895035,0.0042311383896844,0.732312413599223,1.0,False,False
heart_attack_binary,Heart Attack,BMXWAIST,Waist Circumference (cm),LBXWBCSI,WBC Count (10^3/uL),Low-High,AND,4753,220.0,0.0497914494264859,0.0044843049327354,0.0544217687074829,0.1,0.1070672301732518,1.1171151170244369,2.422834084975077,-2.4538391654761518,0.0005739702372392,0.0938058249452717,0.6735301470884357,3.111646979590789,0.0011942534243385,0.435741114285669,1.0,False,False
heart_attack_binary,Heart Attack,LBXGH,"Glycohemoglobin (HbA1c, %)",LBXGLU,Fasting Glucose (mg/dL),TwoSided-TwoSided,AND,2425,127.0,0.0499419279907084,0.0134529147982062,0.0652173913043478,0.092,0.3003027800715662,1.3607687458927349,1.954278091850346,-1.3493530367750664,0.0225816810438976,0.2830743938837319,0.3274390601182091,1.722485062248266,0.0119260797352016,1.0,1.0,False,False
heart_attack_binary,Heart Attack,LBXGH,"Glycohemoglobin (HbA1c, %)",LBDLDL,LDL Cholesterol (mg/dL),Low-High,XNOR,2359,125.0,0.0613529103303618,0.004524886877828,0.0276497695852534,0.0714285714285714,0.10366189028803,0.468316483074292,1.693144208037825,-2.66583058231532,0.0081012888648518,-0.8323017002109675,0.05011611349715,3.660979889101794,0.0149255120952933,1.0,1.0,False,False
heart_attack_binary,Heart Attack,LBXGH,"Glycohemoglobin (HbA1c, %)",LBDLDL,LDL Cholesterol (mg/dL),TwoSided-TwoSided,AND,2359,125.0,0.0482713633398564,0.0354223433242506,0.0646067415730337,0.145631067961165,0.7460455694285364,1.3804473602125111,3.431122739165055,-0.3229061003536221,0.2921112297694537,0.3087931812673204,0.2100028682689976,1.22626776102892,0.0087000812158571,1.0,1.0,False,False
heart_attack_binary,Heart Attack,LBXGH,"Glycohemoglobin (HbA1c, %)",LBXSAPSI,Alkaline Phosphatase (U/L),High-High,OR,4901,243.0,0.0413776015857284,0.1031746031746031,0.0769230769230769,0.0721649484536082,2.687802519068868,1.9544952077338689,1.914488331821555,0.9803190810329544,1.5025819740624713e-07,0.6578508924957576,0.0013915165670134,-1.0493119525199055,0.0269284590795164,1.0,1.0,False,False
heart_attack_binary,Heart Attack,LBXGH,"Glycohemoglobin (HbA1c, %)",LBXSKSI,Potassium (mmol/L),Low-Low,AND,4900,243.0,0.0524849047840223,0.0138888888888888,0.0347222222222222,0.1666666666666666,0.2849544338272093,0.6792181387993865,4.068005411949014,-1.3693626089153943,0.0070402864882001,-0.4317187525706698,0.1895007386946231,3.0849607171778857,0.000408490158426,0.22977571411462497,1.0,False,False
heart_attack_binary,Heart Attack,LBXGH,"Glycohemoglobin (HbA1c, %)",LBXSCA,Calcium (mg/dL),Low-High,AND,4900,243.0,0.0510105871029836,0.0173010380622837,0.0547945205479452,0.1176470588235294,0.3588504083531479,1.097171645497765,2.99392789373814,-1.1161718846765918,0.014506055889302,0.0755522975731454,0.7330077894987436,1.9490810076116956,0.0312874552544827,1.0,1.0,False,False
heart_attack_binary,Heart Attack,LBXGH,"Glycohemoglobin (HbA1c, %)",LBXSCA,Calcium (mg/dL),TwoSided-TwoSided,AND,4900,243.0,0.0475367329299913,0.0547945205479452,0.0385802469135802,0.1370967741935483,1.1733356342344927,0.8170981957907437,3.2523712499121764,0.1497366610030191,0.4284055138129349,-0.2181218894388636,0.3192912647230399,1.2263185425105425,0.0013060414664984,0.4385130154079143,1.0,False,False
heart_attack_binary,Heart Attack,LBXGH,"Glycohemoglobin (HbA1c, %)",LBXHGB,Hemoglobin (g/dL),Low-High,AND,5005,245.0,0.0512400561534861,0.0140845070422535,0.0454545454545454,0.1034482758620689,0.2964077326934087,0.9018362930884564,2.4402372458847297,-1.3298610053163475,0.0088910861853947,-0.1258882009904114,0.6071486208918795,2.214899193686398,0.0074613390910549,0.918048129919605,1.0,False,False
heart_attack_binary,Heart Attack,LBXGLU,Fasting Glucose (mg/dL),LBXHGB,Hemoglobin (g/dL),Low-High,AND,2428,127.0,0.0544629349470499,0.0259740259740259,0.0541871921182266,0.1818181818181818,0.4982578397212543,1.0326530612244895,4.548872180451127,-0.7701082216960742,0.0701992307550559,-0.0053673879491202,0.9868412437824436,2.125630924149211,0.0240999400360823,1.0,1.0,False,False
heart_attack_binary,Heart Attack,LBXIN,Insulin (uIU/mL),LBXSASSI,AST Liver Enzyme (U/L),High-High,XOR,2367,126.0,0.0457113507960965,0.101063829787234,0.092391304347826,0.0208333333333333,2.388935581153903,2.1695155507379305,0.655748309320788,0.8531598138850103,0.0012943521262087,0.7538390812811043,0.0064499395562447,-2.41852694723453,0.024510730935352,1.0,1.0,False,False
heart_attack_binary,Heart Attack,LBXIN,Insulin (uIU/mL),LBXSBU,BUN Kidney (mg/dL),Low-Low,AND,2374,126.0,0.0560040363269424,0.0336538461538461,0.0324675324675324,0.1,0.6247426810134751,0.6174992876104204,2.136241337138198,-0.5326966340420074,0.1793370299071756,-0.5698102685496034,0.2204570359416534,1.729980450217147,0.0435251449831308,1.0,1.0,False,False
heart_attack_binary,Heart Attack,LBXIN,Insulin (uIU/mL),LBXSNASI,Sodium (mmol/L),TwoSided-TwoSided,AND,2377,126.0,0.0496668685645063,0.0485436893203883,0.0557768924302788,0.1587301587301587,0.9936228527311328,1.1614800637958531,3.733729821580289,-0.0240550607676926,0.9250498927612488,0.1224716939489069,0.6805376477445493,1.185351051729489,0.0200658357811498,1.0,1.0,False,False
heart_attack_binary,Heart Attack,LBXIN,Insulin (uIU/mL),LBXSCA,Calcium (mg/dL),Low-Low,AND,2374,126.0,0.0561172901921132,0.0357142857142857,0.0316455696202531,0.1428571428571428,0.6575772325728312,0.6001226975942507,3.349775784753364,-0.4732789237749394,0.2045702122626731,-0.5984420667289451,0.1979541344422832,2.10251946350522,0.0291587872214332,1.0,1.0,False,False
heart_attack_binary,Heart Attack,LBXIN,Insulin (uIU/mL),LBXHSCRP,hs-CRP Inflammation (mg/L),Low-High,AND,2374,126.0,0.0539267015706806,0.0352422907488986,0.0572687224669603,0.2,0.676273480571787,1.0991182730313167,5.136402387041773,-0.4449358857740718,0.2340971668758092,0.063667644802279,0.8336145557777,1.859668182214496,0.0432436074606687,1.0,1.0,False,False
heart_attack_binary,Heart Attack,LBXTC,Total Cholesterol (mg/dL),LBXWBCSI,WBC Count (10^3/uL),High-High,AND,4924,243.0,0.0502237692690203,0.0232558139534883,0.0617577197149643,0.0980392156862745,0.4711058263971462,1.2641382216603456,2.231541218637993,-0.7979316140839534,0.0149902712326838,0.2189487773197756,0.3084015849940646,1.299517356908598,0.0327239316677426,1.0,1.0,False,False
heart_attack_binary,Heart Attack,LBDHDD,HDL Cholesterol (mg/dL),LBXSASSI,AST Liver Enzyme (U/L),Low-High,XOR,4888,243.0,0.0447944868323898,0.0911528150134048,0.0687830687830687,0.0135135135135135,2.1613049004377918,1.59890799572525,0.4340508806262231,0.7602018615278231,9.863410689238447e-05,0.4543068067154966,0.0362293053337015,-2.445126665099598,0.019352653674534,1.0,1.0,False,False
heart_attack_binary,Heart Attack,LBDLDL,LDL Cholesterol (mg/dL),LBXSUA,Uric Acid (mg/dL),TwoSided-TwoSided,AND,2350,125.0,0.0491909385113268,0.0700808625336927,0.032069970845481,0.1318681318681318,1.4733501697833018,0.6643766278441201,3.0203066551568214,0.3761559568776672,0.10936703008042,-0.4456358602305724,0.1746105162471269,1.1465425365614297,0.0205670505318372,1.0,1.0,False,False
heart_attack_binary,Heart Attack,LBXSATSI,ALT Liver Enzyme (U/L),LBXSAPSI,Alkaline Phosphatase (U/L),High-Low,AND,4905,243.0,0.0540336768032168,0.0302375809935205,0.0272727272727272,0.0869565217391304,0.5635057256193399,0.5095880249183062,2.0312415690929693,-0.6053660855493888,0.030800080971456,-0.711617073216189,0.0180610587486837,1.828207374179707,0.030246718693974,1.0,1.0,False,False
heart_attack_binary,Heart Attack,LBXSATSI,ALT Liver Enzyme (U/L),LBXHSCRP,hs-CRP Inflammation (mg/L),Low-High,AND,4892,243.0,0.0499878078517434,0.0363036303630363,0.0481651376146789,0.1153846153846153,0.7454779878137542,0.981138428475644,2.6504722287627867,-0.3341628438458961,0.2893560535415236,-0.0390603968832589,0.8679151840009102,1.281036999092131,0.0275407332212799,1.0,1.0,False,False
heart_attack_binary,Heart Attack,LBXSASSI,AST Liver Enzyme (U/L),LBXSAPSI,Alkaline Phosphatase (U/L),High-Low,AND,4892,243.0,0.0514742628685657,0.0536130536130536,0.022883295194508,0.1666666666666666,1.0628467785888511,0.4515611061552185,4.035729049784444,0.0429680472676531,0.8491872578547741,-0.840371929294342,0.0103595649927507,2.101792960532825,0.0017999665636038,0.5122552760739629,1.0,False,False
heart_attack_binary,Heart Attack,LBXSAPSI,Alkaline Phosphatase (U/L),LBXSKSI,Potassium (mmol/L),Low-Low,AND,4903,243.0,0.0525810324129651,0.0254041570438799,0.0363636363636363,0.1,0.4893828092356215,0.7110536272730783,2.288299855042452,-0.7557240844715839,0.015827850023351,-0.3857587762261186,0.2417531503451463,1.835644240127541,0.0152409727581859,1.0,1.0,False,False
heart_attack_binary,Heart Attack,LBXSAPSI,Alkaline Phosphatase (U/L),LBXWBCSI,WBC Count (10^3/uL),High-Low,AND,4902,243.0,0.045101478326234,0.0647321428571428,0.0613207547169811,0.2051282051282051,1.4849395303074826,1.40422359471286,5.698060941828254,0.3821149600479848,0.0643917170652751,0.3243345827206924,0.1337791207658328,0.9916948444096606,0.0433396438394715,1.0,1.0,False,False
heart_attack_binary,Heart Attack,LBXSAPSI,Alkaline Phosphatase (U/L),LBXWBCSI,WBC Count (10^3/uL),Low-High,AND,4902,243.0,0.0505379034275706,0.0230414746543778,0.0610859728506787,0.1379310344827586,0.4636129651441783,1.2405253227555677,3.307625272331155,-0.813976369809388,0.013073234908098,0.2007303382021558,0.342193647772734,1.713836560287447,0.0095280526142889,1.0,1.0,False,False
heart_attack_binary,Heart Attack,LBXSBU,BUN Kidney (mg/dL),LBXWBCSI,WBC Count (10^3/uL),Low-High,AND,4901,243.0,0.0502427184466019,0.0161290322580645,0.0638297872340425,0.0833333333333333,0.3395460729990338,1.3080873304061138,1.9072153783674024,-1.171533035228269,0.0102729375506765,0.2537634836948916,0.2297711637740593,1.4592151076800497,0.0431459322686476,1.0,1.0,False,False
heart_attack_binary,Heart Attack,LBXSNASI,Sodium (mmol/L),LBXHSCRP,hs-CRP Inflammation (mg/L),Low-Low,AND,4894,243.0,0.0517791411042944,0.0550724637681159,0.020501138952164,0.1142857142857142,1.0912754010404788,0.4032119449867244,2.6102668017561634,0.0651416596560744,0.7914655936870308,-0.9589605694950486,0.0053278523681259,1.7537261283300598,0.0094335602989813,1.0,1.0,False,False
heart_attack_binary,Heart Attack,LBXSAL,Albumin (g/dL),LBXHGB,Hemoglobin (g/dL),Low-Low,AND,4904,243.0,0.0502607871028923,0.0436681222707423,0.0234604105571847,0.1120689655172413,0.9019053999732012,0.4805397301349325,2.45923273657289,-0.1475243952687054,0.6557775735201369,-0.7897387067468585,0.0303307138165914,1.8064457128012148,0.0015098639702931,0.45295919108793,1.0,False,False
heart_attack_binary,Heart Attack,LBXHSCRP,hs-CRP Inflammation (mg/L),LBXWBCSI,WBC Count (10^3/uL),High-Low,AND,4896,243.0,0.047523258737742,0.0437636761487965,0.0625,0.2333333333333333,0.936771956275914,1.3558133708994728,6.380452478526919,-0.0863544822952723,0.7195556293444526,0.2897962381441169,0.172194906360476,1.6048206165236458,0.0025862421433264,0.5945227201333351,1.0,False,False
heart_attack_binary,Heart Attack,LBXHSCRP,hs-CRP Inflammation (mg/L),LBXPLTSI,Platelet Count (10^3/uL),Low-High,AND,4896,243.0,0.0555275113579,0.0245535714285714,0.0216919739696312,0.08,0.4461418853255588,0.3947160259452618,1.8056158633666235,-0.8482899618155467,0.0067359704362324,-0.9751342860269608,0.0028763275796944,2.2148251729549755,0.0102210605351502,1.0,1.0,False,False
heart_attack_binary,Heart Attack,LBXHGB,Hemoglobin (g/dL),LBXWBCSI,WBC Count (10^3/uL),High-High,AND,5018,246.0,0.048457087753134,0.0358974358974358,0.0521327014218009,0.1551724137931034,0.7544841312994506,1.1005938606518526,3.759806501741985,-0.3131256461708658,0.2662133071085898,0.0769840738541045,0.7385142238595371,1.518952019146124,0.0028277892981524,0.6072162452361,1.0,False,False
heart_attack_binary,Heart Attack,LBXHGB,Hemoglobin (g/dL),LBXWBCSI,WBC Count (10^3/uL),TwoSided-TwoSided,AND,5018,246.0,0.046692607003891,0.0333333333333333,0.0602883355176933,0.1030927835051546,0.7159921010804823,1.3191504046487297,2.3912319086023968,-0.3509442692297471,0.115908334014247,0.2699171166462009,0.1182722192004472,0.934055687679735,0.0092258956406955,1.0,1.0,False,False
stroke_binary,Stroke,systolic_bp,Systolic BP (mmHg),BMXBMI,Body Mass Index (kg/m2),High-High,OR,4923,229.0,0.038,0.1136890951276102,0.0578703703703703,0.05,3.265843780135005,1.5791893794629386,1.5361083392729864,1.1778279804433724,9.389100672182324e-12,0.4414909303649267,0.0467609109552402,-1.3323295990354187,0.0405556484468215,1.0,1.0,False,False
stroke_binary,Stroke,systolic_bp,Systolic BP (mmHg),BMXWAIST,Waist Circumference (cm),High-High,OR,4750,216.0,0.0366735537190082,0.1102941176470588,0.0628019323671497,0.0535714285714285,3.276869615579526,1.7856939646413328,1.712641416625676,1.1805961105420677,5.021573921188544e-11,0.5654276534348075,0.0101266229931353,-1.3493669338242882,0.0385882355805006,1.0,1.0,False,False
stroke_binary,Stroke,systolic_bp,Systolic BP (mmHg),LBXTC,Total Cholesterol (mg/dL),TwoSided-TwoSided,OR,4694,223.0,0.0374470856398567,0.0736994219653179,0.0636856368563685,0.0518134715025906,2.05497464343918,1.7583176043045894,1.464701511023037,0.7154563295084995,3.840654358358071e-05,0.5586679316472335,0.0017188991660866,-0.9343651672982638,0.018886984098383,1.0,1.0,False,False
stroke_binary,Stroke,systolic_bp,Systolic BP (mmHg),LBDLDL,LDL Cholesterol (mg/dL),TwoSided-TwoSided,OR,2249,103.0,0.0343897505057316,0.0648148148148148,0.0784883720930232,0.0408163265306122,1.9704579261368176,2.409219478633132,1.3245492371705962,0.6657913470103182,0.0126059724053341,0.8719368069233123,0.0003926245371196,-1.35972686028748,0.0258010085497615,1.0,1.0,False,False
stroke_binary,Stroke,systolic_bp,Systolic BP (mmHg),LBXSASSI,AST Liver Enzyme (U/L),Low-High,AND,4661,223.0,0.0500521376433785,0.0225563909774436,0.0482233502538071,0.09375,0.4605849975888388,0.983177408477009,2.2462249614791987,-0.8255802754354062,0.0167727946805159,-0.0391451604519048,0.8738426819018161,1.5393837809210125,0.0365780829555075,1.0,1.0,False,False
stroke_binary,Stroke,systolic_bp,Systolic BP (mmHg),LBXSKSI,Potassium (mmol/L),Low-Low,AND,4673,223.0,0.0485779008306066,0.0219512195121951,0.0671641791044776,0.1363636363636363,0.4622813029949061,1.4428868361468277,3.506724971841251,-0.8219477502616023,0.0172095789578809,0.3436999397426654,0.1776303990925613,1.6072102197293532,0.0324346613789937,1.0,1.0,False,False
stroke_binary,Stroke,systolic_bp,Systolic BP (mmHg),LBXSCA,Calcium (mg/dL),Low-High,AND,4673,223.0,0.0492957746478873,0.0223880597014925,0.054054054054054,0.1,0.4644369419960908,1.1228093590546493,2.448404893259774,-0.8172204051499238,0.017942289902045,0.0971637484536497,0.6747661787222288,1.4821967087431729,0.0432352651844326,1.0,1.0,False,False
stroke_binary,Stroke,systolic_bp,Systolic BP (mmHg),LBXHGB,Hemoglobin (g/dL),Low-High,AND,4783,227.0,0.0516539440203562,0.0235849056603773,0.0292682926829268,0.1052631578947368,0.4640000237105182,0.5745593888630275,2.6167076167076164,-0.8131279603937978,0.0131843479472676,-0.5913924350589668,0.0499943063351483,2.174607152393964,0.0121687310639071,1.0,1.0,False,False
stroke_binary,Stroke,diastolic_bp,Diastolic BP (mmHg),BMXWAIST,Waist Circumference (cm),High-Low,AND,4750,216.0,0.0482365145228215,0.0475059382422802,0.0175438596491228,0.1176470588235294,1.0048811594589997,0.3729948801635478,3.1743492173311427,-0.0160288864171649,0.9469999262651252,-1.0431514233997348,0.0042144683923792,2.0264775566100486,0.0194497593766209,1.0,1.0,False,False
stroke_binary,Stroke,diastolic_bp,Diastolic BP (mmHg),LBXSAPSI,Alkaline Phosphatase (U/L),Low-Low,AND,4674,223.0,0.0467362924281984,0.06265664160401,0.0323383084577114,0.1395348837209302,1.3851449100193016,0.7050714972770605,3.5260538532961934,0.3099906032685504,0.1593984668738548,-0.383259410342028,0.1895747825798164,1.2694809394721898,0.025212355735711,1.0,1.0,False,False
stroke_binary,Stroke,BMXBMI,Body Mass Index (kg/m2),LBXSNASI,Sodium (mmol/L),TwoSided-TwoSided,AND,4832,227.0,0.0458469782673414,0.0383663366336633,0.0526315789473684,0.0986842105263157,0.8405769050666501,1.1727816082778717,2.338817299205649,-0.185938378941361,0.3546308713445018,0.1451430090449766,0.4981088756393451,0.8643794121116101,0.0273234376758843,1.0,1.0,False,False
stroke_binary,Stroke,LBXGH,"Glycohemoglobin (HbA1c, %)",LBXSAPSI,Alkaline Phosphatase (U/L),High-High,OR,4903,239.0,0.0410992820004951,0.0765171503957783,0.0951156812339331,0.0729166666666666,1.9580479195315144,2.4749217302408795,1.9495193517539888,0.6591595666612261,0.0015994963990732,0.8970836282043384,2.3792717357036183e-06,-0.9491725243841804,0.04663034055194,1.0,1.0,False,False
stroke_binary,Stroke,LBXGH,"Glycohemoglobin (HbA1c, %)",LBXSBU,BUN Kidney (mg/dL),High-High,OR,4902,239.0,0.0383488031265266,0.0689655172413793,0.1381381381381381,0.1020408163265306,1.8847795163584635,4.043478260869565,2.9661016949152543,0.6192388001510459,0.0046785465381698,1.3910876663249032,6.436320589021345e-15,-0.9631497023646804,0.0249496228852439,1.0,1.0,False,False
stroke_binary,Stroke,LBXGH,"Glycohemoglobin (HbA1c, %)",LBXSNASI,Sodium (mmol/L),TwoSided-TwoSided,AND,4905,239.0,0.0454545454545454,0.0451713395638629,0.0557620817843866,0.1223021582733813,1.0068389872117918,1.255918498672416,2.991262560069899,-0.0065466682263163,0.9746788949554204,0.2152383718070942,0.2920380675448542,0.8650230334656036,0.0230422435986751,1.0,1.0,False,False
stroke_binary,Stroke,LBXGH,"Glycohemoglobin (HbA1c, %)",LBXSKSI,Potassium (mmol/L),Low-Low,AND,4902,239.0,0.0487578360807987,0.0243055555555555,0.0657439446366782,0.1666666666666666,0.5186205558110394,1.403247263578927,4.395448624626465,-0.7215417734490306,0.0637040602960151,0.316919766997467,0.2006871765215512,1.7660868408468646,0.0234874640802549,1.0,1.0,False,False
stroke_binary,Stroke,LBXGLU,Fasting Glucose (mg/dL),LBXSKSI,Potassium (mmol/L),Low-Low,AND,2382,114.0,0.0483539094650205,0.0238095238095238,0.0476190476190476,0.2777777777777778,0.5240927406377528,1.025491825990579,7.977856163041348,-0.7339259309019429,0.1143476950585713,-0.0160861377516254,0.9623584813021766,2.7741467594284974,0.0003339249967695,0.20490852074492047,1.0,False,False
stroke_binary,Stroke,LBDLDL,LDL Cholesterol (mg/dL),LBXSNASI,Sodium (mmol/L),TwoSided-TwoSided,AND,2357,111.0,0.0391566265060241,0.0515463917525773,0.0553191489361702,0.1756756756756756,1.3551016603312376,1.4779483660691313,5.347048966672873,0.2878910807083699,0.2721427053780856,0.3625137209125656,0.2455054986705631,1.0039124369905983,0.0418952272185462,1.0,1.0,False,False
stroke_binary,Stroke,LBXTR,Triglycerides (mg/dL),LBXSUA,Uric Acid (mg/dL),Low-High,AND,2379,113.0,0.0490449148167268,0.014018691588785,0.0601851851851851,0.1666666666666666,0.3192727092693673,1.279892457902929,4.593617551732734,-1.2885155195932438,0.0292083033966587,0.2164737036344604,0.4776068445666797,2.4273342287393938,0.0168220742089908,1.0,1.0,False,False
stroke_binary,Stroke,LBXTR,Triglycerides (mg/dL),LBXHSCRP,hs-CRP Inflammation (mg/L),High-High,AND,2376,111.0,0.0467047223663726,0.0284360189573459,0.0424528301886792,0.2307692307692307,0.6422147840464573,0.94784638983534,6.437811615685217,-0.5151710950254934,0.2287374185065442,-0.0999019868207074,0.7798071643242458,2.427179692405125,0.0007268979123519,0.3383835109224362,1.0,False,False
stroke_binary,Stroke,LBXSAPSI,Alkaline Phosphatase (U/L),LBXSUA,Uric Acid (mg/dL),Low-High,AND,4905,239.0,0.0492376905773556,0.035799522673031,0.0498866213151927,0.1136363636363636,0.7381483625666942,1.0331920158114694,2.682230411792982,-0.3327599819316493,0.2227325312765922,0.0137762283634693,0.9523637959532452,1.2254647147999256,0.0377584539699839,1.0,1.0,False,False
stroke_binary,Stroke,LBXSAPSI,Alkaline Phosphatase (U/L),LBXSKSI,Potassium (mmol/L),High-High,XOR,4905,239.0,0.0401304238776022,0.0986238532110091,0.0810185185185185,0.02,2.636238406821124,2.1297635141754343,0.722647031058246,0.962053174016175,8.69670111581719e-08,0.746074450994097,0.0001193281878512,-2.4252852529290245,0.019825921400506,1.0,1.0,False,False
stroke_binary,Stroke,LBXSAPSI,Alkaline Phosphatase (U/L),LBXSAL,Albumin (g/dL),TwoSided-TwoSided,AND,4907,239.0,0.0445319600121175,0.0569948186528497,0.0426829268292682,0.1123595505617977,1.3063783255586707,0.9697908660652884,2.7660696145003474,0.2598827664658234,0.1413427428283774,-0.0443414755487462,0.8333767621125211,0.7835901303541959,0.0265820201772893,1.0,1.0,False,False
stroke_binary,Stroke,LBXSAPSI,Alkaline Phosphatase (U/L),LBXHGB,Hemoglobin (g/dL),TwoSided-TwoSided,AND,4904,239.0,0.0439324116743471,0.0503311258278145,0.0457142857142857,0.134020618556701,1.163848049630322,1.0544825770941757,3.4111705042442537,0.1426865741651398,0.4458085440258219,0.0416239843014555,0.8352598066902427,1.0299982551900024,0.0021039011799916,0.5358993571676717,1.0,False,False
stroke_binary,Stroke,LBXSAPSI,Alkaline Phosphatase (U/L),LBXPLTSI,Platelet Count (10^3/uL),Low-High,AND,4904,239.0,0.050062893081761,0.0386363636363636,0.043010752688172,0.125,0.782224155429897,0.8710693681453915,3.0815993472052225,-0.2710431324491612,0.2931494632732389,-0.159226306071349,0.5068149898064981,1.4274749920060972,0.0434449743156776,1.0,1.0,False,False
stroke_binary,Stroke,LBXSCR,Creatinine Kidney (mg/dL),LBXHGB,Hemoglobin (g/dL),Low-High,AND,4905,239.0,0.0543859649122807,0.0167714884696016,0.0303030303030303,0.1111111111111111,0.3141003513152902,0.5623463178374798,3.0616632860040567,-1.21543286034259,0.0008219398594477,-0.610007536375874,0.0355338716908074,2.6017272214624803,0.0244088505102586,1.0,1.0,False,False
stroke_binary,Stroke,LBXSBU,BUN Kidney (mg/dL),LBXSNASI,Sodium (mmol/L),Low-Low,AND,4906,239.0,0.0503922034704064,0.0220125786163522,0.0411764705882352,0.1463414634146341,0.4527051269946181,0.8350202684442843,3.442684341342171,-0.8576701795955587,0.0273239395998783,-0.211627468223088,0.4528101387557349,2.241921639085649,0.0005478955245649,0.27394776228245,1.0,False,False
stroke_binary,Stroke,LBXSBU,BUN Kidney (mg/dL),LBXHGB,Hemoglobin (g/dL),Low-High,AND,4903,239.0,0.0520077406869859,0.0302114803625377,0.0268292682926829,0.1071428571428571,0.5940072095347722,0.5235575792246108,2.4963832400709705,-0.565902260064001,0.0851032884888062,-0.6881123740195235,0.0281998022586382,2.036704867955403,0.0072212832924413,0.918048129919605,1.0,False,False
stroke_binary,Stroke,LBXSUA,Uric Acid (mg/dL),LBXHSCRP,hs-CRP Inflammation (mg/L),Low-Low,XNOR,4893,237.0,0.0519512801391996,0.0302267002518891,0.0283505154639175,0.0588235294117647,0.5903903123055636,0.5546697434762681,1.2440000592952758,-0.5642371503042308,0.0613924976234283,-0.6302503804540861,0.0447454382303888,1.3259983427140891,0.035344422756738,1.0,1.0,False,False
stroke_binary,Stroke,LBXSNASI,Sodium (mmol/L),LBXSAL,Albumin (g/dL),TwoSided-TwoSided,AND,4909,239.0,0.0455703368242287,0.055350553505535,0.044349070100143,0.1259259259259259,1.242754662840746,0.9839852171234986,3.083891784561926,0.2047297107599289,0.3166164306996571,-0.0284440149142177,0.8872734092480858,0.9280999778821218,0.0140647387952952,1.0,1.0,False,False
stroke_binary,Stroke,LBXSKSI,Potassium (mmol/L),LBXHGB,Hemoglobin (g/dL),Low-High,AND,4903,239.0,0.0493176921235336,0.0657439446366782,0.026252983293556,0.1666666666666666,1.3864424682119472,0.5414274748756005,4.342810278840897,0.3049140825097378,0.2186530428896586,-0.6544748392641202,0.0370069471541654,1.6990199066619531,0.0225470950369104,1.0,1.0,False,False
stroke_binary,Stroke,LBXSCA,Calcium (mg/dL),LBXHSCRP,hs-CRP Inflammation (mg/L),Low-Low,AND,4893,237.0,0.0489696969696969,0.0644067796610169,0.0287610619469026,0.1428571428571428,1.3664322550398502,0.5951459992415624,3.6655989322656,0.2903823622576378,0.2414725607193315,-0.5532058068052872,0.0568918346682696,1.437408224127944,0.0482374357804207,1.0,1.0,False,False
stroke_binary,Stroke,LBXSAL,Albumin (g/dL),LBXHGB,Hemoglobin (g/dL),TwoSided-TwoSided,AND,4906,239.0,0.045640725570509,0.042158516020236,0.0534351145038167,0.0958333333333333,0.9350738027599114,1.1926767293201144,2.252396166134185,-0.0830058179215276,0.7061751452065189,0.1658683593817003,0.3878830913669628,0.7129740968599405,0.0452160179692948,1.0,1.0,False,False
depression_binary,Depression,systolic_bp,Systolic BP (mmHg),LBXGH,"Glycohemoglobin (HbA1c, %)",Low-Low,AND,777,399.0,0.5205479452054794,0.515625,0.3617021276595745,0.7777777777777778,0.9796547329394044,0.5285389493837501,2.7635036496350365,-0.0197177412556373,0.94001583198382,-0.6502221358429107,0.0380461938135211,1.8404647473569449,0.0400731821961125,1.0,1.0,False,False
depression_binary,Depression,BMXBMI,Body Mass Index (kg/m2),LBXGH,"Glycohemoglobin (HbA1c, %)",High-High,XOR,794,407.0,0.4855403348554033,0.6333333333333333,0.6896551724137931,0.5263157894736842,1.812867327421318,2.319375713741911,1.1709908574252534,0.6043984990662443,0.0303121871776356,0.8563624889159461,0.0036233594249224,-1.2975456796261895,0.0328013014156109,1.0,1.0,False,False
depression_binary,Depression,BMXWAIST,Waist Circumference (cm),LBXGH,"Glycohemoglobin (HbA1c, %)",Low-Low,AND,767,388.0,0.5208012326656395,0.4126984126984127,0.3414634146341463,0.7142857142857143,0.6503003446578041,0.4852155230294077,2.1472181191531265,-0.4360743579265268,0.1033183807751111,-0.740032519692855,0.0288401847390802,2.0091446261897525,0.005790074792815,0.8495917676568435,1.0,False,False
depression_binary,Depression,LBXGH,"Glycohemoglobin (HbA1c, %)",LBXSBU,BUN Kidney (mg/dL),TwoSided-TwoSided,XOR,790,410.0,0.4899817850637523,0.6019417475728155,0.6090909090909091,0.4285714285714285,1.5674944676665847,1.6150598170302604,0.7884972170686456,0.4536405419081941,0.038011927445297,0.4835707272648137,0.0233438334820642,-1.1848151180573787,0.0138635738432509,1.0,1.0,False,False
depression_binary,Depression,LBXSATSI,ALT Liver Enzyme (U/L),LBXSCR,Creatinine Kidney (mg/dL),TwoSided-TwoSided,AND,790,410.0,0.5219885277246654,0.4912280701754385,0.4878048780487805,0.7,0.884591946749168,0.8726338366753515,2.072837486769941,-0.1231021971339833,0.5516399098839169,-0.1368010414921454,0.4950626848542347,1.0191902216906186,0.0351370633855897,1.0,1.0,False,False
depression_binary,Depression,LBXSCR,Creatinine Kidney (mg/dL),LBXHSCRP,hs-CRP Inflammation (mg/L),Low-High,AND,786,406.0,0.5131782945736434,0.4677419354838709,0.5223880597014925,0.9166666666666666,0.835438193647149,1.03629191321499,7.273504273504274,-0.1819371209488157,0.4947092146251023,0.036886769220877,0.8858543417319246,2.4902202350574987,0.0242623092979271,1.0,1.0,False,False
depression_binary,Depression,LBXSCR,Creatinine Kidney (mg/dL),LBXHSCRP,hs-CRP Inflammation (mg/L),TwoSided-TwoSided,AND,786,406.0,0.5196078431372549,0.4830508474576271,0.4919354838709677,0.6764705882352942,0.8645292667615941,0.8955469549357178,1.889543928600672,-0.1462942117802569,0.4742307072646387,-0.1107324776597174,0.580385157561671,0.9161540171292576,0.0447870743141605,1.0,1.0,False,False
depression_binary,Depression,LBXSCR,Creatinine Kidney (mg/dL),LBXPLTSI,Platelet Count (10^3/uL),High-Low,AND,788,409.0,0.5269645608628659,0.4166666666666667,0.4666666666666667,0.7368421052631579,0.6449059319420172,0.7873104997192588,2.3669542136695423,-0.4444352260966208,0.1040497216124343,-0.2414943820999306,0.3718995709518936,1.6075860359023018,0.0123825111731583,1.0,1.0,False,False
depression_binary,Depression,LBXSKSI,Potassium (mmol/L),LBXHGB,Hemoglobin (g/dL),Low-Low,AND,788,409.0,0.524390243902439,0.4561403508771929,0.4696969696969697,0.8888888888888888,0.7631257631257631,0.8049019808254462,5.140299951620706,-0.2735291360275795,0.3237360052020607,-0.2189993265681824,0.3973088938806535,2.4743315347116823,0.027666326476009,1.0,1.0,False,False
