outcome_var,outcome_name,marker1_var,marker1_name,marker2_var,marker2_name,anomaly_type,gate,n_samples,n_cases,p00,p10,p01,p11,or10,or01,or11,beta1,p1,beta2,p2,beta3,p3
diabetes_binary,Diabetes,systolic_bp,Systolic BP (mmHg),BMXBMI,Body Mass Index (kg/m2),High-High,OR,6633,797.0,0.09785819793205318,0.24156305506216696,0.19030520646319568,0.25773195876288657,2.9410949617209847,2.1727230313031334,3.2397737983034873,1.0771231177789455,3.357584922822723e-23,0.7732239998809072,4.2290120583644754e-11,-0.6868851665361889,0.013506343279424241
diabetes_binary,Diabetes,systolic_bp,Systolic BP (mmHg),BMXWAIST,Waist Circumference (cm),High-High,OR,6424,748.0,0.0859047619047619,0.2349624060150376,0.2701688555347092,0.25688073394495414,3.2738166574947853,3.94365238109454,3.7172818620956725,1.184196054215274,1.7476139969220715e-25,1.3709294583131226,4.191823866032057e-36,-1.2526746546700636,2.367051856182707e-06
diabetes_binary,Diabetes,systolic_bp,Systolic BP (mmHg),BMXWAIST,Waist Circumference (cm),TwoSided-TwoSided,XOR,6424,748.0,0.10234192037470725,0.15825688073394495,0.15274725274725276,0.0913978494623656,1.6522485655936983,1.5843666327191928,0.8930542308503904,0.5002145268276544,2.1854683593684638e-06,0.4582554298523278,1.2930609215704256e-05,-1.0836854572618737,2.020334210405516e-06
diabetes_binary,Diabetes,systolic_bp,Systolic BP (mmHg),LBXGH,"Glycohemoglobin (HbA1c, %)",High-High,OR,5737,776.0,0.05818874312314854,0.11504424778761062,0.8185840707964602,0.7383177570093458,2.1180760890991523,72.56363636363636,45.072022160664815,0.7438921428227285,3.3182149269553134e-06,4.2908967297233005,1.8871508496056434e-215,-1.2134325589049284,4.689440961123372e-05
diabetes_binary,Diabetes,systolic_bp,Systolic BP (mmHg),LBXSUA,Uric Acid (mg/dL),High-High,OR,5600,763.0,0.11773601209764528,0.23931623931623933,0.20657276995305165,0.23376623376623376,2.362855339427652,1.957621576833147,2.328085404647652,0.8576145250643763,2.9659638054261113e-13,0.6683373036165,1.8034931834264194e-07,-0.6990711300691184,0.02755455280511615
diabetes_binary,Diabetes,systolic_bp,Systolic BP (mmHg),LBXSKSI,Potassium (mmol/L),High-High,OR,5599,762.0,0.1131993006993007,0.2334710743801653,0.24008350730688935,0.26666666666666666,2.391408854873062,2.4802830259810866,2.9022894477370986,0.8696560342311837,1.1360049892663303e-13,0.9062485388527876,8.141567804650935e-15,-0.7290352066361732,0.028219825781458305
diabetes_binary,Diabetes,systolic_bp,Systolic BP (mmHg),LBXHSCRP,hs-CRP Inflammation (mg/L),High-High,OR,6124,763.0,0.09951942330796956,0.23984526112185686,0.2265193370165746,0.2714285714285714,2.860241486977454,2.6550887612856195,3.4229887300580573,1.0490477144098542,2.1095087644451075e-20,0.9745054047690819,6.034310123836465e-18,-0.808364012062743,0.008935322474826386
diabetes_binary,Diabetes,systolic_bp,Systolic BP (mmHg),LBXHGB,Hemoglobin (g/dL),TwoSided-TwoSided,AND,6297,780.0,0.11837627613028683,0.1165644171779141,0.12755102040816327,0.24,0.9855378090195904,1.0915823704835979,2.3646408013754954,-0.01747730420924797,0.8745714637797831,0.08510928456585296,0.42737392977610955,0.7875855259053215,0.0002328989094902231
diabetes_binary,Diabetes,diastolic_bp,Diastolic BP (mmHg),LBXSCR,Creatinine Kidney (mg/dL),Low-Low,XOR,5602,763.0,0.1323561112308687,0.16556291390728478,0.16904761904761906,0.03333333333333333,1.3067093888018848,1.3401604756766319,0.2620341741253051,0.26287917962224333,0.049151690223518,0.28789321654440864,0.03588979181959423,-2.0377829644476053,0.0009419445443891179
diabetes_binary,Diabetes,diastolic_bp,Diastolic BP (mmHg),LBXSCA,Calcium (mg/dL),Low-Low,AND,5600,763.0,0.13356612832824094,0.1312127236580517,0.15368421052631578,0.3,0.9853322448979591,1.183751552795031,2.8431793770139633,-0.020489361900255926,0.8828261898394955,0.16379644369827845,0.22306066001342706,0.8791841489836825,0.025331489907999397
diabetes_binary,Diabetes,BMXBMI,Body Mass Index (kg/m2),LBXGH,"Glycohemoglobin (HbA1c, %)",High-High,OR,5947,794.0,0.05544189852700491,0.12704918032786885,0.8199152542372882,0.7474747474747475,2.492286999194696,77.08016973064952,49.68818835084678,0.9080766404030114,1.282009970913195e-09,4.351155038166755,1.5510440187789402e-227,-1.3386608086065077,8.345061512016342e-06
diabetes_binary,Diabetes,BMXBMI,Body Mass Index (kg/m2),LBXGLU,Fasting Glucose (mg/dL),High-High,OR,2840,407.0,0.0676949443016281,0.14847161572052403,0.7767857142857143,0.7735849056603774,2.423269623306736,47.449698597620014,45.58977917981072,0.8760095410012825,1.6394456220376126e-05,3.869680868735251,4.252402761284788e-102,-0.8943764178713582,0.03241985394785342
diabetes_binary,Diabetes,BMXWAIST,Waist Circumference (cm),LBXGH,"Glycohemoglobin (HbA1c, %)",High-High,OR,5744,748.0,0.051233396584440226,0.1503267973856209,0.8037383177570093,0.8070175438596491,3.289467249643089,75.35191912809982,75.98380104950947,1.18673099789143,4.922035857903381e-16,4.328596090947948,8.629612747052023e-215,-1.1658097327307901,0.00012682998322853075
diabetes_binary,Diabetes,BMXWAIST,Waist Circumference (cm),LBXGLU,Fasting Glucose (mg/dL),High-High,OR,2751,389.0,0.06035242290748899,0.18446601941747573,0.7714285714285715,0.8,3.545281899109792,51.98781630740393,60.341414141414134,1.2589259729663513,3.138491779609164e-10,3.961699116967718,3.6832300323656353e-100,-1.0890269361709535,0.0070225281403283315
diabetes_binary,Diabetes,BMXWAIST,Waist Circumference (cm),LBDHDD,HDL Cholesterol (mg/dL),TwoSided-TwoSided,AND,6418,740.0,0.10596658711217184,0.11417697431018078,0.12723449001051526,0.24336283185840707,1.0903304961275975,1.2330781800980477,2.7276134943773425,0.08385178607678799,0.4426008072313621,0.2069841653779071,0.058703757389339015,0.7074529978469256,0.0009024280399299877
diabetes_binary,Diabetes,BMXWAIST,Waist Circumference (cm),LBXSATSI,ALT Liver Enzyme (U/L),High-High,OR,5610,737.0,0.11120802442215438,0.28879310344827586,0.1511879049676026,0.23711340206185566,3.249694390566633,1.430658832870582,2.518855707984671,1.1772078141146298,1.522007475350273e-25,0.3531462988043419,0.010480953159170775,-0.6204643215697472,0.03491141865791066
diabetes_binary,Diabetes,BMXWAIST,Waist Circumference (cm),LBXSNASI,Sodium (mmol/L),High-Low,OR,5612,737.0,0.10712761416986769,0.27788649706457924,0.2136986301369863,0.3,3.211500010098358,2.2737322085226044,3.6358909676967275,1.1654532996137625,1.8106976583891813e-26,0.8176494969829996,1.9055622684915015e-09,-0.7099777709309368,0.043376749814635754
diabetes_binary,Diabetes,BMXWAIST,Waist Circumference (cm),LBXHSCRP,hs-CRP Inflammation (mg/L),High-High,OR,6779,735.0,0.08399787347155768,0.2673913043478261,0.16521739130434782,0.28703703703703703,3.9866260781329275,2.1675913733024017,4.407211133504524,1.3813286285210198,8.004170944969406e-33,0.7693179911995678,1.041695840903465e-08,-0.6712376335881608,0.003181134273136227
diabetes_binary,Diabetes,LBXGH,"Glycohemoglobin (HbA1c, %)",LBXGLU,Fasting Glucose (mg/dL),High-High,OR,2885,416.0,0.0603448275862069,0.8367346938775511,0.5396825396825397,0.8461538461538461,75.79497430039979,18.155504360704295,84.3710426340228,4.3795682581983,1.6090149217002439e-28,2.9045024278035156,9.7300296075084e-28,-2.833884860589561,1.995079306344292e-08
diabetes_binary,Diabetes,LBXGH,"Glycohemoglobin (HbA1c, %)",LBXIN,Insulin (uIU/mL),High-High,OR,2820,411.0,0.06506849315068493,0.8415841584158416,0.16055045871559634,0.84375,75.14900378310215,2.771242238799303,74.35144418423107,4.335095350269054,1.566462894208631e-94,1.0108947246665112,6.099782197065383e-07,-0.9945583053468185,0.024939223510169084
diabetes_binary,Diabetes,LBXGH,"Glycohemoglobin (HbA1c, %)",LBXHSCRP,hs-CRP Inflammation (mg/L),High-High,OR,5888,797.0,0.05947955390334572,0.8227571115973742,0.10020876826722339,0.7727272727272727,72.92933621120457,1.7744175631738868,52.93230706494037,4.295940755205195,1.1672362078374096e-216,0.5658936872918813,0.0005526932845551783,-0.8772582443872226,0.004141550651395837
diabetes_binary,Diabetes,LBXGLU,Fasting Glucose (mg/dL),LBXIN,Insulin (uIU/mL),High-High,OR,2823,411.0,0.06692406692406692,0.7942583732057417,0.17535545023696683,0.7222222222222222,53.20711688883993,2.9873119913582395,35.60001558482039,3.985715608936228,1.4292753742481242e-97,1.0867905497029426,4.807580801790906e-08,-1.482066777338487,6.681456693737645e-05
diabetes_binary,Diabetes,LBXGLU,Fasting Glucose (mg/dL),LBXIN,Insulin (uIU/mL),TwoSided-TwoSided,OR,2823,411.0,0.07237189646064449,0.44931506849315067,0.10810810810810811,0.4177215189873418,10.428847281750508,1.563871451794423,9.183862407862406,2.34737436813206,3.1568879713678243e-65,0.4405996480203474,0.015837879866985642,-0.569295002808085,0.0319582951638905
diabetes_binary,Diabetes,LBXGLU,Fasting Glucose (mg/dL),LBXSNASI,Sodium (mmol/L),Low-High,AND,2825,411.0,0.15149006622516556,0.03862660944206009,0.19879518072289157,0.3,0.23675167189783572,1.4039425479405858,2.610914051841746,-1.491459735787735,1.5098489794783238e-05,0.32912017197581217,0.10425222917388194,2.0380034421558046,0.010408918317395082
diabetes_binary,Diabetes,LBXIN,Insulin (uIU/mL),LBDHDD,HDL Cholesterol (mg/dL),High-Low,OR,2820,410.0,0.11969439728353141,0.3125,0.21978021978021978,0.3103448275862069,3.350854884440244,2.087061015370284,3.3543756145526054,1.2068699574870878,1.8238164415551256e-14,0.7283797143640337,0.00012549071418144648,-0.7384300502175349,0.0463618475811806
diabetes_binary,Diabetes,LBXIN,Insulin (uIU/mL),LBXSATSI,ALT Liver Enzyme (U/L),High-High,OR,2818,411.0,0.12022327179046802,0.35514018691588783,0.2028985507246377,0.19117647058823528,4.035772891368559,1.8763160303945805,1.7772799537505422,1.3937972001987786,5.046499973527401e-19,0.6220416894524399,0.0007328301228130095,-1.4679051723525005,0.00014632480976800878
diabetes_binary,Diabetes,LBXIN,Insulin (uIU/mL),LBXSASSI,AST Liver Enzyme (U/L),Low-Low,AND,2810,411.0,0.15136268343815515,0.06367041198501873,0.2013888888888889,0.2857142857142857,0.3912368899821381,1.4303736834857168,2.4001185536455245,-0.9642945017315555,0.00017611637285460394,0.34631677369769837,0.1080547324418509,1.4256400682341765,0.035407206341848727
diabetes_binary,Diabetes,LBXIN,Insulin (uIU/mL),LBXSNASI,Sodium (mmol/L),Low-High,AND,2820,411.0,0.15096719932716568,0.06015037593984962,0.19375,0.3125,0.37001657325127213,1.3664248393038378,2.6866420753461933,-1.0218369657979045,0.00010962296086650697,0.3012100299480341,0.14770751148375164,1.65920480531016,0.008763601699659809
diabetes_binary,Diabetes,LBXTC,Total Cholesterol (mg/dL),LBXSAPSI,Alkaline Phosphatase (U/L),High-High,XNOR,5893,799.0,0.14312776257629972,0.10695187165775401,0.09584086799276673,0.21428571428571427,0.7217898105829462,0.6395522185382582,1.7284513021471137,-0.33271038852993745,0.019772133225553924,-0.45476503453724304,0.002477195679438409,1.2777435892697466,0.011134623381281803
diabetes_binary,Diabetes,LBXTC,Total Cholesterol (mg/dL),LBXSCR,Creatinine Kidney (mg/dL),High-Low,AND,5893,799.0,0.13919566576370077,0.09926470588235294,0.12896825396825398,0.2608695652173913,0.6866949222970166,0.9210617899751792,2.239222572707663,-0.38343473068027834,0.010235792426224645,-0.0881255293194149,0.5269436953303877,1.252092999031652,0.0013547696947721715
diabetes_binary,Diabetes,LBXTC,Total Cholesterol (mg/dL),LBXSBU,BUN Kidney (mg/dL),High-Low,XNOR,5891,799.0,0.14460074472486553,0.11216730038022814,0.07128309572301425,0.15,0.7524465527324712,0.45975649951811925,1.1138701557012773,-0.2911999485391974,0.04328909863418417,-0.7895528828009912,1.165670669083501e-05,1.123743641176063,0.02392526886430999
diabetes_binary,Diabetes,LBDHDD,HDL Cholesterol (mg/dL),LBXSCA,Calcium (mg/dL),High-High,AND,5891,799.0,0.14043583535108958,0.07088122605363985,0.15013404825737264,0.25,0.4724778815365632,1.0885394350831774,2.105857154625587,-0.7615561993642617,1.4108805939833184e-05,0.07812469578686501,0.6039536814335008,1.3964939938382834,0.0011709739917340003
diabetes_binary,Diabetes,LBDHDD,HDL Cholesterol (mg/dL),LBXSCA,Calcium (mg/dL),TwoSided-TwoSided,AND,5891,799.0,0.12701612903225806,0.14551083591331268,0.14359637774902975,0.23756906077348067,1.1728522955440863,1.155761916337865,2.1568447152522605,0.1573497376038651,0.12594624000810234,0.14186764698628246,0.20972664962090026,0.4623320475571664,0.04180947656115221
diabetes_binary,Diabetes,LBDHDD,HDL Cholesterol (mg/dL),LBXHSCRP,hs-CRP Inflammation (mg/L),TwoSided-TwoSided,AND,6687,801.0,0.11412919424788862,0.13542688910696762,0.11059479553903345,0.20853080568720378,1.2184927947832087,0.9678869433438624,2.0603486066172634,0.19543609216773922,0.05812548421890526,-0.035439865394710716,0.7432456804924585,0.5554396276751918,0.011927321198066328
diabetes_binary,Diabetes,LBDLDL,LDL Cholesterol (mg/dL),LBXSCR,Creatinine Kidney (mg/dL),High-Low,AND,2795,402.0,0.14690265486725665,0.10266159695817491,0.13565891472868216,0.5714285714285714,0.6744186046511628,0.9212527964205817,7.584615384615384,-0.4088914327672794,0.05339386985181824,-0.09272020371670325,0.6278565445444982,2.5483972151897656,2.762413708089522e-05
diabetes_binary,Diabetes,LBDLDL,LDL Cholesterol (mg/dL),LBXSNASI,Sodium (mmol/L),High-Low,AND,2796,402.0,0.1432192648922687,0.09716599190283401,0.18421052631578946,0.36666666666666664,0.6549735925644042,1.367762655925617,3.523696235036441,-0.4403126837815512,0.04802089370990002,0.3007282019007895,0.16639063341869975,1.381846032843314,0.004525565966522552
diabetes_binary,Diabetes,LBDLDL,LDL Cholesterol (mg/dL),LBXWBCSI,WBC Count (10^3/uL),TwoSided-TwoSided,OR,2806,403.0,0.12077562326869806,0.20353982300884957,0.17006802721088435,0.16666666666666666,1.864226839788369,1.4967017460609826,1.485201714350734,0.6207902033362037,6.1893145018774e-06,0.39996043787226354,0.006114302934428044,-0.6450828959052486,0.04298699562385403
diabetes_binary,Diabetes,LBDLDL,LDL Cholesterol (mg/dL),LBXPLTSI,Platelet Count (10^3/uL),High-High,AND,2806,403.0,0.14524647887323944,0.109375,0.14901960784313725,0.30434782608695654,0.7330746796346628,1.0403776931503992,2.671571998349608,-0.3247601243884924,0.12006323255826155,0.03006980057667035,0.8713354682615811,1.2403927450180978,0.019056249508662935
diabetes_binary,Diabetes,LBXTR,Triglycerides (mg/dL),LBXSUA,Uric Acid (mg/dL),High-High,OR,2819,410.0,0.12204555221314999,0.28888888888888886,0.23333333333333334,0.21052631578947367,2.9312889750286066,2.201532208480469,1.9732903300565867,1.072413811318225,2.1321564409998192e-11,0.7836162897825787,7.55413988952957e-06,-1.2045855844267082,0.0024278594165006496
diabetes_binary,Diabetes,LBXTR,Triglycerides (mg/dL),LBXSUA,Uric Acid (mg/dL),TwoSided-TwoSided,XOR,2819,410.0,0.13358572201189833,0.1807511737089202,0.1724137931034483,0.11594202898550725,1.4357451481915,1.3565221306677473,0.8721088435374149,0.3583532906515841,0.012373329058357476,0.3010038730864827,0.04211461055068353,-0.8211696952312141,0.012661100873934638
diabetes_binary,Diabetes,LBXSATSI,ALT Liver Enzyme (U/L),LBXSUA,Uric Acid (mg/dL),High-High,XOR,5896,800.0,0.1246684350132626,0.16738197424892703,0.22727272727272727,0.14414414414414414,1.4177187349713924,2.07128820229476,1.2122495109014397,0.3446485398167854,0.008721763046935156,0.7251696211283513,5.670486934727681e-09,-0.9021612775554295,0.0051322909870077805
diabetes_binary,Diabetes,LBXSATSI,ALT Liver Enzyme (U/L),LBXSUA,Uric Acid (mg/dL),High-Low,AND,5896,800.0,0.13760896637608966,0.15467625899280577,0.08582834331337326,0.38095238095238093,1.1514334427531838,0.5941994922994366,3.9433698958943877,0.13690731865308878,0.271547778776313,-0.5303763513169371,0.0012972953411999044,1.7432539339858328,0.00040418218345091364
diabetes_binary,Diabetes,LBXSATSI,ALT Liver Enzyme (U/L),LBXSKSI,Potassium (mmol/L),High-High,XOR,5894,799.0,0.11842381052190316,0.16605166051660517,0.2577696526508227,0.08823529411764706,1.487709991158267,2.589310747218878,0.8265055506434816,0.39356911561423874,0.001479974401336796,0.9498483558926405,1.0167751282936771e-18,-1.6713507622077108,0.007480392169715383
diabetes_binary,Diabetes,LBXSASSI,AST Liver Enzyme (U/L),LBXSAPSI,Alkaline Phosphatase (U/L),Low-High,AND,5878,800.0,0.1358435614728521,0.17922606924643583,0.08440366972477065,0.37142857142857144,1.3943535381403538,0.591821354636963,3.814384085692425,0.32865012769114976,0.008541963199021766,-0.5337148241027979,0.0008340148265322405,1.529221475674495,0.00014326732530348942
diabetes_binary,Diabetes,LBXSASSI,AST Liver Enzyme (U/L),LBXSBU,BUN Kidney (mg/dL),TwoSided-TwoSided,OR,5878,800.0,0.10276579548337986,0.16763678696158324,0.22569027611044418,0.2571428571428571,1.761331137805558,2.5468180068595925,3.0345455466783777,0.5643951135329881,8.404985803883304e-08,0.9340560026851717,1.6902481385952635e-21,-0.3924587202524271,0.047828871697975436
diabetes_binary,Diabetes,LBXSASSI,AST Liver Enzyme (U/L),LBXSUA,Uric Acid (mg/dL),High-High,OR,5878,800.0,0.12338593974175036,0.1839323467230444,0.21852731591448932,0.18095238095238095,1.6072799300027376,1.993054987123707,1.6004844937999185,0.4708204121078422,0.0001956976914213167,0.6864804892017572,4.743907734776196e-08,-0.7064595554785777,0.021312628866539434
diabetes_binary,Diabetes,LBXSAPSI,Alkaline Phosphatase (U/L),LBXSCA,Calcium (mg/dL),High-Low,AND,5896,800.0,0.13752865180245885,0.0933572710951526,0.1575875486381323,0.2692307692307692,0.6508984067011548,1.1782666132312123,2.4104699237174634,-0.437345053965672,0.0039042825561709346,0.15968108339820875,0.2126001509446751,1.1151047971845962,0.020911200341997668
diabetes_binary,Diabetes,LBXSAPSI,Alkaline Phosphatase (U/L),LBXHGB,Hemoglobin (g/dL),High-High,XNOR,5896,799.0,0.14285714285714285,0.0962962962962963,0.10805860805860806,0.16279069767441862,0.6444368682184747,0.7318599619993603,1.2321229359089034,-0.44731221804366406,0.0031784502102438685,-0.31896720994881483,0.026682278378574485,0.9204301078197377,0.04592520888784026
diabetes_binary,Diabetes,LBXSAPSI,Alkaline Phosphatase (U/L),LBXWBCSI,WBC Count (10^3/uL),High-High,AND,5896,799.0,0.13529289139045236,0.08571428571428572,0.17635658914728683,0.2413793103448276,0.6048252918478073,1.3735151960877434,2.081229294790288,-0.5121747614862905,0.0015189234807828067,0.3137191902377598,0.010741569908920976,0.908272119590855,0.012952995945985249
diabetes_binary,Diabetes,LBXSCR,Creatinine Kidney (mg/dL),LBXSUA,Uric Acid (mg/dL),High-High,OR,5897,800.0,0.1127728375101051,0.3126491646778043,0.18181818181818182,0.2694610778443114,3.5831974417735055,1.7572173363526256,2.919887453638573,1.2749623867531115,9.117604175153438e-29,0.5586481469116316,9.694379883422937e-05,-0.768243544939774,0.002043958469372083
diabetes_binary,Diabetes,LBXSBU,BUN Kidney (mg/dL),LBXHGB,Hemoglobin (g/dL),Low-High,AND,5894,799.0,0.14559068219633944,0.06653225806451613,0.1045045045045045,0.22857142857142856,0.42390664088757685,0.6896645970753124,1.812847965738758,-0.8716082566147095,2.38628069281178e-06,-0.3785357795451657,0.00887599047961674,1.8033599478404256,0.00010216799102585665
diabetes_binary,Diabetes,LBXSUA,Uric Acid (mg/dL),LBXSNASI,Sodium (mmol/L),Low-High,AND,5897,800.0,0.13725490196078433,0.08835341365461848,0.17177914110429449,0.2916666666666667,0.6150598477295458,1.3121166042749748,2.692244309403646,-0.49562807926013863,0.0023756289019223995,0.2652092165997225,0.08187110037971045,1.1813951525224613,0.01810186754471535
diabetes_binary,Diabetes,LBXSUA,Uric Acid (mg/dL),LBXSCA,Calcium (mg/dL),Low-High,AND,5897,800.0,0.13833199679230151,0.08870967741935484,0.1524547803617571,0.2692307692307692,0.6122019034969455,1.1275474834043668,2.39430735810171,-0.5002790663028182,0.0021682515887915684,0.11373731513272778,0.4398435161355586,1.2172264006701148,0.013368030041548568
diabetes_binary,Diabetes,LBXSNASI,Sodium (mmol/L),LBXSCA,Calcium (mg/dL),Low-Low,XOR,5897,800.0,0.12452222892778113,0.24155844155844156,0.16463414634146342,0.14285714285714285,2.245862737388161,1.3915064965376969,1.239851872952571,0.8061312067361561,1.9085613521775256e-10,0.32614145602738626,0.011421985062488376,-0.9737466161404156,0.02843166558011332
diabetes_binary,Diabetes,LBXSNASI,Sodium (mmol/L),LBXSAL,Albumin (g/dL),Low-Low,OR,5900,800.0,0.11963488055933191,0.2365038560411311,0.26498422712933756,0.17777777777777778,2.2864162696708856,2.6611561779820114,1.6668180589348471,0.8239487256536699,8.163766032893665e-11,0.9756706326849424,3.7571281586926095e-13,-1.3352034418956709,0.001869991103781014
diabetes_binary,Diabetes,LBXSNASI,Sodium (mmol/L),LBXHGB,Hemoglobin (g/dL),Low-Low,XOR,5897,799.0,0.12045043233460688,0.2454308093994778,0.20408163265306123,0.11764705882352941,2.381894238290112,1.8779510027028499,1.0424162992970332,0.8650396972788343,7.948633780942746e-12,0.6271950499856624,1.8344252330300034e-07,-1.5189661646854984,0.0011244460778300513
diabetes_binary,Diabetes,LBXSNASI,Sodium (mmol/L),LBXWBCSI,WBC Count (10^3/uL),High-High,XOR,5897,799.0,0.12672121333067252,0.1891025641025641,0.1884328358208955,0.10526315789473684,1.6164057250421715,1.6050525680620682,0.8982656586734171,0.4744133003873245,0.0016414335642306863,0.4700398309617003,7.123792675754974e-05,-1.1542539496361703,0.03951180407556038
hypertension_binary,Hypertension,systolic_bp,Systolic BP (mmHg),diastolic_bp,Diastolic BP (mmHg),High-High,OR,5517,1937.0,0.2999137559292799,0.7025495750708215,0.5,0.6861702127659575,5.497179047466592,2.3338124326266616,5.079474118069792,1.7071769761868625,2.2480780400552488e-45,0.8477085801794034,7.725865190185095e-14,-0.9249020157309099,4.299049142809139e-05
hypertension_binary,Hypertension,systolic_bp,Systolic BP (mmHg),LBXSUA,Uric Acid (mg/dL),High-High,OR,5146,1818.0,0.2898791182744726,0.7058823529411765,0.5606796116504854,0.7123287671232876,5.864754245952899,3.1238104566112885,5.9804126552684345,1.7714399463038373,1.3765207909717745e-58,1.1398918882059053,1.6770537988645147e-27,-1.1086393447018006,0.0001981650827972359
hypertension_binary,Hypertension,systolic_bp,Systolic BP (mmHg),LBXSNASI,Sodium (mmol/L),High-Low,OR,5149,1819.0,0.306613694788502,0.7160751565762005,0.4028169014084507,0.5833333333333334,5.689649398220827,1.526807843137255,3.1361597542242707,1.7410742122166758,6.05276822708989e-60,0.4222570063746828,0.00019078494645441484,-1.0108603311833584,0.006382720702748563
hypertension_binary,Hypertension,systolic_bp,Systolic BP (mmHg),LBXSKSI,Potassium (mmol/L),High-Low,OR,5146,1818.0,0.3015800320586215,0.7115789473684211,0.5207547169811321,0.6410256410256411,5.7000200103501815,2.515127432377125,4.071857619577308,1.7428501375130712,3.525858803922414e-60,0.9228517665567905,4.20119109688404e-13,-1.2460982409587424,0.0007917214450974306
hypertension_binary,Hypertension,systolic_bp,Systolic BP (mmHg),LBXPLTSI,Platelet Count (10^3/uL),High-Low,OR,5274,1859.0,0.3032977241058987,0.7017937219730942,0.4266666666666667,0.6666666666666666,5.3931251263131195,1.7102295396992127,4.54631864226747,1.6874973201322703,2.3025725322967813e-54,0.5361790449200349,1.076536918905068e-07,-0.698885926678489,0.015516780770711907
hypertension_binary,Hypertension,diastolic_bp,Diastolic BP (mmHg),LBXTC,Total Cholesterol (mg/dL),TwoSided-TwoSided,OR,5172,1824.0,0.31537335285505125,0.479002624671916,0.36945169712793735,0.43231441048034935,1.9955855185395963,1.2725553473440232,1.6547510467504065,0.6910775377709262,1.9450342684783423e-17,0.2405467088662901,0.003935387092145661,-0.42892238208258393,0.013290656793458318
hypertension_binary,Hypertension,diastolic_bp,Diastolic BP (mmHg),LBXSUA,Uric Acid (mg/dL),High-High,OR,5146,1818.0,0.30439896494942364,0.5878048780487805,0.5869565217391305,0.5633802816901409,3.2551434421326446,3.243825919707396,2.9374275782155275,1.181335263359213,5.47916258925959e-29,1.17783493162952,4.4348802145648505e-29,-1.2778409005683113,5.024704645191531e-06
hypertension_binary,Hypertension,diastolic_bp,Diastolic BP (mmHg),LBXSUA,Uric Acid (mg/dL),TwoSided-TwoSided,OR,5146,1818.0,0.312372634643377,0.47715736040609136,0.3878954607977992,0.44387755102040816,2.0086801880001692,1.3955342902711323,1.7585863677255935,0.6976160481669778,3.5717176924524924e-18,0.3328830428984829,8.246005194862335e-05,-0.4668886005134112,0.010056350344575587
hypertension_binary,Hypertension,BMXBMI,Body Mass Index (kg/m2),LBXGH,"Glycohemoglobin (HbA1c, %)",High-High,OR,5442,1894.0,0.3048535003354954,0.45054945054945056,0.6308411214953271,0.6363636363636364,1.8702506977244633,3.8907536389811432,3.9633353078897637,0.6258403410671668,3.4004626672432927e-10,1.3601182057624135,3.632349157119368e-38,-0.6020514791031523,0.02197775348425722
hypertension_binary,Hypertension,BMXBMI,Body Mass Index (kg/m2),LBXIN,Insulin (uIU/mL),High-High,OR,2552,909.0,0.3265977443609023,0.5178571428571429,0.48214285714285715,0.5227272727272727,2.2128450644590774,1.919774057717983,2.2550936693872377,0.7950725462455245,8.09557018106404e-07,0.6521546182812343,5.203106689653512e-05,-0.6326418040576526,0.04049859149325727
hypertension_binary,Hypertension,BMXBMI,Body Mass Index (kg/m2),LBXSAL,Albumin (g/dL),High-Low,OR,5325,1857.0,0.328125,0.4966442953020134,0.44176706827309237,0.4,2.02003147176201,1.6216709501992774,1.371470696405847,0.7032546576379981,1.7739259925889854e-12,0.48268411063186334,0.00024109127072170466,-0.874726198407887,0.0014291556534736908
hypertension_binary,Hypertension,BMXBMI,Body Mass Index (kg/m2),LBXHSCRP,hs-CRP Inflammation (mg/L),High-High,OR,5319,1851.0,0.32362240289069555,0.46944444444444444,0.45403899721448465,0.5,1.8495775735592102,1.7387087068696965,2.0896407394489014,0.6147993695978217,2.5521662288499405e-08,0.5528096242976234,6.011003441546076e-07,-0.430434911174067,0.04633823626390836
hypertension_binary,Hypertension,BMXBMI,Body Mass Index (kg/m2),LBXHGB,Hemoglobin (g/dL),High-Low,OR,5452,1898.0,0.3232981352505055,0.4860215053763441,0.43231441048034935,0.44871794871794873,1.9791471029505285,1.5946602540469441,1.7078687123961465,0.6827273293731917,3.523216069212835e-12,0.4662412817114241,2.8641630578753973e-06,-0.6161647832563479,0.020183280934992807
hypertension_binary,Hypertension,BMXBMI,Body Mass Index (kg/m2),LBXWBCSI,WBC Count (10^3/uL),High-High,OR,5452,1898.0,0.32871817775792767,0.5011547344110855,0.382830626450116,0.4,2.05119649305787,1.2679633174808957,1.3662943436690198,0.7186072168803933,1.2665138094231066e-12,0.2364374361429806,0.023101307602365215,-0.6465214901074396,0.007237336256631682
hypertension_binary,Hypertension,BMXWAIST,Waist Circumference (cm),LBXIN,Insulin (uIU/mL),High-High,OR,2469,873.0,0.3217223028543783,0.5612903225806452,0.46835443037974683,0.5280898876404494,2.6919828678289197,1.8580370678272775,2.3553719008264467,0.9922684404171586,3.950524403497927e-09,0.6191163212995375,0.00019588792267738047,-0.753038751351325,0.0166538021206059
hypertension_binary,Hypertension,BMXWAIST,Waist Circumference (cm),LBXSAL,Albumin (g/dL),High-Low,OR,5133,1776.0,0.3156769596199525,0.5399515738498789,0.4209245742092457,0.5151515151515151,2.542803670789741,1.576672083182546,2.301419415872179,0.9338583756709158,3.0591130838759507e-19,0.454731597197588,1.5623576481824926e-05,-0.5542546746807857,0.025145662056433277
hypertension_binary,Hypertension,BMXWAIST,Waist Circumference (cm),LBXHSCRP,hs-CRP Inflammation (mg/L),High-High,OR,5128,1771.0,0.3158141717503519,0.5451977401129944,0.4309859154929577,0.5031847133757962,2.5951595640112712,1.6418707852548673,2.1935780662770425,0.9543614068442985,1.3027177244592614e-17,0.4952458069151069,1.0014761665697917e-05,-0.6637926050580993,0.00283367581110182
hypertension_binary,Hypertension,LBXGH,"Glycohemoglobin (HbA1c, %)",LBXGLU,Fasting Glucose (mg/dL),High-High,OR,2652,945.0,0.3191126279863481,0.6222222222222222,0.5789473684210527,0.6601941747572816,3.4736329802462067,2.9164587678758878,4.129720433775352,1.2568439661542643,5.2123137773305225e-05,1.0763065311538107,7.54631408853181e-05,-0.9111380535861059,0.03664554350767413
hypertension_binary,Hypertension,LBXGH,"Glycohemoglobin (HbA1c, %)",LBXGLU,Fasting Glucose (mg/dL),TwoSided-TwoSided,AND,2652,945.0,0.3423885187083547,0.27586206896551724,0.30078125,0.5950413223140496,0.735446167108249,0.8289564422073281,2.816605856736614,-0.3124127049645966,0.05697139649613165,-0.1909121929080807,0.18611866388263898,1.5408389098570963,7.481311297422576e-10
hypertension_binary,Hypertension,LBXGH,"Glycohemoglobin (HbA1c, %)",LBXTR,Triglycerides (mg/dL),TwoSided-TwoSided,AND,2604,931.0,0.3520408163265306,0.43731778425655976,0.27970297029702973,0.5053763440860215,1.431036023956378,0.7163946574229062,1.8794712757030771,0.35802568705270155,0.0027852965796643153,-0.3358548665978205,0.0057202289876863615,0.6094159666274138,0.020921063140792735
hypertension_binary,Hypertension,LBXGH,"Glycohemoglobin (HbA1c, %)",LBXSNASI,Sodium (mmol/L),High-Low,OR,5407,1900.0,0.3172172391161671,0.6495327102803738,0.37694704049844235,0.5862068965517241,3.98230304362913,1.304089827138462,3.036406907396127,1.383575726450541,8.188610312802853e-39,0.264063085904864,0.027092965631777245,-0.5327422112310295,0.046981988155974604
hypertension_binary,Hypertension,LBXGLU,Fasting Glucose (mg/dL),LBDHDD,HDL Cholesterol (mg/dL),High-High,XOR,2606,931.0,0.3186761229314421,0.6586345381526104,0.3852813852813853,0.36363636363636365,4.111804715643816,1.3422730287542428,1.2822831727205337,1.417077656421097,1.3737750678977796e-23,0.2926717972180949,0.04072556728130847,-1.5095027564874,0.021514553309737505
hypertension_binary,Hypertension,LBXGLU,Fasting Glucose (mg/dL),LBXSASSI,AST Liver Enzyme (U/L),TwoSided-TwoSided,AND,2589,926.0,0.33517393705135284,0.4120734908136483,0.3511705685618729,0.5816326530612245,1.3909923286315267,1.0754578057063062,2.7471366949278595,0.3294755883025359,0.004294783636722046,0.07097802590346264,0.5878951978448053,0.6139014217335116,0.020255274766195454
hypertension_binary,Hypertension,LBXGLU,Fasting Glucose (mg/dL),LBXSNASI,Sodium (mmol/L),High-Low,OR,2599,931.0,0.3197463768115942,0.6591928251121076,0.4351145038167939,0.5675675675675675,4.100463020782741,1.6413979490540855,2.771129554569045,1.4146368413232426,1.6001800014209634e-21,0.4939237694612186,0.006663109534652207,-0.8816893004699818,0.029081679345106356
hypertension_binary,Hypertension,LBXIN,Insulin (uIU/mL),LBXSASSI,AST Liver Enzyme (U/L),High-High,OR,2585,925.0,0.3330206378986867,0.5097087378640777,0.4461538461538462,0.4423076923076923,2.0810121228719107,1.614605797825248,1.5949021338517873,0.733394473644089,5.808728939185774e-07,0.4783315318581896,0.0015598700884049777,-0.7489729792317777,0.030784984267590184
hypertension_binary,Hypertension,LBXTC,Total Cholesterol (mg/dL),LBDHDD,HDL Cholesterol (mg/dL),Low-Low,AND,5436,1906.0,0.34060066740823136,0.3616557734204793,0.40703517587939697,0.5595238095238095,1.0980966984634433,1.3300154127660222,2.451866361954511,0.09243377009777033,0.36536648735616883,0.28438312096506835,0.007735245066173463,0.5230313887612896,0.04668907546014956
hypertension_binary,Hypertension,LBXTC,Total Cholesterol (mg/dL),LBXSAL,Albumin (g/dL),Low-Low,AND,5407,1900.0,0.34270032930845223,0.36693548387096775,0.40836012861736337,0.6666666666666666,1.1128190404338905,1.3252449047064918,3.7735531385247847,0.10589734563268274,0.28112639279412355,0.2805349733137469,0.01890936667060364,0.9579985060776571,0.006295407527269824
hypertension_binary,Hypertension,LBXTC,Total Cholesterol (mg/dL),LBXWBCSI,WBC Count (10^3/uL),Low-High,AND,5433,1905.0,0.3434940855323021,0.37675350701402804,0.3684210526315789,0.5681818181818182,1.1563894897302616,1.1159986759351206,2.4989432943752705,0.14441086017556082,0.13933916123052933,0.10876530879215884,0.26965068592353525,0.6690224862588862,0.044515135729673666
hypertension_binary,Hypertension,LBDLDL,LDL Cholesterol (mg/dL),LBXSKSI,Potassium (mmol/L),High-Low,AND,2573,918.0,0.34722880151586927,0.32589285714285715,0.4423076923076923,0.6666666666666666,0.9117617283200712,1.4921842772760383,3.6691985587691107,-0.09557764597958036,0.5231827782685283,0.39944113562962813,0.006545997875311876,1.0205264405968504,0.019826197875566345
hypertension_binary,Hypertension,LBXTR,Triglycerides (mg/dL),LBXSAPSI,Alkaline Phosphatase (U/L),High-Low,AND,2595,929.0,0.3605313092979127,0.430327868852459,0.24017467248908297,0.6428571428571429,1.3410037256191103,0.5639612756650446,3.0627577550654475,0.29254527521870743,0.032762081207450416,-0.5786632557901823,0.00033112972488389157,1.4469635036654698,0.014991245395053613
hypertension_binary,Hypertension,LBXTR,Triglycerides (mg/dL),LBXSCR,Creatinine Kidney (mg/dL),High-High,OR,2596,929.0,0.31379962192816635,0.42035398230088494,0.6832579185520362,0.5757575757575758,1.5874453189596227,4.697260778380802,2.939596793025609,0.461094614307697,0.0012296848752165444,1.5511996406738726,1.873720871346797e-24,-0.9244975595220806,0.022982156043006692
hypertension_binary,Hypertension,LBXTR,Triglycerides (mg/dL),LBXSUA,Uric Acid (mg/dL),High-High,OR,2594,929.0,0.324108818011257,0.42574257425742573,0.6108374384236454,0.49122807017543857,1.5477921666837349,3.2645602259239554,2.01393433582117,0.43570987737899575,0.003592649877319486,1.1857864853698676,4.431299157890408e-15,-0.9216349103282813,0.006182324503888331
hypertension_binary,Hypertension,LBXTR,Triglycerides (mg/dL),LBXHSCRP,hs-CRP Inflammation (mg/L),High-Low,AND,2591,926.0,0.3681449690033381,0.43824701195219123,0.1694915254237288,0.5714285714285714,1.3399453383192104,0.3536500407618765,2.2061026352288486,0.29190366380979516,0.03063626529375313,-1.049052016721034,4.901211264472301e-09,1.585013613758568,0.04612033989782087
hypertension_binary,Hypertension,LBXSATSI,ALT Liver Enzyme (U/L),LBXSAPSI,Alkaline Phosphatase (U/L),High-Low,AND,5409,1900.0,0.3595378341640236,0.35785288270377735,0.255863539445629,0.5652173913043478,0.993783543672188,0.6140853637930452,2.289988751406075,-0.00732483516526483,0.9405159487633673,-0.49020954225320007,8.940350084345482e-06,1.3372692790531369,0.002637233636817062
hypertension_binary,Hypertension,LBXSATSI,ALT Liver Enzyme (U/L),LBXSKSI,Potassium (mmol/L),Low-High,AND,5407,1899.0,0.3488372093023256,0.2524752475247525,0.43902439024390244,0.5384615384615384,0.6324127941616509,1.4613859447144788,2.1690466499822474,-0.4612998950176043,0.00010237228250048504,0.37903185104000897,8.023255693883453e-05,0.8605730328778478,0.015142497731803959
hypertension_binary,Hypertension,LBXSASSI,AST Liver Enzyme (U/L),LBXSUA,Uric Acid (mg/dL),High-High,OR,5393,1895.0,0.3212538906180525,0.40616966580976865,0.5922330097087378,0.5106382978723404,1.4462990452980988,3.0651997860955977,2.2032745301510435,0.36819271469351833,0.000656353036188962,1.1212196380782882,1.6278101838379232e-26,-0.6988373461646656,0.005852624995792693
hypertension_binary,Hypertension,LBXSCR,Creatinine Kidney (mg/dL),LBXSBU,BUN Kidney (mg/dL),TwoSided-TwoSided,AND,5408,1900.0,0.3228325956782088,0.3788098693759071,0.36678832116788324,0.6,1.2798171588318594,1.2160384388982164,3.1417505114340685,0.24618181859046573,0.0041072054165750055,0.19476473496178584,0.0406030941224234,0.705303161405482,2.368969241570691e-05
hypertension_binary,Hypertension,LBXSBU,BUN Kidney (mg/dL),LBXSUA,Uric Acid (mg/dL),TwoSided-TwoSided,AND,5408,1900.0,0.32833070036861506,0.41770186335403725,0.3469945355191257,0.5555555555555556,1.4679249310872076,1.087829577650599,2.5541667066189793,0.3835301260932039,1.0541638777158043e-05,0.08346830698885613,0.3260422174946853,0.47188989069392484,0.007278096972662026
hypertension_binary,Hypertension,LBXSNASI,Sodium (mmol/L),LBXHGB,Hemoglobin (g/dL),Low-Low,XOR,5408,1900.0,0.3344312692138779,0.425414364640884,0.45964125560538116,0.391304347826087,1.4744754245832083,1.693206024865105,1.2916414765170228,0.38762504687495314,0.00047079862501516763,0.5264235698103951,1.4361114923025644e-07,-0.6676708448017457,0.046606539094716834
hypertension_binary,Hypertension,LBXSNASI,Sodium (mmol/L),LBXHGB,Hemoglobin (g/dL),Low-High,AND,5408,1900.0,0.3473661009477628,0.40482573726541554,0.3282937365010799,0.6,1.2790878670928705,0.9196647794986457,2.7854041580541797,0.2452395126264119,0.02577945539930227,-0.08527533364919085,0.4111718427496047,0.8761379868147109,0.01960906970479347
hypertension_binary,Hypertension,LBXSKSI,Potassium (mmol/L),LBXSCA,Calcium (mg/dL),High-Low,AND,5405,1899.0,0.341535657325131,0.4309278350515464,0.33608247422680415,0.6086956521739131,1.460546523343827,0.9772699426940764,2.9696114921189944,0.3783916692515414,9.680724409629467e-05,-0.02434306173376579,0.8100199153770996,0.7442424277651436,0.024788985708804362
hypertension_binary,Hypertension,LBXSKSI,Potassium (mmol/L),LBXHGB,Hemoglobin (g/dL),Low-Low,OR,5405,1899.0,0.32944732297063906,0.5338078291814946,0.4501108647450111,0.4878048780487805,2.329084774808547,1.666527827297885,1.9403941224415178,0.8461237627593337,7.619002544605126e-12,0.5104630247410342,3.036960858122276e-07,-0.6946911598055702,0.046582286185208995
hypertension_binary,Hypertension,LBXSAL,Albumin (g/dL),LBXHGB,Hemoglobin (g/dL),Low-High,AND,5408,1900.0,0.34574934268185803,0.430635838150289,0.33811475409836067,0.8,1.43216160190535,0.9679248636160462,6.432752613240418,0.3585190539007868,0.0015018220314519507,-0.03393037262875994,0.7359664590631234,1.6994821565411802,0.034603158578189894
hypertension_binary,Hypertension,LBXSAL,Albumin (g/dL),LBXWBCSI,WBC Count (10^3/uL),Low-Low,AND,5408,1900.0,0.34776902887139105,0.4236760124610592,0.31875,0.6,1.3798615600884971,0.8789088840947324,2.780463744864443,0.3211592607681344,0.006114333722160398,-0.13066204939441095,0.20351384713034293,0.8438280968448486,0.025324246710066677
high_cholesterol_binary,High Cholesterol,systolic_bp,Systolic BP (mmHg),diastolic_bp,Diastolic BP (mmHg),High-High,OR,5490,1797.0,0.30322720381199914,0.5698005698005698,0.3630952380952381,0.4032258064516129,3.040445244095991,1.312031417350946,1.5556343586451347,1.113014541368789,4.2969913404899465e-23,0.2700220413470818,0.02197906500898433,-0.9431016588562174,1.6254782096620025e-05
high_cholesterol_binary,High Cholesterol,systolic_bp,Systolic BP (mmHg),BMXBMI,Body Mass Index (kg/m2),High-High,OR,5419,1770.0,0.3022675736961451,0.5310492505353319,0.34591194968553457,0.36923076923076925,2.6127443067338683,1.222230221222347,1.3624577048350885,0.9608800714918151,1.5214325145000722e-22,0.19946534123443171,0.049820895953746364,-0.8593405939392755,0.0032027372887849922
high_cholesterol_binary,High Cholesterol,systolic_bp,Systolic BP (mmHg),BMXWAIST,Waist Circumference (cm),High-High,OR,5235,1697.0,0.2952046783625731,0.5298165137614679,0.388646288209607,0.3939393939393939,2.6889267904892677,1.5189558955895588,1.5618188485515219,0.9896462274125285,2.1074406953676978e-22,0.41723244315197866,3.984386186145912e-05,-0.9674230906278184,0.00078414097236608
high_cholesterol_binary,High Cholesterol,systolic_bp,Systolic BP (mmHg),BMXWAIST,Waist Circumference (cm),Low-High,AND,5235,1697.0,0.33545497406883545,0.14925373134328357,0.3862745098039216,0.5,0.3495320151242794,1.2477977041783819,1.9806814190375832,-1.0568512818162445,2.564529606778918e-15,0.2206154312220955,0.022361109746983687,1.5198507436184088,0.00649490223273601
high_cholesterol_binary,High Cholesterol,systolic_bp,Systolic BP (mmHg),LBXGH,"Glycohemoglobin (HbA1c, %)",High-High,OR,5238,1730.0,0.282765019717003,0.4964705882352941,0.5927710843373494,0.6206896551724138,2.500408570519272,3.687865934706545,4.125528568718523,0.9166693986802554,4.578608801556447e-19,1.3062201012353303,3.2055199034502335e-35,-0.7996257345917509,0.0023956566860276413
high_cholesterol_binary,High Cholesterol,systolic_bp,Systolic BP (mmHg),LBXPLTSI,Platelet Count (10^3/uL),High-Low,OR,5248,1733.0,0.2999766736645673,0.527027027027027,0.40492170022371365,0.45714285714285713,2.5990779453727866,1.5889417380227195,1.9694782481412871,0.9556225252830348,2.3753032009404284e-21,0.46240966312692916,5.7502300686426615e-06,-0.742473504693821,0.007456150395871415
high_cholesterol_binary,High Cholesterol,diastolic_bp,Diastolic BP (mmHg),BMXWAIST,Waist Circumference (cm),High-High,XOR,5235,1697.0,0.3101927095426051,0.3886138613861386,0.4009216589861751,0.3333333333333333,1.414855626976839,1.4893421310567825,1.1208596525400933,0.34607599008634626,0.001252090008148729,0.3975921895650168,0.00011930025936667286,-0.6375968388452928,0.016791762765541472
high_cholesterol_binary,High Cholesterol,diastolic_bp,Diastolic BP (mmHg),LBXIN,Insulin (uIU/mL),High-High,XOR,2452,824.0,0.3239719157472417,0.3915094339622642,0.41203703703703703,0.2,1.3449282892438346,1.4641827032437105,0.5533879445049482,0.2946059911245754,0.047458568133010026,0.38002707096319865,0.00938166138022617,-1.3253496355180145,0.007973802092680563
high_cholesterol_binary,High Cholesterol,diastolic_bp,Diastolic BP (mmHg),LBXTR,Triglycerides (mg/dL),Low-High,XOR,2459,825.0,0.3074611917876815,0.38636363636363635,0.5330396475770925,0.3333333333333333,1.420640186873797,2.568525882716969,1.1793172924173738,0.3493918815695032,0.01724169775813325,0.9443668550022902,2.5698304853134353e-11,-1.1748905136141228,0.04367161278614141
high_cholesterol_binary,High Cholesterol,diastolic_bp,Diastolic BP (mmHg),LBXSATSI,ALT Liver Enzyme (U/L),High-Low,AND,5125,1697.0,0.3375237191650854,0.36639676113360325,0.20906801007556675,0.5555555555555556,1.1361359140739098,0.521023161635571,2.4241616562325667,0.12664280858099683,0.20034884223953708,-0.656203410256331,2.7360354974629037e-07,1.427053120844868,0.004316851496873362
high_cholesterol_binary,High Cholesterol,diastolic_bp,Diastolic BP (mmHg),LBXSCR,Creatinine Kidney (mg/dL),High-High,XOR,5126,1698.0,0.31036133046183295,0.37915742793791574,0.4827586206896552,0.32786885245901637,1.3582922046029833,2.0738030238946634,1.097406968916127,0.30530454557643283,0.0029377371750766365,0.7294377207560708,7.028170386788962e-13,-0.9541514672397983,0.0018716103975483015
high_cholesterol_binary,High Cholesterol,BMXWAIST,Waist Circumference (cm),LBXTC,Total Cholesterol (mg/dL),High-High,OR,5134,1665.0,0.29031482816630616,0.37420718816067655,0.5668103448275862,0.4722222222222222,1.4630662096267237,3.1959199261640303,2.1932783807008054,0.3796457814989307,0.00016987383401367853,1.1627046273678507,2.044692722818651e-31,-0.7597205407278437,0.035410457871466405
high_cholesterol_binary,High Cholesterol,LBXGH,"Glycohemoglobin (HbA1c, %)",LBXGLU,Fasting Glucose (mg/dL),TwoSided-TwoSided,AND,2634,875.0,0.3185108583247156,0.2413793103448276,0.29844961240310075,0.5564853556485355,0.6852101197647226,0.9132130864048581,2.6808882492032486,-0.3845085527740702,0.02464352379008996,-0.09406785788320943,0.5151918961979332,1.466110196295899,8.326153561156707e-09
high_cholesterol_binary,High Cholesterol,LBXGH,"Glycohemoglobin (HbA1c, %)",LBXIN,Insulin (uIU/mL),TwoSided-TwoSided,AND,2579,864.0,0.33371559633027525,0.3793103448275862,0.256857855361596,0.5043478260869565,1.2215543615744693,0.6919792093514784,2.030416122410897,0.19895100458262518,0.11454413423746726,-0.37093700859534984,0.0030193067107955984,0.8808052364050127,0.00048539761478647996
high_cholesterol_binary,High Cholesterol,LBXGH,"Glycohemoglobin (HbA1c, %)",LBXTC,Total Cholesterol (mg/dL),TwoSided-TwoSided,OR,5410,1768.0,0.29002192982456143,0.3841642228739003,0.413472706155633,0.4200913242009132,1.5277631898952875,1.725961518244983,1.7755147406151879,0.4233673347590215,1.065211295647422e-06,0.5456498438520092,3.066561770766662e-12,-0.396138145745243,0.02459696032817327
high_cholesterol_binary,High Cholesterol,LBXGLU,Fasting Glucose (mg/dL),LBXSASSI,AST Liver Enzyme (U/L),TwoSided-TwoSided,AND,2572,861.0,0.3257491675915649,0.4074074074074074,0.24324324324324326,0.5,1.423833578164242,0.6681419703359711,2.068936170212766,0.3527810865051421,0.002381458330181014,-0.40750539689243187,0.004800313260097368,0.7821988463338424,0.0039128888350452775
high_cholesterol_binary,High Cholesterol,LBXGLU,Fasting Glucose (mg/dL),LBXPLTSI,Platelet Count (10^3/uL),High-Low,OR,2637,876.0,0.2929199444701527,0.6244343891402715,0.3925233644859813,0.5121951219512195,4.002046420182524,1.5623021165029167,2.530482992280594,1.3896576249428967,2.7705695374508314e-21,0.4445268959700212,0.0026249147835041096,-0.9041498091611957,0.015209702797259724
high_cholesterol_binary,High Cholesterol,LBXIN,Insulin (uIU/mL),LBXTC,Total Cholesterol (mg/dL),High-High,XOR,2579,863.0,0.29278846153846155,0.3877551020408163,0.6431535269709544,0.3076923076923077,1.5319811729564292,4.340111054735474,1.1436034713527048,0.4251210503958249,0.002340780770941596,1.4709572735572785,7.163092173472311e-25,-1.8251290872778918,0.0038467415125384534
high_cholesterol_binary,High Cholesterol,LBXIN,Insulin (uIU/mL),LBDLDL,LDL Cholesterol (mg/dL),High-High,XOR,2555,846.0,0.2924345295829292,0.38016528925619836,0.620253164556962,0.2857142857142857,1.4863875455193543,3.941579277419473,1.036454018227009,0.39474263474838484,0.0051155977499762265,1.3742122682440716,4.674021256958708e-22,-1.8016562830710114,0.0038139476147631478
high_cholesterol_binary,High Cholesterol,LBXIN,Insulin (uIU/mL),LBDLDL,LDL Cholesterol (mg/dL),High-Low,AND,2555,846.0,0.32662835249042144,0.34234234234234234,0.3222748815165877,0.5882352941176471,1.0761204665641526,0.9837296269352019,2.9135531135531134,0.07060113310514231,0.6354949850910103,-0.01986251055665234,0.8977189754919188,1.0294107359173905,0.011346574416804537
high_cholesterol_binary,High Cholesterol,LBXIN,Insulin (uIU/mL),LBXSATSI,ALT Liver Enzyme (U/L),High-High,XOR,2576,862.0,0.31956827780384794,0.41237113402061853,0.43315508021390375,0.3125,1.4963812806966394,1.6287704215018652,0.980495766938429,0.4015847155444935,0.008701626791327053,0.4867665898254791,0.0016543555226902007,-0.9210521364691352,0.00731827362215444
high_cholesterol_binary,High Cholesterol,LBXIN,Insulin (uIU/mL),LBXSCA,Calcium (mg/dL),High-High,AND,2575,863.0,0.32475432849789426,0.3662551440329218,0.38333333333333336,0.7333333333333333,1.204034939340775,1.295550885077176,5.311655067594592,0.18369136558557778,0.19245421013344333,0.25658390155199196,0.10903783243845025,1.3033332428079776,0.03550999401986202
high_cholesterol_binary,High Cholesterol,LBXTC,Total Cholesterol (mg/dL),LBXTR,Triglycerides (mg/dL),High-High,OR,2589,865.0,0.28538175046554937,0.6338797814207651,0.5,0.5972222222222222,4.319737993902623,2.5028524857375714,3.690646885748622,1.4668182958004845,7.048205726787143e-20,0.9179207240850861,2.6573430360027417e-09,-1.0729140100933958,0.0009331687510173975
high_cholesterol_binary,High Cholesterol,LBXTC,Total Cholesterol (mg/dL),LBXSATSI,ALT Liver Enzyme (U/L),High-High,OR,5383,1761.0,0.29647326507394767,0.567741935483871,0.3524229074889868,0.4927536231884058,3.1142200660371344,1.2929698871329183,2.305628940501467,1.1367930276697076,2.300288971981254e-30,0.25574288047761246,0.013606225938714604,-0.5573746124381046,0.04525267440641815
high_cholesterol_binary,High Cholesterol,LBDLDL,LDL Cholesterol (mg/dL),LBXSATSI,ALT Liver Enzyme (U/L),High-High,OR,2555,846.0,0.29338446788111217,0.6160714285714286,0.38073394495412843,0.48148148148148145,3.8545381620856434,1.4834942390240229,2.241323011963406,1.3519091791406528,1.5741416902879163e-20,0.3925686195951244,0.007796382362432046,-0.9395829806525433,0.030673654927649997
high_cholesterol_binary,High Cholesterol,LBDLDL,LDL Cholesterol (mg/dL),LBXHGB,Hemoglobin (g/dL),Low-Low,AND,2565,848.0,0.32940066068900425,0.32547169811320753,0.30808080808080807,0.5555555555555556,0.9856287365409702,0.9102336174920284,2.5284267152556343,-0.01784110032791981,0.9075881909087617,-0.09821003632008526,0.5411437281887372,1.0500917132969427,0.008620479510384629
high_cholesterol_binary,High Cholesterol,LBXSAPSI,Alkaline Phosphatase (U/L),LBXSUA,Uric Acid (mg/dL),High-High,XOR,5385,1762.0,0.309631985461154,0.3883089770354906,0.43015521064301554,0.3584905660377358,1.4165037741707165,1.6837956287538138,1.259976722309912,0.34741442591639426,0.0004650244749453186,0.5206224353883689,2.2400267727736718e-07,-0.6481180455342237,0.041355015259177
high_cholesterol_binary,High Cholesterol,LBXSAPSI,Alkaline Phosphatase (U/L),LBXSNASI,Sodium (mmol/L),High-Low,AND,5387,1762.0,0.3177570093457944,0.3668032786885246,0.3573407202216066,0.5909090909090909,1.2449918941827545,1.1956650520698078,3.074941584917084,0.2181434454752392,0.027944661332374596,0.1771739492275917,0.12146760570923358,0.7365063019547151,0.030531775139577434
high_cholesterol_binary,High Cholesterol,LBXSAPSI,Alkaline Phosphatase (U/L),LBXSKSI,Potassium (mmol/L),High-Low,AND,5385,1760.0,0.3222416812609457,0.37424547283702214,0.2912280701754386,0.5428571428571428,1.2590314132558653,0.8671160577668784,2.4852292020373516,0.22944269695476308,0.019157252104404356,-0.14593815418381084,0.2767153953354622,0.8318346495765029,0.027132565304500138
high_cholesterol_binary,High Cholesterol,LBXSBU,BUN Kidney (mg/dL),LBXSKSI,Potassium (mmol/L),High-High,OR,5383,1760.0,0.2955210443394103,0.5606796116504854,0.37376237623762376,0.5241935483870968,3.0398908977654173,1.4243551827517158,2.623662483645914,1.1126390884873707,1.9393066256615844e-26,0.35260875731880675,0.001090822462432248,-0.49967961058485716,0.03128765486985404
high_cholesterol_binary,High Cholesterol,LBXSBU,BUN Kidney (mg/dL),LBXPLTSI,Platelet Count (10^3/uL),High-Low,OR,5383,1762.0,0.29475587703435807,0.5616113744075829,0.3806146572104019,0.5263157894736842,3.062667172208166,1.4717136651517642,2.65545518160496,1.120100854373736,2.700457985007734e-27,0.385456399540296,0.0002561195949164487,-0.5278001999392757,0.025624823522027117
high_cholesterol_binary,High Cholesterol,LBXSUA,Uric Acid (mg/dL),LBXHGB,Hemoglobin (g/dL),High-Low,AND,5383,1762.0,0.3196758217019361,0.4026548672566372,0.29357798165137616,0.6037735849056604,1.4355577590093827,0.8862842483043785,3.21639940080057,0.3608467203157988,0.00036096790076506634,-0.1228075268165792,0.2641263907419633,0.9384362638144621,0.003024857226305734
high_cholesterol_binary,High Cholesterol,LBXSKSI,Potassium (mmol/L),LBXHSCRP,hs-CRP Inflammation (mg/L),High-High,AND,5371,1755.0,0.3194508009153318,0.3900862068965517,0.3054393305439331,0.5423728813559322,1.3636301638449868,0.938467005322113,2.5172346450541943,0.3093469773203713,0.002094877441263151,-0.06523150351036898,0.532361478397972,0.6820804066831782,0.021680966691742527
high_cholesterol_binary,High Cholesterol,LBXSKSI,Potassium (mmol/L),LBXWBCSI,WBC Count (10^3/uL),High-High,AND,5383,1759.0,0.31927572771029106,0.39337474120082816,0.30425963488843816,0.5909090909090909,1.3835965106918284,0.9339687434224924,3.0534915970868606,0.3239537211603586,0.0010232371225501746,-0.06999289505274454,0.49735492869367726,0.8708662120346431,0.009684449954003627
high_cholesterol_binary,High Cholesterol,LBXSCA,Calcium (mg/dL),LBXWBCSI,WBC Count (10^3/uL),Low-High,AND,5383,1762.0,0.3306581059390048,0.29690721649484536,0.3144016227180527,0.4772727272727273,0.8563864691150013,0.9297461273996553,1.8516685718499943,-0.15685912469829605,0.13321629965048928,-0.07441072555455208,0.466589160013265,0.8455081250563415,0.011309109507015804
high_cholesterol_binary,High Cholesterol,LBXSAL,Albumin (g/dL),LBXPLTSI,Platelet Count (10^3/uL),High-High,XNOR,5386,1762.0,0.34163147366081353,0.2057142857142857,0.2821011673151751,0.34782608695652173,0.5015982834873233,0.7587379121423149,1.056648308418568,-0.6949227433854337,3.1752832130854177e-07,-0.27803065033080443,0.0069103453831062065,1.0003769855830125,0.03283983633491292
arthritis_binary,Arthritis,systolic_bp,Systolic BP (mmHg),BMXWAIST,Waist Circumference (cm),High-High,OR,4748,1441.0,0.26934023285899095,0.45965770171149145,0.44844124700239807,0.43859649122807015,2.307915632189638,2.2060362629821206,2.127840762214262,0.8362517913103598,2.444361807819345e-15,0.7910018379295554,4.756553501989433e-14,-0.8761411771732772,0.003890357847155238
arthritis_binary,Arthritis,systolic_bp,Systolic BP (mmHg),LBXGH,"Glycohemoglobin (HbA1c, %)",High-High,OR,4766,1484.0,0.27936670071501535,0.48586118251928023,0.44358974358974357,0.39436619718309857,2.4373226367612264,2.057114202149725,1.6895606559442984,0.8910347979424381,1.1560328297188663e-16,0.7209993903881522,2.4238649563246004e-11,-1.0934246444181164,0.00012112181695850673
arthritis_binary,Arthritis,systolic_bp,Systolic BP (mmHg),LBXSUA,Uric Acid (mg/dL),High-High,OR,4667,1456.0,0.2835820895522388,0.4844559585492228,0.3975,0.43548387096774194,2.3736949665349343,1.6680539353238535,1.956459569600343,0.864565823871545,1.184317460348107e-15,0.5108693004710275,2.388322420593175e-06,-0.7081842880862065,0.016791141171010222
arthritis_binary,Arthritis,systolic_bp,Systolic BP (mmHg),LBXSUA,Uric Acid (mg/dL),TwoSided-TwoSided,XOR,4667,1456.0,0.3003257328990228,0.3423019431988042,0.34405594405594403,0.27699530516431925,1.2134049444921235,1.2227855846183595,0.8969277589216021,0.19269450871409372,0.03322992694753713,0.20047599955824463,0.022748116248032767,-0.5068384347080873,0.009163960563176652
arthritis_binary,Arthritis,systolic_bp,Systolic BP (mmHg),LBXHSCRP,hs-CRP Inflammation (mg/L),High-High,OR,4663,1452.0,0.281767955801105,0.4823232323232323,0.4053398058252427,0.42592592592592593,2.374690186915357,1.7386546260120337,1.9011102963506137,0.8649722666394789,5.662856699689829e-16,0.552444419603285,2.2068272863616792e-07,-0.7802008570675032,0.012340931733411225
arthritis_binary,Arthritis,systolic_bp,Systolic BP (mmHg),LBXHGB,Hemoglobin (g/dL),Low-High,XNOR,4777,1487.0,0.33562691131498473,0.1619718309859155,0.23039215686274508,0.3684210526315789,0.3847533870304269,0.594682080227342,1.1874762808349146,-0.9607855649921584,1.4843824069115522e-12,-0.5232544914480285,1.892415591264141e-05,1.627887267897721,0.0013642627146024456
arthritis_binary,Arthritis,diastolic_bp,Diastolic BP (mmHg),BMXBMI,Body Mass Index (kg/m2),High-Low,XNOR,4920,1503.0,0.32059925093632957,0.27294117647058824,0.2021505376344086,0.36,0.7975161786706292,0.538948441585589,1.2198709555657785,-0.2287318312580408,0.044871283968757315,-0.6218880258040909,2.3654075071665072e-07,1.0262749666919104,0.021726336756608892
arthritis_binary,Arthritis,diastolic_bp,Diastolic BP (mmHg),LBXSUA,Uric Acid (mg/dL),TwoSided-TwoSided,XOR,4667,1456.0,0.30039267015706805,0.3411420204978038,0.33827493261455527,0.2903225806451613,1.2067635488784312,1.1913642427528186,0.9576586107373589,0.18721957176583562,0.037165993470074626,0.17443751230176344,0.04508424233117749,-0.41004625912519505,0.04080775185461916
arthritis_binary,Arthritis,diastolic_bp,Diastolic BP (mmHg),LBXPLTSI,Platelet Count (10^3/uL),TwoSided-TwoSided,AND,4777,1487.0,0.29846449136276393,0.2949438202247191,0.3426294820717131,0.46236559139784944,0.9843268925858123,1.2258581113254425,2.0224293636264314,-0.016872041403716277,0.8529163153012039,0.20302236992347175,0.018459365640234503,0.5176473293162053,0.006226123396453312
arthritis_binary,Arthritis,BMXBMI,Body Mass Index (kg/m2),LBXTC,Total Cholesterol (mg/dL),High-Low,XOR,4849,1496.0,0.2888269571826704,0.4541176470588235,0.34834123222748814,0.2909090909090909,2.0487194354485156,1.3179377338719367,1.0282798461700675,0.7170408522119178,4.397877070048376e-12,0.27474952408550746,0.010989032878728693,-0.9816752652139481,0.00298523780186301
arthritis_binary,Arthritis,BMXBMI,Body Mass Index (kg/m2),LBXTC,Total Cholesterol (mg/dL),TwoSided-TwoSided,XOR,4849,1496.0,0.2968900288554024,0.33419354838709675,0.34152652005174644,0.25824175824175827,1.1894857714838292,1.229061750115321,0.8299396809402526,0.17287280998968366,0.04353878436308597,0.20565260036750177,0.016001026712168423,-0.5715010733138473,0.005169789784382384
arthritis_binary,Arthritis,BMXBMI,Body Mass Index (kg/m2),LBXSAL,Albumin (g/dL),High-Low,OR,4829,1493.0,0.29076285644650257,0.44974874371859297,0.36693548387096775,0.375,1.9942293726554141,1.4167255171863467,1.4728334584610534,0.6899960140918764,9.111520897967293e-11,0.34629563923616385,0.010982744265356373,-0.6554353390264093,0.022107804618742066
arthritis_binary,Arthritis,BMXBMI,Body Mass Index (kg/m2),LBXPLTSI,Platelet Count (10^3/uL),TwoSided-TwoSided,AND,4939,1522.0,0.29648084708813455,0.2860927152317881,0.3413654618473896,0.43805309734513276,0.9519492871546756,1.2306428447713071,1.8512294786681076,-0.05032468154819455,0.5731476341861754,0.20689731034275546,0.016507326281715355,0.4584726165580749,0.010268111278913118
arthritis_binary,Arthritis,BMXWAIST,Waist Circumference (cm),LBXSAPSI,Alkaline Phosphatase (U/L),High-High,OR,4647,1425.0,0.2797571918712061,0.46,0.3924050632911392,0.4126984126984127,2.1933649320062325,1.664131872052664,1.8188087380166589,0.7853236835270453,1.7907806486755214e-13,0.5084525271794806,3.232247620473136e-06,-0.7009312517270431,0.017795965674453205
arthritis_binary,Arthritis,BMXWAIST,Waist Circumference (cm),LBXSUA,Uric Acid (mg/dL),High-High,OR,4647,1425.0,0.28094865780557726,0.4558011049723757,0.39481268011527376,0.44554455445544555,2.1440807966995887,1.6713247593594076,2.060502746768086,0.7625025679109353,7.915124150839619e-12,0.5126342178589995,9.140802674647002e-06,-0.5540651639864208,0.029221100859433455
arthritis_binary,Arthritis,LBXGH,"Glycohemoglobin (HbA1c, %)",LBXGLU,Fasting Glucose (mg/dL),High-High,OR,2424,767.0,0.2950513538748833,0.5128205128205128,0.5660377358490566,0.4473684210526316,2.510611128002432,3.099503826423345,1.9354138958095273,0.9222688300496635,0.0044013727115682025,1.1366787013951192,5.2842465046241e-05,-1.3992810894498764,0.0018972417632369136
arthritis_binary,Arthritis,LBXGH,"Glycohemoglobin (HbA1c, %)",LBDLDL,LDL Cholesterol (mg/dL),TwoSided-TwoSided,AND,2359,748.0,0.3152741514360313,0.2615803814713896,0.3398876404494382,0.46153846153846156,0.7715133474644864,1.1198795934632688,1.8632848605759993,-0.26219467466814056,0.045147916135234244,0.111780986196306,0.369937584184305,0.7718389633883,0.0031523109623234243
arthritis_binary,Arthritis,LBXGH,"Glycohemoglobin (HbA1c, %)",LBXSBU,BUN Kidney (mg/dL),High-High,OR,4896,1524.0,0.2745721271393643,0.4266666666666667,0.5645645645645646,0.5408163265306123,1.9671859463042758,3.421889743789734,3.105703819989534,0.6760834526585424,8.307224149829177e-10,1.2312558859617526,2.4231568811934947e-26,-0.7721622492861147,0.002539483302542828
arthritis_binary,Arthritis,LBXGH,"Glycohemoglobin (HbA1c, %)",LBXSNASI,Sodium (mmol/L),High-Low,OR,4899,1525.0,0.290737148399612,0.4707379134860051,0.3741721854304636,0.35,2.1698899321559844,1.460785661571829,1.3239921395819685,0.7746243500154502,3.913413679324866e-13,0.3774474082911414,0.0022896315926780432,-0.8793043620743717,0.0019376302331778278
arthritis_binary,Arthritis,LBXGLU,Fasting Glucose (mg/dL),LBXWBCSI,WBC Count (10^3/uL),TwoSided-TwoSided,AND,2427,767.0,0.30580075662042877,0.29023746701846964,0.3464788732394366,0.45794392523364486,0.9302480658961458,1.2051449010553357,1.919749663313,-0.07440576802422647,0.5536205094115095,0.18527222949130373,0.13557985623091806,0.5403360718823268,0.03526048752627715
arthritis_binary,Arthritis,LBXTC,Total Cholesterol (mg/dL),LBXSUA,Uric Acid (mg/dL),Low-High,AND,4896,1523.0,0.29964894684052157,0.31516587677725116,0.38028169014084506,0.55,1.0775360104710452,1.4355779668400483,2.8465001330747883,0.07289254168888801,0.5088392783095615,0.36061733366563425,0.0006394812674030151,0.6161309216871951,0.039418593800853954
arthritis_binary,Arthritis,LBDHDD,HDL Cholesterol (mg/dL),LBXSNASI,Sodium (mmol/L),Low-Low,AND,4899,1524.0,0.3094312105007292,0.2729528535980149,0.3473053892215569,0.5208333333333334,0.840045642767755,1.189660919338855,2.421146279728341,-0.17691245992786878,0.1298465245856326,0.17187491161405788,0.1512828100608364,0.8911989405496442,0.00729487341896303
arthritis_binary,Arthritis,LBDLDL,LDL Cholesterol (mg/dL),LBXTR,Triglycerides (mg/dL),High-Low,AND,2361,748.0,0.3312335958005249,0.3185840707964602,0.18666666666666668,0.6,0.9470567585781016,0.46743297498926695,2.825494853523357,-0.057675509806677905,0.7021890392725262,-0.7692055609671566,1.5313562876391842e-05,1.934957152472895,0.03974217773931658
arthritis_binary,Arthritis,LBXTR,Triglycerides (mg/dL),LBXSAPSI,Alkaline Phosphatase (U/L),High-Low,AND,2375,753.0,0.3225974025974026,0.35585585585585583,0.21495327102803738,0.5,1.1628352221920104,0.5792366033168532,2.0989541432019307,0.14846388276023506,0.31716651646807525,-0.5534619223610432,0.0014140778307373308,1.1468587001539285,0.04768250338467261
arthritis_binary,Arthritis,LBXTR,Triglycerides (mg/dL),LBXSUA,Uric Acid (mg/dL),Low-High,AND,2374,753.0,0.3219461697722567,0.15813953488372093,0.413953488372093,0.6666666666666666,0.40016595306847225,1.4894645776783022,3.9765283355644803,-0.9272941831936456,1.579923018583586e-06,0.3971967862366806,0.006807424641933052,1.968086900972929,0.002734100465951738
arthritis_binary,Arthritis,LBXTR,Triglycerides (mg/dL),LBXSKSI,Potassium (mmol/L),High-High,AND,2375,754.0,0.3091545772886443,0.33490566037735847,0.3546099290780142,0.6521739130434783,1.1286539016370967,1.2327683316325855,4.073089543012031,0.11799468261474871,0.44165445035644235,0.2052381948628972,0.2609404587902264,1.1094504778963297,0.025346886377037282
arthritis_binary,Arthritis,LBXSATSI,ALT Liver Enzyme (U/L),LBXSAPSI,Alkaline Phosphatase (U/L),Low-High,AND,4901,1524.0,0.3036238981390793,0.2822822822822823,0.3787878787878788,0.6818181818181818,0.9047643089568402,1.3997434414594394,4.738922477495634,-0.10306863733745746,0.4148851879512957,0.3354038904879425,0.0009814963501297053,1.3599049312204612,0.004999829540278494
arthritis_binary,Arthritis,LBXSASSI,AST Liver Enzyme (U/L),LBXSAPSI,Alkaline Phosphatase (U/L),Low-High,AND,4888,1519.0,0.3028642590286426,0.29048843187660667,0.37528604118993136,0.5531914893617021,0.9446459880679239,1.3841301543147957,2.83645418136285,-0.05931762001546793,0.6116864657353236,0.3240900596285798,0.001944958998191218,0.7824970876742884,0.018041381904412856
arthritis_binary,Arthritis,LBXSASSI,AST Liver Enzyme (U/L),LBXSKSI,Potassium (mmol/L),High-Low,AND,4887,1519.0,0.31325012001920305,0.28433734939759037,0.28888888888888886,0.5,0.8730683694389284,0.893831790576333,2.191880505553428,-0.13807934104371877,0.22512008404392847,-0.11581837204487354,0.4025620247840118,1.0388658863819087,0.005852743288302755
arthritis_binary,Arthritis,LBXSCR,Creatinine Kidney (mg/dL),LBXHGB,Hemoglobin (g/dL),Low-High,XNOR,4899,1523.0,0.3284818067754078,0.23221757322175732,0.23185011709601874,0.4444444444444444,0.620125041234516,0.619083817298131,1.6722899094033115,-0.48077199140401744,2.2586632345079717e-05,-0.482834102911335,5.3579397484417474e-05,1.4555221983393616,0.03489049789469855
arthritis_binary,Arthritis,LBXSBU,BUN Kidney (mg/dL),LBXHGB,Hemoglobin (g/dL),Low-High,XNOR,4897,1523.0,0.324540174249758,0.24012158054711247,0.22794117647058823,0.35714285714285715,0.6603989188972037,0.6166790610364135,1.181039779996172,-0.41902871514058104,0.0016660412557794357,-0.48698879541773327,7.124028693276734e-05,1.0512151959108391,0.015126778544196287
arthritis_binary,Arthritis,LBXSUA,Uric Acid (mg/dL),LBXHGB,Hemoglobin (g/dL),High-Low,AND,4897,1523.0,0.29615768463073855,0.37644341801385683,0.34987593052109184,0.6037735849056604,1.436140480591497,1.2807771428571426,3.591627906976744,0.3609905582007165,0.0005896063791407128,0.24607770300940005,0.02531763470606633,0.6798075202585157,0.032270216898495
arthritis_binary,Arthritis,LBXSNASI,Sodium (mmol/L),LBXWBCSI,WBC Count (10^3/uL),High-High,AND,4900,1524.0,0.30865384615384617,0.3445692883895131,0.29504504504504503,0.5862068965517241,1.1803067252658535,0.9393306153667548,3.1351498637602178,0.16342283771655747,0.21944639958748902,-0.06458563274797047,0.5547267286856734,1.05588972389066,0.010597912556039412
arthritis_binary,Arthritis,LBXSCA,Calcium (mg/dL),LBXHGB,Hemoglobin (g/dL),Low-High,AND,4897,1523.0,0.32044198895027626,0.28859060402684567,0.22488038277511962,0.5,0.8630745156811319,0.6174591454357253,2.120269763956538,-0.15049763359250673,0.2545574757825626,-0.4857073886963274,6.642450453824656e-05,1.3879463671148318,0.005829251263789391
arthritis_binary,Arthritis,LBXHSCRP,hs-CRP Inflammation (mg/L),LBXHGB,Hemoglobin (g/dL),High-Low,AND,4892,1519.0,0.29586531319633574,0.3790523690773067,0.3360655737704918,0.5697674418604651,1.4543055160928295,1.2067695679468782,3.140727728983689,0.37349295093908896,0.0005802218810947308,0.1861882385893893,0.10818605482603118,0.5882865224954446,0.027762813174613526
liver_condition_binary,Liver Condition,systolic_bp,Systolic BP (mmHg),diastolic_bp,Diastolic BP (mmHg),Low-Low,XNOR,4981,270.0,0.05775737071048816,0.03287671232876712,0.03225806451612903,0.0660377358490566,0.5757368161510454,0.5645574604976271,1.2272741578455955,-0.5895495700942095,0.0501626888197997,-0.6091855446110681,0.04292662211484368,1.3415372506770888,0.019467084837056396
liver_condition_binary,Liver Condition,systolic_bp,Systolic BP (mmHg),LBXGH,"Glycohemoglobin (HbA1c, %)",Low-High,AND,4764,260.0,0.053893759669932956,0.03294117647058824,0.07432432432432433,0.23529411764705882,0.6171930506297177,1.4259287721445204,5.838504375497215,-0.5141957124905042,0.06719523600381569,0.3432545193607176,0.07745194146499308,1.8576263691786128,0.005031453299662372
liver_condition_binary,Liver Condition,systolic_bp,Systolic BP (mmHg),LBXIN,Insulin (uIU/mL),High-High,AND,2260,126.0,0.05731441048034935,0.04433497536945813,0.03902439024390244,0.2,0.799778262405731,0.7047213390125382,4.46574752261956,-0.27045285373795397,0.44677498584817277,-0.40358145906899795,0.2810659010026969,2.0879206796762166,0.00563872653940434
liver_condition_binary,Liver Condition,diastolic_bp,Diastolic BP (mmHg),BMXBMI,Body Mass Index (kg/m2),High-Low,AND,4918,264.0,0.05666500249625562,0.047505938242280284,0.030042918454935622,0.12,0.8482449057791525,0.5323562625220084,2.5842735042735043,-0.1859644678844931,0.4366848446199556,-0.6623601643488873,0.01793691289652378,1.6681591534112605,0.019448348660830204
liver_condition_binary,Liver Condition,diastolic_bp,Diastolic BP (mmHg),BMXWAIST,Waist Circumference (cm),High-Low,AND,4745,252.0,0.05627593360995851,0.050359712230215826,0.02643171806167401,0.1111111111111111,0.9073560319461959,0.4726930320150659,2.5353535353535355,-0.11732492945935777,0.6169690171419464,-0.7868363882179986,0.008900877387723624,1.64428662006922,0.049887333224986265
liver_condition_binary,Liver Condition,diastolic_bp,Diastolic BP (mmHg),LBXGH,"Glycohemoglobin (HbA1c, %)",Low-High,AND,4764,260.0,0.05426158177629895,0.027777777777777776,0.07160493827160494,0.14285714285714285,0.5187853818570229,1.3626091711585033,3.0478350515463917,-0.6971985027791255,0.026315385525093837,0.29585624530686777,0.14947100683835599,1.4677323469544912,0.005666124556168041
liver_condition_binary,Liver Condition,BMXBMI,Body Mass Index (kg/m2),LBXGH,"Glycohemoglobin (HbA1c, %)",Low-Low,AND,4926,267.0,0.057149689143950265,0.0228310502283105,0.051587301587301584,0.09259259259259259,0.4034732998297211,0.9281209548424213,1.8295059151009045,-0.9533045206416336,0.003529431476629252,-0.10828061252385666,0.7112225218933996,1.5824363294350814,0.013266956085878774
liver_condition_binary,Liver Condition,BMXBMI,Body Mass Index (kg/m2),LBXTR,Triglycerides (mg/dL),High-High,AND,2343,128.0,0.05357142857142857,0.05339805825242718,0.0392156862745098,0.2413793103448276,1.0344332855093257,0.7606901259852292,5.861788617886178,-0.003424660881365205,0.9916230352925979,-0.3269934926666706,0.3829401061219285,2.056965474129044,0.0015997795213406158
liver_condition_binary,Liver Condition,LBXGH,"Glycohemoglobin (HbA1c, %)",LBXSCR,Creatinine Kidney (mg/dL),High-Low,AND,4897,270.0,0.0543640897755611,0.07268170426065163,0.028985507246376812,0.14864864864864866,1.3819997097125847,0.539036627485538,3.1433899709904685,0.30994662493402675,0.13060231393395486,-0.6553916382451991,0.029515576311422983,1.4563593603038336,0.0026423232005926777
liver_condition_binary,Liver Condition,LBXGH,"Glycohemoglobin (HbA1c, %)",LBXHSCRP,hs-CRP Inflammation (mg/L),Low-Low,AND,4890,270.0,0.05602308247174802,0.05058365758754864,0.04225352112676056,0.125,0.9284822847834369,0.7615499332964651,2.5718352437334677,-0.10788094656095885,0.7122779710542311,-0.2965574952372899,0.2357303448283674,1.2828662140136422,0.026445778020375413
liver_condition_binary,Liver Condition,LBXGLU,Fasting Glucose (mg/dL),LBXSBU,BUN Kidney (mg/dL),TwoSided-TwoSided,AND,2375,132.0,0.05192425167990226,0.0625,0.040145985401459854,0.13541666666666666,1.2350521745753675,0.7924697892739438,2.9357075323038133,0.19659824315063662,0.4174488999434597,-0.2696103151265484,0.4100762684507858,1.1237692658936966,0.022478838831556453
liver_condition_binary,Liver Condition,LBXGLU,Fasting Glucose (mg/dL),LBXHSCRP,hs-CRP Inflammation (mg/L),Low-Low,AND,2372,132.0,0.05818743563336766,0.02040816326530612,0.054187192118226604,0.12903225806451613,0.3768064534584359,0.9629498255048916,2.6376451742090508,-1.0870641812293653,0.0345770521020241,-0.0754632695508856,0.8162917506498851,2.037121775574338,0.01137036759841061
liver_condition_binary,Liver Condition,LBXIN,Insulin (uIU/mL),LBXSNASI,Sodium (mmol/L),Low-Low,AND,2375,132.0,0.05661322645290581,0.036036036036036036,0.04964539007092199,0.25,0.6575993756610496,0.9253557800959664,5.974096916299559,-0.4733007633972046,0.20435291771233755,-0.13869594095078694,0.7285425733808897,2.326618125624693,0.0031944492775862776
liver_condition_binary,Liver Condition,LBXIN,Insulin (uIU/mL),LBXSNASI,Sodium (mmol/L),TwoSided-TwoSided,AND,2375,132.0,0.05757575757575758,0.043583535108958835,0.040160642570281124,0.14285714285714285,0.7618893176507966,0.7140858463859043,2.839185359527355,-0.29316007399216365,0.2652912511403803,-0.3785245259246714,0.2650663315581553,1.6752790637015738,0.0023415874186310704
liver_condition_binary,Liver Condition,LBXTC,Total Cholesterol (mg/dL),LBXTR,Triglycerides (mg/dL),High-Low,AND,2384,132.0,0.058609958506224066,0.06637168141592921,0.013333333333333334,0.2,1.1722539861072054,0.25161609661931394,5.331864904552129,0.13264499561275378,0.6407684651458134,-1.5276121652175598,0.009531343739511613,2.785125736471526,0.031078177562003165
liver_condition_binary,Liver Condition,LBXTC,Total Cholesterol (mg/dL),LBXSCR,Creatinine Kidney (mg/dL),Low-High,AND,4897,270.0,0.0536779324055666,0.053164556962025315,0.05555555555555555,0.13414634146341464,1.009910057135457,1.0568826179324549,2.8293577092653304,-0.010152371464018702,0.9655283911740468,0.03636764417087394,0.8745038457674513,0.9785811112772898,0.03202493851608244
liver_condition_binary,Liver Condition,LBXTC,Total Cholesterol (mg/dL),LBXSBU,BUN Kidney (mg/dL),High-Low,AND,4895,270.0,0.05543345543345543,0.05417607223476298,0.040625,0.16216216216216217,0.9931053451911618,0.7465344411685875,3.508843537414966,-0.02427425048240988,0.9124269809714768,-0.3263555510338778,0.2625359127820829,1.543944905350979,0.00700565185834502
liver_condition_binary,Liver Condition,LBXTC,Total Cholesterol (mg/dL),LBXSKSI,Potassium (mmol/L),High-Low,AND,4895,270.0,0.05477799227799228,0.056179775280898875,0.04779411764705882,0.14705882352941177,1.04424350916622,0.8958267166359651,3.2104674986030917,0.026752429775217405,0.9018336975703404,-0.14374738805357076,0.6228855843932042,1.2072683569104097,0.044888927711320546
liver_condition_binary,Liver Condition,LBDLDL,LDL Cholesterol (mg/dL),LBXWBCSI,WBC Count (10^3/uL),High-High,AND,2360,131.0,0.05741127348643006,0.032407407407407406,0.052884615384615384,0.15,0.5852654996274258,0.9519331004066671,3.2696832579185524,-0.5980347347249806,0.1315728245081023,-0.08691908775509992,0.7891325572029987,1.7487421352764927,0.02950179375683317
liver_condition_binary,Liver Condition,LBXTR,Triglycerides (mg/dL),LBXWBCSI,WBC Count (10^3/uL),High-High,AND,2384,132.0,0.05498458376156218,0.04854368932038835,0.05025125628140704,0.15151515151515152,0.9143617965560092,0.9481376940541204,3.3022439820481435,-0.13138117609405672,0.6984333922441432,-0.09501353192318235,0.7795082631725159,1.3477765004185502,0.045945731075429305
liver_condition_binary,Liver Condition,LBXSATSI,ALT Liver Enzyme (U/L),LBXSCR,Creatinine Kidney (mg/dL),Low-High,AND,4900,270.0,0.056245434623813005,0.0189873417721519,0.06636155606407322,0.1,0.3505423913912974,1.2092573842562606,2.064469362998905,-1.1246715657622737,0.00709213968478232,0.17616991807117457,0.38727589216465563,1.5714183328437423,0.024656723583610086
liver_condition_binary,Liver Condition,LBXSATSI,ALT Liver Enzyme (U/L),LBXSCA,Calcium (mg/dL),Low-High,AND,4898,270.0,0.05799563212812424,0.021671826625386997,0.04976303317535545,0.09375,0.38414350592169705,0.8680782140043729,1.9233218923604969,-1.022189852734153,0.008408388916902002,-0.16179677778570076,0.4884884883081898,1.7029453009989342,0.02389620893121916
liver_condition_binary,Liver Condition,LBXSAPSI,Alkaline Phosphatase (U/L),LBXSKSI,Potassium (mmol/L),Low-Low,AND,4898,270.0,0.05791876952655611,0.02546296296296296,0.05454545454545454,0.1,0.4429192792182116,0.9659358694658703,2.066139657444005,-0.8556875615901569,0.00618623931923797,-0.06358143061946389,0.816309155463951,1.5110944141672555,0.03948817806161485
liver_condition_binary,Liver Condition,LBXSAPSI,Alkaline Phosphatase (U/L),LBXSCA,Calcium (mg/dL),Low-High,AND,4898,270.0,0.05855968103663095,0.025522041763341066,0.049528301886792456,0.1,0.43879367147087556,0.8549159819730227,2.0420382165605093,-0.8649949045617484,0.005678220599887195,-0.1770495903059649,0.4487141548755683,1.6221844514487893,0.0242406869297311
liver_condition_binary,Liver Condition,LBXSAPSI,Alkaline Phosphatase (U/L),LBXHSCRP,hs-CRP Inflammation (mg/L),Low-High,AND,4887,270.0,0.05702750441584658,0.02511415525114155,0.06493506493506493,0.125,0.4438893407175038,1.1636616519286964,2.686226192309667,-0.853385310217056,0.006394652711281764,0.13827522363124378,0.49116823645170693,1.5747033677436977,0.028144383716343833
liver_condition_binary,Liver Condition,LBXSCR,Creatinine Kidney (mg/dL),LBXSUA,Uric Acid (mg/dL),High-Low,AND,4899,270.0,0.05646999240314004,0.06493506493506493,0.029661016949152543,0.1875,1.1758104770402558,0.5272933088394947,4.322727649349574,0.1486905731194612,0.4594483143213772,-0.671893074797511,0.016387950165297673,1.8727842125860399,0.009695939707120443
liver_condition_binary,Liver Condition,LBXSCR,Creatinine Kidney (mg/dL),LBXSUA,Uric Acid (mg/dL),Low-High,AND,4899,270.0,0.05339435545385202,0.04375,0.07724425887265135,0.2857142857142857,0.8276604488509922,1.499053907162124,8.040380047505938,-0.20935022918187352,0.37128453283712326,0.394785573721775,0.03308738863668634,1.773451466741192,0.0452031652171307
liver_condition_binary,Liver Condition,LBXSCR,Creatinine Kidney (mg/dL),LBXSNASI,Sodium (mmol/L),High-High,AND,4901,270.0,0.05354141656662665,0.05895691609977324,0.05426356589147287,0.1891891891891892,1.1250427371135825,1.0461243555079764,4.337660908790847,0.1020897340433304,0.6326281622488935,0.014160820574603739,0.9601356396477032,1.3007339290277704,0.0170579120771602
liver_condition_binary,Liver Condition,LBXSCR,Creatinine Kidney (mg/dL),LBXSAL,Albumin (g/dL),Low-High,AND,4901,270.0,0.05754875993257886,0.04421052631578947,0.03076923076923077,0.15384615384615385,0.7731706364790968,0.5502098017734969,3.5531451393301263,-0.2777231642934125,0.2331635139537822,-0.654135949807075,0.07330537745262103,2.0229626178865754,0.021493063018360795
liver_condition_binary,Liver Condition,LBXSCR,Creatinine Kidney (mg/dL),LBXWBCSI,WBC Count (10^3/uL),High-Low,AND,4898,269.0,0.054114713216957606,0.05411764705882353,0.04866180048661801,0.17307692307692307,1.0183165560077105,0.9132778438367024,3.809036860879905,5.73154585694139e-05,0.9997971763385929,-0.11196009828293407,0.6403621940748616,1.408942432615462,0.0038586222461130496
liver_condition_binary,Liver Condition,LBXSUA,Uric Acid (mg/dL),LBXSKSI,Potassium (mmol/L),Low-High,AND,4896,270.0,0.05811015664477009,0.03056768558951965,0.051111111111111114,0.1,0.5276664169690286,0.8891908005733785,2.0587260895286925,-0.6712193659346789,0.016449347295262044,-0.13574193041718813,0.5455609174859111,1.3952845858979352,0.04723369216422031
liver_condition_binary,Liver Condition,LBXSUA,Uric Acid (mg/dL),LBXWBCSI,WBC Count (10^3/uL),High-Low,AND,4896,269.0,0.05252626313156578,0.06896551724137931,0.04854368932038835,0.17647058823529413,1.3537054338944032,0.940003328441533,4.022998463043175,0.28979623814411676,0.151513285790652,-0.08304364264797097,0.7292791879860334,1.1452882871452057,0.01653146509044523
liver_condition_binary,Liver Condition,LBXSNASI,Sodium (mmol/L),LBXSAL,Albumin (g/dL),Low-High,AND,4902,270.0,0.056469432850478764,0.05325443786982249,0.03777777777777778,0.12195121951219512,0.962497588840647,0.6731392314486085,2.5126140314385044,-0.062019956255960906,0.8052724444772523,-0.4215951023046265,0.10011720199358379,1.325463314180225,0.025520236265508964
liver_condition_binary,Liver Condition,LBXSKSI,Potassium (mmol/L),LBXHGB,Hemoglobin (g/dL),High-Low,AND,4896,269.0,0.05696517412935324,0.04523809523809524,0.037783375314861464,0.1016949152542373,0.8023750803766919,0.6694661597391317,2.0071875063628775,-0.24285933617803487,0.3204703695758636,-0.4307072955422713,0.11314344618281813,1.3016972993583336,0.020294701389805877
liver_condition_binary,Liver Condition,LBXSCA,Calcium (mg/dL),LBXHGB,Hemoglobin (g/dL),Low-High,AND,4896,269.0,0.05261893320518981,0.06711409395973154,0.05995203836930456,0.2631578947368421,1.322440015867628,1.1672068830433964,6.814625716754379,0.25873656392448047,0.28439241372253954,0.13823938913886516,0.5253306466125283,1.4640300338166226,0.016435718687221757
liver_condition_binary,Liver Condition,LBXSAL,Albumin (g/dL),LBXHSCRP,hs-CRP Inflammation (mg/L),Low-Low,AND,4889,270.0,0.05513354569958344,0.06306306306306306,0.04700854700854701,0.2857142857142857,1.1766172949002216,0.8618026880665833,7.773634347913727,0.1428045034399559,0.5445023051991823,-0.1679912451357327,0.46302808767111714,1.9501812633476372,0.029556169698236764
liver_condition_binary,Liver Condition,LBXSAL,Albumin (g/dL),LBXHGB,Hemoglobin (g/dL),Low-High,AND,4899,269.0,0.053026634382566586,0.06006006006006006,0.06323185011709602,0.3333333333333333,1.1652661369721673,1.2235986338261682,9.595409146661993,0.1320057279528505,0.5836612482566474,0.18684896383535948,0.3749947653192818,1.8704747725908577,0.015532884122278707
liver_condition_binary,Liver Condition,LBXHGB,Hemoglobin (g/dL),LBXWBCSI,WBC Count (10^3/uL),High-High,AND,5013,274.0,0.052873008208594884,0.05912596401028278,0.05411764705882353,0.15789473684210525,1.146127718024656,1.0436169159156186,3.501232886363103,0.11840109892083289,0.6001906046754633,0.02458234370317928,0.9131386128484589,1.0685803401973661,0.025530019525530783
thyroid_binary,Thyroid Problem,diastolic_bp,Diastolic BP (mmHg),LBXSAPSI,Alkaline Phosphatase (U/L),High-Low,AND,4670,569.0,0.12437940945910635,0.115,0.0995260663507109,0.23809523809523808,0.9225991117057409,0.7856164846332143,2.344526058062259,-0.08905928313878805,0.5875658499117495,-0.25090540093117164,0.13955790608791008,1.1284101077701703,0.04467992660238179
thyroid_binary,Thyroid Problem,diastolic_bp,Diastolic BP (mmHg),LBXSUA,Uric Acid (mg/dL),Low-High,AND,4669,568.0,0.11971646101338934,0.16290726817042606,0.0861244019138756,0.2558139534883721,1.4384762859018627,0.7010015104983213,2.599393377706631,0.3583642138707791,0.013114417435675504,-0.3667837331986229,0.04311957313926729,0.9356968262783304,0.02464768814436732
thyroid_binary,Thyroid Problem,diastolic_bp,Diastolic BP (mmHg),LBXSAL,Albumin (g/dL),High-High,AND,4672,570.0,0.12859383167799268,0.11052631578947368,0.06352941176470588,0.21951219512195122,0.8500701062465792,0.4672279932997472,1.979086294416244,-0.1719269303812202,0.3135294801523876,-0.7771657924616776,0.00014615310888002007,1.5940307441978214,0.0005202356484292036
thyroid_binary,Thyroid Problem,BMXBMI,Body Mass Index (kg/m2),LBXGH,"Glycohemoglobin (HbA1c, %)",Low-High,AND,4927,598.0,0.12386934673366834,0.08403361344537816,0.13347921225382933,0.2857142857142857,0.6556889042083164,1.0961222244793922,3.0286582718193658,-0.4324749166021368,0.011959478374043415,0.0857475255517918,0.5562326222619763,1.386724531809151,0.02804537518430476
thyroid_binary,Thyroid Problem,BMXBMI,Body Mass Index (kg/m2),LBXSCR,Creatinine Kidney (mg/dL),High-Low,AND,4826,585.0,0.12012241775057383,0.10613207547169812,0.1320754716981132,0.22807017543859648,0.8774046891525797,1.1220476236382917,2.2201079509573796,-0.13960229930312001,0.39793321512465196,0.10854016857520521,0.47406128175691464,0.8030932702801771,0.036520310067424705
thyroid_binary,Thyroid Problem,BMXBMI,Body Mass Index (kg/m2),LBXSUA,Uric Acid (mg/dL),High-Low,AND,4824,584.0,0.12104043265516354,0.11135371179039301,0.12173913043478261,0.30434782608695654,0.9168956142466895,1.0133750356312945,3.297749009757511,-0.09437329851566785,0.5464372747756199,0.0065510669766008335,0.9653585703895443,1.2437579125572007,0.01289538353032609
thyroid_binary,Thyroid Problem,BMXBMI,Body Mass Index (kg/m2),LBXPLTSI,Platelet Count (10^3/uL),High-Low,AND,4938,600.0,0.12356178089044523,0.11013215859030837,0.10491071428571429,0.23684210526315788,0.8847745472134143,0.8384319670799719,2.2822402358142964,-0.13026693766464348,0.407983540310042,-0.18468889072815028,0.25277591404715805,1.1040095106108991,0.012225715162442953
thyroid_binary,Thyroid Problem,BMXWAIST,Waist Circumference (cm),LBXSASSI,AST Liver Enzyme (U/L),Low-Low,AND,4634,556.0,0.12378704432205613,0.06746987951807229,0.125,0.2391304347826087,0.5201310803891449,1.0198861301872397,2.290915865563753,-0.6691737260833769,0.0009121451128403799,0.011136307715887368,0.9467621109320621,1.4576310864476474,0.0007156824145218284
thyroid_binary,Thyroid Problem,BMXWAIST,Waist Circumference (cm),LBXSCR,Creatinine Kidney (mg/dL),High-Low,AND,4647,557.0,0.11822529224229543,0.107981220657277,0.1330166270783848,0.2777777777777778,0.9105907962675374,1.1518237551069288,2.952353725938632,-0.10218532667760209,0.5334075778735006,0.13479886670639252,0.37559489009263614,1.0212195444975078,0.017882665519541614
thyroid_binary,Thyroid Problem,BMXWAIST,Waist Circumference (cm),LBXHSCRP,hs-CRP Inflammation (mg/L),Low-High,AND,4642,556.0,0.11994645247657296,0.07918552036199095,0.15246636771300448,0.2631578947368421,0.6385634459787567,1.3265633721092913,2.7803405989313035,-0.46052778270394823,0.011947134587572841,0.27755085080575254,0.0490552279383184,1.1462948559662711,0.04348735586921331
thyroid_binary,Thyroid Problem,BMXWAIST,Waist Circumference (cm),LBXHGB,Hemoglobin (g/dL),Low-Low,AND,4752,570.0,0.12018609459808736,0.07276995305164319,0.15724815724815724,0.2,0.5825024001216695,1.3733038147458478,1.8961292119186857,-0.5542294763100681,0.004075824222548379,0.31182172029963984,0.0313536345334098,0.846782478996446,0.046414361489349854
thyroid_binary,Thyroid Problem,LBXGH,"Glycohemoglobin (HbA1c, %)",LBXGLU,Fasting Glucose (mg/dL),High-High,XOR,2425,312.0,0.12272515165655623,0.23809523809523808,0.2692307692307692,0.13297872340425532,2.3056780032112103,2.6878188225436803,1.1130511985794616,0.8037222138405491,0.029055173858697447,0.9683441935351025,0.002438773669982164,-1.680067759667983,0.0014825606452256916
thyroid_binary,Thyroid Problem,LBXGH,"Glycohemoglobin (HbA1c, %)",LBXSNASI,Sodium (mmol/L),High-High,AND,4899,600.0,0.11798699735131231,0.12444444444444444,0.16483516483516483,0.391304347826087,1.069691696091389,1.4872445167147352,4.893423318921578,0.06063315311135928,0.6874217916010223,0.38894923249002256,0.022191961131149004,1.1202172337937226,0.019994981129241286
thyroid_binary,Thyroid Problem,LBXGH,"Glycohemoglobin (HbA1c, %)",LBXPLTSI,Platelet Count (10^3/uL),High-Low,AND,5002,612.0,0.12252384446074835,0.1261904761904762,0.10208816705336426,0.22580645161290322,1.041689896297502,0.8217322226867784,2.139283181383684,0.03367418759137342,0.8274534522885166,-0.20549093701769852,0.21600368895389355,0.9084171902275149,0.015715717740422335
thyroid_binary,Thyroid Problem,LBXGLU,Fasting Glucose (mg/dL),LBXIN,Insulin (uIU/mL),Low-Low,XNOR,2379,306.0,0.1361097003555104,0.06976744186046512,0.08791208791208792,0.17857142857142858,0.493540321504609,0.6279967117955945,1.430948519252718,-0.7422825535608214,0.015421998579495272,-0.49141445423175734,0.0686431370142655,1.5556253161825344,0.003520277327005992
thyroid_binary,Thyroid Problem,LBXGLU,Fasting Glucose (mg/dL),LBXSAPSI,Alkaline Phosphatase (U/L),Low-Low,AND,2378,306.0,0.13510747185261002,0.07142857142857142,0.10714285714285714,0.21875,0.5078022632519357,0.7829803047194351,1.8797953964194374,-0.7084146526907339,0.012974158413255431,-0.2637288314292887,0.27229422780548873,1.555712513077938,0.005762943279843889
thyroid_binary,Thyroid Problem,LBXGLU,Fasting Glucose (mg/dL),LBXSKSI,Potassium (mmol/L),Low-High,AND,2378,307.0,0.13276553106212424,0.0821917808219178,0.13071895424836602,0.4,0.5987625763459553,1.0014529860273527,4.514993481095176,-0.5362084209729242,0.03528306838495395,-0.017892125477776393,0.9426560959801267,2.0253601675325226,0.005805858263232323
thyroid_binary,Thyroid Problem,LBXGLU,Fasting Glucose (mg/dL),LBXHSCRP,hs-CRP Inflammation (mg/L),High-High,AND,2374,305.0,0.12487100103199174,0.12060301507537688,0.125,0.3783783783783784,0.9766323024054984,1.016494845360825,4.316604518534767,-0.0396420533804046,0.8621245707452458,0.0011799411398503315,0.995807940027065,1.4891153161218271,0.0012437861799369392
thyroid_binary,Thyroid Problem,LBXGLU,Fasting Glucose (mg/dL),LBXWBCSI,WBC Count (10^3/uL),Low-Low,AND,2428,312.0,0.13211281543790204,0.05,0.15270935960591134,0.20833333333333334,0.36331980055039376,1.1977082486793986,1.8499400910615864,-1.062033464634561,0.0022908976049104855,0.16889824220357275,0.4120088145718903,1.4405396702305282,0.024810698253201768
thyroid_binary,Thyroid Problem,LBXIN,Insulin (uIU/mL),LBXTC,Total Cholesterol (mg/dL),High-Low,AND,2377,306.0,0.1282316442605998,0.12195121951219512,0.11707317073170732,0.2727272727272727,0.9587887435415821,0.9161137624645947,2.6315854309530655,-0.057395633625190776,0.7977825787136514,-0.10375780852106097,0.6485257060794054,1.097009581531345,0.028281437308879186
thyroid_binary,Thyroid Problem,LBXIN,Insulin (uIU/mL),LBXTC,Total Cholesterol (mg/dL),Low-High,AND,2377,306.0,0.1305023303987571,0.08878504672897196,0.1346153846153846,0.2916666666666667,0.6634473677546783,1.050234497133924,2.8506364922206506,-0.43203600983118934,0.083525354681203,0.035772228851110824,0.8672982836657208,1.4054851555452932,0.01096569958296067
thyroid_binary,Thyroid Problem,LBXIN,Insulin (uIU/mL),LBDHDD,HDL Cholesterol (mg/dL),High-Low,AND,2377,306.0,0.130126582278481,0.11956521739130435,0.09146341463414634,0.2222222222222222,0.9240627333831218,0.6919310322434004,1.9628783552255855,-0.09671386422508803,0.6830355227883873,-0.39605608719426866,0.15576411114272057,1.1398470005729686,0.019116323491235994
thyroid_binary,Thyroid Problem,LBXIN,Insulin (uIU/mL),LBDLDL,LDL Cholesterol (mg/dL),Low-High,AND,2352,301.0,0.12993161493950553,0.09259259259259259,0.12962962962962962,0.3157894736842105,0.6974014958747783,1.0107065348444657,3.218630751964085,-0.3808188467208679,0.11926466421840552,-0.0026739136990869567,0.9900188256705047,1.5118664111421314,0.009986561314056659
thyroid_binary,Thyroid Problem,LBXIN,Insulin (uIU/mL),LBXSASSI,AST Liver Enzyme (U/L),High-High,AND,2367,303.0,0.1263482280431433,0.1164021164021164,0.12568306010928962,0.25,0.9272198843510642,1.0106664644588097,2.363916752340993,-0.09331130259494173,0.6935984398715506,-0.006039542841179391,0.9793380540012503,0.9343786132315091,0.04484280729074194
thyroid_binary,Thyroid Problem,LBXTC,Total Cholesterol (mg/dL),LBXSBU,BUN Kidney (mg/dL),High-High,XOR,4896,598.0,0.11089010442565887,0.14349775784753363,0.2182741116751269,0.058823529411764705,1.3507191006301738,2.245937700211078,0.6161598759583082,0.2951436590264364,0.04054070352719561,0.8059286975532732,9.941149794015886e-10,-1.7919798945461514,0.017310819701321638
thyroid_binary,Thyroid Problem,LBXTC,Total Cholesterol (mg/dL),LBXPLTSI,Platelet Count (10^3/uL),Low-Low,AND,4921,604.0,0.1233217304823471,0.12077294685990338,0.09808612440191387,0.2537313432835821,0.9840529799128881,0.7808287149116665,2.46133827884299,-0.023787425975706697,0.8805250103414344,-0.25732968451081506,0.13303334576245363,1.1636508853474796,0.0012994117054698916
thyroid_binary,Thyroid Problem,LBDHDD,HDL Cholesterol (mg/dL),LBXSASSI,AST Liver Enzyme (U/L),High-Low,AND,4884,597.0,0.12153038259564891,0.111358574610245,0.13221153846153846,0.3,0.9129178688159788,1.1087708375090088,3.2374455115710385,-0.09892138309638356,0.530306872930391,0.09647225526492469,0.5273281853041101,1.1331682958095894,0.03344143659572773
thyroid_binary,Thyroid Problem,LBDHDD,HDL Cholesterol (mg/dL),LBXSKSI,Potassium (mmol/L),Low-Low,AND,4896,600.0,0.12560038424591738,0.09389671361502347,0.11267605633802817,0.22727272727272727,0.7289020190750137,0.8953350922484798,2.1861918406331013,-0.32652573124038325,0.05846015509874027,-0.12326100060118536,0.5239129818063484,1.166443484329964,0.040383515408186015
thyroid_binary,Thyroid Problem,LBDHDD,HDL Cholesterol (mg/dL),LBXSKSI,Potassium (mmol/L),High-Low,AND,4896,600.0,0.12373615792007703,0.11238532110091744,0.1070110701107011,0.22857142857142856,0.9038766105520549,0.8607676354783445,2.1870659952292604,-0.1090886997435353,0.4920667859709519,-0.16412620099459194,0.41667969861861265,1.0143352715892544,0.03281736630200756
thyroid_binary,Thyroid Problem,LBDHDD,HDL Cholesterol (mg/dL),LBXHSCRP,hs-CRP Inflammation (mg/L),Low-High,AND,4892,598.0,0.12119700748129676,0.08354430379746836,0.1550925925925926,0.21818181818181817,0.6695013644257007,1.3379228217972816,2.0817828495824027,-0.41399328720371387,0.027797186233101668,0.28593862896405087,0.043221421625439196,0.832904555489678,0.037117416960059435
thyroid_binary,Thyroid Problem,LBDLDL,LDL Cholesterol (mg/dL),LBXSAL,Albumin (g/dL),High-High,AND,2353,302.0,0.13230769230769232,0.1382488479262673,0.05952380952380952,0.2222222222222222,1.0650419084461635,0.4337386889907193,2.031948242513173,0.050795720052119166,0.8068137957165626,-0.8793029847883711,0.008250173078728482,1.456451251485434,0.0338034284281679
thyroid_binary,Thyroid Problem,LBXTR,Triglycerides (mg/dL),LBXSASSI,AST Liver Enzyme (U/L),High-Low,AND,2368,304.0,0.13100208768267224,0.11162790697674418,0.10550458715596331,0.3157894736842105,0.8472351270964293,0.7960269076080602,3.188498637802813,-0.1820921344159246,0.42226631648363666,-0.24537787935183744,0.2873573659339783,1.54640758881704,0.008344130717626118
thyroid_binary,Thyroid Problem,LBXTR,Triglycerides (mg/dL),LBXHSCRP,hs-CRP Inflammation (mg/L),High-High,AND,2372,305.0,0.12688507540301613,0.10426540284360189,0.14150943396226415,0.34615384615384615,0.8155948006539651,1.147990027173152,3.728951212386795,-0.2219191299169868,0.3459325865074713,0.12597612636969902,0.5459380166312984,1.38873966861163,0.006896573991198021
thyroid_binary,Thyroid Problem,LBXSATSI,ALT Liver Enzyme (U/L),LBXSAPSI,Alkaline Phosphatase (U/L),Low-High,AND,4901,599.0,0.11799265605875153,0.10240963855421686,0.16163793103448276,0.4,0.8631811909287369,1.447660412246337,5.078507772020726,-0.15915496519174874,0.3957321785249106,0.3654867666153581,0.006830637574266896,1.3997810871657208,0.005985090969071138
thyroid_binary,Thyroid Problem,LBXSASSI,AST Liver Enzyme (U/L),LBXSCR,Creatinine Kidney (mg/dL),High-Low,AND,4888,597.0,0.12259675405742822,0.08542713567839195,0.14153132250580047,0.2037037037037037,0.6768019290908406,1.186934979674713,1.8903778019433823,-0.4027272020680556,0.030095505849216744,0.16543699948756432,0.2582887348448596,0.8420515006378226,0.03978455275788726
thyroid_binary,Thyroid Problem,LBXSASSI,AST Liver Enzyme (U/L),LBXSKSI,Potassium (mmol/L),High-High,AND,4887,597.0,0.12268402603905859,0.0891566265060241,0.14027149321266968,0.2222222222222222,0.7078682551032361,1.1735792140016421,2.1308904268827007,-0.35672122202375284,0.04613329403827447,0.15421819327627026,0.2882294758030741,0.9169951212037244,0.046145150665148675
thyroid_binary,Thyroid Problem,LBXSAPSI,Alkaline Phosphatase (U/L),LBXSCR,Creatinine Kidney (mg/dL),High-High,AND,4901,599.0,0.11502875718929732,0.15130023640661938,0.1339712918660287,0.3114754098360656,1.379028056520774,1.197988692949942,3.5266142939260394,0.3159336857337169,0.02873619968111273,0.17408046977170177,0.25181188688004297,0.7571281962399772,0.02747085515187526
thyroid_binary,Thyroid Problem,LBXSAPSI,Alkaline Phosphatase (U/L),LBXSAL,Albumin (g/dL),Low-Low,AND,4901,599.0,0.12184466019417475,0.0979498861047836,0.14733542319749215,0.30434782608695654,0.7900208917581073,1.2552193162627232,3.2731795567616464,-0.24513754929740633,0.14328031117253814,0.21942208167757302,0.18354580638811924,1.1741134406988774,0.020892368010948487
thyroid_binary,Thyroid Problem,LBXSAPSI,Alkaline Phosphatase (U/L),LBXHSCRP,hs-CRP Inflammation (mg/L),Low-High,AND,4888,597.0,0.1198889449772842,0.09817351598173515,0.15517241379310345,0.2916666666666667,0.8066896114410141,1.3547589865177116,3.1433077963046414,-0.2242034065665486,0.18168091648365292,0.29888652186660336,0.029405742761645016,1.031495932340053,0.037669843496823056
thyroid_binary,Thyroid Problem,LBXSCR,Creatinine Kidney (mg/dL),LBXHSCRP,hs-CRP Inflammation (mg/L),TwoSided-TwoSided,AND,4889,597.0,0.1168091168091168,0.13802083333333334,0.10677083333333333,0.20618556701030927,1.2140352848060867,0.907571795905374,1.9796760250666736,0.19117376894994095,0.10631840453630914,-0.10115814968674969,0.43404616731662704,0.5849114632119986,0.016181439664235367
thyroid_binary,Thyroid Problem,LBXSCR,Creatinine Kidney (mg/dL),LBXHGB,Hemoglobin (g/dL),High-Low,AND,4900,599.0,0.11745875400147747,0.13246753246753246,0.1309192200557103,0.25263157894736843,1.1557564231994302,1.1410345549738221,2.572262292681141,0.13740292295410583,0.38462453887412695,0.12386269710705598,0.44976550885270394,0.6708266164519487,0.03862622707498593
thyroid_binary,Thyroid Problem,LBXSKSI,Potassium (mmol/L),LBXWBCSI,WBC Count (10^3/uL),TwoSided-TwoSided,XOR,4898,600.0,0.11381381381381381,0.14421553090332806,0.1446862996158771,0.10897435897435898,1.3166077376751872,1.3204606304993285,0.9756517961286544,0.27165353681904253,0.030779466620862794,0.2754628150362074,0.01701342621290196,-0.5960137710692129,0.04964011372070935
thyroid_binary,Thyroid Problem,LBXSKSI,Potassium (mmol/L),LBXPLTSI,Platelet Count (10^3/uL),High-Low,AND,4898,600.0,0.12196950762309422,0.13138686131386862,0.0985576923076923,0.24285714285714285,1.0964677083407892,0.7949019185609907,2.3526626426501114,0.0851585111973146,0.5797788970137899,-0.23944371285342403,0.16250865504160827,0.9911168785728827,0.005676286527058928
heart_attack_binary,Heart Attack,systolic_bp,Systolic BP (mmHg),BMXWAIST,Waist Circumference (cm),Low-High,AND,4750,222.0,0.04556105180942463,0.036613272311212815,0.061269146608315096,0.2,0.8178260384666078,1.3862969264599068,5.849686609686611,-0.22797365696646527,0.3917763435461281,0.31281804572332184,0.1360262011183531,1.5709317045993878,0.03024195901661117
heart_attack_binary,Heart Attack,systolic_bp,Systolic BP (mmHg),LBXSCA,Calcium (mg/dL),Low-High,AND,4671,228.0,0.05036534446764092,0.02977667493796526,0.04187192118226601,0.2,0.6005359364532491,0.845067385802377,4.990085956863366,-0.5470269014900919,0.07030683737715915,-0.19359199085495726,0.4540093163285084,2.2910985399324324,0.00013739502446949732
heart_attack_binary,Heart Attack,BMXBMI,Body Mass Index (kg/m2),LBXSKSI,Potassium (mmol/L),Low-Low,AND,4827,236.0,0.05099289041431723,0.033482142857142856,0.03676470588235294,0.10714285714285714,0.6639200750126543,0.7427338129496404,2.54859641698406,-0.43895745602394914,0.1067053553703834,-0.34202933989071993,0.2999529357068791,1.584453330590909,0.03282931967751539
heart_attack_binary,Heart Attack,BMXBMI,Body Mass Index (kg/m2),LBXSKSI,Potassium (mmol/L),TwoSided-TwoSided,AND,4827,236.0,0.0476044226044226,0.03233830845771144,0.0633116883116883,0.10596026490066225,0.6789357057743579,1.3642265558664273,2.4287680497383755,-0.4025751839757085,0.061974687127954585,0.3017741818027481,0.10245960396982559,0.9641697481555142,0.011004544475084397
heart_attack_binary,Heart Attack,BMXBMI,Body Mass Index (kg/m2),LBXSCA,Calcium (mg/dL),Low-High,AND,4827,236.0,0.049911325057005324,0.03044496487119438,0.05185185185185185,0.10416666666666667,0.6184880365241026,1.0618524797945712,2.401018478102721,-0.5146092261373092,0.07699188720512665,0.04018727536216446,0.8646294302989314,1.2689671377421519,0.03397487204916457
heart_attack_binary,Heart Attack,BMXBMI,Body Mass Index (kg/m2),LBXHGB,Hemoglobin (g/dL),High-High,AND,4940,239.0,0.048949320148331275,0.04212860310421286,0.04197530864197531,0.1282051282051282,0.8739098149415413,0.8731023214650419,3.0900229985762784,-0.15720473701991014,0.5219019223505912,-0.16101012350929778,0.5330342464976414,1.3680741204049063,0.02094677602198327
heart_attack_binary,Heart Attack,BMXBMI,Body Mass Index (kg/m2),LBXWBCSI,WBC Count (10^3/uL),Low-High,AND,4940,239.0,0.048701298701298704,0.02813852813852814,0.058426966292134834,0.1724137931034483,0.5852282587359071,1.2309350127572407,4.374393235555091,-0.5699511223658599,0.04997053872313734,0.19234802601420165,0.3710504934103537,1.7811095863526705,0.0032837543206237964
heart_attack_binary,Heart Attack,BMXWAIST,Waist Circumference (cm),LBXTR,Triglycerides (mg/dL),High-Low,AND,2264,111.0,0.05188421627525942,0.055299539170506916,0.009708737864077669,0.2,1.1060368657724107,0.2222890718007143,5.348013550970126,0.06735867426934515,0.8307486387349277,-1.719510809664517,0.016677248731361324,3.171319777895035,0.004231138389684479
heart_attack_binary,Heart Attack,BMXWAIST,Waist Circumference (cm),LBXWBCSI,WBC Count (10^3/uL),Low-High,AND,4753,220.0,0.049791449426485924,0.004484304932735426,0.05442176870748299,0.1,0.10706723017325184,1.1171151170244369,2.422834084975077,-2.4538391654761513,0.0005739702372392987,0.09380582494527172,0.6735301470884357,3.111646979590789,0.0011942534243385172
heart_attack_binary,Heart Attack,LBXGH,"Glycohemoglobin (HbA1c, %)",LBXGLU,Fasting Glucose (mg/dL),TwoSided-TwoSided,AND,2425,127.0,0.04994192799070848,0.013452914798206279,0.06521739130434782,0.092,0.3003027800715662,1.3607687458927349,1.954278091850346,-1.3493530367750664,0.02258168104389767,0.2830743938837319,0.3274390601182091,1.722485062248266,0.01192607973520161
heart_attack_binary,Heart Attack,LBXGH,"Glycohemoglobin (HbA1c, %)",LBDLDL,LDL Cholesterol (mg/dL),Low-High,XNOR,2359,125.0,0.061352910330361825,0.004524886877828055,0.027649769585253458,0.07142857142857142,0.10366189028803009,0.468316483074292,1.693144208037825,-2.6658305823153197,0.008101288864851891,-0.8323017002109675,0.05011611349715007,3.660979889101794,0.014925512095293398
heart_attack_binary,Heart Attack,LBXGH,"Glycohemoglobin (HbA1c, %)",LBDLDL,LDL Cholesterol (mg/dL),TwoSided-TwoSided,AND,2359,125.0,0.04827136333985649,0.035422343324250684,0.06460674157303371,0.14563106796116504,0.7460455694285364,1.3804473602125111,3.431122739165055,-0.32290610035362216,0.2921112297694537,0.30879318126732047,0.2100028682689976,1.22626776102892,0.008700081215857188
heart_attack_binary,Heart Attack,LBXGH,"Glycohemoglobin (HbA1c, %)",LBXSAPSI,Alkaline Phosphatase (U/L),High-High,OR,4901,243.0,0.041377601585728445,0.10317460317460317,0.07692307692307693,0.07216494845360824,2.687802519068868,1.9544952077338689,1.914488331821555,0.9803190810329544,1.5025819740624713e-07,0.6578508924957576,0.0013915165670134728,-1.0493119525199055,0.02692845907951643
heart_attack_binary,Heart Attack,LBXGH,"Glycohemoglobin (HbA1c, %)",LBXSKSI,Potassium (mmol/L),Low-Low,AND,4900,243.0,0.0524849047840223,0.013888888888888888,0.034722222222222224,0.16666666666666666,0.28495443382720936,0.6792181387993865,4.068005411949014,-1.3693626089153945,0.0070402864882001485,-0.43171875257066983,0.18950073869462314,3.0849607171778857,0.0004084901584260485
heart_attack_binary,Heart Attack,LBXGH,"Glycohemoglobin (HbA1c, %)",LBXSCA,Calcium (mg/dL),Low-High,AND,4900,243.0,0.05101058710298364,0.01730103806228374,0.0547945205479452,0.11764705882352941,0.3588504083531479,1.097171645497765,2.99392789373814,-1.1161718846765918,0.014506055889302089,0.07555229757314544,0.7330077894987436,1.9490810076116953,0.03128745525448279
heart_attack_binary,Heart Attack,LBXGH,"Glycohemoglobin (HbA1c, %)",LBXSCA,Calcium (mg/dL),TwoSided-TwoSided,AND,4900,243.0,0.04753673292999136,0.0547945205479452,0.038580246913580245,0.13709677419354838,1.1733356342344927,0.8170981957907437,3.2523712499121764,0.14973666100301913,0.4284055138129349,-0.21812188943886368,0.3192912647230399,1.2263185425105423,0.0013060414664984108
heart_attack_binary,Heart Attack,LBXGH,"Glycohemoglobin (HbA1c, %)",LBXHGB,Hemoglobin (g/dL),Low-High,AND,5005,245.0,0.051240056153486195,0.014084507042253521,0.045454545454545456,0.10344827586206896,0.29640773269340875,0.9018362930884563,2.4402372458847297,-1.3298610053163475,0.008891086185394751,-0.1258882009904114,0.6071486208918795,2.214899193686398,0.007461339091054948
heart_attack_binary,Heart Attack,LBXGLU,Fasting Glucose (mg/dL),LBXHGB,Hemoglobin (g/dL),Low-High,AND,2428,127.0,0.05446293494704992,0.025974025974025976,0.054187192118226604,0.18181818181818182,0.4982578397212543,1.0326530612244897,4.548872180451127,-0.7701082216960742,0.07019923075505599,-0.005367387949120271,0.9868412437824436,2.125630924149211,0.02409994003608231
heart_attack_binary,Heart Attack,LBXIN,Insulin (uIU/mL),LBXSASSI,AST Liver Enzyme (U/L),High-High,XOR,2367,126.0,0.04571135079609656,0.10106382978723404,0.09239130434782608,0.020833333333333332,2.388935581153903,2.1695155507379305,0.655748309320788,0.8531598138850103,0.0012943521262087053,0.7538390812811043,0.006449939556244748,-2.41852694723453,0.02451073093535202
heart_attack_binary,Heart Attack,LBXIN,Insulin (uIU/mL),LBXSBU,BUN Kidney (mg/dL),Low-Low,AND,2374,126.0,0.05600403632694248,0.03365384615384615,0.032467532467532464,0.1,0.6247426810134751,0.6174992876104204,2.136241337138198,-0.5326966340420074,0.1793370299071756,-0.5698102685496034,0.22045703594165345,1.729980450217147,0.04352514498313084
heart_attack_binary,Heart Attack,LBXIN,Insulin (uIU/mL),LBXSNASI,Sodium (mmol/L),TwoSided-TwoSided,AND,2377,126.0,0.04966686856450636,0.04854368932038835,0.055776892430278883,0.15873015873015872,0.9936228527311329,1.1614800637958531,3.7337298215802885,-0.024055060767692663,0.9250498927612488,0.12247169394890699,0.6805376477445493,1.185351051729489,0.020065835781149857
heart_attack_binary,Heart Attack,LBXIN,Insulin (uIU/mL),LBXSCA,Calcium (mg/dL),Low-Low,AND,2374,126.0,0.05611729019211325,0.03571428571428571,0.03164556962025317,0.14285714285714285,0.6575772325728312,0.6001226975942507,3.3497757847533634,-0.47327892377493946,0.20457021226267313,-0.5984420667289451,0.19795413444228327,2.1025194635052196,0.02915878722143323
heart_attack_binary,Heart Attack,LBXIN,Insulin (uIU/mL),LBXHSCRP,hs-CRP Inflammation (mg/L),Low-High,AND,2374,126.0,0.05392670157068063,0.03524229074889868,0.05726872246696035,0.2,0.676273480571787,1.0991182730313167,5.136402387041773,-0.4449358857740718,0.23409716687580928,0.06366764480227903,0.8336145557777,1.8596681822144958,0.0432436074606687
heart_attack_binary,Heart Attack,LBXTC,Total Cholesterol (mg/dL),LBXWBCSI,WBC Count (10^3/uL),High-High,AND,4924,243.0,0.05022376926902039,0.023255813953488372,0.06175771971496437,0.09803921568627451,0.47110582639714627,1.2641382216603456,2.231541218637993,-0.7979316140839534,0.014990271232683887,0.2189487773197756,0.30840158499406467,1.299517356908598,0.032723931667742664
heart_attack_binary,Heart Attack,LBDHDD,HDL Cholesterol (mg/dL),LBXSASSI,AST Liver Enzyme (U/L),Low-High,XOR,4888,243.0,0.04479448683238986,0.09115281501340483,0.06878306878306878,0.013513513513513514,2.1613049004377913,1.59890799572525,0.4340508806262231,0.7602018615278231,9.863410689238449e-05,0.45430680671549667,0.0362293053337015,-2.4451266650995986,0.019352653674534086
heart_attack_binary,Heart Attack,LBDLDL,LDL Cholesterol (mg/dL),LBXSUA,Uric Acid (mg/dL),TwoSided-TwoSided,AND,2350,125.0,0.04919093851132686,0.07008086253369272,0.03206997084548105,0.13186813186813187,1.4733501697833018,0.6643766278441201,3.0203066551568214,0.37615595687766723,0.10936703008042006,-0.4456358602305724,0.17461051624712698,1.1465425365614295,0.0205670505318372
heart_attack_binary,Heart Attack,LBXSATSI,ALT Liver Enzyme (U/L),LBXSAPSI,Alkaline Phosphatase (U/L),High-Low,AND,4905,243.0,0.05403367680321689,0.03023758099352052,0.02727272727272727,0.08695652173913043,0.5635057256193399,0.5095880249183062,2.0312415690929693,-0.6053660855493888,0.030800080971456086,-0.711617073216189,0.01806105874868376,1.828207374179707,0.030246718693974047
heart_attack_binary,Heart Attack,LBXSATSI,ALT Liver Enzyme (U/L),LBXHSCRP,hs-CRP Inflammation (mg/L),Low-High,AND,4892,243.0,0.049987807851743477,0.036303630363036306,0.0481651376146789,0.11538461538461539,0.7454779878137542,0.9811384284756441,2.6504722287627867,-0.3341628438458961,0.2893560535415236,-0.03906039688325898,0.8679151840009102,1.281036999092131,0.027540733221279968
heart_attack_binary,Heart Attack,LBXSASSI,AST Liver Enzyme (U/L),LBXSAPSI,Alkaline Phosphatase (U/L),High-Low,AND,4892,243.0,0.05147426286856572,0.053613053613053616,0.02288329519450801,0.16666666666666666,1.0628467785888511,0.45156110615521855,4.035729049784444,0.04296804726765314,0.8491872578547741,-0.840371929294342,0.01035956499275076,2.101792960532825,0.0017999665636038262
heart_attack_binary,Heart Attack,LBXSAPSI,Alkaline Phosphatase (U/L),LBXSKSI,Potassium (mmol/L),Low-Low,AND,4903,243.0,0.05258103241296518,0.025404157043879907,0.03636363636363636,0.1,0.48938280923562155,0.7110536272730783,2.2882998550424514,-0.7557240844715839,0.015827850023351096,-0.38575877622611865,0.24175315034514633,1.835644240127541,0.015240972758185936
heart_attack_binary,Heart Attack,LBXSAPSI,Alkaline Phosphatase (U/L),LBXWBCSI,WBC Count (10^3/uL),High-Low,AND,4902,243.0,0.045101478326234026,0.06473214285714286,0.06132075471698113,0.20512820512820512,1.4849395303074826,1.40422359471286,5.698060941828254,0.3821149600479848,0.06439171706527518,0.3243345827206924,0.13377912076583282,0.9916948444096606,0.043339643839471545
heart_attack_binary,Heart Attack,LBXSAPSI,Alkaline Phosphatase (U/L),LBXWBCSI,WBC Count (10^3/uL),Low-High,AND,4902,243.0,0.050537903427570675,0.02304147465437788,0.06108597285067873,0.13793103448275862,0.4636129651441783,1.2405253227555675,3.307625272331155,-0.813976369809388,0.013073234908098018,0.20073033820215586,0.342193647772734,1.713836560287447,0.009528052614288952
heart_attack_binary,Heart Attack,LBXSBU,BUN Kidney (mg/dL),LBXWBCSI,WBC Count (10^3/uL),Low-High,AND,4901,243.0,0.05024271844660194,0.016129032258064516,0.06382978723404255,0.08333333333333333,0.3395460729990338,1.3080873304061138,1.9072153783674022,-1.1715330352282687,0.010272937550676584,0.2537634836948916,0.22977116377405937,1.4592151076800497,0.04314593226864764
heart_attack_binary,Heart Attack,LBXSNASI,Sodium (mmol/L),LBXHSCRP,hs-CRP Inflammation (mg/L),Low-Low,AND,4894,243.0,0.05177914110429448,0.05507246376811594,0.02050113895216401,0.11428571428571428,1.0912754010404788,0.4032119449867244,2.6102668017561634,0.06514165965607446,0.7914655936870308,-0.9589605694950486,0.005327852368125935,1.7537261283300598,0.009433560298981309
heart_attack_binary,Heart Attack,LBXSAL,Albumin (g/dL),LBXHGB,Hemoglobin (g/dL),Low-Low,AND,4904,243.0,0.05026078710289237,0.043668122270742356,0.02346041055718475,0.11206896551724138,0.9019053999732012,0.48053973013493256,2.45923273657289,-0.14752439526870542,0.6557775735201369,-0.7897387067468585,0.030330713816591467,1.8064457128012148,0.0015098639702931984
heart_attack_binary,Heart Attack,LBXHSCRP,hs-CRP Inflammation (mg/L),LBXWBCSI,WBC Count (10^3/uL),High-Low,AND,4896,243.0,0.04752325873774202,0.0437636761487965,0.0625,0.23333333333333334,0.936771956275914,1.3558133708994728,6.380452478526919,-0.08635448229527232,0.7195556293444526,0.2897962381441169,0.17219490636047607,1.6048206165236458,0.0025862421433264482
heart_attack_binary,Heart Attack,LBXHSCRP,hs-CRP Inflammation (mg/L),LBXPLTSI,Platelet Count (10^3/uL),Low-High,AND,4896,243.0,0.05552751135790005,0.024553571428571428,0.021691973969631236,0.08,0.4461418853255588,0.39471602594526184,1.8056158633666233,-0.8482899618155467,0.006735970436232411,-0.9751342860269608,0.002876327579694447,2.2148251729549755,0.010221060535150265
heart_attack_binary,Heart Attack,LBXHGB,Hemoglobin (g/dL),LBXWBCSI,WBC Count (10^3/uL),High-High,AND,5018,246.0,0.04845708775313404,0.035897435897435895,0.052132701421800945,0.15517241379310345,0.7544841312994506,1.1005938606518526,3.759806501741985,-0.3131256461708658,0.2662133071085898,0.07698407385410455,0.7385142238595371,1.518952019146124,0.0028277892981524327
heart_attack_binary,Heart Attack,LBXHGB,Hemoglobin (g/dL),LBXWBCSI,WBC Count (10^3/uL),TwoSided-TwoSided,AND,5018,246.0,0.04669260700389105,0.03333333333333333,0.06028833551769332,0.10309278350515463,0.7159921010804823,1.3191504046487295,2.3912319086023968,-0.3509442692297471,0.11590833401424709,0.26991711664620094,0.11827221920044721,0.934055687679735,0.009225895640695514
stroke_binary,Stroke,systolic_bp,Systolic BP (mmHg),BMXBMI,Body Mass Index (kg/m2),High-High,OR,4923,229.0,0.038,0.1136890951276102,0.05787037037037037,0.05,3.265843780135005,1.5791893794629386,1.5361083392729864,1.1778279804433724,9.389100672182324e-12,0.44149093036492676,0.046760910955240265,-1.3323295990354187,0.04055564844682155
stroke_binary,Stroke,systolic_bp,Systolic BP (mmHg),BMXWAIST,Waist Circumference (cm),High-High,OR,4750,216.0,0.03667355371900827,0.11029411764705882,0.06280193236714976,0.05357142857142857,3.276869615579526,1.7856939646413328,1.712641416625676,1.1805961105420677,5.021573921188544e-11,0.5654276534348075,0.010126622993135343,-1.3493669338242882,0.0385882355805006
stroke_binary,Stroke,systolic_bp,Systolic BP (mmHg),LBXTC,Total Cholesterol (mg/dL),TwoSided-TwoSided,OR,4694,223.0,0.03744708563985672,0.07369942196531792,0.06368563685636856,0.05181347150259067,2.05497464343918,1.7583176043045894,1.464701511023037,0.7154563295084995,3.840654358358071e-05,0.5586679316472335,0.0017188991660866877,-0.9343651672982638,0.01888698409838309
stroke_binary,Stroke,systolic_bp,Systolic BP (mmHg),LBDLDL,LDL Cholesterol (mg/dL),TwoSided-TwoSided,OR,2249,103.0,0.03438975050573163,0.06481481481481481,0.07848837209302326,0.04081632653061224,1.9704579261368178,2.409219478633132,1.3245492371705962,0.6657913470103182,0.012605972405334134,0.8719368069233123,0.0003926245371196398,-1.35972686028748,0.025801008549761584
stroke_binary,Stroke,systolic_bp,Systolic BP (mmHg),LBXSASSI,AST Liver Enzyme (U/L),Low-High,AND,4661,223.0,0.05005213764337852,0.022556390977443608,0.048223350253807105,0.09375,0.4605849975888388,0.983177408477009,2.2462249614791987,-0.8255802754354062,0.016772794680515936,-0.03914516045190489,0.8738426819018161,1.5393837809210125,0.036578082955507546
stroke_binary,Stroke,systolic_bp,Systolic BP (mmHg),LBXSKSI,Potassium (mmol/L),Low-Low,AND,4673,223.0,0.0485779008306066,0.02195121951219512,0.06716417910447761,0.13636363636363635,0.4622813029949061,1.4428868361468277,3.506724971841251,-0.8219477502616023,0.01720957895788095,0.34369993974266544,0.1776303990925613,1.6072102197293532,0.032434661378993736
stroke_binary,Stroke,systolic_bp,Systolic BP (mmHg),LBXSCA,Calcium (mg/dL),Low-High,AND,4673,223.0,0.04929577464788732,0.022388059701492536,0.05405405405405406,0.1,0.4644369419960908,1.1228093590546493,2.448404893259774,-0.8172204051499238,0.01794228990204506,0.09716374845364971,0.6747661787222288,1.4821967087431729,0.043235265184432665
stroke_binary,Stroke,systolic_bp,Systolic BP (mmHg),LBXHGB,Hemoglobin (g/dL),Low-High,AND,4783,227.0,0.05165394402035623,0.02358490566037736,0.02926829268292683,0.10526315789473684,0.46400002371051824,0.5745593888630275,2.6167076167076164,-0.8131279603937978,0.01318434794726762,-0.5913924350589668,0.04999430633514833,2.174607152393964,0.012168731063907161
stroke_binary,Stroke,diastolic_bp,Diastolic BP (mmHg),BMXWAIST,Waist Circumference (cm),High-Low,AND,4750,216.0,0.04823651452282158,0.047505938242280284,0.017543859649122806,0.11764705882352941,1.0048811594589995,0.37299488016354787,3.1743492173311427,-0.01602888641716497,0.9469999262651253,-1.0431514233997348,0.004214468392379209,2.0264775566100486,0.019449759376620964
stroke_binary,Stroke,diastolic_bp,Diastolic BP (mmHg),LBXSAPSI,Alkaline Phosphatase (U/L),Low-Low,AND,4674,223.0,0.046736292428198434,0.06265664160401002,0.03233830845771144,0.13953488372093023,1.3851449100193016,0.7050714972770605,3.5260538532961934,0.30999060326855044,0.15939846687385484,-0.383259410342028,0.18957478257981641,1.2694809394721898,0.025212355735711088
stroke_binary,Stroke,BMXBMI,Body Mass Index (kg/m2),LBXSNASI,Sodium (mmol/L),TwoSided-TwoSided,AND,4832,227.0,0.04584697826734147,0.038366336633663366,0.05263157894736842,0.09868421052631579,0.8405769050666501,1.1727816082778715,2.338817299205649,-0.18593837894136103,0.3546308713445018,0.14514300904497668,0.49810887563934514,0.8643794121116101,0.027323437675884337
stroke_binary,Stroke,LBXGH,"Glycohemoglobin (HbA1c, %)",LBXSAPSI,Alkaline Phosphatase (U/L),High-High,OR,4903,239.0,0.041099282000495174,0.07651715039577836,0.09511568123393316,0.07291666666666667,1.9580479195315146,2.4749217302408795,1.9495193517539886,0.6591595666612261,0.0015994963990732145,0.8970836282043384,2.3792717357036183e-06,-0.9491725243841804,0.046630340551940035
stroke_binary,Stroke,LBXGH,"Glycohemoglobin (HbA1c, %)",LBXSBU,BUN Kidney (mg/dL),High-High,OR,4902,239.0,0.03834880312652662,0.06896551724137931,0.13813813813813813,0.10204081632653061,1.8847795163584635,4.043478260869565,2.9661016949152543,0.6192388001510459,0.0046785465381698555,1.3910876663249032,6.436320589021345e-15,-0.9631497023646803,0.0249496228852439
stroke_binary,Stroke,LBXGH,"Glycohemoglobin (HbA1c, %)",LBXSNASI,Sodium (mmol/L),TwoSided-TwoSided,AND,4905,239.0,0.045454545454545456,0.045171339563862926,0.055762081784386616,0.1223021582733813,1.0068389872117918,1.255918498672416,2.991262560069899,-0.0065466682263163704,0.9746788949554205,0.21523837180709426,0.2920380675448542,0.8650230334656036,0.023042243598675134
stroke_binary,Stroke,LBXGH,"Glycohemoglobin (HbA1c, %)",LBXSKSI,Potassium (mmol/L),Low-Low,AND,4902,239.0,0.0487578360807987,0.024305555555555556,0.0657439446366782,0.16666666666666666,0.5186205558110394,1.403247263578927,4.395448624626465,-0.7215417734490306,0.06370406029601512,0.31691976699746705,0.2006871765215512,1.7660868408468646,0.02348746408025499
stroke_binary,Stroke,LBXGLU,Fasting Glucose (mg/dL),LBXSKSI,Potassium (mmol/L),Low-Low,AND,2382,114.0,0.04835390946502058,0.023809523809523808,0.047619047619047616,0.2777777777777778,0.5240927406377528,1.025491825990579,7.977856163041348,-0.7339259309019429,0.11434769505857137,-0.016086137751625474,0.9623584813021766,2.7741467594284974,0.000333924996769565
stroke_binary,Stroke,LBDLDL,LDL Cholesterol (mg/dL),LBXSNASI,Sodium (mmol/L),TwoSided-TwoSided,AND,2357,111.0,0.0391566265060241,0.05154639175257732,0.05531914893617021,0.17567567567567569,1.3551016603312376,1.4779483660691313,5.347048966672873,0.28789108070836994,0.2721427053780856,0.3625137209125656,0.24550549867056315,1.0039124369905985,0.04189522721854627
stroke_binary,Stroke,LBXTR,Triglycerides (mg/dL),LBXSUA,Uric Acid (mg/dL),Low-High,AND,2379,113.0,0.049044914816726896,0.014018691588785047,0.06018518518518518,0.16666666666666666,0.31927270926936735,1.279892457902929,4.593617551732734,-1.2885155195932438,0.029208303396658725,0.2164737036344604,0.4776068445666797,2.4273342287393938,0.01682207420899089
stroke_binary,Stroke,LBXTR,Triglycerides (mg/dL),LBXHSCRP,hs-CRP Inflammation (mg/L),High-High,AND,2376,111.0,0.0467047223663726,0.02843601895734597,0.04245283018867924,0.23076923076923078,0.6422147840464573,0.94784638983534,6.437811615685217,-0.5151710950254934,0.22873741850654428,-0.09990198682070749,0.7798071643242458,2.4271796924051254,0.0007268979123519548
stroke_binary,Stroke,LBXSAPSI,Alkaline Phosphatase (U/L),LBXSUA,Uric Acid (mg/dL),Low-High,AND,4905,239.0,0.049237690577355664,0.03579952267303103,0.049886621315192746,0.11363636363636363,0.7381483625666942,1.0331920158114694,2.682230411792982,-0.33275998193164935,0.2227325312765922,0.013776228363469303,0.9523637959532452,1.2254647147999256,0.0377584539699839
stroke_binary,Stroke,LBXSAPSI,Alkaline Phosphatase (U/L),LBXSKSI,Potassium (mmol/L),High-High,XOR,4905,239.0,0.040130423877602205,0.09862385321100918,0.08101851851851852,0.02,2.636238406821124,2.1297635141754343,0.722647031058246,0.962053174016175,8.69670111581719e-08,0.746074450994097,0.00011932818785129246,-2.4252852529290245,0.01982592140050601
stroke_binary,Stroke,LBXSAPSI,Alkaline Phosphatase (U/L),LBXSAL,Albumin (g/dL),TwoSided-TwoSided,AND,4907,239.0,0.04453196001211754,0.05699481865284974,0.042682926829268296,0.11235955056179775,1.3063783255586707,0.9697908660652885,2.7660696145003474,0.2598827664658234,0.14134274282837744,-0.04434147554874627,0.8333767621125211,0.7835901303541959,0.026582020177289337
stroke_binary,Stroke,LBXSAPSI,Alkaline Phosphatase (U/L),LBXHGB,Hemoglobin (g/dL),TwoSided-TwoSided,AND,4904,239.0,0.04393241167434716,0.05033112582781457,0.045714285714285714,0.13402061855670103,1.163848049630322,1.0544825770941755,3.4111705042442537,0.14268657416513988,0.44580854402582193,0.041623984301455544,0.8352598066902427,1.0299982551900024,0.0021039011799916653
stroke_binary,Stroke,LBXSAPSI,Alkaline Phosphatase (U/L),LBXPLTSI,Platelet Count (10^3/uL),Low-High,AND,4904,239.0,0.050062893081761005,0.038636363636363635,0.043010752688172046,0.125,0.782224155429897,0.8710693681453915,3.0815993472052225,-0.27104313244916123,0.2931494632732389,-0.15922630607134902,0.5068149898064981,1.4274749920060972,0.04344497431567761
stroke_binary,Stroke,LBXSCR,Creatinine Kidney (mg/dL),LBXHGB,Hemoglobin (g/dL),Low-High,AND,4905,239.0,0.054385964912280704,0.016771488469601678,0.030303030303030304,0.1111111111111111,0.3141003513152902,0.5623463178374798,3.0616632860040567,-1.2154328603425901,0.0008219398594477036,-0.610007536375874,0.035533871690807434,2.6017272214624803,0.02440885051025863
stroke_binary,Stroke,LBXSBU,BUN Kidney (mg/dL),LBXSNASI,Sodium (mmol/L),Low-Low,AND,4906,239.0,0.05039220347040647,0.0220125786163522,0.041176470588235294,0.14634146341463414,0.4527051269946181,0.8350202684442843,3.442684341342171,-0.8576701795955587,0.02732393959987839,-0.211627468223088,0.45281013875573495,2.241921639085649,0.000547895524564923
stroke_binary,Stroke,LBXSBU,BUN Kidney (mg/dL),LBXHGB,Hemoglobin (g/dL),Low-High,AND,4903,239.0,0.05200774068698597,0.030211480362537766,0.026829268292682926,0.10714285714285714,0.5940072095347722,0.5235575792246108,2.4963832400709705,-0.565902260064001,0.08510328848880624,-0.6881123740195235,0.028199802258638208,2.036704867955403,0.007221283292441366
stroke_binary,Stroke,LBXSUA,Uric Acid (mg/dL),LBXHSCRP,hs-CRP Inflammation (mg/L),Low-Low,XNOR,4893,237.0,0.051951280139199606,0.030226700251889168,0.028350515463917526,0.058823529411764705,0.5903903123055636,0.5546697434762681,1.2440000592952758,-0.5642371503042308,0.061392497623428376,-0.6302503804540861,0.04474543823038882,1.3259983427140891,0.03534442275673807
stroke_binary,Stroke,LBXSNASI,Sodium (mmol/L),LBXSAL,Albumin (g/dL),TwoSided-TwoSided,AND,4909,239.0,0.0455703368242287,0.055350553505535055,0.044349070100143065,0.1259259259259259,1.242754662840746,0.9839852171234986,3.083891784561926,0.20472971075992896,0.31661643069965717,-0.02844401491421772,0.8872734092480858,0.9280999778821218,0.014064738795295281
stroke_binary,Stroke,LBXSKSI,Potassium (mmol/L),LBXHGB,Hemoglobin (g/dL),Low-High,AND,4903,239.0,0.04931769212353364,0.0657439446366782,0.026252983293556086,0.16666666666666666,1.3864424682119472,0.5414274748756005,4.342810278840897,0.3049140825097378,0.2186530428896586,-0.6544748392641202,0.03700694715416541,1.6990199066619533,0.022547095036910464
stroke_binary,Stroke,LBXSCA,Calcium (mg/dL),LBXHSCRP,hs-CRP Inflammation (mg/L),Low-Low,AND,4893,237.0,0.04896969696969697,0.06440677966101695,0.028761061946902654,0.14285714285714285,1.3664322550398502,0.5951459992415624,3.6655989322655995,0.29038236225763786,0.24147256071933154,-0.5532058068052872,0.05689183466826964,1.437408224127944,0.04823743578042077
stroke_binary,Stroke,LBXSAL,Albumin (g/dL),LBXHGB,Hemoglobin (g/dL),TwoSided-TwoSided,AND,4906,239.0,0.04564072557050907,0.04215851602023609,0.05343511450381679,0.09583333333333334,0.9350738027599114,1.1926767293201144,2.252396166134185,-0.08300581792152768,0.7061751452065189,0.16586835938170036,0.38788309136696286,0.7129740968599405,0.045216017969294885
depression_binary,Depression,systolic_bp,Systolic BP (mmHg),LBXGH,"Glycohemoglobin (HbA1c, %)",Low-Low,AND,777,399.0,0.5205479452054794,0.515625,0.3617021276595745,0.7777777777777778,0.9796547329394044,0.5285389493837501,2.7635036496350365,-0.01971774125563734,0.9400158319838201,-0.6502221358429107,0.03804619381352115,1.8404647473569447,0.04007318219611259
depression_binary,Depression,BMXBMI,Body Mass Index (kg/m2),LBXGH,"Glycohemoglobin (HbA1c, %)",High-High,XOR,794,407.0,0.4855403348554033,0.6333333333333333,0.6896551724137931,0.5263157894736842,1.812867327421318,2.319375713741911,1.1709908574252534,0.6043984990662443,0.030312187177635674,0.8563624889159461,0.0036233594249224974,-1.2975456796261897,0.03280130141561095
depression_binary,Depression,BMXWAIST,Waist Circumference (cm),LBXGH,"Glycohemoglobin (HbA1c, %)",Low-Low,AND,767,388.0,0.5208012326656395,0.4126984126984127,0.34146341463414637,0.7142857142857143,0.6503003446578041,0.48521552302940774,2.1472181191531265,-0.4360743579265268,0.10331838077511113,-0.740032519692855,0.028840184739080225,2.0091446261897525,0.005790074792815095
depression_binary,Depression,LBXGH,"Glycohemoglobin (HbA1c, %)",LBXSBU,BUN Kidney (mg/dL),TwoSided-TwoSided,XOR,790,410.0,0.4899817850637523,0.6019417475728155,0.6090909090909091,0.42857142857142855,1.5674944676665847,1.6150598170302604,0.7884972170686456,0.4536405419081941,0.03801192744529704,0.48357072726481376,0.023343833482064227,-1.1848151180573787,0.013863573843250928
depression_binary,Depression,LBXSATSI,ALT Liver Enzyme (U/L),LBXSCR,Creatinine Kidney (mg/dL),TwoSided-TwoSided,AND,790,410.0,0.5219885277246654,0.49122807017543857,0.4878048780487805,0.7,0.884591946749168,0.8726338366753515,2.072837486769941,-0.12310219713398336,0.5516399098839169,-0.13680104149214545,0.49506268485423477,1.0191902216906186,0.03513706338558977
depression_binary,Depression,LBXSCR,Creatinine Kidney (mg/dL),LBXHSCRP,hs-CRP Inflammation (mg/L),Low-High,AND,786,406.0,0.5131782945736434,0.46774193548387094,0.5223880597014925,0.9166666666666666,0.835438193647149,1.0362919132149901,7.273504273504274,-0.18193712094881576,0.4947092146251023,0.03688676922087703,0.8858543417319246,2.4902202350574987,0.024262309297927186
depression_binary,Depression,LBXSCR,Creatinine Kidney (mg/dL),LBXHSCRP,hs-CRP Inflammation (mg/L),TwoSided-TwoSided,AND,786,406.0,0.5196078431372549,0.4830508474576271,0.49193548387096775,0.6764705882352942,0.8645292667615941,0.8955469549357178,1.8895439286006717,-0.14629421178025695,0.4742307072646387,-0.11073247765971742,0.580385157561671,0.9161540171292576,0.04478707431416053
depression_binary,Depression,LBXSCR,Creatinine Kidney (mg/dL),LBXPLTSI,Platelet Count (10^3/uL),High-Low,AND,788,409.0,0.5269645608628659,0.4166666666666667,0.4666666666666667,0.7368421052631579,0.6449059319420172,0.7873104997192588,2.3669542136695423,-0.44443522609662084,0.10404972161243432,-0.2414943820999306,0.37189957095189363,1.6075860359023018,0.012382511173158318
depression_binary,Depression,LBXSKSI,Potassium (mmol/L),LBXHGB,Hemoglobin (g/dL),Low-Low,AND,788,409.0,0.524390243902439,0.45614035087719296,0.4696969696969697,0.8888888888888888,0.7631257631257631,0.8049019808254462,5.140299951620706,-0.2735291360275795,0.3237360052020607,-0.21899932656818247,0.3973088938806535,2.4743315347116823,0.027666326476009095
