outcome_var,outcome_name,marker1_var,marker1_name,marker2_var,marker2_name,combination_type,n_samples,n_cases,beta_comp,p_comp,aic_comp,beta_A,p_A,aic_A,beta_B,p_B,aic_B,p_gain,aic_gain
diabetes_binary,Diabetes,LBXPLTSI,Platelet Count (10^3/uL),LBXHSCRP,hs-CRP Inflammation (mg/L),Ratio,7240,801.0,-1.151748244213725,1.7049052176504127e-37,4760.749073414254,-0.37284390468937656,1.1411172364018452e-18,4956.504658330871,0.2690955972272006,1.1292463390001606e-20,4951.924943057611,6.623513889859596e+16,191.17586964335715
diabetes_binary,Diabetes,LBXSNASI,Sodium (mmol/L),LBXGH,"Glycohemoglobin (HbA1c, %)",Ratio,5895,800.0,-2.120050465332479,1.6186555933740323e-210,2589.9874092252458,-0.11825361103510333,0.0017452463066662987,4675.993430020111,2.160222281417346,2.460576681785758e-187,2762.7437640075423,1.520136026377773e+23,172.7563547822965
diabetes_binary,Diabetes,LBXTC,Total Cholesterol (mg/dL),LBXTR,Triglycerides (mg/dL),Ratio,2832,411.0,-1.1062883326134347,7.739475608213869e-34,2141.237048095436,-0.2758989213085599,1.972493836930776e-06,2325.848309699735,0.38775536797461985,2.4208702042508608e-11,2295.0066830867527,3.1279512034143537e+22,153.7696349913167
hypertension_binary,Hypertension,LBXSAL,Albumin (g/dL),LBXGH,"Glycohemoglobin (HbA1c, %)",Ratio,5407,1900.0,-0.6704440473235969,7.153751755068306e-95,6520.853595006929,-0.27241495163115503,5.870162544670608e-21,6924.467272306404,0.579124595785795,4.262389228761837e-59,6673.043603358308,5.958257114166717e+35,152.19000835137922
diabetes_binary,Diabetes,LBXHGB,Hemoglobin (g/dL),LBXHSCRP,hs-CRP Inflammation (mg/L),Ratio,7240,801.0,-0.8771678190607721,2.8071411411157954e-35,4811.5858707139,-0.009484969088050771,0.8000306838037354,5040.6829568320045,0.2690955972272006,1.1292463390001606e-20,4951.924943057611,402276295431052.9,140.33907234371145
diabetes_binary,Diabetes,LBDLDL,LDL Cholesterol (mg/dL),LBXTR,Triglycerides (mg/dL),Ratio,2806,403.0,-1.1691300310935115,1.1005730485739124e-36,2084.609541735499,-0.3754052628781449,5.421583435159036e-10,2271.5250396991323,0.452133994166418,3.8264124382977946e-22,2223.759688444602,347674554020374.94,139.15014670910296
hypertension_binary,Hypertension,LBXPLTSI,Platelet Count (10^3/uL),LBXHSCRP,hs-CRP Inflammation (mg/L),Ratio,5401,1893.0,-0.5411118515994464,3.0790798744473056e-38,6785.722315657098,-0.1270155101244844,1.382725515636234e-05,6981.745411978705,0.28902981042588816,8.683608740812605e-16,6917.802038885605,2.820195998446228e+22,132.07972322850674
hypertension_binary,Hypertension,LBXSNASI,Sodium (mmol/L),LBXGH,"Glycohemoglobin (HbA1c, %)",Ratio,5407,1900.0,-0.6491728785998969,1.2273340421607175e-87,6547.1781860707715,0.0325791404408561,0.25354323792378575,7013.48389733235,0.579124595785795,4.262389228761837e-59,6673.043603358308,3.4728843838291284e+28,125.86541728753673
diabetes_binary,Diabetes,LBXSAL,Albumin (g/dL),LBXGLU,Fasting Glucose (mg/dL),Ratio,2825,411.0,-1.8549938677117932,5.818701175821835e-106,1470.942194286748,-0.34708176447562344,2.8244936378068386e-11,2303.414348164906,1.8485656312928935,2.4348725871557546e-81,1596.7418048240513,4.184563725790322e+24,125.79961053730335
diabetes_binary,Diabetes,systolic_bp,Systolic BP (mmHg),LBDHDD,HDL Cholesterol (mg/dL),Difference,6160,768.0,0.7307929430107867,6.260622209164511e-74,4280.43123012812,0.5383040735193989,1.7469543172574589e-53,4404.609342726374,-0.4849018059884037,4.709497143225058e-25,4516.587226325524,2.7903844999626523e+20,124.1781125982543
diabetes_binary,Diabetes,LBDHDD,HDL Cholesterol (mg/dL),systolic_bp,Systolic BP (mmHg),Difference,6160,768.0,-0.7307929430107867,6.260622209164511e-74,4280.43123012812,-0.4849018059884037,4.709497143225058e-25,4516.587226325524,0.5383040735193989,1.7469543172574589e-53,4404.609342726374,2.7903844999626523e+20,124.1781125982543
diabetes_binary,Diabetes,LBXTC,Total Cholesterol (mg/dL),LBXHSCRP,hs-CRP Inflammation (mg/L),Ratio,6687,801.0,-0.8298436972629735,3.897479267727167e-32,4701.568883901956,-0.15772279924776272,6.59806926542112e-05,4889.058576212052,0.2629082376926218,1.2275180329077183e-18,4825.3668224303165,31495178000614.51,123.79793852836065
diabetes_binary,Diabetes,BMXBMI,Body Mass Index (kg/m2),BMXWAIST,Waist Circumference (cm),Difference,7583,773.0,-1.2305446277693362,1.7532279917450607e-128,4235.45815036159,0.656466005441749,1.5483338032804478e-76,4650.296492452887,1.0472938753977812,3.3259556080516505e-117,4356.071834739114,189704683230.68402,120.6136843775239
diabetes_binary,Diabetes,BMXWAIST,Waist Circumference (cm),BMXBMI,Body Mass Index (kg/m2),Difference,7583,773.0,1.2305446277693362,1.7532279917450607e-128,4235.45815036159,1.0472938753977812,3.3259556080516505e-117,4356.071834739114,0.656466005441749,1.5483338032804478e-76,4650.296492452887,189704683230.68402,120.6136843775239
hypertension_binary,Hypertension,LBXSAL,Albumin (g/dL),LBXHSCRP,hs-CRP Inflammation (mg/L),Ratio,5396,1894.0,-0.5079488421426848,1.9703108824794734e-37,6792.1658972362475,-0.2690272446180628,1.872779471853777e-20,6910.000255544124,0.28789172653295425,1.0609502506351275e-15,6915.309888402509,9.504994813290778e+16,117.83435830787676
diabetes_binary,Diabetes,LBXWBCSI,WBC Count (10^3/uL),LBXHSCRP,hs-CRP Inflammation (mg/L),Ratio,7240,801.0,-0.8964174410384262,6.7707947899495e-31,4835.252111008324,0.03454791245768344,0.18188449826402864,5039.0223275578355,0.2690955972272006,1.1292463390001606e-20,4951.924943057611,16678194717.648252,116.67283204928663
diabetes_binary,Diabetes,LBXSAL,Albumin (g/dL),systolic_bp,Systolic BP (mmHg),Ratio,5604,763.0,-0.6874057310847046,7.798039894642608e-59,4177.743814604328,-0.414190803973552,1.947499044691907e-27,4345.5140333361605,0.47218843698546764,2.033772989696197e-40,4290.852538351332,2.6080566618970947e+18,113.10872374700466
hypertension_binary,Hypertension,LBXHGB,Hemoglobin (g/dL),LBXHSCRP,hs-CRP Inflammation (mg/L),Ratio,5401,1893.0,-0.49142047668487665,4.9351945518917924e-36,6805.382903571184,-0.11346726954164137,6.765843199037638e-05,6985.1019645354345,0.28902981042588816,8.683608740812605e-16,6917.802038885605,1.7595271370778978e+20,112.4191353144206
hypertension_binary,Hypertension,LBXSKSI,Potassium (mmol/L),LBXHSCRP,hs-CRP Inflammation (mg/L),Ratio,5393,1893.0,-0.4855466730573806,5.844565047353049e-36,6799.817116342168,-0.004263715165275844,0.8812425250278083,6994.0604550708185,0.28843713888482225,9.935640574759084e-16,6911.280609527741,1.6999794671219966e+20,111.46349318557259
diabetes_binary,Diabetes,LBXSCA,Calcium (mg/dL),LBXGH,"Glycohemoglobin (HbA1c, %)",Ratio,5892,800.0,-2.105261230421451,6.697650182461821e-209,2651.709993310819,-0.058737066572685404,0.12255034258218274,4682.496136811176,2.1602397204110955,2.847999663530018e-187,2762.574230559828,4.2522371069597927e+21,110.86423724900897
arthritis_binary,Arthritis,LBXSAL,Albumin (g/dL),LBXGH,"Glycohemoglobin (HbA1c, %)",Ratio,4899,1525.0,-0.4519341766199364,2.123076254774446e-45,5869.080753605356,-0.26131295448240177,4.758776762572175e-17,6008.3943235050465,0.30047917488460996,1.4024248994130055e-22,5979.24143279723,6.605626605540827e+22,110.1606791918739
hypertension_binary,Hypertension,LBXSNASI,Sodium (mmol/L),LBXHSCRP,hs-CRP Inflammation (mg/L),Ratio,5396,1894.0,-0.48331003329107985,1.5376526859321822e-35,6805.982643425543,0.03674098774154106,0.1985205706346267,6996.2505462884965,0.28789172653295425,1.0609502506351275e-15,6915.309888402509,6.899804229795495e+19,109.32724497696654
hypertension_binary,Hypertension,LBXSCA,Calcium (mg/dL),LBXHSCRP,hs-CRP Inflammation (mg/L),Ratio,5393,1893.0,-0.4776904393712596,1.0644420528081165e-34,6806.934687301999,0.11712782012486692,4.526248715583932e-05,6977.336598826938,0.2879415233621321,1.0675925276390555e-15,6911.502914041908,1.0029597429213057e+19,104.56822673990973
high_cholesterol_binary,High Cholesterol,LBXSNASI,Sodium (mmol/L),LBXGH,"Glycohemoglobin (HbA1c, %)",Ratio,5385,1763.0,-0.6195413783414477,2.979083819699099e-82,6386.810071864838,0.04205733870449562,0.14858730217353933,6811.947236538208,0.5555038968153562,2.3164784017803965e-57,6491.268844054964,7.775808073820398e+24,104.45877219012527
hypertension_binary,Hypertension,LBXSAL,Albumin (g/dL),BMXBMI,Body Mass Index (kg/m2),Ratio,5325,1857.0,-0.557574532375897,7.791972544043147e-66,6563.4162873790865,-0.2636656802616082,1.866401156312238e-19,6807.735358883773,0.4346027774125617,3.340316612669681e-47,6667.855912447616,4.286869074279921e+18,104.4396250685295
diabetes_binary,Diabetes,LBXSNASI,Sodium (mmol/L),LBXGLU,Fasting Glucose (mg/dL),Ratio,2825,411.0,-1.7260286994036649,1.5274320401564794e-107,1493.2683445722282,-0.06485247510377741,0.22401978846002535,2346.1407343458695,1.8485656312928935,2.4348725871557546e-81,1596.7418048240513,1.594095529714246e+26,103.4734602518231
diabetes_binary,Diabetes,LBXHGB,Hemoglobin (g/dL),BMXBMI,Body Mass Index (kg/m2),Ratio,7281,799.0,-0.8958445523630171,4.541139973525372e-79,4611.975595351708,-0.018564234466109778,0.6200945260202955,5041.719055960279,0.6300483177763643,2.761294073346801e-72,4709.797292866701,6080618.720068117,97.8216975149935
diabetes_binary,Diabetes,LBXPLTSI,Platelet Count (10^3/uL),LBXTR,Triglycerides (mg/dL),Ratio,2832,411.0,-0.9451795671038815,1.8111648902304259e-25,2197.189301555515,-0.20524269636275302,0.00031464461165074106,2336.2471690724915,0.38775536797461985,2.4208702042508608e-11,2295.0066830867527,133663710980112.1,97.81738153123752
hypertension_binary,Hypertension,LBXTC,Total Cholesterol (mg/dL),LBXHSCRP,hs-CRP Inflammation (mg/L),Ratio,5401,1893.0,-0.465957183666906,1.6658036615251182e-33,6821.793599215848,0.02533961317509999,0.3732110234888638,7000.20196890037,0.28763994857751524,1.0578654689757842e-15,6918.4201849661695,6.350481112565576e+17,96.62658575032128
diabetes_binary,Diabetes,LBDHDD,HDL Cholesterol (mg/dL),BMXBMI,Body Mass Index (kg/m2),Ratio,6637,788.0,-0.9234311046279493,3.4012272991748554e-58,4494.516781708011,-0.5002363486311198,4.485576912550784e-27,4708.793457620821,0.5527988803943933,5.045123251280467e-56,4590.363391340705,148.33243436874753,95.8466096326938
diabetes_binary,Diabetes,LBXSAL,Albumin (g/dL),BMXBMI,Body Mass Index (kg/m2),Ratio,5809,781.0,-0.6852982875215855,4.783794928267929e-50,4336.077136841838,-0.41224033701031243,6.5752009788509125e-28,4469.866448849463,0.4451554708821077,3.924508444784313e-37,4431.073301420911,8203755603305.643,94.99616457907268
hypertension_binary,Hypertension,LBDHDD,HDL Cholesterol (mg/dL),LBXHSCRP,hs-CRP Inflammation (mg/L),Ratio,5401,1893.0,-0.46798234014251017,3.3715540009131595e-32,6824.221613092233,-0.08572948321208428,0.0032759994109228135,6992.205721494903,0.28763994857751524,1.0578654689757842e-15,6918.4201849661695,3.1376198295779024e+16,94.19857187393609
diabetes_binary,Diabetes,LBXSAL,Albumin (g/dL),LBXTR,Triglycerides (mg/dL),Ratio,2822,410.0,-0.916742758168303,5.06233564287019e-25,2195.7797328257743,-0.34568145700478653,3.533867968618614e-11,2299.378885611077,0.38792984433877103,2.5484314622364387e-11,2288.4378556636575,50341021260130.35,92.65812283788318
hypertension_binary,Hypertension,LBXSUA,Uric Acid (mg/dL),LBXSAL,Albumin (g/dL),Ratio,5408,1900.0,0.5481679168742243,7.082088580606149e-70,6669.870105171911,0.4622658276189417,1.0620215712090687e-53,6762.42097665139,-0.272973486221388,4.897345420153763e-21,6924.957903703611,1.499588093429596e+16,92.55087147947961
hypertension_binary,Hypertension,BMXBMI,Body Mass Index (kg/m2),BMXWAIST,Waist Circumference (cm),Difference,5453,1879.0,-0.7303496586391002,7.58880107220495e-112,6446.516655412859,0.4517988866641927,1.804937947345061e-52,6780.5542580614065,0.6599515068480912,9.929592545986721e-97,6537.7108712843055,1308453397514299.0,91.19421587144643
hypertension_binary,Hypertension,BMXWAIST,Waist Circumference (cm),BMXBMI,Body Mass Index (kg/m2),Difference,5453,1879.0,0.7303496586391002,7.58880107220495e-112,6446.516655412859,0.6599515068480912,9.929592545986721e-97,6537.7108712843055,0.4517988866641927,1.804937947345061e-52,6780.5542580614065,1308453397514299.0,91.19421587144643
diabetes_binary,Diabetes,LBDHDD,HDL Cholesterol (mg/dL),systolic_bp,Systolic BP (mmHg),Ratio,6160,768.0,-0.8506430031007175,1.59124244812322e-58,4314.703762797375,-0.4849018059884037,4.709497143225058e-25,4516.587226325524,0.5383040735193989,1.7469543172574589e-53,4404.609342726374,109785.55274954437,89.90557992899903
diabetes_binary,Diabetes,LBXHGB,Hemoglobin (g/dL),LBXTR,Triglycerides (mg/dL),Ratio,2832,411.0,-0.881884937177059,8.255471889950663e-25,2206.6317208823903,-0.12076661180627589,0.021028199417211374,2344.5554813199233,0.38775536797461985,2.4208702042508608e-11,2295.0066830867527,29324431559118.65,88.37496220436242
diabetes_binary,Diabetes,LBXSCA,Calcium (mg/dL),LBXGLU,Fasting Glucose (mg/dL),Ratio,2822,411.0,-1.7180642075659809,1.2543512456092753e-106,1508.0634710540269,0.0759606609728458,0.1544509121565139,2344.647581065734,1.8484525396970246,2.8085295092506176e-81,1596.4247575995155,2.239029553389914e+25,88.36128654548861
hypertension_binary,Hypertension,LBXSCA,Calcium (mg/dL),LBXSAL,Albumin (g/dL),Difference,5408,1900.0,0.39003800699501484,1.0267149696027743e-38,6836.73065817419,0.11661566632398272,4.749188133667396e-05,6999.001252417089,-0.272973486221388,4.897345420153763e-21,6924.957903703611,4.7699172264416256e+17,88.22724552942145
hypertension_binary,Hypertension,LBXSAL,Albumin (g/dL),LBXSCA,Calcium (mg/dL),Difference,5408,1900.0,-0.39003800699501484,1.0267149696027743e-38,6836.73065817419,-0.272973486221388,4.897345420153763e-21,6924.957903703611,0.11661566632398272,4.749188133667396e-05,6999.001252417089,4.7699172264416256e+17,88.22724552942145
heart_attack_binary,Heart Attack,diastolic_bp,Diastolic BP (mmHg),LBXSCR,Creatinine Kidney (mg/dL),Ratio,4673,228.0,-0.76141145578025,5.736571712241885e-24,1717.8070199525062,-0.284014634492749,3.014396118524089e-06,1805.7688084110355,0.17053074582847,4.971410279962793e-06,1807.7814016195357,5.254699618051224e+17,87.96178845852933
diabetes_binary,Diabetes,LBXSBU,BUN Kidney (mg/dL),LBDHDD,HDL Cholesterol (mg/dL),Ratio,5891,799.0,0.6826514760089676,7.200087414044916e-76,4287.229774135513,0.5970073250010213,8.135209228112016e-61,4374.762490379264,-0.46683974045270266,9.519546953671512e-24,4566.050428874847,1129876452922362.8,87.53271624375066
diabetes_binary,Diabetes,diastolic_bp,Diastolic BP (mmHg),LBXTR,Triglycerides (mg/dL),Ratio,2686,392.0,-0.8487867275027821,6.220132475557136e-24,2101.9620321748107,-0.09294832910956002,0.08319053955874313,2233.6640776334375,0.3680488749119935,7.102191261831082e-10,2189.3617461976355,114180707400366.75,87.39971402282481
high_cholesterol_binary,High Cholesterol,BMXBMI,Body Mass Index (kg/m2),BMXWAIST,Waist Circumference (cm),Difference,5425,1743.0,-0.4917708177884771,4.699719547034972e-58,6541.951720778201,0.2108158100000308,1.8935124823526104e-13,6761.991844725542,0.40243666799657263,1.5931183591656765e-41,6627.05469868244,3.389815803308447e+16,85.1029779042392
high_cholesterol_binary,High Cholesterol,BMXWAIST,Waist Circumference (cm),BMXBMI,Body Mass Index (kg/m2),Difference,5425,1743.0,0.4917708177884771,4.699719547034972e-58,6541.951720778201,0.40243666799657263,1.5931183591656765e-41,6627.05469868244,0.2108158100000308,1.8935124823526104e-13,6761.991844725542,3.389815803308447e+16,85.1029779042392
heart_attack_binary,Heart Attack,LBXTC,Total Cholesterol (mg/dL),LBXSCR,Creatinine Kidney (mg/dL),Ratio,4902,243.0,-0.9253140850733662,4.3248846222677914e-26,1804.8504663269418,-0.5012166313911788,2.396304963938146e-11,1889.2842946242388,0.17088601571677178,3.2487858018640246e-06,1918.6740533035472,554073732187015.56,84.43382829729694
diabetes_binary,Diabetes,LBXPLTSI,Platelet Count (10^3/uL),LBXWBCSI,WBC Count (10^3/uL),Ratio,7524,818.0,-0.5744832574593971,2.8256177869077394e-33,5007.803393358453,-0.3758846144163541,2.818665561492429e-19,5090.589125065457,0.034166786133968306,0.17911852435215325,5176.186230541542,99753957331118.06,82.78573170700383
hypertension_binary,Hypertension,LBXSAL,Albumin (g/dL),LBXGLU,Fasting Glucose (mg/dL),Ratio,2599,931.0,-0.612661639853167,3.287233797377184e-41,3190.0030573225595,-0.19710367584710065,1.7888752872752912e-06,3371.9951462355643,0.49582123767539693,2.3517134427011816e-22,3271.7187052200175,7.154080262187512e+18,81.71564789745798
heart_attack_binary,Heart Attack,LBXSAL,Albumin (g/dL),LBXSCR,Creatinine Kidney (mg/dL),Ratio,4906,243.0,-0.7078463846122885,4.11569800856322e-22,1838.650787427027,-0.16752142872164683,0.008332053995169267,1931.4706170078782,0.1709695196702488,3.200615679684623e-06,1919.048990558962,7776604777671600.0,80.39820313193513
arthritis_binary,Arthritis,systolic_bp,Systolic BP (mmHg),diastolic_bp,Diastolic BP (mmHg),Difference,4982,1528.0,0.498442769857026,3.5319383208821816e-55,5882.122531210645,0.41363054195964605,1.6595222630474369e-40,5961.854742930711,-0.10107860964149036,0.0009603890229955355,6135.288739903826,469861620525959.1,79.7322117200656
arthritis_binary,Arthritis,diastolic_bp,Diastolic BP (mmHg),systolic_bp,Systolic BP (mmHg),Difference,4982,1528.0,-0.498442769857026,3.5319383208821816e-55,5882.122531210645,-0.10107860964149036,0.0009603890229955355,6135.288739903826,0.41363054195964605,1.6595222630474369e-40,5961.854742930711,469861620525959.1,79.7322117200656
diabetes_binary,Diabetes,LBXTR,Triglycerides (mg/dL),LBXTC,Total Cholesterol (mg/dL),Ratio,2832,411.0,0.6084239690426555,2.1969594795372034e-25,2217.229996727321,0.38775536797461985,2.4208702042508608e-11,2295.0066830867527,-0.2758989213085599,1.972493836930776e-06,2325.848309699735,110191845903358.44,77.77668635943155
diabetes_binary,Diabetes,LBXSNASI,Sodium (mmol/L),LBXTR,Triglycerides (mg/dL),Ratio,2822,410.0,-0.8369408310673062,3.2062634456842406e-23,2211.350711247086,-0.06746542202344732,0.20641632056106385,2341.5376134028684,0.38792984433877103,2.5484314622364387e-11,2288.4378556636575,794829091685.1295,77.08714441657139
hypertension_binary,Hypertension,LBXSUA,Uric Acid (mg/dL),LBXHGB,Hemoglobin (g/dL),Ratio,5405,1899.0,0.5384556248483181,4.770520547155394e-66,6681.923489634863,0.46252714672873396,1.0112898554905188e-53,6758.47240903105,-0.11248427650667725,7.702377085441654e-05,6996.185696407403,2119873178396.725,76.54891939618756
arthritis_binary,Arthritis,LBXHGB,Hemoglobin (g/dL),LBXGH,"Glycohemoglobin (HbA1c, %)",Ratio,5001,1552.0,-0.4095710157250449,1.0005237198866174e-38,6022.614019158686,-0.18858523433075783,6.829717316003232e-10,6160.669361244607,0.2958229312661752,1.8877031898222464e-22,6099.131423668179,1.886715079614671e+16,76.51740450949364
heart_attack_binary,Heart Attack,LBXSNASI,Sodium (mmol/L),LBXSCR,Creatinine Kidney (mg/dL),Ratio,4906,243.0,-0.7065613329819604,9.4761426943761e-21,1843.7362325057882,-0.03569657169238687,0.5858647438130349,1937.9684184968341,0.1709695196702488,3.200615679684623e-06,1919.048990558962,337755116497361.75,75.31275805317387
hypertension_binary,Hypertension,LBXSAL,Albumin (g/dL),LBXSCA,Calcium (mg/dL),Ratio,5408,1900.0,-0.37380395148916334,3.5113023851549915e-36,6849.880486746277,-0.272973486221388,4.897345420153763e-21,6924.957903703611,0.11661566632398272,4.749188133667396e-05,6999.001252417089,1394737588211899.5,75.07741695733421
diabetes_binary,Diabetes,LBXSCA,Calcium (mg/dL),LBXTR,Triglycerides (mg/dL),Ratio,2819,410.0,-0.8261857456629711,1.28767551277038e-22,2214.049776330359,0.07395120506923906,0.1661054715192417,2340.273876153921,0.387211914192092,2.7763634985445826e-11,2287.7007913410234,215610491230.92764,73.65101501066465
diabetes_binary,Diabetes,LBXTR,Triglycerides (mg/dL),LBDLDL,LDL Cholesterol (mg/dL),Ratio,2806,403.0,0.611841401405385,4.2408224063224e-33,2151.545680327901,0.452133994166418,3.8264124382977946e-22,2223.759688444602,-0.3754052628781449,5.421583435159036e-10,2271.5250396991323,90228075398.61171,72.21400811670082
heart_attack_binary,Heart Attack,LBXSCA,Calcium (mg/dL),LBXSCR,Creatinine Kidney (mg/dL),Ratio,4904,243.0,-0.68890935431392,3.1371789035021743e-20,1846.7218422299316,0.031230048469499422,0.6345024158596833,1937.8354274429566,0.17092058802046167,3.2254023669251264e-06,1918.862084936135,102812191020552.39,72.14024270620348
diabetes_binary,Diabetes,LBXSAL,Albumin (g/dL),LBXSCR,Creatinine Kidney (mg/dL),Difference,5899,800.0,-0.551694087856667,8.50164651382758e-35,4492.026149071482,-0.41377026036862624,1.1080297448061473e-28,4562.961768282262,0.38261308684500045,9.21134143610079e-16,4590.648230631745,1303311.9443439366,70.9356192107798
diabetes_binary,Diabetes,LBXSCR,Creatinine Kidney (mg/dL),LBXSAL,Albumin (g/dL),Difference,5899,800.0,0.551694087856667,8.50164651382758e-35,4492.026149071482,0.38261308684500045,9.21134143610079e-16,4590.648230631745,-0.41377026036862624,1.1080297448061473e-28,4562.961768282262,1303311.9443439366,70.9356192107798
diabetes_binary,Diabetes,LBDHDD,HDL Cholesterol (mg/dL),LBXTR,Triglycerides (mg/dL),Ratio,2832,411.0,-0.8897315564314178,1.5023890378632836e-21,2221.2055237100376,-0.47167776384810073,9.902256833792589e-13,2291.3646516551908,0.38775536797461985,2.4208702042508608e-11,2295.0066830867527,659100711.2162974,70.15912794515316
hypertension_binary,Hypertension,LBXSAPSI,Alkaline Phosphatase (U/L),LBXHSCRP,hs-CRP Inflammation (mg/L),Ratio,5394,1893.0,-0.4547535070550529,1.3773651619078218e-27,6843.032076485164,0.15669778762637612,6.107742256785477e-08,6964.7246602991945,0.2882902119185173,1.0078961851624566e-15,6912.194594245071,731756699702.2019,69.16251775990713
diabetes_binary,Diabetes,LBDHDD,HDL Cholesterol (mg/dL),LBXHSCRP,hs-CRP Inflammation (mg/L),Ratio,6687,801.0,-0.8679807994881406,5.04818558809037e-30,4704.421414281138,-0.4982321355725027,2.790774542582379e-27,4772.407753753234,0.2629082376926218,1.2275180329077183e-18,4825.3668224303165,552.8272473116573,67.986339472096
hypertension_binary,Hypertension,LBXSUA,Uric Acid (mg/dL),LBXSAL,Albumin (g/dL),Difference,5408,1900.0,0.5248071017271921,4.001839009756748e-66,6694.953804302806,0.4622658276189417,1.0620215712090687e-53,6762.42097665139,-0.272973486221388,4.897345420153763e-21,6924.957903703611,2653833821450.063,67.46717234858443
hypertension_binary,Hypertension,LBXSAL,Albumin (g/dL),LBXSUA,Uric Acid (mg/dL),Difference,5408,1900.0,-0.5248071017271921,4.001839009756748e-66,6694.953804302806,-0.272973486221388,4.897345420153763e-21,6924.957903703611,0.4622658276189417,1.0620215712090687e-53,6762.42097665139,2653833821450.063,67.46717234858443
diabetes_binary,Diabetes,LBXSUA,Uric Acid (mg/dL),LBXTC,Total Cholesterol (mg/dL),Ratio,5891,799.0,0.37195584597267384,4.36914482599209e-27,4569.028627094548,0.24768270126279357,1.376841750707888e-11,4636.056794976048,-0.2436114059110148,2.253930918737046e-09,4643.412943937305,3151284302861835.5,67.02816788149994
heart_attack_binary,Heart Attack,LBDHDD,HDL Cholesterol (mg/dL),LBXSCR,Creatinine Kidney (mg/dL),Ratio,4902,243.0,-0.8010793244926864,8.015069181036223e-18,1846.0546516054928,-0.3729157890455092,2.1218255229795968e-06,1912.7558696878164,0.17088601571677178,3.2487858018640246e-06,1918.6740533035472,264729533214.74362,66.70121808232352
hypertension_binary,Hypertension,LBXHGB,Hemoglobin (g/dL),BMXBMI,Body Mass Index (kg/m2),Ratio,5452,1898.0,-0.5193436049540718,5.206169564475805e-61,6753.074091495335,-0.09196869481344389,0.0011883240395728235,7040.538488055881,0.43851266213557333,5.04122581380934e-49,6818.876679417508,968317637636.708,65.80258792217319
heart_attack_binary,Heart Attack,LBXPLTSI,Platelet Count (10^3/uL),LBXSCR,Creatinine Kidney (mg/dL),Ratio,4903,243.0,-0.9379401338853011,8.028204630204853e-23,1817.029161025792,-0.5496145080662695,1.0563019946202657e-12,1882.2090532556258,0.171065644275504,3.1763182632079973e-06,1918.7216697191616,13157387526.547295,65.17989222983374
hypertension_binary,Hypertension,LBXSNASI,Sodium (mmol/L),BMXBMI,Body Mass Index (kg/m2),Ratio,5325,1857.0,-0.5177958477816481,6.495804289420339e-59,6602.769781702935,0.028349739738772115,0.3248356099289924,6889.941741204637,0.4346027774125617,3.340316612669681e-47,6667.855912447616,514226793764.4036,65.08613074468121
diabetes_binary,Diabetes,BMXBMI,Body Mass Index (kg/m2),LBDLDL,LDL Cholesterol (mg/dL),Ratio,2758,394.0,0.601561056950734,6.315765577093404e-32,2112.8418595939493,0.47161394332561307,3.817363230248458e-21,2177.5241037899777,-0.37664596107070786,7.425986539177315e-10,2225.1438463791947,60441813168.20276,64.68224419602848
diabetes_binary,Diabetes,LBDHDD,HDL Cholesterol (mg/dL),LBXHSCRP,hs-CRP Inflammation (mg/L),Difference,6687,801.0,-0.546071405346232,2.8992716471682643e-40,4707.940552821592,-0.4982321355725027,2.790774542582379e-27,4772.407753753234,0.2629082376926218,1.2275180329077183e-18,4825.3668224303165,9625778065012.104,64.46720093164186
diabetes_binary,Diabetes,LBXHSCRP,hs-CRP Inflammation (mg/L),LBDHDD,HDL Cholesterol (mg/dL),Difference,6687,801.0,0.546071405346232,2.8992716471682643e-40,4707.940552821592,0.2629082376926218,1.2275180329077183e-18,4825.3668224303165,-0.4982321355725027,2.790774542582379e-27,4772.407753753234,9625778065012.104,64.46720093164186
diabetes_binary,Diabetes,systolic_bp,Systolic BP (mmHg),LBXSAL,Albumin (g/dL),Ratio,5604,763.0,0.5502052384171496,3.7844273827448783e-53,4226.507224410022,0.47218843698546764,2.033772989696197e-40,4290.852538351332,-0.414190803973552,1.947499044691907e-27,4345.5140333361605,5374057377793.001,64.34531394131045
heart_attack_binary,Heart Attack,LBXHGB,Hemoglobin (g/dL),LBXSCR,Creatinine Kidney (mg/dL),Ratio,4903,243.0,-0.627182301038842,2.3403644665772942e-19,1854.5817312720515,0.003678599969660391,0.9554557514575587,1937.9563636513535,0.171065644275504,3.1763182632079973e-06,1918.7216697191616,13571895781913.225,64.13993844711013
hypertension_binary,Hypertension,LBXSKSI,Potassium (mmol/L),LBXGLU,Fasting Glucose (mg/dL),Ratio,2597,930.0,-0.5821444794354544,4.4009728307876453e-38,3205.749583072954,-0.0619883557046376,0.13155152265932635,3389.87045798455,0.49350359493026,3.362956792913426e-22,3269.8284978104903,7641394124015884.0,64.07891473753625
stroke_binary,Stroke,LBXSAL,Albumin (g/dL),LBXSCR,Creatinine Kidney (mg/dL),Ratio,4908,239.0,-0.7511516064811226,3.971259827082105e-24,1804.964761642644,-0.4221950400239643,3.702572917224955e-12,1869.0217453789314,0.23942127355994544,1.1828041164834334e-08,1877.3256807495325,932342147943.876,64.05698373628752
hypertension_binary,Hypertension,LBXSCA,Calcium (mg/dL),LBXGH,"Glycohemoglobin (HbA1c, %)",Ratio,5404,1899.0,-0.5970499162871735,7.398938965011548e-79,6605.9570238786255,0.11721859071271726,4.3678172030812926e-05,6994.151199356767,0.5793811943177134,4.202099969196941e-59,6669.150710559797,5.679327791549613e+19,63.19368668117113
diabetes_binary,Diabetes,LBDLDL,LDL Cholesterol (mg/dL),LBXTR,Triglycerides (mg/dL),Difference,2806,403.0,-0.6020699139603808,2.1956893517372703e-34,2160.610151460495,-0.3754052628781449,5.421583435159036e-10,2271.5250396991323,0.452133994166418,3.8264124382977946e-22,2223.759688444602,1742692988546.0645,63.14953698410682
diabetes_binary,Diabetes,LBXTR,Triglycerides (mg/dL),LBDLDL,LDL Cholesterol (mg/dL),Difference,2806,403.0,0.6020699139603808,2.1956893517372703e-34,2160.610151460495,0.452133994166418,3.8264124382977946e-22,2223.759688444602,-0.3754052628781449,5.421583435159036e-10,2271.5250396991323,1742692988546.0645,63.14953698410682
diabetes_binary,Diabetes,LBXSAL,Albumin (g/dL),BMXWAIST,Waist Circumference (cm),Ratio,5613,737.0,-0.9318863701380216,4.257657912501051e-71,3973.6018568540567,-0.39850119031335207,7.428244309813891e-25,4263.042961863368,0.7148943042726063,1.1347205322109442e-69,4036.425505959336,26.651284709352847,62.8236491052794
arthritis_binary,Arthritis,LBXSCA,Calcium (mg/dL),LBXSAL,Albumin (g/dL),Difference,4900,1524.0,0.36248251283374694,6.582282462047767e-30,5944.818554486343,0.113778515607057,0.00024114551028890852,6065.620715912259,-0.26188006967478705,4.1198887868346316e-17,6007.25734046686,6259058025220.21,62.43878598051742
arthritis_binary,Arthritis,LBXSAL,Albumin (g/dL),LBXSCA,Calcium (mg/dL),Difference,4900,1524.0,-0.36248251283374694,6.582282462047767e-30,5944.818554486343,-0.26188006967478705,4.1198887868346316e-17,6007.25734046686,0.113778515607057,0.00024114551028890852,6065.620715912259,6259058025220.21,62.43878598051742
hypertension_binary,Hypertension,LBXSCA,Calcium (mg/dL),LBXSAL,Albumin (g/dL),Ratio,5408,1900.0,0.35643552129325756,3.5827973938747534e-33,6862.695819868739,0.11661566632398272,4.749188133667396e-05,6999.001252417089,-0.272973486221388,4.897345420153763e-21,6924.957903703611,1366905488020.7283,62.2620838348721
hypertension_binary,Hypertension,LBXHGB,Hemoglobin (g/dL),LBXTR,Triglycerides (mg/dL),Ratio,2606,931.0,-0.43897424751977865,6.484417994178304e-19,3310.6426569007053,-0.1114807359157643,0.006294508259548299,3393.8221948683777,0.2550807657149843,1.1082697144955415e-06,3372.3845856986127,1709127504566.3984,61.74192879790735
hypertension_binary,Hypertension,diastolic_bp,Diastolic BP (mmHg),LBXHSCRP,hs-CRP Inflammation (mg/L),Ratio,5143,1813.0,-0.41223653323354664,2.8733892183847716e-27,6538.240986164094,0.26646834946668446,5.837124073034802e-18,6601.413354006556,0.2918024424887952,4.856932745836299e-15,6599.892964544371,2031442185.3075807,61.6519783802778
high_cholesterol_binary,High Cholesterol,LBXPLTSI,Platelet Count (10^3/uL),BMXBMI,Body Mass Index (kg/m2),Ratio,5427,1767.0,-0.33806859653705135,6.988969419096178e-26,6733.153157715185,-0.15230955421247702,3.700144792131517e-07,6826.521325501371,0.21819121559538757,2.3754528111117775e-14,6794.630897618151,339885993007.96106,61.47773990296537
stroke_binary,Stroke,LBXHGB,Hemoglobin (g/dL),LBXSCR,Creatinine Kidney (mg/dL),Ratio,4905,239.0,-0.6895282301470442,1.4573731217122185e-22,1815.710842863286,-0.2957148720326264,1.8859234062108091e-06,1892.7443180331586,0.23955701129368934,1.1775983331278206e-08,1876.9956038848554,80802803042250.44,61.284761021569466
diabetes_binary,Diabetes,LBXSAPSI,Alkaline Phosphatase (U/L),LBXHSCRP,hs-CRP Inflammation (mg/L),Ratio,5883,797.0,-1.030333811655232,6.009169904655376e-17,4543.833935479548,-0.11252709627802039,0.011291745952336514,4664.016478547184,0.2503944152285414,1.2827913821842742e-15,4604.743902548818,21.347231024213183,60.90996706927035
hypertension_binary,Hypertension,LBXSAL,Albumin (g/dL),LBXTR,Triglycerides (mg/dL),Ratio,2597,930.0,-0.43726626572781013,1.1404819691085416e-18,3302.4900055661747,-0.1963917363789205,1.963595905369592e-06,3369.239270449146,0.25608572706298355,1.0723218832500439e-06,3363.1573368682452,940235718139.608,60.66733130207058
arthritis_binary,Arthritis,LBXSAL,Albumin (g/dL),systolic_bp,Systolic BP (mmHg),Ratio,4670,1457.0,-0.5101134830717792,7.322980056807938e-51,5559.042719642333,-0.24972595347215854,4.337539409114852e-15,5738.728570229472,0.42365209373443796,7.840693261293174e-40,5619.302850964861,107069706601.26181,60.26013132252774
hypertension_binary,Hypertension,LBXSNASI,Sodium (mmol/L),LBXGLU,Fasting Glucose (mg/dL),Ratio,2599,931.0,-0.5780051821222919,5.223198116426215e-37,3211.7998321854507,0.030505166040332335,0.4562521561489582,3394.537036104115,0.49582123767539693,2.3517134427011816e-22,3271.7187052200175,450243967446951.2,59.918873034566786
hypertension_binary,Hypertension,LBXHGB,Hemoglobin (g/dL),LBXGLU,Fasting Glucose (mg/dL),Ratio,2655,945.0,-0.5692419145359737,1.9791420791644492e-38,3275.6179078014293,-0.10681391689036779,0.008282776500414871,3454.0577689864394,0.4954404542061454,1.0889553542901907e-22,3335.428939170739,5502158565341221.0,59.8110313693096
diabetes_binary,Diabetes,LBXTC,Total Cholesterol (mg/dL),BMXBMI,Body Mass Index (kg/m2),Ratio,6637,788.0,-0.778754561847044,1.3818964796377622e-58,4530.611685647937,-0.15349320907741293,0.0001140703997207088,4825.454841683351,0.5527988803943933,5.045123251280467e-56,4590.363391340705,365.0869168291788,59.751705692768155
high_cholesterol_binary,High Cholesterol,LBXSAL,Albumin (g/dL),BMXBMI,Body Mass Index (kg/m2),Ratio,5303,1732.0,-0.32041809300363855,3.7075565516424407e-25,6591.894018959942,-0.1450794561557231,7.090702652062193e-07,6679.68651628325,0.20963575204753032,3.998065742362259e-13,6651.575913913306,1078355970212.0049,59.68189495336446
hypertension_binary,Hypertension,LBXSCR,Creatinine Kidney (mg/dL),LBXSAL,Albumin (g/dL),Ratio,5410,1900.0,0.9887043436689489,6.414762456496055e-60,6659.2969596609955,0.831678232512139,7.735205043346477e-52,6718.715046481842,-0.273023923210648,4.7713117462123446e-21,6926.635780346481,120584434.66621661,59.41808682084684
hypertension_binary,Hypertension,LBXSBU,BUN Kidney (mg/dL),LBXSAL,Albumin (g/dL),Ratio,5408,1900.0,0.7415587651950033,2.217875653439253e-84,6528.257170722875,0.6562749620810527,1.3275018441808526e-77,6587.353140603242,-0.272973486221388,4.897345420153763e-21,6924.957903703611,5985465.605893187,59.09596988036628
arthritis_binary,Arthritis,LBXSAL,Albumin (g/dL),LBXSCA,Calcium (mg/dL),Ratio,4900,1524.0,-0.3572375544578899,3.536252738372545e-29,5948.349870023757,-0.26188006967478705,4.1198887868346316e-17,6007.25734046686,0.113778515607057,0.00024114551028890852,6065.620715912259,1165043646945.52,58.90747044310319
arthritis_binary,Arthritis,LBXSNASI,Sodium (mmol/L),LBXGH,"Glycohemoglobin (HbA1c, %)",Ratio,4899,1525.0,-0.3839389738813429,2.4475554549622476e-35,5920.707209291811,-0.012671228289184135,0.6811890668684244,6079.839117772817,0.30047917488460996,1.4024248994130055e-22,5979.24143279723,5729900405605.467,58.534223505419504
arthritis_binary,Arthritis,LBXHGB,Hemoglobin (g/dL),BMXWAIST,Waist Circumference (cm),Ratio,4753,1452.0,-0.5219718654272846,6.695906199710678e-51,5607.992021693724,-0.17212740770097631,4.3438834444056125e-08,5824.336825142755,0.43475412692422305,4.622316052887043e-41,5666.518596413945,6903197140.197047,58.5265747202202
heart_attack_binary,Heart Attack,LBXPLTSI,Platelet Count (10^3/uL),LBXGH,"Glycohemoglobin (HbA1c, %)",Ratio,5005,245.0,-0.7958919889231747,4.882903174162444e-24,1845.392485462794,-0.5538246709822258,6.988661609661485e-13,1903.3751671833434,0.3278013139955042,3.06916312042385e-14,1913.890990141972,6285529347.917694,57.98268172054941
hypertension_binary,Hypertension,LBXWBCSI,WBC Count (10^3/uL),LBXHSCRP,hs-CRP Inflammation (mg/L),Ratio,5401,1893.0,-0.44211319187252623,1.592109666860586e-26,6860.169812474365,0.2574909107882914,0.00040619283558533274,6985.642171665095,0.28902981042588816,8.683608740812605e-16,6917.802038885605,54541523875.898865,57.63222641123957
diabetes_binary,Diabetes,systolic_bp,Systolic BP (mmHg),LBDHDD,HDL Cholesterol (mg/dL),Ratio,6160,768.0,0.6161176580713814,2.34466637947163e-62,4347.671767448369,0.5383040735193989,1.7469543172574589e-53,4404.609342726374,-0.4849018059884037,4.709497143225058e-25,4516.587226325524,745075859.2150474,56.93757527800517
diabetes_binary,Diabetes,LBXSNASI,Sodium (mmol/L),BMXBMI,Body Mass Index (kg/m2),Ratio,5808,781.0,-0.619605911946348,1.0707502145706464e-43,4373.935376735793,-0.1225150901990909,0.0013482321728875608,4579.710007064939,0.4451997125429543,3.875102439928404e-37,4430.757460860522,3619053.619785879,56.82208412472846
heart_attack_binary,Heart Attack,LBXTC,Total Cholesterol (mg/dL),LBXGH,"Glycohemoglobin (HbA1c, %)",Ratio,4923,243.0,-0.7209590191313112,4.502913226166934e-23,1834.5477406444224,-0.5021006963833495,2.1565361101923412e-11,1891.199697514779,0.3199536422327151,2.280709092928148e-13,1896.8735356497045,5064963454.491398,56.65195687035657
hypertension_binary,Hypertension,LBXPLTSI,Platelet Count (10^3/uL),LBXTR,Triglycerides (mg/dL),Ratio,2606,931.0,-0.4326865361967047,1.0109457545449435e-17,3316.0905423825006,-0.10883364903863887,0.009137890433957466,3394.3861341336924,0.2550807657149843,1.1082697144955415e-06,3372.3845856986127,109627020986.34425,56.29404331611204
arthritis_binary,Arthritis,LBXSAL,Albumin (g/dL),LBXGLU,Fasting Glucose (mg/dL),Ratio,2379,755.0,-0.45046207174863645,4.79692162560237e-23,2874.0420528967297,-0.26392446666503994,3.406596010248589e-09,2941.423812492826,0.29290340919748387,3.706458265643719e-11,2930.2709630581485,772674343033.1288,56.22891016141875
diabetes_binary,Diabetes,LBXSCR,Creatinine Kidney (mg/dL),LBDHDD,HDL Cholesterol (mg/dL),Ratio,5893,799.0,0.5360276655069518,6.2013029941222206e-30,4510.331265124213,0.38361833866669454,8.482196859007944e-16,4584.934760341228,-0.46718836831059707,8.816749718996579e-24,4566.460186791334,1421757.6092239576,56.128921667121176
diabetes_binary,Diabetes,LBXSBU,BUN Kidney (mg/dL),LBXTC,Total Cholesterol (mg/dL),Ratio,5891,799.0,0.6696394598612991,4.279958873504828e-70,4319.882366263837,0.5970073250010213,8.135209228112016e-61,4374.762490379264,-0.2436114059110148,2.253930918737046e-09,4643.412943937305,1900768084.1218343,54.88012411542695
hypertension_binary,Hypertension,LBXSNASI,Sodium (mmol/L),BMXWAIST,Waist Circumference (cm),Ratio,5133,1776.0,-0.7358214330537364,6.151973182407203e-96,6113.71605978688,0.03266424428462366,0.26643103794674594,6623.645855521685,0.6556527234959634,2.6550679588410067e-90,6168.485443863317,431579.89804534655,54.769384076437746
high_cholesterol_binary,High Cholesterol,LBXSCA,Calcium (mg/dL),LBXGH,"Glycohemoglobin (HbA1c, %)",Ratio,5382,1763.0,-0.5777627071507933,1.038351255929097e-74,6435.374592732998,0.10585727656857027,0.00028403944892420573,6798.425486326894,0.5550948524830899,2.8014436187746175e-57,6489.4418335873215,2.6979729670264026e+17,54.067240854323245
hypertension_binary,Hypertension,diastolic_bp,Diastolic BP (mmHg),LBXSAL,Albumin (g/dL),Ratio,5149,1819.0,0.3497065561304332,2.119751244114535e-29,6557.476533376486,0.26555091091711913,6.8875331785424694e-18,6614.264326617022,-0.2638514634481174,5.561379465242743e-19,6611.03936817612,26236000477.338318,53.56283479963349
heart_attack_binary,Heart Attack,LBXGH,"Glycohemoglobin (HbA1c, %)",LBXTC,Total Cholesterol (mg/dL),Ratio,4923,243.0,0.5083735679592021,1.119207099460211e-26,1838.530778558369,0.3199536422327151,2.280709092928148e-13,1896.8735356497045,-0.5021006963833495,2.1565361101923412e-11,1891.199697514779,20377900515714.426,52.668918956409925
high_cholesterol_binary,High Cholesterol,LBXSNASI,Sodium (mmol/L),BMXWAIST,Waist Circumference (cm),Ratio,5110,1660.0,-0.46856942556441944,4.229103751185892e-46,6226.587148262855,0.034323354770045465,0.2515051883519781,6446.124428319917,0.38993626748515064,3.0751993771372924e-37,6279.16850691708,727151556.9403965,52.58135865422446
diabetes_binary,Diabetes,LBXWBCSI,WBC Count (10^3/uL),LBDLDL,LDL Cholesterol (mg/dL),Ratio,2806,403.0,0.46252771413712723,3.993398420319642e-21,2219.600000445733,0.29248072759128424,7.932222499552101e-09,2279.292490663377,-0.3754052628781449,5.421583435159036e-10,2271.5250396991323,135763649516.47067,51.92503925339952
diabetes_binary,Diabetes,LBXSASSI,AST Liver Enzyme (U/L),LBXSATSI,ALT Liver Enzyme (U/L),Ratio,5878,800.0,-0.32004564978354777,1.2459322378142975e-12,4624.837953232698,0.0012547869871775126,0.9736056954410763,4680.788602793553,0.07039895112778764,0.035839579712639326,4676.688300612659,28765271998.669567,51.85034737996102
high_cholesterol_binary,High Cholesterol,BMXBMI,Body Mass Index (kg/m2),LBXPLTSI,Platelet Count (10^3/uL),Ratio,5427,1767.0,0.37883587884539366,3.2697138775641105e-24,6742.782276334598,0.21819121559538757,2.3754528111117775e-14,6794.630897618151,-0.15230955421247702,3.700144792131517e-07,6826.521325501371,7265017368.680147,51.84862128355326
high_cholesterol_binary,High Cholesterol,LBXHGB,Hemoglobin (g/dL),LBXTR,Triglycerides (mg/dL),Ratio,2589,865.0,-0.6789108062428157,6.6708678738926e-33,3124.0896911523705,-0.017150831688583276,0.6803003933743166,3302.466348240818,0.6387997921868626,1.0889795641898092e-23,3175.8083302584573,1632440613.0897708,51.71863910608681
diabetes_binary,Diabetes,LBXSBU,BUN Kidney (mg/dL),LBXSAL,Albumin (g/dL),Ratio,5897,800.0,0.6566302145418742,3.065022119285172e-66,4329.059187112684,0.5968912154788165,7.350462093049586e-61,4379.985031150027,-0.41372114059575954,1.1332605143149437e-28,4562.421075049553,239817.5871815199,50.92584403734236
hypertension_binary,Hypertension,LBXSAL,Albumin (g/dL),BMXWAIST,Waist Circumference (cm),Ratio,5133,1776.0,-0.7334481441302441,3.8701928026873516e-95,6118.3271314886415,-0.2630004621122947,1.2122832203035369e-18,6545.462771819722,0.6556527234959634,2.6550679588410067e-90,6168.485443863317,68602.98941689424,50.158312374675916
diabetes_binary,Diabetes,LBXSUA,Uric Acid (mg/dL),LBDLDL,LDL Cholesterol (mg/dL),Ratio,2793,402.0,0.44911697562667285,6.015233050386549e-21,2215.0918533707904,0.2957121632365962,1.2731916957240309e-08,2273.7691778738604,-0.3709149890671321,8.952777594485164e-10,2264.998436417603,148835091167.579,49.90658304681256
diabetes_binary,Diabetes,LBXSKSI,Potassium (mmol/L),LBXTR,Triglycerides (mg/dL),Ratio,2820,409.0,-0.8003771150148921,3.504835862900779e-21,2219.759940901812,0.18766005259930074,0.0003862368244150157,2326.4313072596874,0.39799412602913486,3.2245057978940514e-15,2269.3498033534147,920016.207328262,49.589862451602585
hypertension_binary,Hypertension,LBXSNASI,Sodium (mmol/L),LBXTR,Triglycerides (mg/dL),Ratio,2597,930.0,-0.4058745454182276,9.899298493860141e-17,3313.644360552276,0.030085474356983864,0.4626657499843516,3391.6123058085022,0.25608572706298355,1.0723218832500439e-06,3363.1573368682452,10832301742.543999,49.512976315969354
high_cholesterol_binary,High Cholesterol,LBXSAL,Albumin (g/dL),LBXTR,Triglycerides (mg/dL),Ratio,2580,863.0,-0.6793078757223577,1.5632556675365912e-32,3115.3674697254087,-0.11265408717689714,0.00686062215748704,3285.2393537443695,0.6430172453237801,7.89833987139596e-24,3164.8489204835046,505249399.40517336,49.48145075809589
diabetes_binary,Diabetes,BMXBMI,Body Mass Index (kg/m2),LBXTC,Total Cholesterol (mg/dL),Ratio,6637,788.0,0.5797705593446091,3.6524330697656525e-67,4540.923393209225,0.5527988803943933,5.045123251280467e-56,4590.363391340705,-0.15349320907741293,0.0001140703997207088,4825.454841683351,138130477818.83575,49.439998131480024
diabetes_binary,Diabetes,LBDHDD,HDL Cholesterol (mg/dL),LBXSCR,Creatinine Kidney (mg/dL),Ratio,5893,799.0,-0.5719955757873741,3.0707606223676195e-32,4517.302522932179,-0.46718836831059707,8.816749718996579e-24,4566.460186791334,0.38361833866669454,8.482196859007944e-16,4584.934760341228,287119407.96605253,49.157663859155036
diabetes_binary,Diabetes,LBXHGB,Hemoglobin (g/dL),LBXGLU,Fasting Glucose (mg/dL),Ratio,2889,416.0,-1.6911357452033446,5.396519780879203e-110,1565.6006217597303,-0.12916233297963078,0.01288922933677234,2379.2877001206625,1.8673586970446785,4.944661259529004e-83,1614.5746304475529,9.162685323694705e+26,48.97400868782256
high_cholesterol_binary,High Cholesterol,LBXHGB,Hemoglobin (g/dL),LBXSATSI,ALT Liver Enzyme (U/L),Ratio,5384,1761.0,-0.22713003707927326,7.072921584587938e-13,6755.755488042236,-0.007421178082647119,0.7982761245859549,6810.297008206693,0.067830014195771,0.016628146578219476,6804.645630081267,23509587062.93676,48.89014203903116
arthritis_binary,Arthritis,LBXHGB,Hemoglobin (g/dL),BMXBMI,Body Mass Index (kg/m2),Ratio,4939,1522.0,-0.38341626025593306,1.5011822385466833e-31,5960.556310479668,-0.1808621574279934,4.278376541484369e-09,6070.202742068682,0.2964793252017877,3.1509475622920398e-22,6009.275664675687,2098977380.2163544,48.719354196018685
diabetes_binary,Diabetes,diastolic_bp,Diastolic BP (mmHg),LBXHSCRP,hs-CRP Inflammation (mg/L),Ratio,6124,763.0,-0.6099952296941366,3.004621223923358e-22,4480.938597964257,0.09703357279624233,0.016123137422797612,4602.991960906247,0.2738868200380153,2.9658082300096128e-18,4528.538326216482,9870.822339918559,47.59972825222576
diabetes_binary,Diabetes,LBXTR,Triglycerides (mg/dL),LBXTC,Total Cholesterol (mg/dL),Difference,2832,411.0,0.5884479575372014,3.052387756133235e-19,2247.8270676051534,0.38775536797461985,2.4208702042508608e-11,2295.0066830867527,-0.2758989213085599,1.972493836930776e-06,2325.848309699735,79310703.54303935,47.179615481599285
diabetes_binary,Diabetes,LBXTC,Total Cholesterol (mg/dL),LBXTR,Triglycerides (mg/dL),Difference,2832,411.0,-0.5884479575372014,3.052387756133235e-19,2247.8270676051534,-0.2758989213085599,1.972493836930776e-06,2325.848309699735,0.38775536797461985,2.4208702042508608e-11,2295.0066830867527,79310703.54303935,47.179615481599285
high_cholesterol_binary,High Cholesterol,LBXSCA,Calcium (mg/dL),LBXSAL,Albumin (g/dL),Difference,5386,1763.0,0.2451402233336454,8.385430203207832e-17,6744.24993828219,0.10530668726403032,0.00030457658321124485,6801.730944203903,-0.14144653339591454,1.0811283791529854e-06,6790.998864979955,12892938739.617697,46.748926697765455
high_cholesterol_binary,High Cholesterol,LBXSAL,Albumin (g/dL),LBXSCA,Calcium (mg/dL),Difference,5386,1763.0,-0.2451402233336454,8.385430203207832e-17,6744.24993828219,-0.14144653339591454,1.0811283791529854e-06,6790.998864979955,0.10530668726403032,0.00030457658321124485,6801.730944203903,12892938739.617697,46.748926697765455
high_cholesterol_binary,High Cholesterol,LBXPLTSI,Platelet Count (10^3/uL),LBXTR,Triglycerides (mg/dL),Ratio,2589,865.0,-0.6859846125938558,1.4883477494344568e-31,3129.350676487219,-0.16425026955446653,0.00014834798292518263,3287.815860952658,0.6387997921868626,1.0889795641898092e-23,3175.8083302584573,73167011.17756924,46.457653771238256
hypertension_binary,Hypertension,LBXSCA,Calcium (mg/dL),LBXTR,Triglycerides (mg/dL),Ratio,2594,929.0,-0.3969448376226039,3.558345239361597e-16,3312.8773202282428,0.18044448619416997,1.327066604485928e-05,3369.1275515275893,0.2563801125468882,1.064824866929531e-06,3359.3094034030482,2992472048.9475923,46.432083174805484
arthritis_binary,Arthritis,LBXSAL,Albumin (g/dL),BMXWAIST,Waist Circumference (cm),Ratio,4649,1426.0,-0.5053572836132901,2.501089683790811e-46,5511.937884203061,-0.2543982045997336,2.1493196254048533e-15,5671.939714523377,0.4265308793412286,6.025856034982603e-39,5558.365416219054,24092922.673006393,46.427532015993165
diabetes_binary,Diabetes,LBXSNASI,Sodium (mmol/L),LBXHSCRP,hs-CRP Inflammation (mg/L),Ratio,5884,797.0,-0.556489485669781,5.839274893174911e-20,4559.144091115256,-0.10929766367180895,0.003906320058442507,4663.136329170987,0.250390713094557,1.2786837629232882e-15,4605.0294486453895,21897.98881395095,45.88535753013366
diabetes_binary,Diabetes,LBXSCR,Creatinine Kidney (mg/dL),LBXTC,Total Cholesterol (mg/dL),Ratio,5893,799.0,0.5068022056236162,9.955624144717856e-24,4539.167665309718,0.38361833866669454,8.482196859007944e-16,4584.934760341228,-0.24374198407360637,2.209600953732936e-09,4643.954770159223,85200051.10386106,45.7670950315096
high_cholesterol_binary,High Cholesterol,LBXSAL,Albumin (g/dL),LBXGH,"Glycohemoglobin (HbA1c, %)",Ratio,5385,1763.0,-0.5755663960743123,2.514637323742713e-74,6445.781764484524,-0.14089145398667202,1.1918822903124678e-06,6790.394681840586,0.5555038968153562,2.3164784017803965e-57,6491.268844054964,9.211978124672934e+16,45.48707957044007
hypertension_binary,Hypertension,LBDLDL,LDL Cholesterol (mg/dL),LBXHSCRP,hs-CRP Inflammation (mg/L),Ratio,2567,914.0,-0.45586624017674005,2.666403929249698e-15,3268.96324123711,-0.05957301275677886,0.15202352246732545,3344.76516600546,0.25185739378171945,2.8995393170104046e-07,3314.261358660078,108743438.50169426,45.29811742296761
diabetes_binary,Diabetes,LBXSUA,Uric Acid (mg/dL),LBXHGB,Hemoglobin (g/dL),Ratio,5894,799.0,0.33724569135727855,2.8614466080600864e-22,4590.353905631126,0.25112109383302383,7.0854394367634904e-12,4635.651701035018,-0.16717255568273992,7.049718840440795e-06,4661.842915607433,24761739103.589474,45.29779540389245
hypertension_binary,Hypertension,LBXWBCSI,WBC Count (10^3/uL),LBXPLTSI,Platelet Count (10^3/uL),Ratio,5540,1942.0,0.6693268929178617,2.539027335614085e-13,7117.356494457839,0.2659260679894491,0.00019605107340758964,7164.604385993293,-0.12539229175700256,1.3898308392189659e-05,7162.176007745988,54738711.14833128,44.8195132881483
high_cholesterol_binary,High Cholesterol,LBXSNASI,Sodium (mmol/L),BMXBMI,Body Mass Index (kg/m2),Ratio,5303,1732.0,-0.29651461366888615,3.901290295751519e-22,6607.023643781977,0.04523064640341146,0.12343546092883194,6701.963640439835,0.20963575204753032,3.998065742362259e-13,6651.575913913306,1024806010.1336545,44.55227013132935
diabetes_binary,Diabetes,LBXSCA,Calcium (mg/dL),LBXHSCRP,hs-CRP Inflammation (mg/L),Ratio,5881,797.0,-0.5549880645440874,1.1465490031401743e-19,4559.781219952707,-0.059007522150138235,0.12148462685573436,4668.163948395793,0.2502685929711799,1.3295561246766335e-15,4604.242024577408,11596.156126212123,44.46080462470127
diabetes_binary,Diabetes,LBDLDL,LDL Cholesterol (mg/dL),BMXBMI,Body Mass Index (kg/m2),Ratio,2758,394.0,-0.7442087530230308,6.147101412455623e-26,2133.1014307690098,-0.37664596107070786,7.425986539177315e-10,2225.1438463791947,0.47161394332561307,3.817363230248458e-21,2177.5241037899777,62100.21559939599,44.42267302096798
high_cholesterol_binary,High Cholesterol,LBXSAL,Albumin (g/dL),LBXGLU,Fasting Glucose (mg/dL),Ratio,2582,864.0,-0.5310209119471244,8.944718971252916e-33,3140.5172763254586,-0.11343879126255198,0.006458502683848362,3288.134640936443,0.4614731847671319,5.5657166309451974e-21,3184.6502478251573,622234935366.0676,44.13297149969867
high_cholesterol_binary,High Cholesterol,LBXSAL,Albumin (g/dL),BMXWAIST,Waist Circumference (cm),Ratio,5110,1660.0,-0.45914717947524514,2.0635099056103354e-44,6235.289232335145,-0.14370632296463243,1.487044900897012e-06,6424.210574049176,0.38993626748515064,3.0751993771372924e-37,6279.16850691708,14902760.431516921,43.879274581934624
arthritis_binary,Arthritis,LBXSAL,Albumin (g/dL),BMXBMI,Body Mass Index (kg/m2),Ratio,4829,1493.0,-0.37260029095031444,4.098588237044285e-29,5844.133939618515,-0.25777824152777057,2.163410736529011e-16,5908.355064495992,0.28878633590370195,8.297333879668507e-21,5888.012350461667,202443704.99760586,43.87841084315187
arthritis_binary,Arthritis,LBXSCA,Calcium (mg/dL),LBXSAL,Albumin (g/dL),Ratio,4900,1524.0,0.33027732246229585,6.853505792134807e-26,5963.592773963129,0.113778515607057,0.00024114551028890852,6065.620715912259,-0.26188006967478705,4.1198887868346316e-17,6007.25734046686,601135960.4543827,43.664566503731294
heart_attack_binary,Heart Attack,systolic_bp,Systolic BP (mmHg),LBXTC,Total Cholesterol (mg/dL),Ratio,4692,228.0,0.535460239746248,1.634531089397479e-24,1734.0176526144276,0.3464402197294328,3.759572350989633e-09,1795.9616656873031,-0.5287584882622157,1.249846378316108e-11,1777.5756729702161,7646513342103.677,43.558020355788585
high_cholesterol_binary,High Cholesterol,LBXSNASI,Sodium (mmol/L),LBXTR,Triglycerides (mg/dL),Ratio,2580,863.0,-0.6646467731414936,8.749258257584085e-32,3121.3713061060466,0.04975465647137386,0.2339715517002372,3291.1377782102954,0.6430172453237801,7.89833987139596e-24,3164.8489204835046,90274393.99847952,43.47761437745794
arthritis_binary,Arthritis,LBXSUA,Uric Acid (mg/dL),LBXHGB,Hemoglobin (g/dL),Difference,4897,1523.0,0.273985486863234,6.6132015699950725e-19,5995.439517549234,0.16198331143097633,1.2740574393201332e-07,6047.452948795694,-0.1858900257624025,1.7023200586582188e-09,6038.865509697536,2574123955.909433,43.42599214830261
arthritis_binary,Arthritis,LBXHGB,Hemoglobin (g/dL),LBXSUA,Uric Acid (mg/dL),Difference,4897,1523.0,-0.273985486863234,6.6132015699950725e-19,5995.439517549234,-0.1858900257624025,1.7023200586582188e-09,6038.865509697536,0.16198331143097633,1.2740574393201332e-07,6047.452948795694,2574123955.909433,43.42599214830261
high_cholesterol_binary,High Cholesterol,LBXSAL,Albumin (g/dL),LBXSATSI,ALT Liver Enzyme (U/L),Ratio,5387,1762.0,-0.2540581379010324,2.8594459046821422e-15,6747.473883196086,-0.140803821944691,1.2103681780618083e-06,6790.569268087521,0.06806498576654367,0.016230820186121347,6808.422208845028,423287664.2568811,43.09538489143506
diabetes_binary,Diabetes,LBXSCR,Creatinine Kidney (mg/dL),LBDLDL,LDL Cholesterol (mg/dL),Ratio,2795,402.0,0.564053442036445,8.908361645645759e-19,2211.402740476677,0.4519335765476845,1.1318862521601453e-09,2254.3857411015047,-0.37133083778427084,8.569550449473075e-10,2265.526356495651,961967058.6298786,42.98300062482758
hypertension_binary,Hypertension,LBXSKSI,Potassium (mmol/L),LBXTR,Triglycerides (mg/dL),Ratio,2595,929.0,-0.42163228320028745,2.653709034824796e-17,3306.6581449037085,-0.06171998831933266,0.13339566825976412,3386.951492817696,0.2714086506969074,3.1538102190650345e-09,3349.3577235887456,118845366.15270846,42.69957868503707
high_cholesterol_binary,High Cholesterol,LBDHDD,HDL Cholesterol (mg/dL),LBXTC,Total Cholesterol (mg/dL),Difference,5414,1768.0,-0.41453291823954497,1.3986324889496057e-43,6642.835397553615,-0.12469928243279504,3.394502574555855e-05,6826.562906737625,0.3669059653017156,3.969463462909429e-35,6685.42414560207,283810328.60823625,42.58874804845527
high_cholesterol_binary,High Cholesterol,LBXTC,Total Cholesterol (mg/dL),LBDHDD,HDL Cholesterol (mg/dL),Difference,5414,1768.0,0.41453291823954497,1.3986324889496057e-43,6642.835397553615,0.3669059653017156,3.969463462909429e-35,6685.42414560207,-0.12469928243279504,3.394502574555855e-05,6826.562906737625,283810328.60823625,42.58874804845527
diabetes_binary,Diabetes,LBXSCA,Calcium (mg/dL),BMXBMI,Body Mass Index (kg/m2),Ratio,5805,781.0,-0.5995304969993324,6.639823806259176e-41,4387.632787134008,-0.04656813865629785,0.22574642755639707,4587.616056584067,0.44490707368024207,4.3938059643795605e-37,4430.1388756669185,6617.353250002873,42.506088532910326
hypertension_binary,Hypertension,LBXSBU,BUN Kidney (mg/dL),LBXSKSI,Potassium (mmol/L),Ratio,5405,1899.0,0.6797408366882333,4.868378473084983e-86,6540.5295658863315,0.6572768555925443,1.085061342620242e-77,6582.816588084585,-0.0005881461359705735,0.9835331569920541,7011.831089271065,222879414.28938714,42.28702219825391
high_cholesterol_binary,High Cholesterol,LBXSNASI,Sodium (mmol/L),LBXGLU,Fasting Glucose (mg/dL),Ratio,2582,864.0,-0.5276109490937577,4.124216324162067e-32,3142.585743071395,0.05025079576371179,0.22913316179733467,3294.112502754283,0.4614731847671319,5.5657166309451974e-21,3184.6502478251573,134952102253.65678,42.06450475376232
high_cholesterol_binary,High Cholesterol,LBXSNASI,Sodium (mmol/L),LBXHSCRP,hs-CRP Inflammation (mg/L),Ratio,5374,1758.0,-0.212300197503722,2.5742799679123027e-10,6753.702491509443,0.04560053072184654,0.1177941312882899,6795.659774095051,0.03624424672333991,0.19679570150010295,6796.474218311099,457580887.69116646,41.95728258560848
high_cholesterol_binary,High Cholesterol,LBXSASSI,AST Liver Enzyme (U/L),LBXSATSI,ALT Liver Enzyme (U/L),Ratio,5371,1758.0,-0.21318951375559778,2.4844517098664528e-11,6748.09655854756,0.020548855139688484,0.47088896345353237,6795.2195511793325,0.06814538023093192,0.016252308812821307,6789.975132532182,654160785.1856747,41.87857398462256
hypertension_binary,Hypertension,LBXSAL,Albumin (g/dL),LBXGH,"Glycohemoglobin (HbA1c, %)",Difference,5407,1900.0,-0.6117219401826879,3.541490929871056e-67,6631.264228974671,-0.27241495163115503,5.870162544670608e-21,6924.467272306404,0.579124595785795,4.262389228761837e-59,6673.043603358308,120355785.54812305,41.77937438363733
hypertension_binary,Hypertension,LBXGH,"Glycohemoglobin (HbA1c, %)",LBXSAL,Albumin (g/dL),Difference,5407,1900.0,0.6117219401826879,3.541490929871056e-67,6631.264228974671,0.579124595785795,4.262389228761837e-59,6673.043603358308,-0.27241495163115503,5.870162544670608e-21,6924.467272306404,120355785.54812305,41.77937438363733
hypertension_binary,Hypertension,LBXTC,Total Cholesterol (mg/dL),LBXTR,Triglycerides (mg/dL),Ratio,2606,931.0,-0.3751407817327198,1.743053872636655e-15,3330.6148668938513,0.02555637431057338,0.5309271594827208,3400.898923520591,0.2550807657149843,1.1082697144955415e-06,3372.3845856986127,635820689.1328617,41.769718804761396
high_cholesterol_binary,High Cholesterol,LBXSNASI,Sodium (mmol/L),LBXSATSI,ALT Liver Enzyme (U/L),Ratio,5387,1762.0,-0.21093831591027729,2.0750149268977236e-11,6766.707016371933,0.043588028840811206,0.13442966533474632,6811.9368760667785,0.06806498576654367,0.016230820186121347,6808.422208845028,782202574.82135,41.71519247309516
arthritis_binary,Arthritis,LBXHGB,Hemoglobin (g/dL),LBXGLU,Fasting Glucose (mg/dL),Ratio,2427,767.0,-0.4194779147034102,4.42550945555844e-21,2939.9424622334423,-0.16044062054988975,0.00022834884866013543,3018.5070160796977,0.30234666956714357,7.315953764071579e-12,2981.4764000398236,1653132557.4014401,41.533937806381346
heart_attack_binary,Heart Attack,BMXWAIST,Waist Circumference (cm),LBXTC,Total Cholesterol (mg/dL),Ratio,4668,217.0,0.5479184373939364,6.231256501438696e-23,1671.779287242694,0.35451847003055015,5.1074804964728827e-08,1730.951113170297,-0.5176298279336717,7.468273173268252e-11,1713.2882866890627,1198518015033.3965,41.50899944636876
heart_attack_binary,Heart Attack,LBDLDL,LDL Cholesterol (mg/dL),LBXSCR,Creatinine Kidney (mg/dL),Ratio,2352,125.0,-0.9395814229290567,1.6664434366283579e-13,914.0067842503495,-0.5133849588708161,1.4626566093282655e-06,955.432798050209,0.16468677258414205,0.0015459565591075532,971.7424491293375,8777115.245433081,41.42601379985956
high_cholesterol_binary,High Cholesterol,LBDHDD,HDL Cholesterol (mg/dL),LBXSATSI,ALT Liver Enzyme (U/L),Ratio,5383,1761.0,-0.23791118876043393,1.0305211725093783e-13,6750.374223570614,-0.1257855834794326,3.047069485553214e-05,6791.694078219882,0.06875869829981644,0.015222879522703466,6803.695791538064,295682375.75686336,41.319854649267654
high_cholesterol_binary,High Cholesterol,LBXHGB,Hemoglobin (g/dL),LBXHSCRP,hs-CRP Inflammation (mg/L),Ratio,5379,1758.0,-0.20901004305745535,5.004386739542324e-10,6759.083355080964,-0.010096020302346869,0.7281927188092825,6801.950195915504,0.03672740136516667,0.19063920052519367,6800.388255158594,380944180.47040975,41.30490007763001
arthritis_binary,Arthritis,LBXHGB,Hemoglobin (g/dL),LBXSCR,Creatinine Kidney (mg/dL),Ratio,4899,1523.0,-0.27985390968232216,5.954389728510932e-18,5999.155362640592,-0.1856302334239658,1.7857007641577222e-09,6040.449991947088,0.17843879233589557,3.0217596770599583e-06,6048.197187874948,299896520.9830645,41.29462930649606
diabetes_binary,Diabetes,LBXSCA,Calcium (mg/dL),LBXWBCSI,WBC Count (10^3/uL),Ratio,5894,799.0,-0.2698066702804498,2.447928744004845e-10,4638.5197865530445,-0.05858745328985923,0.12368292958467936,4679.390287782077,0.04404959771704908,0.16619763556680833,4679.439347493629,505255432.3224801,40.870501229032925
stroke_binary,Stroke,LBXSCA,Calcium (mg/dL),LBXSCR,Creatinine Kidney (mg/dL),Ratio,4906,239.0,-0.6376644669839566,1.3715945470099566e-17,1836.6231541642924,-0.014257714216364082,0.8298872765051626,1914.51374541527,0.2393654654513233,1.1912064409671479e-08,1877.148929710228,868482922.7149886,40.52577554593563
liver_condition_binary,Liver Condition,LBXSAL,Albumin (g/dL),LBXSASSI,AST Liver Enzyme (U/L),Ratio,4887,269.0,-0.5866201274114095,1.2800473862535233e-19,2002.7535745619198,-0.14209179224977153,0.019773375116247414,2081.582178175567,0.2742846655424148,1.1955581020402399e-12,2042.9555687441243,9339951.902401295,40.201994182204544
high_cholesterol_binary,High Cholesterol,LBXSCA,Calcium (mg/dL),LBXTR,Triglycerides (mg/dL),Ratio,2577,863.0,-0.6549921758742183,4.27258343882544e-31,3123.072833968062,0.09555721825886912,0.02243786456391237,3284.884291780604,0.6413409776639081,1.0431213691558507e-23,3163.104762532631,24414300.717380755,40.03192856456917
stroke_binary,Stroke,LBXSNASI,Sodium (mmol/L),LBXSCR,Creatinine Kidney (mg/dL),Ratio,4908,239.0,-0.6395052116316221,2.0839971037904973e-17,1837.3163256327357,0.11861109956372487,0.07734711791554874,1911.6156058284957,0.23942127355994544,1.1828041164834334e-08,1877.3256807495325,567565144.0839717,40.00935511679677
arthritis_binary,Arthritis,BMXWAIST,Waist Circumference (cm),BMXBMI,Body Mass Index (kg/m2),Difference,4917,1485.0,0.493681055616874,8.538677457375333e-52,5784.705148714499,0.446212414877685,3.3504823439589546e-44,5824.599823349825,0.30422560087845096,3.8456561947235893e-23,5928.718610370945,39238891.04237045,39.89467463532583
arthritis_binary,Arthritis,BMXBMI,Body Mass Index (kg/m2),BMXWAIST,Waist Circumference (cm),Difference,4917,1485.0,-0.493681055616874,8.538677457375333e-52,5784.705148714499,0.30422560087845096,3.8456561947235893e-23,5928.718610370945,0.446212414877685,3.3504823439589546e-44,5824.599823349825,39238891.04237045,39.89467463532583
high_cholesterol_binary,High Cholesterol,LBXSAL,Albumin (g/dL),LBXSCR,Creatinine Kidney (mg/dL),Ratio,5388,1763.0,-0.29401220595466354,1.8786456790790757e-21,6721.309728761204,-0.14150189829230603,1.0681349297319334e-06,6792.561233001257,0.26897337536442084,3.0544541764700444e-10,6761.024840485805,162588092607.61496,39.71511172460123
heart_attack_binary,Heart Attack,LBXTC,Total Cholesterol (mg/dL),systolic_bp,Systolic BP (mmHg),Ratio,4692,228.0,-0.7219011450906422,3.3388411515067824e-19,1738.1953713708563,-0.5287584882622157,1.249846378316108e-11,1777.5756729702161,0.3464402197294328,3.759572350989633e-09,1795.9616656873031,37433538.21286365,39.38030159935988
hypertension_binary,Hypertension,LBXSCA,Calcium (mg/dL),LBXGLU,Fasting Glucose (mg/dL),Ratio,2596,930.0,-0.537410936796813,1.4062201601258358e-33,3229.420315176269,0.1816604289554251,1.1535947099396393e-05,3371.7940319909485,0.49657267264009813,2.2493525257653856e-22,3267.7241769796506,159957351597.356,38.30386180338155
diabetes_binary,Diabetes,LBXTC,Total Cholesterol (mg/dL),LBXWBCSI,WBC Count (10^3/uL),Ratio,6730,806.0,-0.30781822657657826,2.789250969122497e-12,4882.276712835106,-0.15492294249190253,8.328468557436889e-05,4920.439588545413,0.04464532571479316,0.14516767511663708,4933.798964776742,29859158.0665724,38.16287571030716
high_cholesterol_binary,High Cholesterol,diastolic_bp,Diastolic BP (mmHg),LBXSATSI,ALT Liver Enzyme (U/L),Ratio,5125,1697.0,-0.20515479020657615,1.4953647595846766e-10,6469.175479867676,0.02978986109552936,0.31717210094370807,6511.443053847992,0.06722303003537367,0.02034453958021816,6507.076889879155,136050682.2821521,37.90141001147913
diabetes_binary,Diabetes,LBXSKSI,Potassium (mmol/L),LBXTC,Total Cholesterol (mg/dL),Ratio,5889,798.0,0.3420217519490772,5.346980828975559e-22,4586.477067645894,0.27070925963940523,3.706464782904194e-13,4624.245286999643,-0.24334481772993374,2.327021358249863e-09,4639.2082127811545,693188343.376635,37.76821935374937
heart_attack_binary,Heart Attack,LBXSKSI,Potassium (mmol/L),LBXSCR,Creatinine Kidney (mg/dL),Ratio,4903,243.0,-0.5876947214599482,3.9083457981270435e-15,1871.6432564924526,0.3363053206123931,4.438440026070435e-08,1909.3268703260214,0.17102739360304384,3.192181572886775e-06,1918.7342612053676,11356313.528340872,37.68361383356887
heart_attack_binary,Heart Attack,LBXTC,Total Cholesterol (mg/dL),LBXSBU,BUN Kidney (mg/dL),Ratio,4900,243.0,-0.8945805287294067,8.572013800297639e-20,1834.6967466121212,-0.5010952582996173,2.425747411225612e-11,1889.1061207420494,0.39855258823003653,2.3429754135826492e-18,1872.0530678553655,27.332846961834058,37.35632124324434
stroke_binary,Stroke,LBXTC,Total Cholesterol (mg/dL),LBXSCR,Creatinine Kidney (mg/dL),Ratio,4904,238.0,-0.6700531131002265,5.830046259211698e-16,1833.45224190914,-0.25141558963029587,0.0004161721976235252,1895.3806248580681,0.24077986645907798,1.0880527254158244e-08,1870.6608335288365,18662848.92159576,37.20859161969656
stroke_binary,Stroke,LBXSKSI,Potassium (mmol/L),LBXSCR,Creatinine Kidney (mg/dL),Ratio,4905,239.0,-0.6311956187783812,8.536912785008777e-17,1839.8285030438415,0.1061485957999952,0.10226614276964818,1911.827950577884,0.23950369294528304,1.1816686840627583e-08,1877.0136520097453,138418736.82226488,37.18514896590386
diabetes_binary,Diabetes,LBXSNASI,Sodium (mmol/L),systolic_bp,Systolic BP (mmHg),Ratio,5603,763.0,-0.574525092074456,2.999218608811512e-45,4253.645358198382,-0.1189221306491717,0.002140944944705201,4454.171807342432,0.4720733728607987,2.145279124712858e-40,4290.663080987349,71527.93458970165,37.01772278896624
heart_attack_binary,Heart Attack,BMXWAIST,Waist Circumference (cm),BMXBMI,Body Mass Index (kg/m2),Difference,4918,227.0,0.5367588109849145,2.0422647546793191e-16,1776.940883142084,0.3540072931708696,2.664497462147295e-08,1813.9360258390534,0.03317104157302003,0.6199083805552206,1843.4850344130841,130467778.77561131,36.995142696969424
heart_attack_binary,Heart Attack,BMXBMI,Body Mass Index (kg/m2),BMXWAIST,Waist Circumference (cm),Difference,4918,227.0,-0.5367588109849145,2.0422647546793191e-16,1776.940883142084,0.03317104157302003,0.6199083805552206,1843.4850344130841,0.3540072931708696,2.664497462147295e-08,1813.9360258390534,130467778.77561131,36.995142696969424
high_cholesterol_binary,High Cholesterol,diastolic_bp,Diastolic BP (mmHg),LBXTR,Triglycerides (mg/dL),Ratio,2459,825.0,-0.6248442726273747,1.0765830982689873e-28,2991.168055146911,0.019871629027741436,0.6424597505950396,3141.5024102562825,0.6212644885484291,1.4524332374485628e-21,3028.0016942607135,13491139.139968816,36.83363911380275
thyroid_binary,Thyroid Problem,LBXHGB,Hemoglobin (g/dL),systolic_bp,Systolic BP (mmHg),Ratio,4779,583.0,-0.39678131204654665,3.6829442515988783e-19,3467.76751440904,-0.2858963265806223,1.902358120612681e-11,3504.594136039158,0.2668897581877055,5.849877191802827e-11,3507.8471938855423,51653188.06514134,36.8266216301181
high_cholesterol_binary,High Cholesterol,LBXWBCSI,WBC Count (10^3/uL),LBXHSCRP,hs-CRP Inflammation (mg/L),Ratio,5379,1758.0,-0.2083947197022954,1.0705297242599991e-08,6764.343379902501,-0.016567934009313917,0.6547160647869283,6801.828875230108,0.03672740136516667,0.19063920052519367,6800.388255158594,17807931.55061365,36.04487525609329
arthritis_binary,Arthritis,systolic_bp,Systolic BP (mmHg),LBXSAL,Albumin (g/dL),Ratio,4670,1457.0,0.466429138190685,1.9799597476931528e-46,5583.32535486089,0.42365209373443796,7.840693261293174e-40,5619.302850964861,-0.24972595347215854,4.337539409114852e-15,5738.728570229472,3960026.5967166,35.977496103971134
high_cholesterol_binary,High Cholesterol,LBXHGB,Hemoglobin (g/dL),BMXBMI,Body Mass Index (kg/m2),Ratio,5427,1767.0,-0.28788833115913814,1.4728676073305126e-21,6758.777704844596,-0.00869881579372985,0.7638384681272166,6852.941742340468,0.21819121559538757,2.3754528111117775e-14,6794.630897618151,16128081.025674455,35.85319277355484
heart_attack_binary,Heart Attack,LBXTC,Total Cholesterol (mg/dL),systolic_bp,Systolic BP (mmHg),Difference,4692,228.0,-0.6589327129649218,1.1117557145401688e-19,1741.7944403006932,-0.5287584882622157,1.249846378316108e-11,1777.5756729702161,0.3464402197294328,3.759572350989633e-09,1795.9616656873031,112420953.80935861,35.78123266952298
heart_attack_binary,Heart Attack,systolic_bp,Systolic BP (mmHg),LBXTC,Total Cholesterol (mg/dL),Difference,4692,228.0,0.6589327129649218,1.1117557145401688e-19,1741.7944403006932,0.3464402197294328,3.759572350989633e-09,1795.9616656873031,-0.5287584882622157,1.249846378316108e-11,1777.5756729702161,112420953.80935861,35.78123266952298
diabetes_binary,Diabetes,LBXSAL,Albumin (g/dL),LBXSKSI,Potassium (mmol/L),Difference,5895,799.0,-0.47488064688491877,3.8553974617371755e-36,4521.769182795942,-0.415008987591478,8.345118017637742e-29,4557.49977406747,0.2702544683966133,3.919715296966924e-13,4629.810096320443,21645285.86341284,35.73059127152828
diabetes_binary,Diabetes,LBXSKSI,Potassium (mmol/L),LBXSAL,Albumin (g/dL),Difference,5895,799.0,0.47488064688491877,3.8553974617371755e-36,4521.769182795942,0.2702544683966133,3.919715296966924e-13,4629.810096320443,-0.415008987591478,8.345118017637742e-29,4557.49977406747,21645285.86341284,35.73059127152828
high_cholesterol_binary,High Cholesterol,LBXSCA,Calcium (mg/dL),LBXGLU,Fasting Glucose (mg/dL),Ratio,2579,864.0,-0.5135243826318975,5.151375052263352e-31,3146.995726448068,0.09688412363442382,0.020586980361098666,3287.7367578220365,0.4607331930860803,6.4205886750093674e-21,3182.6191299056595,12463834626.42341,35.623403457591394
hypertension_binary,Hypertension,LBXSAPSI,Alkaline Phosphatase (U/L),LBXPLTSI,Platelet Count (10^3/uL),Ratio,5406,1899.0,0.2836709154646809,2.5195393366167143e-14,6946.280252768638,0.15918385553462078,3.692499932551527e-08,6981.450508192728,-0.1283757532010225,1.0985772803943564e-05,6992.998670756222,1465545.657052486,35.1702554240901
high_cholesterol_binary,High Cholesterol,LBXSKSI,Potassium (mmol/L),LBXTR,Triglycerides (mg/dL),Ratio,2578,861.0,-0.6425165403955457,1.7377584173224603e-29,3129.917008553937,0.11414331643209004,0.0062688306214529615,3280.6888812535017,0.529451856614282,8.016986417866371e-24,3164.848256742245,461340.67531774356,34.93124818830802
hypertension_binary,Hypertension,LBXPLTSI,Platelet Count (10^3/uL),LBXSAPSI,Alkaline Phosphatase (U/L),Ratio,5406,1899.0,-0.2442203793570042,3.1032058387015816e-15,6946.574689304542,-0.1283757532010225,1.0985772803943564e-05,6992.998670756222,0.15918385553462078,3.692499932551527e-08,6981.450508192728,11898984.870744227,34.875818888186586
diabetes_binary,Diabetes,LBXSKSI,Potassium (mmol/L),LBDHDD,HDL Cholesterol (mg/dL),Ratio,5889,798.0,0.4444695428123051,3.659928249285277e-33,4528.091498235386,0.27070925963940523,3.706464782904194e-13,4624.245286999643,-0.46525064769137814,1.4048065568127668e-23,4562.650121811563,3838344527.893688,34.558623576176615
diabetes_binary,Diabetes,LBXSUA,Uric Acid (mg/dL),LBXHGB,Hemoglobin (g/dL),Difference,5894,799.0,0.32455215283720706,9.867091448955349e-20,4601.464545985638,0.25112109383302383,7.0854394367634904e-12,4635.651701035018,-0.16717255568273992,7.049718840440795e-06,4661.842915607433,71808794.65258875,34.187155049379726
diabetes_binary,Diabetes,LBXHGB,Hemoglobin (g/dL),LBXSUA,Uric Acid (mg/dL),Difference,5894,799.0,-0.32455215283720706,9.867091448955349e-20,4601.464545985638,-0.16717255568273992,7.049718840440795e-06,4661.842915607433,0.25112109383302383,7.0854394367634904e-12,4635.651701035018,71808794.65258875,34.187155049379726
heart_attack_binary,Heart Attack,systolic_bp,Systolic BP (mmHg),diastolic_bp,Diastolic BP (mmHg),Difference,4987,239.0,0.449605773633048,2.126751452182892e-18,1854.5954231689848,0.3478288604502486,1.1377179952346922e-09,1888.7044037569246,-0.2571219182169703,2.0935286962254644e-05,1905.6818004132106,534955786.23771083,34.10898058793987
heart_attack_binary,Heart Attack,diastolic_bp,Diastolic BP (mmHg),systolic_bp,Systolic BP (mmHg),Difference,4987,239.0,-0.449605773633048,2.126751452182892e-18,1854.5954231689848,-0.2571219182169703,2.0935286962254644e-05,1905.6818004132106,0.3478288604502486,1.1377179952346922e-09,1888.7044037569246,534955786.23771083,34.10898058793987
diabetes_binary,Diabetes,LBDLDL,LDL Cholesterol (mg/dL),LBXWBCSI,WBC Count (10^3/uL),Ratio,2806,403.0,-0.5599096176328927,1.784614420391009e-15,2237.6362385090324,-0.3754052628781449,5.421583435159036e-10,2271.5250396991323,0.29248072759128424,7.932222499552101e-09,2279.292490663377,303795.78766214196,33.88880119009991
arthritis_binary,Arthritis,LBXSAL,Albumin (g/dL),LBXGH,"Glycohemoglobin (HbA1c, %)",Difference,4899,1525.0,-0.35075596774586215,5.157714004101013e-29,5945.728493857337,-0.26131295448240177,4.758776762572175e-17,6008.3943235050465,0.30047917488460996,1.4024248994130055e-22,5979.24143279723,2719082.326584813,33.5129389398935
arthritis_binary,Arthritis,LBXGH,"Glycohemoglobin (HbA1c, %)",LBXSAL,Albumin (g/dL),Difference,4899,1525.0,0.35075596774586215,5.157714004101013e-29,5945.728493857337,0.30047917488460996,1.4024248994130055e-22,5979.24143279723,-0.26131295448240177,4.758776762572175e-17,6008.3943235050465,2719082.326584813,33.5129389398935
diabetes_binary,Diabetes,LBXSASSI,AST Liver Enzyme (U/L),LBXHSCRP,hs-CRP Inflammation (mg/L),Ratio,5862,797.0,-0.5999439968046952,1.9671606525659624e-17,4565.459202322198,-0.00783163240536873,0.84027419698893,4664.977625412281,0.2502819225005616,1.4309896804734061e-15,4598.827294364094,72.74391537909345,33.36809204189649
hypertension_binary,Hypertension,LBDLDL,LDL Cholesterol (mg/dL),LBXTR,Triglycerides (mg/dL),Ratio,2582,919.0,-0.39569135348410545,5.986789605300372e-17,3287.7272056976153,-0.06244062907770532,0.13234713758249142,3363.679372675211,0.2723111644081355,2.5874313743811207e-11,3320.867175586326,432190.129429361,33.139969888710766
diabetes_binary,Diabetes,LBDLDL,LDL Cholesterol (mg/dL),LBXHSCRP,hs-CRP Inflammation (mg/L),Ratio,2789,401.0,-0.6883684413638678,4.230418260439463e-13,2227.3911911654577,-0.3697943063887298,1.0155288308972474e-09,2260.4792520059837,0.19503772302942093,5.6037130969085795e-06,2280.886580961133,2400.540013723732,33.08806084052594
arthritis_binary,Arthritis,LBXGH,"Glycohemoglobin (HbA1c, %)",LBXSAL,Albumin (g/dL),Ratio,4899,1525.0,0.3515803538635232,1.1643830514714866e-28,5946.383908116388,0.30047917488460996,1.4024248994130055e-22,5979.24143279723,-0.26131295448240177,4.758776762572175e-17,6008.3943235050465,1204436.029570075,32.85752468084229
diabetes_binary,Diabetes,diastolic_bp,Diastolic BP (mmHg),LBXTC,Total Cholesterol (mg/dL),Ratio,6160,768.0,0.273103500550964,8.615101707284159e-13,4587.125360262169,0.09921671490776694,0.013653083081255,4631.764372996109,-0.17018250088068365,2.775787643597018e-05,4619.825695174026,32220021.746813044,32.70033491185677
diabetes_binary,Diabetes,LBXSKSI,Potassium (mmol/L),LBXHSCRP,hs-CRP Inflammation (mg/L),Ratio,5879,796.0,-0.5119979160660666,4.183522186061624e-18,4566.935361504382,0.267808843390016,7.048661982628008e-13,4615.175870621878,0.2510446323880337,1.137353748524722e-15,4599.586058008679,271.8651169854149,32.65069650429723
thyroid_binary,Thyroid Problem,diastolic_bp,Diastolic BP (mmHg),systolic_bp,Systolic BP (mmHg),Difference,4985,591.0,-0.340716028926025,4.871746324521737e-19,3558.5906882965064,-0.14117307698317721,0.0009013425401196706,3622.6468930649007,0.2679942617071941,2.760075283089296e-11,3591.178055820149,56654741.42601738,32.58736752364257
thyroid_binary,Thyroid Problem,systolic_bp,Systolic BP (mmHg),diastolic_bp,Diastolic BP (mmHg),Difference,4985,591.0,0.340716028926025,4.871746324521737e-19,3558.5906882965064,0.2679942617071941,2.760075283089296e-11,3591.178055820149,-0.14117307698317721,0.0009013425401196706,3622.6468930649007,56654741.42601738,32.58736752364257
diabetes_binary,Diabetes,LBXSKSI,Potassium (mmol/L),LBXSAL,Albumin (g/dL),Ratio,5895,799.0,0.44940376178425134,3.0717190748856e-36,4525.12599594366,0.2702544683966133,3.919715296966924e-13,4629.810096320443,-0.415008987591478,8.345118017637742e-29,4557.49977406747,27167582.10692994,32.37377812380964
diabetes_binary,Diabetes,LBXSNASI,Sodium (mmol/L),LBXWBCSI,WBC Count (10^3/uL),Ratio,5897,799.0,-0.2661774085392694,4.490838892310864e-10,4640.647977032784,-0.11923740362512639,0.001605027367674227,4672.718137052501,0.04416106959756334,0.16581200418221897,4680.302505898993,3574003.4460428474,32.07016001971715
high_cholesterol_binary,High Cholesterol,LBXSCA,Calcium (mg/dL),LBXSATSI,ALT Liver Enzyme (U/L),Ratio,5385,1762.0,-0.20574010031775208,6.185305865451982e-11,6767.417509258153,0.10612682503386302,0.00027418971210008846,6799.298202631386,0.06793761508261942,0.01644358759422375,6806.860321184261,4432920.829858629,31.880693373233044
diabetes_binary,Diabetes,BMXBMI,Body Mass Index (kg/m2),LBXSAL,Albumin (g/dL),Ratio,5809,781.0,0.4801489613451036,5.254638905865345e-44,4399.193658286755,0.4451554708821077,3.924508444784313e-37,4431.073301420911,-0.41224033701031243,6.5752009788509125e-28,4469.866448849463,7468654.868755472,31.87964313415614
heart_attack_binary,Heart Attack,LBXSKSI,Potassium (mmol/L),LBXTC,Total Cholesterol (mg/dL),Ratio,4900,243.0,0.5076474015505917,4.39455908362865e-21,1857.3540647528312,0.33629488967844,4.470438088974274e-08,1909.031293774693,-0.500180614145574,2.4610880637193214e-11,1889.1714506661674,5600307145.460349,31.81738591333624
high_cholesterol_binary,High Cholesterol,LBXSNASI,Sodium (mmol/L),systolic_bp,Systolic BP (mmHg),Ratio,5127,1698.0,-0.5426075015548127,9.824154415355523e-64,6207.048101450397,0.04545504325873004,0.12655577528255882,6513.121934862303,0.49786898080465347,5.5222203291043716e-58,6238.830106675858,562106.4262256437,31.782005225461035
heart_attack_binary,Heart Attack,LBXPLTSI,Platelet Count (10^3/uL),BMXWAIST,Waist Circumference (cm),Ratio,4753,220.0,-0.7472993104785105,1.035821550958939e-17,1700.8474980312014,-0.5659353319182681,3.80455882615633e-12,1732.6242054945928,0.3494079101887739,6.626860651523614e-08,1757.6386961233075,367298.6744323054,31.776707463391404
high_cholesterol_binary,High Cholesterol,LBXSCA,Calcium (mg/dL),BMXBMI,Body Mass Index (kg/m2),Ratio,5300,1732.0,-0.27520607397125996,2.0083409038034096e-19,6617.813462136643,0.10519256044652124,0.00035002206517864353,6689.126780789757,0.20907536833788992,4.648497712895029e-13,6649.50219211336,2314595.945385404,31.688729976717696
heart_attack_binary,Heart Attack,LBXTC,Total Cholesterol (mg/dL),LBXGLU,Fasting Glucose (mg/dL),Ratio,2386,126.0,-0.7304795308650515,3.3074664414945186e-13,933.6688564911011,-0.5070395708277661,1.7766349402178164e-06,965.2747688774714,0.32492168099261237,1.9838519823322548e-08,965.4502922514832,59981.016207554545,31.605912386370278
stroke_binary,Stroke,systolic_bp,Systolic BP (mmHg),LBXSAL,Albumin (g/dL),Ratio,4676,223.0,0.5692309897191884,2.3985772106162655e-25,1697.6243470436827,0.4904815952987288,7.501583749738989e-18,1729.2244630385412,-0.4239562273038516,1.4828182424601925e-11,1753.2629589365956,31275139.76425887,31.60011599485847
heart_attack_binary,Heart Attack,LBXTC,Total Cholesterol (mg/dL),BMXWAIST,Waist Circumference (cm),Ratio,4668,217.0,-0.696726179395561,1.6211666176020683e-16,1682.0063550165662,-0.5176298279336717,7.468273173268252e-11,1713.2882866890627,0.35451847003055015,5.1074804964728827e-08,1730.951113170297,460672.77059497254,31.281931672496512
hypertension_binary,Hypertension,LBXSCA,Calcium (mg/dL),BMXBMI,Body Mass Index (kg/m2),Ratio,5322,1856.0,-0.4836695840679991,1.387436174104541e-52,6633.285327237598,0.12112163023543074,2.9115349646256028e-05,6869.491078755328,0.4344796834856765,3.726844120826436e-47,6664.276812867773,268613.734482724,30.991485630174793
hypertension_binary,Hypertension,LBXSKSI,Potassium (mmol/L),LBXGH,"Glycohemoglobin (HbA1c, %)",Ratio,5404,1899.0,-0.5722731313785057,3.792972596747453e-74,6639.492156645592,-0.0015048195281663287,0.9578891613076029,7010.96292943741,0.5780191106094269,6.5803858138494756e-59,6670.483139421218,1734888836131398.2,30.990982775625525
diabetes_binary,Diabetes,BMXBMI,Body Mass Index (kg/m2),LBDHDD,HDL Cholesterol (mg/dL),Ratio,6637,788.0,0.5739975103300733,2.0778321595093735e-62,4559.479374790133,0.5527988803943933,5.045123251280467e-56,4590.363391340705,-0.5002363486311198,4.485576912550784e-27,4708.793457620821,2428070.635152621,30.884016550571687
diabetes_binary,Diabetes,LBDHDD,HDL Cholesterol (mg/dL),LBXIN,Insulin (uIU/mL),Difference,2820,410.0,-0.6051137761919637,8.701732635351215e-23,2218.1610932223593,-0.4727871809307107,9.558386730074994e-13,2283.967770014742,0.5145348419760499,4.482587020094172e-16,2248.9447928627924,5151372.959775209,30.783699640433042
diabetes_binary,Diabetes,LBXIN,Insulin (uIU/mL),LBDHDD,HDL Cholesterol (mg/dL),Difference,2820,410.0,0.6051137761919637,8.701732635351215e-23,2218.1610932223593,0.5145348419760499,4.482587020094172e-16,2248.9447928627924,-0.4727871809307107,9.558386730074994e-13,2283.967770014742,5151372.959775209,30.783699640433042
stroke_binary,Stroke,LBXSAL,Albumin (g/dL),systolic_bp,Systolic BP (mmHg),Ratio,4676,223.0,-0.6957317384060654,5.899229719293269e-22,1698.4435871415449,-0.4239562273038516,1.4828182424601925e-11,1753.2629589365956,0.4904815952987288,7.501583749738989e-18,1729.2244630385412,12716.208906402246,30.78087589699635
hypertension_binary,Hypertension,LBXSAL,Albumin (g/dL),LBXSCR,Creatinine Kidney (mg/dL),Difference,5410,1900.0,-0.686416160085654,3.381597742140058e-60,6687.960220340588,-0.273023923210648,4.7713117462123446e-21,6926.635780346481,0.831678232512139,7.735205043346477e-52,6718.715046481842,228744091.7928701,30.754826141253943
hypertension_binary,Hypertension,LBXSCR,Creatinine Kidney (mg/dL),LBXSAL,Albumin (g/dL),Difference,5410,1900.0,0.686416160085654,3.381597742140058e-60,6687.960220340588,0.831678232512139,7.735205043346477e-52,6718.715046481842,-0.273023923210648,4.7713117462123446e-21,6926.635780346481,228744091.7928701,30.754826141253943
arthritis_binary,Arthritis,LBXSUA,Uric Acid (mg/dL),LBXHGB,Hemoglobin (g/dL),Ratio,4897,1523.0,0.24957256306628936,3.8719747696033007e-16,6008.198093557968,0.16198331143097633,1.2740574393201332e-07,6047.452948795694,-0.1858900257624025,1.7023200586582188e-09,6038.865509697536,4396516.403004941,30.66741613956856
heart_attack_binary,Heart Attack,LBXSUA,Uric Acid (mg/dL),LBXTC,Total Cholesterol (mg/dL),Ratio,4900,243.0,0.4904493836708285,4.42044597710526e-21,1858.5967710441569,0.3143408807500344,2.4819938272890446e-07,1912.2714955321453,-0.5010952582996173,2.425747411225612e-11,1889.1061207420494,5487562621.032456,30.509349697892503
liver_condition_binary,Liver Condition,LBXSCA,Calcium (mg/dL),LBXSASSI,AST Liver Enzyme (U/L),Ratio,4887,269.0,-0.5604548861746815,2.1332331135187325e-17,2012.457379411076,-0.03262381925926192,0.6030981464600143,2086.64031095752,0.2742846655424148,1.1955581020402399e-12,2042.9555687441243,56044.418889981825,30.49818933304823
heart_attack_binary,Heart Attack,BMXBMI,Body Mass Index (kg/m2),BMXWAIST,Waist Circumference (cm),Ratio,4918,227.0,-0.6049008650225136,2.915933529538052e-13,1783.5640040104013,0.03317104157302003,0.6199083805552206,1843.4850344130841,0.3540072931708696,2.664497462147295e-08,1813.9360258390534,91377.16738589064,30.372021828652123
high_cholesterol_binary,High Cholesterol,diastolic_bp,Diastolic BP (mmHg),LBXHSCRP,hs-CRP Inflammation (mg/L),Ratio,5121,1694.0,-0.17932217490319774,8.360002941412949e-08,6473.65575367131,0.03071828546453217,0.30269190764742127,6503.9426941917045,0.026370730143134156,0.36109580360130167,6504.186620482913,3620715.324727654,30.286940520394637
arthritis_binary,Arthritis,LBXPLTSI,Platelet Count (10^3/uL),LBXHSCRP,hs-CRP Inflammation (mg/L),Ratio,4892,1519.0,-0.29847601091238474,4.7968091873415687e-14,5998.243158063586,-0.11914229951315691,0.00017296136050328292,6050.863123277078,0.18662949127937986,9.71761796165846e-09,6028.34603400906,202585.043142899,30.102875945473897
high_cholesterol_binary,High Cholesterol,LBXSAL,Albumin (g/dL),LBXSCA,Calcium (mg/dL),Ratio,5386,1763.0,-0.2128799637142685,3.3578146001308376e-13,6761.219250054953,-0.14144653339591454,1.0811283791529854e-06,6790.998864979955,0.10530668726403032,0.00030457658321124485,6801.730944203903,3219738.1568084764,29.779614925002534
hypertension_binary,Hypertension,LBXSCR,Creatinine Kidney (mg/dL),LBXHGB,Hemoglobin (g/dL),Ratio,5407,1899.0,0.9988400907975062,1.5013668781072422e-53,6684.18242372927,0.8343647159696328,5.349091360553968e-52,6713.841686346536,-0.11222891115291661,7.982006061646008e-05,6997.984448825489,35.628142851382954,29.659262617265995
heart_attack_binary,Heart Attack,diastolic_bp,Diastolic BP (mmHg),systolic_bp,Systolic BP (mmHg),Ratio,4987,239.0,-0.4435379544018322,1.8339893935381567e-17,1859.1110348110726,-0.2571219182169703,2.0935286962254644e-05,1905.6818004132106,0.3478288604502486,1.1377179952346922e-09,1888.7044037569246,62035145.85434932,29.593368945852035
high_cholesterol_binary,High Cholesterol,LBXSCA,Calcium (mg/dL),LBXHSCRP,hs-CRP Inflammation (mg/L),Ratio,5371,1758.0,-0.2091278089479713,4.761011362827384e-10,6752.6578453109105,0.10731686230301189,0.00023825060606741264,6782.168307762724,0.03595538668331149,0.2005415230186356,6794.123199347254,500420.15847222146,29.51046245181351
hypertension_binary,Hypertension,LBXSKSI,Potassium (mmol/L),BMXBMI,Body Mass Index (kg/m2),Ratio,5322,1856.0,-0.4844286162237169,3.880060141829575e-52,6634.5980311636295,0.004131933862331509,0.8857574641514223,6887.069164658791,0.43473103356112186,3.346870306056494e-47,6664.032827407284,86258.20692764664,29.43479624365409
hypertension_binary,Hypertension,LBXPLTSI,Platelet Count (10^3/uL),LBXWBCSI,WBC Count (10^3/uL),Ratio,5540,1942.0,-0.20421375765077018,1.0162317016375118e-11,7132.786894998472,-0.12539229175700256,1.3898308392189659e-05,7162.176007745988,0.2659260679894491,0.00019605107340758964,7164.604385993293,1367631.8471264502,29.389112747515355
arthritis_binary,Arthritis,LBXGH,"Glycohemoglobin (HbA1c, %)",LBXHGB,Hemoglobin (g/dL),Ratio,5001,1552.0,0.33877855494934794,8.206374481729144e-29,6069.779627897076,0.2958229312661752,1.8877031898222464e-22,6099.131423668179,-0.18858523433075783,6.829717316003232e-10,6160.669361244607,2300288.871809434,29.351795771102843
liver_condition_binary,Liver Condition,LBDHDD,HDL Cholesterol (mg/dL),LBXSASSI,AST Liver Enzyme (U/L),Ratio,4883,269.0,-0.601601376169066,8.240036503552772e-16,2013.4654866274811,-0.16525328848962095,0.01585496870096706,2080.3000643884957,0.27432302762741384,1.1990635991542525e-12,2042.503204050723,1455.1678243625067,29.03771742324193
arthritis_binary,Arthritis,LBXSCA,Calcium (mg/dL),LBXGH,"Glycohemoglobin (HbA1c, %)",Ratio,4896,1524.0,-0.3471620301057502,2.0309831213366621e-29,5946.353344195248,0.11443170207704549,0.00022277460917878464,6062.488649316725,0.3006762432105569,1.365048599981383e-22,5975.351640724891,6721122.325639988,28.998296529643085
heart_attack_binary,Heart Attack,LBXTC,Total Cholesterol (mg/dL),LBXSUA,Uric Acid (mg/dL),Ratio,4900,243.0,-0.7421289310448952,1.4953562514488693e-15,1860.1233636593659,-0.5010952582996173,2.425747411225612e-11,1889.1061207420494,0.3143408807500344,2.4819938272890446e-07,1912.2714955321453,16221.869597129615,28.98275708268352
hypertension_binary,Hypertension,LBDHDD,HDL Cholesterol (mg/dL),LBXSAPSI,Alkaline Phosphatase (U/L),Ratio,5405,1899.0,-0.23399813075025996,7.670891693986817e-14,6951.893943838478,-0.08661389985872747,0.002946624239732066,7002.845956780322,0.15872844634271072,4.0234814978825156e-08,6980.761440523728,524512.8804303817,28.867496685250444
hypertension_binary,Hypertension,LBXSCA,Calcium (mg/dL),LBXPLTSI,Platelet Count (10^3/uL),Ratio,5405,1899.0,0.31901836841168657,1.834361062080236e-11,6963.487074138722,0.1154543422639873,5.661273572987979e-05,6995.514918666297,-0.12830526418774502,1.1113797310340184e-05,6992.156013956561,605867.4892355548,28.66893981783869
heart_attack_binary,Heart Attack,BMXWAIST,Waist Circumference (cm),BMXBMI,Body Mass Index (kg/m2),Ratio,4918,227.0,0.5260334137329178,3.646887186819477e-14,1785.3151684039424,0.3540072931708696,2.664497462147295e-08,1813.9360258390534,0.03317104157302003,0.6199083805552206,1843.4850344130841,730622.398131009,28.62085743511102
arthritis_binary,Arthritis,LBXHGB,Hemoglobin (g/dL),LBXHSCRP,hs-CRP Inflammation (mg/L),Ratio,4892,1519.0,-0.2875138930377527,6.32201031089767e-14,5999.967363512337,-0.18711549409168513,1.3818051530140012e-09,6028.3583273005825,0.18662949127937986,9.71761796165846e-09,6028.34603400906,21857.053137545376,28.378670496722407
heart_attack_binary,Heart Attack,diastolic_bp,Diastolic BP (mmHg),BMXWAIST,Waist Circumference (cm),Ratio,4750,222.0,-0.5052721733510888,4.0212220236434245e-14,1741.6846259600993,-0.2859064057017063,3.235670102501915e-06,1777.5678527152302,0.3466306407300994,7.33179367838001e-08,1769.6300923757658,1823275.023182392,27.945466415666488
liver_condition_binary,Liver Condition,LBXSNASI,Sodium (mmol/L),LBXSASSI,AST Liver Enzyme (U/L),Ratio,4887,269.0,-0.5523027572604514,8.186859861363546e-17,2015.0250545280426,-0.01746758947038486,0.7802074601586138,2086.8329122291198,0.2742846655424148,1.1955581020402399e-12,2042.9555687441243,14603.378124040786,27.930514216081747
thyroid_binary,Thyroid Problem,LBXSATSI,ALT Liver Enzyme (U/L),systolic_bp,Systolic BP (mmHg),Difference,4670,569.0,-0.38409044242593215,7.54214063850249e-17,3394.880525707159,-0.3058141110534968,2.968519009057319e-06,3437.5154511829687,0.2745092301634389,2.5985370462623087e-11,3422.7331483179596,344535.745328962,27.85262261080061
thyroid_binary,Thyroid Problem,systolic_bp,Systolic BP (mmHg),LBXSATSI,ALT Liver Enzyme (U/L),Difference,4670,569.0,0.38409044242593215,7.54214063850249e-17,3394.880525707159,0.2745092301634389,2.5985370462623087e-11,3422.7331483179596,-0.3058141110534968,2.968519009057319e-06,3437.5154511829687,344535.745328962,27.85262261080061
arthritis_binary,Arthritis,LBXSAPSI,Alkaline Phosphatase (U/L),LBXSATSI,ALT Liver Enzyme (U/L),Difference,4901,1524.0,0.27190961543833225,5.716089326574993e-17,6005.439181776181,0.21119789767754407,2.2342009536828204e-11,6033.242885871554,-0.14611830560009065,3.8271597953864645e-05,6061.132245132731,390861.7983444854,27.803704095373178
arthritis_binary,Arthritis,LBXSATSI,ALT Liver Enzyme (U/L),LBXSAPSI,Alkaline Phosphatase (U/L),Difference,4901,1524.0,-0.27190961543833225,5.716089326574993e-17,6005.439181776181,-0.14611830560009065,3.8271597953864645e-05,6061.132245132731,0.21119789767754407,2.2342009536828204e-11,6033.242885871554,390861.7983444854,27.803704095373178
heart_attack_binary,Heart Attack,BMXBMI,Body Mass Index (kg/m2),LBXSCR,Creatinine Kidney (mg/dL),Ratio,4829,236.0,-0.5450122597951421,3.646345573666351e-10,1842.5558304638896,0.056072098212385305,0.3852090947255883,1888.2979486960244,0.1699731823534846,4.031625841877677e-06,1870.2952583189413,11056.620280298697,27.739427855051645
heart_attack_binary,Heart Attack,LBDLDL,LDL Cholesterol (mg/dL),LBXGLU,Fasting Glucose (mg/dL),Ratio,2361,125.0,-0.7633808657172609,3.333326506860387e-12,927.0625217893238,-0.5117386826015218,1.5159561726286198e-06,956.5142598469433,0.33584165425397866,4.634885624980568e-09,954.6673515963893,1390.4685350929217,27.60482980706547
heart_attack_binary,Heart Attack,LBXSBU,BUN Kidney (mg/dL),LBXTC,Total Cholesterol (mg/dL),Ratio,4900,243.0,0.4472937826160281,2.0318296769777386e-21,1844.5744279951057,0.39855258823003653,2.3429754135826492e-18,1872.0530678553655,-0.5010952582996173,2.425747411225612e-11,1889.1061207420494,1153.135737768988,27.47863986025982
high_cholesterol_binary,High Cholesterol,LBXSUA,Uric Acid (mg/dL),LBXPLTSI,Platelet Count (10^3/uL),Ratio,5383,1762.0,0.3645872543713874,1.3972800884563168e-19,6724.861826398821,0.22165712744000898,2.2782058699132143e-14,6752.337844248625,-0.16780388585154127,2.5673653450676543e-08,6779.121179584861,163045.75501609876,27.47601784980361
liver_condition_binary,Liver Condition,LBXPLTSI,Platelet Count (10^3/uL),LBXSAPSI,Alkaline Phosphatase (U/L),Ratio,4897,269.0,-0.5741387995820407,9.96225311714496e-13,2029.1922754315083,-0.3098647053717732,7.84108299652925e-06,2066.793319062564,0.2883627543229678,1.8223670927356048e-08,2056.5532900359503,18292.720244171724,27.36101460444206
liver_condition_binary,Liver Condition,LBXHGB,Hemoglobin (g/dL),LBXSASSI,AST Liver Enzyme (U/L),Ratio,4884,268.0,-0.5469233564593431,7.209614965704162e-17,2009.2198777600106,0.09162710116953318,0.15214765658085874,2078.80725914066,0.27593506827440534,9.082960576038806e-13,2036.4176584671654,12598.398970327919,27.197780707154834
arthritis_binary,Arthritis,LBXSNASI,Sodium (mmol/L),LBXTR,Triglycerides (mg/dL),Ratio,2377,754.0,-0.25978265161883957,1.8274669526862093e-07,2944.3725035326997,-0.013940899069235266,0.7517724949557637,2973.941900087959,0.06763334162116058,0.11989458828106754,2971.5541546627073,656069.8025473646,27.181651130007594
heart_attack_binary,Heart Attack,systolic_bp,Systolic BP (mmHg),LBDHDD,HDL Cholesterol (mg/dL),Difference,4692,228.0,0.5085627348438156,8.701258646898495e-15,1768.910543095095,0.3464402197294328,3.759572350989633e-09,1795.9616656873031,-0.4012151920814796,9.036442901289789e-07,1800.7180094870685,432072.24420684326,27.05112259220823
heart_attack_binary,Heart Attack,LBDHDD,HDL Cholesterol (mg/dL),systolic_bp,Systolic BP (mmHg),Difference,4692,228.0,-0.5085627348438156,8.701258646898495e-15,1768.910543095095,-0.4012151920814796,9.036442901289789e-07,1800.7180094870685,0.3464402197294328,3.759572350989633e-09,1795.9616656873031,432072.24420684326,27.05112259220823
heart_attack_binary,Heart Attack,diastolic_bp,Diastolic BP (mmHg),LBXSUA,Uric Acid (mg/dL),Ratio,4671,228.0,-0.5769630675620843,4.305568718008223e-11,1777.5609573428865,-0.2841080979099392,2.9899963824690042e-06,1805.554479649016,0.2967133608901805,2.547000797427261e-06,1804.5738796313717,59155.96670828461,27.012922288485242
hypertension_binary,Hypertension,LBXHGB,Hemoglobin (g/dL),LBXIN,Insulin (uIU/mL),Ratio,2598,930.0,-0.36322033167700846,2.727345750177044e-10,3343.885445275469,-0.11404995291704442,0.005244887321395458,3385.2390960490993,0.21164690797454389,2.3783746030465515e-05,3370.808819355311,87204.7338659633,26.92337407984178
high_cholesterol_binary,High Cholesterol,LBXSAL,Albumin (g/dL),LBXHSCRP,hs-CRP Inflammation (mg/L),Ratio,5374,1758.0,-0.22874171183831676,1.99254007156509e-11,6747.577487796992,-0.14139093050865376,1.1297695368599299e-06,6774.362525423587,0.03624424672333991,0.19679570150010295,6796.474218311099,56699.96568613671,26.785037626595113
diabetes_binary,Diabetes,LBXSATSI,ALT Liver Enzyme (U/L),LBXSASSI,AST Liver Enzyme (U/L),Ratio,5878,800.0,0.200363117866106,1.3248427171649152e-08,4649.90608471346,0.07039895112778764,0.035839579712639326,4676.688300612659,0.0012547869871775126,0.9736056954410763,4680.788602793553,2705195.0581223634,26.7822158991994
arthritis_binary,Arthritis,LBXSBU,BUN Kidney (mg/dL),LBXSAL,Albumin (g/dL),Ratio,4900,1524.0,0.5177193424844152,1.6151428877536834e-46,5831.967031970966,0.4717808643119679,1.0551209089207991e-43,5858.730094092071,-0.26188006967478705,4.1198887868346316e-17,6007.25734046686,653.2678420720073,26.763062121105577
heart_attack_binary,Heart Attack,LBXPLTSI,Platelet Count (10^3/uL),LBXGLU,Fasting Glucose (mg/dL),Ratio,2428,127.0,-0.7660850228082942,1.2705088696801355e-12,944.8195222062379,-0.46741615808779846,1.1431806352779125e-05,979.5273667714303,0.34454315285012155,1.0923544664685405e-09,971.3435453217513,859.7771275249363,26.524023115513387
hypertension_binary,Hypertension,LBDHDD,HDL Cholesterol (mg/dL),LBXSATSI,ALT Liver Enzyme (U/L),Ratio,5405,1899.0,-0.1761684708550183,7.0513693577392185e-09,6976.676510643797,-0.08661389985872747,0.002946624239732066,7002.845956780322,0.0528842647267334,0.058554135748503364,7008.268362696437,417879.71814269,26.16944613652504
diabetes_binary,Diabetes,LBDLDL,LDL Cholesterol (mg/dL),systolic_bp,Systolic BP (mmHg),Difference,2662,385.0,-0.6669193583994588,5.047960252778776e-27,2076.604421016823,-0.3559868046272647,7.812380133032748e-09,2168.3068588714177,0.5117145497604101,3.0951079234663755e-24,2102.5446776653234,613.1403118244832,25.940256648500508
diabetes_binary,Diabetes,systolic_bp,Systolic BP (mmHg),LBDLDL,LDL Cholesterol (mg/dL),Difference,2662,385.0,0.6669193583994588,5.047960252778776e-27,2076.604421016823,0.5117145497604101,3.0951079234663755e-24,2102.5446776653234,-0.3559868046272647,7.812380133032748e-09,2168.3068588714177,613.1403118244832,25.940256648500508
hypertension_binary,Hypertension,LBXHGB,Hemoglobin (g/dL),LBXSATSI,ALT Liver Enzyme (U/L),Ratio,5406,1899.0,-0.19152952430183307,3.4848194521154793e-10,6971.362417593849,-0.11178090099209408,8.52784228542875e-05,6997.244621416171,0.05193493513449302,0.06318825657058479,7009.260890122625,244714.0347615965,25.88220382232157
hypertension_binary,Hypertension,LBXSAL,Albumin (g/dL),LBXSUA,Uric Acid (mg/dL),Ratio,5408,1900.0,-0.5448716321126522,2.52094134930212e-54,6736.5713177026155,-0.272973486221388,4.897345420153763e-21,6924.957903703611,0.4622658276189417,1.0620215712090687e-53,6762.42097665139,4.2127976182511,25.84965894877496
arthritis_binary,Arthritis,LBXHGB,Hemoglobin (g/dL),LBXSAPSI,Alkaline Phosphatase (U/L),Ratio,4898,1523.0,-0.28089878390756495,2.9096406182624066e-16,6004.141398911221,-0.18518172698144333,1.9538627055576236e-09,6039.883251617148,0.21013007376795217,2.8145200035902733e-11,6029.8976989237435,96730.84661813191,25.756300012522843
high_cholesterol_binary,High Cholesterol,LBXPLTSI,Platelet Count (10^3/uL),LBXSATSI,ALT Liver Enzyme (U/L),Ratio,5384,1761.0,-0.2401096645986592,4.0254764647659136e-13,6752.959862773692,-0.1672055654590212,2.873612501013046e-08,6778.70055609997,0.067830014195771,0.016628146578219476,6804.645630081267,71385.64903223574,25.740693326277324
diabetes_binary,Diabetes,LBXHGB,Hemoglobin (g/dL),LBXWBCSI,WBC Count (10^3/uL),Ratio,7524,818.0,-0.20443666968652155,3.8041414983098905e-07,5150.674168851837,-0.004500260159809373,0.9032631780708185,5177.911940353945,0.034166786133968306,0.17911852435215325,5176.186230541542,470851.37193695945,25.51206168970475
hypertension_binary,Hypertension,LBXSAL,Albumin (g/dL),LBXIN,Insulin (uIU/mL),Ratio,2595,930.0,-0.3555728050836567,3.002460056215479e-10,3341.8888178921216,-0.19723141081090723,1.7898889552097045e-06,3367.2812526787884,0.21174294529816493,2.3920652583313994e-05,3368.158382169995,5961.4080510560125,25.392434786666854
heart_attack_binary,Heart Attack,diastolic_bp,Diastolic BP (mmHg),BMXWAIST,Waist Circumference (cm),Difference,4750,222.0,-0.47035332029712285,8.01829856373484e-14,1744.353550909213,-0.2859064057017063,3.235670102501915e-06,1777.5678527152302,0.3466306407300994,7.33179367838001e-08,1769.6300923757658,914382.7234795479,25.27654146655277
heart_attack_binary,Heart Attack,BMXWAIST,Waist Circumference (cm),diastolic_bp,Diastolic BP (mmHg),Difference,4750,222.0,0.47035332029712285,8.01829856373484e-14,1744.353550909213,0.3466306407300994,7.33179367838001e-08,1769.6300923757658,-0.2859064057017063,3.235670102501915e-06,1777.5678527152302,914382.7234795479,25.27654146655277
hypertension_binary,Hypertension,LBXSNASI,Sodium (mmol/L),systolic_bp,Systolic BP (mmHg),Ratio,5149,1819.0,-1.0087290959591284,8.808255219615677e-159,5768.781229568096,0.044737293442374385,0.12578495962618313,6689.677235705264,0.9797448567395199,6.83034320001022e-152,5794.039405643514,7754479.212635987,25.258176075418305
liver_condition_binary,Liver Condition,LBXPLTSI,Platelet Count (10^3/uL),LBXSASSI,AST Liver Enzyme (U/L),Ratio,4884,268.0,-0.6482391764913481,1.2558656165097038e-14,2011.1613666890266,-0.30909614563932425,8.520569857712635e-06,2059.8073040772024,0.27593506827440534,9.082960576038806e-13,2036.4176584671654,72.3243033062895,25.256291778138802
hypertension_binary,Hypertension,LBXTC,Total Cholesterol (mg/dL),LBDLDL,LDL Cholesterol (mg/dL),Difference,2582,919.0,0.2142682420970447,1.9070318223910044e-07,3338.492654393808,0.026807073622123256,0.5133416173958737,3365.5329387752117,-0.06244062907770532,0.13234713758249142,3363.679372675211,693995.4332621299,25.186718281403046
hypertension_binary,Hypertension,LBDLDL,LDL Cholesterol (mg/dL),LBXTC,Total Cholesterol (mg/dL),Difference,2582,919.0,-0.2142682420970447,1.9070318223910044e-07,3338.492654393808,-0.06244062907770532,0.13234713758249142,3363.679372675211,0.026807073622123256,0.5133416173958737,3365.5329387752117,693995.4332621299,25.186718281403046
heart_attack_binary,Heart Attack,diastolic_bp,Diastolic BP (mmHg),LBXGH,"Glycohemoglobin (HbA1c, %)",Ratio,4770,230.0,-0.5243491230574198,5.741742079184742e-18,1777.3934300034257,-0.27468515395347093,5.7904161904971805e-06,1828.4670772621578,0.33217931216758906,5.934243087737887e-14,1802.3955244715871,10335.265858163517,25.00209446816143
stroke_binary,Stroke,LBXHGB,Hemoglobin (g/dL),LBXGH,"Glycohemoglobin (HbA1c, %)",Ratio,5007,241.0,-0.4314843275279472,2.515137888523542e-12,1889.309779481947,-0.2976940155071361,1.442622727912282e-06,1914.293505766565,0.20909791300427946,2.0891254192345494e-05,1921.4007747980131,573575.9993497386,24.983726284617887
high_cholesterol_binary,High Cholesterol,LBDHDD,HDL Cholesterol (mg/dL),LBXHSCRP,hs-CRP Inflammation (mg/L),Ratio,5379,1758.0,-0.2100808427812927,5.236581925665309e-10,6758.918958151898,-0.12703407045665752,2.5953270727120454e-05,6783.8738157672615,0.03589259306728795,0.20110433955426754,6800.465206318455,49561.471768291085,24.954857615363835
arthritis_binary,Arthritis,LBXSNASI,Sodium (mmol/L),LBXGLU,Fasting Glucose (mg/dL),Ratio,2379,755.0,-0.37160254053520564,8.105982730056852e-17,2905.478888962189,-0.01326798144816006,0.7632614987624008,2977.010495792775,0.29290340919748387,3.706458265643719e-11,2930.2709630581485,457249.71161118225,24.79207409595938
arthritis_binary,Arthritis,diastolic_bp,Diastolic BP (mmHg),LBXSCR,Creatinine Kidney (mg/dL),Ratio,4669,1456.0,-0.2328524906862773,1.7360621424610242e-12,5747.317093256566,-0.0994654009176175,0.0015651477488643501,5788.872116263388,0.17596441094913454,5.788950500572379e-06,5771.987906263264,3334529.5418780465,24.670813006698154
hypertension_binary,Hypertension,LBXHGB,Hemoglobin (g/dL),LBXSAPSI,Alkaline Phosphatase (U/L),Ratio,5406,1899.0,-0.22407689789783738,3.831895578603316e-13,6956.839859394864,-0.11178090099209408,8.52784228542875e-05,6997.244621416171,0.15918385553462078,3.692499932551527e-08,6981.450508192728,96362.22743568088,24.610648797864087
arthritis_binary,Arthritis,LBXHGB,Hemoglobin (g/dL),systolic_bp,Systolic BP (mmHg),Ratio,4777,1487.0,-0.4566519373809271,5.61393543613446e-44,5724.490133143493,-0.18843167417882767,1.6246339523472327e-09,5892.083862842004,0.41605781575612766,1.8955030608253434e-39,5749.087966886795,33764.24760115364,24.597833743301635
heart_attack_binary,Heart Attack,LBXGLU,Fasting Glucose (mg/dL),LBXTC,Total Cholesterol (mg/dL),Ratio,2386,126.0,0.452601660581358,1.546637552377987e-14,940.8928268836163,0.32492168099261237,1.9838519823322548e-08,965.4502922514832,-0.5070395708277661,1.7766349402178164e-06,965.2747688774714,1282687.064776128,24.381941993855094
high_cholesterol_binary,High Cholesterol,LBXPLTSI,Platelet Count (10^3/uL),LBXHSCRP,hs-CRP Inflammation (mg/L),Ratio,5379,1758.0,-0.2509988411000239,1.8080365320329457e-12,6744.9093529719075,-0.1703693248542495,1.6599960342924766e-08,6769.286533510307,0.03672740136516667,0.19063920052519367,6800.388255158594,9181.208481589621,24.377180538399443
hypertension_binary,Hypertension,LBXHSCRP,hs-CRP Inflammation (mg/L),LBXPLTSI,Platelet Count (10^3/uL),Ratio,5401,1893.0,0.34316099803609595,3.884120342160654e-19,6893.4906376028,0.28902981042588816,8.683608740812605e-16,6917.802038885605,-0.1270155101244844,1.382725515636234e-05,6981.745411978705,2235.6693345866047,24.31140128280458
heart_attack_binary,Heart Attack,LBDLDL,LDL Cholesterol (mg/dL),LBXTR,Triglycerides (mg/dL),Ratio,2361,125.0,-0.8657769410553466,8.564199987449733e-10,932.3153313581904,-0.5117386826015218,1.5159561726286198e-06,956.5142598469433,0.19373303496514221,0.01648474312655976,976.5963294541591,1770.1083286823673,24.198928488752927
arthritis_binary,Arthritis,LBXSNASI,Sodium (mmol/L),LBXSCR,Creatinine Kidney (mg/dL),Ratio,4902,1524.0,-0.23156670985907005,9.103809751666308e-13,6027.622946763806,-0.01167193805121827,0.7051256407795565,6080.510525485036,0.1797453784366565,2.6950592680843796e-06,6051.684309208539,2960364.222891512,24.061362444733277
arthritis_binary,Arthritis,LBXSAPSI,Alkaline Phosphatase (U/L),LBXHGB,Hemoglobin (g/dL),Ratio,4898,1523.0,0.2568918895652114,2.543152807065006e-16,6005.882393092141,0.21013007376795217,2.8145200035902733e-11,6029.8976989237435,-0.18518172698144333,1.9538627055576236e-09,6039.883251617148,110670.5029981445,24.015305831602745
heart_attack_binary,Heart Attack,BMXWAIST,Waist Circumference (cm),LBXTC,Total Cholesterol (mg/dL),Difference,4668,217.0,0.6255508068467678,5.851509295766703e-16,1689.354929621909,0.35451847003055015,5.1074804964728827e-08,1730.951113170297,-0.5176298279336717,7.468273173268252e-11,1713.2882866890627,127629.8608748892,23.933357067153793
heart_attack_binary,Heart Attack,LBXTC,Total Cholesterol (mg/dL),BMXWAIST,Waist Circumference (cm),Difference,4668,217.0,-0.6255508068467678,5.851509295766703e-16,1689.354929621909,-0.5176298279336717,7.468273173268252e-11,1713.2882866890627,0.35451847003055015,5.1074804964728827e-08,1730.951113170297,127629.8608748892,23.933357067153793
high_cholesterol_binary,High Cholesterol,LBXPLTSI,Platelet Count (10^3/uL),LBXSCR,Creatinine Kidney (mg/dL),Ratio,5385,1762.0,-0.27399418749483845,7.53687113620695e-18,6733.391931777916,-0.16763230420038142,2.6432301940325088e-08,6780.765578157531,0.26990607103137987,2.8314189401786616e-10,6756.976759199439,37567564.69639759,23.584827421522277
heart_attack_binary,Heart Attack,LBXPLTSI,Platelet Count (10^3/uL),LBXSUA,Uric Acid (mg/dL),Ratio,4901,243.0,-0.776218919122817,1.8476645783839235e-15,1858.61459340214,-0.5496320873136608,1.0536675218072901e-12,1881.9999175437192,0.3138948619548859,2.597306326170235e-07,1912.4534677741794,570.2699148613273,23.385324141579304
heart_attack_binary,Heart Attack,LBXGLU,Fasting Glucose (mg/dL),LBXTC,Total Cholesterol (mg/dL),Difference,2386,126.0,0.5461002256187769,2.1100259732831196e-13,941.8982826551453,0.32492168099261237,1.9838519823322548e-08,965.4502922514832,-0.5070395708277661,1.7766349402178164e-06,965.2747688774714,94020.2636105686,23.376486222326093
heart_attack_binary,Heart Attack,LBXTC,Total Cholesterol (mg/dL),LBXGLU,Fasting Glucose (mg/dL),Difference,2386,126.0,-0.5461002256187769,2.1100259732831196e-13,941.8982826551453,-0.5070395708277661,1.7766349402178164e-06,965.2747688774714,0.32492168099261237,1.9838519823322548e-08,965.4502922514832,94020.2636105686,23.376486222326093
hypertension_binary,Hypertension,LBDLDL,LDL Cholesterol (mg/dL),LBXTC,Total Cholesterol (mg/dL),Ratio,2582,919.0,-0.20701568304724982,4.6918915612971017e-07,3340.4151731981283,-0.06244062907770532,0.13234713758249142,3363.679372675211,0.026807073622123256,0.5133416173958737,3365.5329387752117,282076.29237258685,23.26419947708291
hypertension_binary,Hypertension,LBXTR,Triglycerides (mg/dL),LBXTC,Total Cholesterol (mg/dL),Ratio,2606,931.0,0.32901789002962833,3.960548626174289e-11,3349.165471408685,0.2550807657149843,1.1082697144955415e-06,3372.3845856986127,0.02555637431057338,0.5309271594827208,3400.898923520591,27982.732169257062,23.219114289927802
diabetes_binary,Diabetes,LBXSCA,Calcium (mg/dL),systolic_bp,Systolic BP (mmHg),Ratio,5600,763.0,-0.5550638572486012,2.1520853377195758e-42,4266.838330923556,-0.07081927403636952,0.06913141575217735,4459.38562534491,0.4718361836385634,2.395324594154484e-40,4289.998309144645,111.30249122428636,23.15997822108875
diabetes_binary,Diabetes,LBXSAPSI,Alkaline Phosphatase (U/L),LBXWBCSI,WBC Count (10^3/uL),Ratio,5896,799.0,-0.27422705588775825,1.197315911403394e-06,4652.046173577541,-0.11266224121044272,0.01110351212894033,4675.181250031244,0.04400974019244467,0.1662533836069412,4680.0247751765355,9273.669566393482,23.135076453703732
hypertension_binary,Hypertension,LBXSNASI,Sodium (mmol/L),LBXPLTSI,Platelet Count (10^3/uL),Ratio,5408,1900.0,0.2979951172151013,2.6291334743531887e-10,6972.817854795457,0.03383078330077742,0.23577088869177276,7014.247426579992,-0.12836999909797306,1.094803579034735e-05,6995.949669733793,41641.23235713908,23.131814938335992
arthritis_binary,Arthritis,LBXHGB,Hemoglobin (g/dL),LBXTR,Triglycerides (mg/dL),Ratio,2385,756.0,-0.28446166755815344,1.4550473771446713e-08,2947.9816229684357,-0.15258953149701956,0.0005031739718613893,2971.0943773234085,0.06544615379045934,0.13068631775832426,2980.8722381258085,34581.277542233605,23.11275435497282
hypertension_binary,Hypertension,LBXPLTSI,Platelet Count (10^3/uL),LBXIN,Insulin (uIU/mL),Ratio,2598,930.0,-0.33540720211193353,7.918850388978331e-10,3347.747542184401,-0.09909320304076853,0.0173593436050725,3387.303126521164,0.21164690797454389,2.3783746030465515e-05,3370.808819355311,30034.34193373368,23.06127717090976
high_cholesterol_binary,High Cholesterol,LBXSAPSI,Alkaline Phosphatase (U/L),LBXHSCRP,hs-CRP Inflammation (mg/L),Ratio,5372,1757.0,-0.20107444814856096,1.2492913788126384e-08,6757.933219971621,0.10759754244964147,0.00018513213584035073,6780.986655816229,0.03610759155296736,0.19861782476608025,6793.460190188527,14818.97169708363,23.05343584460843
heart_attack_binary,Heart Attack,LBDLDL,LDL Cholesterol (mg/dL),systolic_bp,Systolic BP (mmHg),Difference,2246,116.0,-0.6691961619933983,3.571288766725728e-11,871.7516586242455,-0.5034576389709096,5.3129629925441266e-06,894.6301887171505,0.400803326254861,8.406089498725662e-07,895.2374680828416,23537.971997802448,22.878530092905066
heart_attack_binary,Heart Attack,systolic_bp,Systolic BP (mmHg),LBDLDL,LDL Cholesterol (mg/dL),Difference,2246,116.0,0.6691961619933983,3.571288766725728e-11,871.7516586242455,0.400803326254861,8.406089498725662e-07,895.2374680828416,-0.5034576389709096,5.3129629925441266e-06,894.6301887171505,23537.971997802448,22.878530092905066
heart_attack_binary,Heart Attack,LBXSNASI,Sodium (mmol/L),LBXGH,"Glycohemoglobin (HbA1c, %)",Ratio,4903,243.0,-0.4510771465825232,4.617558896532478e-18,1872.1555118730744,-0.035843423638035374,0.5843222468936328,1937.6610846312667,0.31961838074824683,2.6051675963953955e-13,1895.028320816544,56418.719387677476,22.872808943469636
diabetes_binary,Diabetes,LBDHDD,HDL Cholesterol (mg/dL),LBXSKSI,Potassium (mmol/L),Ratio,5889,798.0,-0.5207530550013068,1.753660489812009e-27,4539.962979379029,-0.46525064769137814,1.4048065568127668e-23,4562.650121811563,0.27070925963940523,3.706464782904194e-13,4624.245286999643,8010.70996908507,22.68714243253362
arthritis_binary,Arthritis,LBXPLTSI,Platelet Count (10^3/uL),LBXSAPSI,Alkaline Phosphatase (U/L),Ratio,4898,1523.0,-0.2737248690618627,1.1911041457956441e-15,6007.21373724307,-0.12023088192351153,0.00014876834702330681,6061.411421321462,0.21013007376795217,2.8145200035902733e-11,6029.8976989237435,23629.503881125405,22.683961680673747
arthritis_binary,Arthritis,LBXSKSI,Potassium (mmol/L),LBXTR,Triglycerides (mg/dL),Ratio,2375,754.0,-0.2612807504719853,2.0796367643038584e-07,2942.908061204408,0.01952034978079709,0.6576644987315355,2972.3186423296183,0.11276449253573204,0.00838818682118729,2965.5840149045084,40334.86503589086,22.675953700100308
arthritis_binary,Arthritis,LBXPLTSI,Platelet Count (10^3/uL),LBXTR,Triglycerides (mg/dL),Ratio,2385,756.0,-0.23938047192560924,2.0821935993580018e-06,2958.5070035164927,-0.05579282679488425,0.21007686776028933,2981.6293820323954,0.06544615379045934,0.13068631775832426,2980.8722381258085,62763.76884388584,22.36523460931585
heart_attack_binary,Heart Attack,systolic_bp,Systolic BP (mmHg),LBXPLTSI,Platelet Count (10^3/uL),Difference,4781,231.0,0.6425126794951954,5.0563764420253366e-17,1778.521934434998,0.3573146854267732,8.208723567204757e-10,1819.9975142861763,-0.5510122474246594,2.435396707714944e-12,1800.6514672960889,48164.86145045489,22.129532861090865
heart_attack_binary,Heart Attack,LBXPLTSI,Platelet Count (10^3/uL),systolic_bp,Systolic BP (mmHg),Difference,4781,231.0,-0.6425126794951954,5.0563764420253366e-17,1778.521934434998,-0.5510122474246594,2.435396707714944e-12,1800.6514672960889,0.3573146854267732,8.208723567204757e-10,1819.9975142861763,48164.86145045489,22.129532861090865
diabetes_binary,Diabetes,LBXSKSI,Potassium (mmol/L),LBDLDL,LDL Cholesterol (mg/dL),Ratio,2796,402.0,0.37809926555552437,2.306941985868323e-15,2243.7051671577187,0.1908244136208608,0.0003420063632732248,2293.811160374986,-0.37168937683474707,8.251707420502965e-10,2265.7566424716897,357690.28744765156,22.05147531397097
hypertension_binary,Hypertension,LBXSCR,Creatinine Kidney (mg/dL),LBXSKSI,Potassium (mmol/L),Ratio,5407,1899.0,0.8271561638281466,3.142541359056145e-56,6692.896558595838,0.832194365086712,7.982032753636445e-52,6714.905198613224,-0.0006871145077274305,0.9807609330929934,7013.561927666399,25399.929043523647,22.008640017385915
diabetes_binary,Diabetes,LBXSAL,Albumin (g/dL),LBXSKSI,Potassium (mmol/L),Ratio,5895,799.0,-0.47573849791873973,3.551412417236919e-32,4535.505865791667,-0.415008987591478,8.345118017637742e-29,4557.49977406747,0.2702544683966133,3.919715296966924e-13,4629.810096320443,2349.802567883805,21.993908275802823
diabetes_binary,Diabetes,LBXHSCRP,hs-CRP Inflammation (mg/L),LBXPLTSI,Platelet Count (10^3/uL),Difference,7240,801.0,0.4320035156992597,7.999097797321483e-24,4929.988957898939,0.2690955972272006,1.1292463390001606e-20,4951.924943057611,-0.37284390468937656,1.1411172364018452e-18,4956.504658330871,1411.7171306222704,21.935985158672338
diabetes_binary,Diabetes,LBXPLTSI,Platelet Count (10^3/uL),LBXHSCRP,hs-CRP Inflammation (mg/L),Difference,7240,801.0,-0.4320035156992597,7.999097797321483e-24,4929.988957898939,-0.37284390468937656,1.1411172364018452e-18,4956.504658330871,0.2690955972272006,1.1292463390001606e-20,4951.924943057611,1411.7171306222704,21.935985158672338
diabetes_binary,Diabetes,systolic_bp,Systolic BP (mmHg),LBDLDL,LDL Cholesterol (mg/dL),Ratio,2662,385.0,0.5427579797062797,9.806114967860584e-27,2080.675431411241,0.5117145497604101,3.0951079234663755e-24,2102.5446776653234,-0.3559868046272647,7.812380133032748e-09,2168.3068588714177,315.63039324039664,21.869246254082555
arthritis_binary,Arthritis,LBXSBU,BUN Kidney (mg/dL),LBXHGB,Hemoglobin (g/dL),Difference,4897,1523.0,0.4992282027410236,7.194584114112238e-47,5833.63222962868,0.47124231521169285,1.3395599475607817e-43,5855.4812170383775,-0.1858900257624025,1.7023200586582188e-09,6038.865509697536,1861.9004605606367,21.848987409697656
arthritis_binary,Arthritis,LBXHGB,Hemoglobin (g/dL),LBXSBU,BUN Kidney (mg/dL),Difference,4897,1523.0,-0.4992282027410236,7.194584114112238e-47,5833.63222962868,-0.1858900257624025,1.7023200586582188e-09,6038.865509697536,0.47124231521169285,1.3395599475607817e-43,5855.4812170383775,1861.9004605606367,21.848987409697656
high_cholesterol_binary,High Cholesterol,LBXSKSI,Potassium (mmol/L),LBXHSCRP,hs-CRP Inflammation (mg/L),Ratio,5371,1755.0,-0.20369017928202748,9.793710032607168e-10,6750.139287670878,0.1283897662526575,1.0010296587889264e-05,6771.8555755425405,0.036296206802099294,0.1963480373292893,6789.763253994535,10221.148629641875,21.716287871662644
thyroid_binary,Thyroid Problem,systolic_bp,Systolic BP (mmHg),LBXHGB,Hemoglobin (g/dL),Ratio,4779,583.0,0.3212265456643804,5.47159262507321e-17,3482.8956313708445,0.2668897581877055,5.849877191802827e-11,3507.8471938855423,-0.2858963265806223,1.902358120612681e-11,3504.594136039158,347679.0490387115,21.69850466831349
arthritis_binary,Arthritis,LBXSNASI,Sodium (mmol/L),LBXHSCRP,hs-CRP Inflammation (mg/L),Ratio,4890,1518.0,-0.26931643020976337,8.906195043046352e-13,6003.500068263616,-0.005824494610313339,0.8505049944333404,6062.125267517868,0.18686355790705822,9.436697790163023e-09,6025.193693779974,10595.655882846255,21.693625516357315
heart_attack_binary,Heart Attack,LBXPLTSI,Platelet Count (10^3/uL),BMXWAIST,Waist Circumference (cm),Difference,4753,220.0,-0.6664037820271163,1.5855778590773925e-16,1711.203789679267,-0.5659353319182681,3.80455882615633e-12,1732.6242054945928,0.3494079101887739,6.626860651523614e-08,1757.6386961233075,23994.777704389147,21.420415815325896
heart_attack_binary,Heart Attack,BMXWAIST,Waist Circumference (cm),LBXPLTSI,Platelet Count (10^3/uL),Difference,4753,220.0,0.6664037820271163,1.5855778590773925e-16,1711.203789679267,0.3494079101887739,6.626860651523614e-08,1757.6386961233075,-0.5659353319182681,3.80455882615633e-12,1732.6242054945928,23994.777704389147,21.420415815325896
hypertension_binary,Hypertension,LBXSNASI,Sodium (mmol/L),LBXSATSI,ALT Liver Enzyme (U/L),Ratio,5409,1900.0,-0.1467309911784362,1.0129548243308438e-06,6991.69682367339,0.033023083514012105,0.24709632940849913,7015.179186715701,0.052187950350510694,0.06184849941359976,7013.048632354912,61057.510096224454,21.351808681522016
heart_attack_binary,Heart Attack,LBDLDL,LDL Cholesterol (mg/dL),LBXGLU,Fasting Glucose (mg/dL),Difference,2361,125.0,-0.5222194842203285,1.1800971661152893e-13,933.3690843682202,-0.5117386826015218,1.5159561726286198e-06,956.5142598469433,0.33584165425397866,4.634885624980568e-09,954.6673515963893,39275.45763234011,21.29826722816904
heart_attack_binary,Heart Attack,LBXGLU,Fasting Glucose (mg/dL),LBDLDL,LDL Cholesterol (mg/dL),Difference,2361,125.0,0.5222194842203285,1.1800971661152893e-13,933.3690843682202,0.33584165425397866,4.634885624980568e-09,954.6673515963893,-0.5117386826015218,1.5159561726286198e-06,956.5142598469433,39275.45763234011,21.29826722816904
arthritis_binary,Arthritis,diastolic_bp,Diastolic BP (mmHg),systolic_bp,Systolic BP (mmHg),Ratio,4982,1528.0,-0.4425112773270393,1.7191759156408732e-43,5940.609323287581,-0.10107860964149036,0.0009603890229955355,6135.288739903826,0.41363054195964605,1.6595222630474369e-40,5961.854742930711,965.301018906376,21.245419643129935
arthritis_binary,Arthritis,LBXTC,Total Cholesterol (mg/dL),LBXHSCRP,hs-CRP Inflammation (mg/L),Ratio,4892,1519.0,-0.27067226546625883,1.3187795417051297e-12,6007.114026731086,-0.01146589430921684,0.711024444864877,6065.106222773522,0.1868557003273776,9.403987372882866e-09,6028.265833540032,7130.825945877113,21.151806808946276
hypertension_binary,Hypertension,LBDLDL,LDL Cholesterol (mg/dL),LBXIN,Insulin (uIU/mL),Ratio,2572,917.0,-0.3173202267247928,9.221549551459189e-09,3314.9859959152914,-0.06185291330832415,0.13660556550418915,3352.5535128163856,0.193129377207475,9.659870045202902e-05,3336.124342626802,10475.321952452508,21.13834671151062
thyroid_binary,Thyroid Problem,diastolic_bp,Diastolic BP (mmHg),systolic_bp,Systolic BP (mmHg),Ratio,4985,591.0,-0.3199906249582046,2.928973736707165e-16,3570.062919976487,-0.14117307698317721,0.0009013425401196706,3622.6468930649007,0.2679942617071941,2.760075283089296e-11,3591.178055820149,94233.52789063417,21.115135843661847
heart_attack_binary,Heart Attack,LBDHDD,HDL Cholesterol (mg/dL),LBXSUA,Uric Acid (mg/dL),Ratio,4900,243.0,-0.5690645611646037,9.878575242023106e-10,1891.335151709994,-0.3725435608382727,2.1714648526206217e-06,1912.6019463191647,0.3143408807500344,2.4819938272890446e-07,1912.2714955321453,251.2501819827956,20.93634382215123
diabetes_binary,Diabetes,LBDLDL,LDL Cholesterol (mg/dL),LBXTC,Total Cholesterol (mg/dL),Ratio,2806,403.0,-0.40972247439258963,1.900894325155902e-15,2250.6561798372713,-0.3754052628781449,5.421583435159036e-10,2271.5250396991323,-0.2838179183253873,1.189394542625617e-06,2288.260431846995,285212.24790938257,20.868859861860983
hypertension_binary,Hypertension,LBXTC,Total Cholesterol (mg/dL),LBDLDL,LDL Cholesterol (mg/dL),Ratio,2582,919.0,0.1959716787561455,2.260802050693579e-06,3342.817789232666,0.026807073622123256,0.5133416173958737,3365.5329387752117,-0.06244062907770532,0.13234713758249142,3363.679372675211,58539.90513759901,20.861583442544998
high_cholesterol_binary,High Cholesterol,LBXSASSI,AST Liver Enzyme (U/L),LBXHSCRP,hs-CRP Inflammation (mg/L),Ratio,5356,1753.0,-0.15570149248120824,8.762239936796761e-06,6754.182369300692,0.024565596524442807,0.3878427770602201,6775.899751801837,0.03581951717919258,0.2029200034093427,6775.04220753982,23158.462319342143,20.859838239128294
stroke_binary,Stroke,LBXSAPSI,Alkaline Phosphatase (U/L),LBXTC,Total Cholesterol (mg/dL),Ratio,4903,238.0,0.3640932421882764,2.968541011417985e-14,1858.7531518429437,0.2830263047777023,6.438977747281707e-08,1879.5903658718107,-0.2505862141434288,0.0004286796756334632,1895.3472540710152,2169071.5144292368,20.837214028867038
arthritis_binary,Arthritis,LBXPLTSI,Platelet Count (10^3/uL),LBXSCR,Creatinine Kidney (mg/dL),Ratio,4899,1523.0,-0.2284809043559414,8.185922579544717e-12,6027.370791106161,-0.11998559771578861,0.00015324667659801855,6062.2137417058775,0.17843879233589557,3.0217596770599583e-06,6048.197187874948,369141.0036800057,20.826396768787163
arthritis_binary,Arthritis,LBDLDL,LDL Cholesterol (mg/dL),LBXTC,Total Cholesterol (mg/dL),Ratio,2361,748.0,-0.21087731064771834,1.5708034188793438e-06,2929.5301098146365,-0.06737695574275854,0.1322710343399584,2950.3458145784375,0.021284390404045533,0.6296280272518915,2952.398387648771,84205.97558561742,20.815704763801023
hypertension_binary,Hypertension,LBXSBU,BUN Kidney (mg/dL),LBXSAL,Albumin (g/dL),Difference,5408,1900.0,0.6767566793927136,1.284889450873641e-80,6566.647818345633,0.6562749620810527,1.3275018441808526e-77,6587.353140603242,-0.272973486221388,4.897345420153763e-21,6924.957903703611,1033.1642487050055,20.705322257608714
hypertension_binary,Hypertension,LBXSAL,Albumin (g/dL),LBXSBU,BUN Kidney (mg/dL),Difference,5408,1900.0,-0.6767566793927136,1.284889450873641e-80,6566.647818345633,-0.272973486221388,4.897345420153763e-21,6924.957903703611,0.6562749620810527,1.3275018441808526e-77,6587.353140603242,1033.1642487050055,20.705322257608714
arthritis_binary,Arthritis,LBDLDL,LDL Cholesterol (mg/dL),LBXTC,Total Cholesterol (mg/dL),Difference,2361,748.0,-0.20942881199444832,1.7414954067640445e-06,2929.651522896308,-0.06737695574275854,0.1322710343399584,2950.3458145784375,0.021284390404045533,0.6296280272518915,2952.398387648771,75952.55998161805,20.69429168212946
arthritis_binary,Arthritis,LBXTC,Total Cholesterol (mg/dL),LBDLDL,LDL Cholesterol (mg/dL),Difference,2361,748.0,0.20942881199444832,1.7414954067640445e-06,2929.651522896308,0.021284390404045533,0.6296280272518915,2952.398387648771,-0.06737695574275854,0.1322710343399584,2950.3458145784375,75952.55998161805,20.69429168212946
thyroid_binary,Thyroid Problem,LBXSAL,Albumin (g/dL),LBXSCA,Calcium (mg/dL),Difference,4900,598.0,-0.268655236657303,1.8818317670270344e-10,3599.744563872051,-0.18724732290137863,1.051660012193362e-05,3620.408768433004,0.09927709405469445,0.022335939915001057,3634.318123754455,55884.91121365228,20.66420456095284
thyroid_binary,Thyroid Problem,LBXSCA,Calcium (mg/dL),LBXSAL,Albumin (g/dL),Difference,4900,598.0,0.268655236657303,1.8818317670270344e-10,3599.744563872051,0.09927709405469445,0.022335939915001057,3634.318123754455,-0.18724732290137863,1.051660012193362e-05,3620.408768433004,55884.91121365228,20.66420456095284
heart_attack_binary,Heart Attack,LBXPLTSI,Platelet Count (10^3/uL),systolic_bp,Systolic BP (mmHg),Ratio,4781,231.0,-0.6665663373271572,5.12798317898099e-16,1779.9937488411833,-0.5510122474246594,2.435396707714944e-12,1800.6514672960889,0.3573146854267732,8.208723567204757e-10,1819.9975142861763,4749.229127149545,20.657718454905535
high_cholesterol_binary,High Cholesterol,LBXWBCSI,WBC Count (10^3/uL),LBXSATSI,ALT Liver Enzyme (U/L),Ratio,5384,1761.0,-0.40760468806900274,1.1163474424324192e-06,6784.026703261861,-0.015369523217261292,0.6715052393261467,6810.148436443056,0.067830014195771,0.016628146578219476,6804.645630081267,14895.135641631661,20.618926819405715
high_cholesterol_binary,High Cholesterol,LBXSUA,Uric Acid (mg/dL),LBXSAL,Albumin (g/dL),Ratio,5386,1763.0,0.2566539832753796,8.661550052301575e-19,6735.601259322865,0.22149834297629378,2.3342588249254884e-14,6756.207103930852,-0.14144653339591454,1.0811283791529854e-06,6790.998864979955,26949.66617788258,20.60584460798691
heart_attack_binary,Heart Attack,LBXSAL,Albumin (g/dL),LBXGH,"Glycohemoglobin (HbA1c, %)",Ratio,4903,243.0,-0.47989230508789316,1.6862388079505983e-16,1874.5320753513724,-0.1670151698116941,0.008541214470096226,1931.208318357167,0.31961838074824683,2.6051675963953955e-13,1895.028320816544,1544.9576798446683,20.49624546517157
hypertension_binary,Hypertension,BMXBMI,Body Mass Index (kg/m2),LBXPLTSI,Platelet Count (10^3/uL),Ratio,5452,1898.0,0.589218624883123,1.0958191155280776e-50,6798.426562846054,0.43851266213557333,5.04122581380934e-49,6818.876679417508,-0.1258019308732652,1.5850268517363556e-05,7032.057282891135,46.004178448556836,20.45011657145369
hypertension_binary,Hypertension,LBXSKSI,Potassium (mmol/L),LBXPLTSI,Platelet Count (10^3/uL),Ratio,5405,1899.0,0.2807641665638029,9.57582707577452e-10,6971.859884298105,-0.0010069332012860317,0.9718125486635755,7011.830266657263,-0.12798568069692998,1.1674071218720907e-05,6992.252606252383,12191.188423039348,20.392721954278386
high_cholesterol_binary,High Cholesterol,LBXSCA,Calcium (mg/dL),BMXWAIST,Waist Circumference (cm),Ratio,5108,1660.0,-0.4305407417487153,5.836347198549789e-40,6257.436532673764,0.10394268814528312,0.0005294911219294519,6433.810954580418,0.3898131614539419,3.292382136918059e-37,6277.738896448354,564.1169082154927,20.30236377459005
hypertension_binary,Hypertension,LBXSNASI,Sodium (mmol/L),LBXIN,Insulin (uIU/mL),Ratio,2595,930.0,-0.33338092083905035,4.1209635716384105e-09,3347.986957876554,0.029147573068771783,0.47681662771932964,3389.871452877535,0.21174294529816493,2.3920652583313994e-05,3368.158382169995,5804.626070451682,20.171424293441305
high_cholesterol_binary,High Cholesterol,LBXSNASI,Sodium (mmol/L),LBXSCR,Creatinine Kidney (mg/dL),Ratio,5388,1763.0,-0.26184317566579984,2.1440136357048573e-17,6740.903742295144,0.04225243606098996,0.1466644070915224,6814.305994752797,0.26897337536442084,3.0544541764700444e-10,6761.024840485805,14246430.739074448,20.121098190660632
arthritis_binary,Arthritis,diastolic_bp,Diastolic BP (mmHg),LBXHSCRP,hs-CRP Inflammation (mg/L),Ratio,4663,1452.0,-0.27305676069584683,2.059283840239668e-12,5730.97275420085,-0.09648303509809208,0.0021788937727206382,5778.660366858191,0.19229266644538262,1.165452836284761e-08,5751.0934747352385,5659.50556941738,20.120720534388056
heart_attack_binary,Heart Attack,LBXSUA,Uric Acid (mg/dL),LBDLDL,LDL Cholesterol (mg/dL),Ratio,2350,125.0,0.4522560667591761,7.5329856436737e-13,935.1743664286319,0.35079240296741077,3.799563258219671e-05,964.4742616970216,-0.5129867611338824,1.4928672360569235e-06,955.2563321018711,1981773.6375359388,20.08196567323921
high_cholesterol_binary,High Cholesterol,LBXSCA,Calcium (mg/dL),LBXSAL,Albumin (g/dL),Ratio,5386,1763.0,0.18993273241449657,4.082464485125484e-11,6771.003684349646,0.10530668726403032,0.00030457658321124485,6801.730944203903,-0.14144653339591454,1.0811283791529854e-06,6790.998864979955,26482.248237359854,19.995180630308823
heart_attack_binary,Heart Attack,LBDLDL,LDL Cholesterol (mg/dL),systolic_bp,Systolic BP (mmHg),Ratio,2246,116.0,-0.7108229013448165,9.489246162100298e-10,874.7346603598212,-0.5034576389709096,5.3129629925441266e-06,894.6301887171505,0.400803326254861,8.406089498725662e-07,895.2374680828416,885.8542981316341,19.89552835732934
heart_attack_binary,Heart Attack,LBDHDD,HDL Cholesterol (mg/dL),systolic_bp,Systolic BP (mmHg),Ratio,4692,228.0,-0.5839054412275216,3.5086466671061194e-11,1776.0901344550864,-0.4012151920814796,9.036442901289789e-07,1800.7180094870685,0.3464402197294328,3.759572350989633e-09,1795.9616656873031,107.15163730323616,19.87153123221674
high_cholesterol_binary,High Cholesterol,LBXSKSI,Potassium (mmol/L),LBXPLTSI,Platelet Count (10^3/uL),Ratio,5383,1759.0,0.32616348116999694,3.0385064540066344e-12,6755.0093962580395,0.132016151609385,5.463269698908616e-06,6785.9687255350245,-0.16776846488277058,2.6271849088311725e-08,6774.836463462451,8646.303532996992,19.827067204411833
heart_attack_binary,Heart Attack,LBDLDL,LDL Cholesterol (mg/dL),LBXGH,"Glycohemoglobin (HbA1c, %)",Ratio,2359,125.0,-0.768044617153168,3.3424142983986564e-12,926.6386001212973,-0.5127439862104922,1.4489068451929208e-06,956.2004747068454,0.3903301581487389,4.7664629147401986e-11,946.4395136254149,14.260538907531005,19.800913504117602
heart_attack_binary,Heart Attack,LBXPLTSI,Platelet Count (10^3/uL),LBXSKSI,Potassium (mmol/L),Ratio,4901,243.0,-0.6500658395274354,2.29454598963959e-16,1862.2630704666337,-0.5494847758339435,1.0679956337389232e-12,1882.032093597964,0.33663113448565335,4.306603731245496e-08,1909.0675472627977,4654.496525940959,19.769023131330187
arthritis_binary,Arthritis,LBXSNASI,Sodium (mmol/L),BMXWAIST,Waist Circumference (cm),Ratio,4649,1426.0,-0.4727014599138005,2.862617864264944e-41,5538.598537776388,-0.017464650332500567,0.5826685205305725,5735.556073833124,0.4265308793412286,6.025856034982603e-39,5558.365416219054,210.50158703351443,19.766878442665984
liver_condition_binary,Liver Condition,LBXSKSI,Potassium (mmol/L),LBXSASSI,AST Liver Enzyme (U/L),Ratio,4886,269.0,-0.5296987162808735,5.955800444042613e-15,2023.0274602332424,0.05485138565364219,0.377057408139732,2086.022481871785,0.2744160642266126,1.1547237007490483e-12,2042.7750644215125,193.88220132594932,19.74760418827009
arthritis_binary,Arthritis,diastolic_bp,Diastolic BP (mmHg),LBXTR,Triglycerides (mg/dL),Ratio,2267,718.0,-0.23108551202595967,4.028974510268104e-06,2812.0286491782686,-0.07976282121329216,0.07604559589883493,2831.754189302952,0.046463558122317075,0.28717092726605287,2833.7686326406665,18874.677838002644,19.725540124683448
diabetes_binary,Diabetes,LBXTC,Total Cholesterol (mg/dL),LBXSUA,Uric Acid (mg/dL),Ratio,5891,799.0,-0.3475515318867493,3.2937298726939316e-14,4616.349273230733,-0.2436114059110148,2.253930918737046e-09,4643.412943937305,0.24768270126279357,1.376841750707888e-11,4636.056794976048,418.0190252158637,19.707521745314807
stroke_binary,Stroke,diastolic_bp,Diastolic BP (mmHg),LBXSCR,Creatinine Kidney (mg/dL),Ratio,4675,223.0,-0.5396747118282147,3.734153878441938e-13,1741.278963212875,-0.0634001347670191,0.34623752503822547,1795.4087388216567,0.23752642914369065,1.9561008451456304e-08,1760.8717729787263,52384.04492216068,19.59280976585137
high_cholesterol_binary,High Cholesterol,LBXHGB,Hemoglobin (g/dL),LBXGLU,Fasting Glucose (mg/dL),Ratio,2637,876.0,-0.4849754900513105,2.580960732675052e-29,3222.322170149738,-0.02886559573624052,0.48430928524738426,3356.3129025648213,0.46569373000528563,1.2596812336011767e-21,3241.899206580013,48806679.53036126,19.577036430274802
diabetes_binary,Diabetes,LBDLDL,LDL Cholesterol (mg/dL),LBXIN,Insulin (uIU/mL),Difference,2794,402.0,-0.5747151465322627,9.868531535574913e-21,2201.755961696585,-0.3732450893836373,7.07777095248045e-10,2264.806158914922,0.4913111986709838,4.457809549668828e-15,2221.150334264042,451719.64375843975,19.39437256745714
diabetes_binary,Diabetes,LBXIN,Insulin (uIU/mL),LBDLDL,LDL Cholesterol (mg/dL),Difference,2794,402.0,0.5747151465322627,9.868531535574913e-21,2201.755961696585,0.4913111986709838,4.457809549668828e-15,2221.150334264042,-0.3732450893836373,7.07777095248045e-10,2264.806158914922,451719.64375843975,19.39437256745714
heart_attack_binary,Heart Attack,LBXTC,Total Cholesterol (mg/dL),LBXSKSI,Potassium (mmol/L),Ratio,4900,243.0,-0.6060160946624558,5.990073448120431e-15,1869.8184365137831,-0.500180614145574,2.4610880637193214e-11,1889.1714506661674,0.33629488967844,4.470438088974274e-08,1909.031293774693,4108.610829290521,19.353014152384276
heart_attack_binary,Heart Attack,LBXSCA,Calcium (mg/dL),LBXGH,"Glycohemoglobin (HbA1c, %)",Ratio,4900,243.0,-0.44861246926244336,6.380915178594012e-17,1875.4647143864422,0.031676541715897615,0.6296604352679858,1937.4221862077347,0.31946398464317277,2.7219025271970247e-13,1894.7876516935048,4265.693009567283,19.322937307062602
diabetes_binary,Diabetes,systolic_bp,Systolic BP (mmHg),LBXTC,Total Cholesterol (mg/dL),Ratio,6160,768.0,0.5532797000548465,4.426643095810697e-56,4385.3501363747455,0.5383040735193989,1.7469543172574589e-53,4404.609342726374,-0.17018250088068365,2.775787643597018e-05,4619.825695174026,394.64539594591395,19.259206351628563
stroke_binary,Stroke,LBXTC,Total Cholesterol (mg/dL),LBXGH,"Glycohemoglobin (HbA1c, %)",Ratio,4925,239.0,-0.3970495896514399,1.3385237934760818e-08,1883.0284224007119,-0.24908801396018745,0.00045175870831829667,1903.5900859291655,0.20510621372905824,3.552269435975925e-05,1902.1598931792898,2653.8709683679604,19.131470778577977
stroke_binary,Stroke,LBXSUA,Uric Acid (mg/dL),LBXSCR,Creatinine Kidney (mg/dL),Ratio,4906,239.0,-0.553258547400801,5.692183682449593e-13,1858.1056163830544,0.10130768221336021,0.11678676000693106,1912.1427605891672,0.2393654654513233,1.1912064409671479e-08,1877.148929710228,20927.055545307354,19.043313327173564
stroke_binary,Stroke,LBXGH,"Glycohemoglobin (HbA1c, %)",LBXTC,Total Cholesterol (mg/dL),Ratio,4925,239.0,0.31458129602221196,5.351271715536825e-10,1883.2821210299019,0.20510621372905824,3.552269435975925e-05,1902.1598931792898,-0.24908801396018745,0.00045175870831829667,1903.5900859291655,66381.78034694638,18.877772149387965
high_cholesterol_binary,High Cholesterol,LBDHDD,HDL Cholesterol (mg/dL),LBXSAPSI,Alkaline Phosphatase (U/L),Ratio,5383,1761.0,-0.18472298388557315,3.9090268324554495e-09,6772.898617454363,-0.1257855834794326,3.047069485553214e-05,6791.694078219882,0.10665162220397356,0.00020636103305245933,6795.6859743564055,7794.956689103108,18.795460765518328
diabetes_binary,Diabetes,LBXSCR,Creatinine Kidney (mg/dL),LBXHGB,Hemoglobin (g/dL),Ratio,5896,799.0,0.44269003599568674,1.977859941757152e-17,4568.296517112909,0.37992027530884404,1.2939709389913435e-15,4587.042737081678,-0.16702684619450386,7.1806581843542475e-06,4662.460001241397,65.42277901850653,18.746219968768855
heart_attack_binary,Heart Attack,LBDHDD,HDL Cholesterol (mg/dL),LBXGH,"Glycohemoglobin (HbA1c, %)",Ratio,4923,243.0,-0.6082778062418093,2.0983957428951643e-13,1878.127557583779,-0.37262510248462705,2.161969635498266e-06,1914.922765717748,0.3199536422327151,2.280709092928148e-13,1896.8735356497045,1.0868822530975237,18.745978065925556
diabetes_binary,Diabetes,LBXTR,Triglycerides (mg/dL),LBXHGB,Hemoglobin (g/dL),Ratio,2832,411.0,0.4398107117277451,3.518213398133525e-15,2276.290931559097,0.38775536797461985,2.4208702042508608e-11,2295.0066830867527,-0.12076661180627589,0.021028199417211374,2344.5554813199233,6880.964655342327,18.71575152765581
heart_attack_binary,Heart Attack,LBXSAPSI,Alkaline Phosphatase (U/L),LBDLDL,LDL Cholesterol (mg/dL),Ratio,2352,125.0,0.42915059099762265,4.9702385382977115e-12,936.7713465996317,0.28222249813982636,5.393165799986306e-05,966.9505119635503,-0.5133849588708161,1.4626566093282655e-06,955.432798050209,294282.98019459244,18.661451450577374
hypertension_binary,Hypertension,LBXSKSI,Potassium (mmol/L),LBXIN,Insulin (uIU/mL),Ratio,2593,929.0,-0.34246775517225403,1.1382991132856334e-08,3346.5759847426907,-0.06540819487238989,0.11189015525589659,3384.9016870855116,0.2120824337296999,2.3531498891374825e-05,3365.174063750454,2067.25091996712,18.598079007763317
arthritis_binary,Arthritis,LBXSCA,Calcium (mg/dL),LBXHSCRP,hs-CRP Inflammation (mg/L),Ratio,4887,1517.0,-0.26183759196641315,3.4405797575861123e-12,6002.804974159183,0.11426453141439429,0.00023298474718440505,6044.726103695353,0.18693944384699607,9.415306016784903e-09,6021.361349953942,2736.546361416315,18.556375794759333
high_cholesterol_binary,High Cholesterol,LBXWBCSI,WBC Count (10^3/uL),LBXTR,Triglycerides (mg/dL),Ratio,2589,865.0,-0.6011506683222819,1.4243061819310156e-27,3157.2868993288766,0.0742471877945697,0.07127204531426473,3299.3917659006283,0.6387997921868626,1.0889795641898092e-23,3175.8083302584573,7645.684460299229,18.521430929580674
arthritis_binary,Arthritis,BMXBMI,Body Mass Index (kg/m2),LBXHGB,Hemoglobin (g/dL),Difference,4939,1522.0,0.32415995037887585,4.784238610015923e-26,5990.801087734914,0.2964793252017877,3.1509475622920398e-22,6009.275664675687,-0.1808621574279934,4.278376541484369e-09,6070.202742068682,6586.100358154069,18.47457694077275
arthritis_binary,Arthritis,LBXHGB,Hemoglobin (g/dL),BMXBMI,Body Mass Index (kg/m2),Difference,4939,1522.0,-0.32415995037887585,4.784238610015923e-26,5990.801087734914,-0.1808621574279934,4.278376541484369e-09,6070.202742068682,0.2964793252017877,3.1509475622920398e-22,6009.275664675687,6586.100358154069,18.47457694077275
arthritis_binary,Arthritis,LBXTC,Total Cholesterol (mg/dL),LBXTR,Triglycerides (mg/dL),Ratio,2385,756.0,-0.21130472750909446,9.875413917818206e-06,2962.447174050636,0.02555922799155272,0.5602126805792793,2982.87428902275,0.06544615379045934,0.13068631775832426,2980.8722381258085,13233.502802604251,18.425064075172486
heart_attack_binary,Heart Attack,LBXSAPSI,Alkaline Phosphatase (U/L),LBXTC,Total Cholesterol (mg/dL),Difference,4901,243.0,0.5143112618620191,3.302710128269691e-16,1870.8941657496262,0.21952650783208374,2.0890631892022815e-05,1920.4917445116032,-0.5001753539479745,2.459918114656828e-11,1889.2734592716347,74481.8049153346,18.37929352200854
heart_attack_binary,Heart Attack,LBXTC,Total Cholesterol (mg/dL),LBXSAPSI,Alkaline Phosphatase (U/L),Difference,4901,243.0,-0.5143112618620191,3.302710128269691e-16,1870.8941657496262,-0.5001753539479745,2.459918114656828e-11,1889.2734592716347,0.21952650783208374,2.0890631892022815e-05,1920.4917445116032,74481.8049153346,18.37929352200854
arthritis_binary,Arthritis,LBXSATSI,ALT Liver Enzyme (U/L),LBXTR,Triglycerides (mg/dL),Ratio,2375,753.0,-0.2667793352484901,1.7843387672372204e-06,2943.9788353171994,-0.1391152328286011,0.0047388990316202,2962.328971848758,0.09813422960217852,0.022051449320012358,2965.729209836514,2655.8292173171076,18.350136531558746
high_cholesterol_binary,High Cholesterol,LBXSAL,Albumin (g/dL),LBXSKSI,Potassium (mmol/L),Difference,5386,1760.0,-0.18843327558058828,1.0002299349468409e-10,6768.39969469844,-0.1416243533165566,1.0588172835251139e-06,6786.629548696013,0.1314140913871688,5.986286951167918e-06,6789.964843743807,10585.738803961978,18.229853997573628
high_cholesterol_binary,High Cholesterol,LBXSKSI,Potassium (mmol/L),LBXSAL,Albumin (g/dL),Difference,5386,1760.0,0.18843327558058828,1.0002299349468409e-10,6768.39969469844,0.1314140913871688,5.986286951167918e-06,6789.964843743807,-0.1416243533165566,1.0588172835251139e-06,6786.629548696013,10585.738803961978,18.229853997573628
stroke_binary,Stroke,LBXSAL,Albumin (g/dL),LBXSCR,Creatinine Kidney (mg/dL),Difference,4908,239.0,-0.3541422899032436,9.145188820962912e-13,1850.813813261418,-0.4221950400239643,3.702572917224955e-12,1869.0217453789314,0.23942127355994544,1.1828041164834334e-08,1877.3256807495325,4.048656610279924,18.207932117513337
stroke_binary,Stroke,LBXSCR,Creatinine Kidney (mg/dL),LBXSAL,Albumin (g/dL),Difference,4908,239.0,0.3541422899032436,9.145188820962912e-13,1850.813813261418,0.23942127355994544,1.1828041164834334e-08,1877.3256807495325,-0.4221950400239643,3.702572917224955e-12,1869.0217453789314,4.048656610279924,18.207932117513337
diabetes_binary,Diabetes,LBXSAL,Albumin (g/dL),LBXSCR,Creatinine Kidney (mg/dL),Ratio,5899,800.0,-0.4945248569741088,3.574742222202739e-30,4544.768813682518,-0.41377026036862624,1.1080297448061473e-28,4562.961768282262,0.38261308684500045,9.21134143610079e-16,4590.648230631745,30.99607400847451,18.192954599743643
hypertension_binary,Hypertension,LBDHDD,HDL Cholesterol (mg/dL),LBXSASSI,AST Liver Enzyme (U/L),Ratio,5389,1894.0,-0.1512160312839075,2.251409904489315e-07,6964.546835789414,-0.08441768884169726,0.0037851751537147428,6983.330599571846,0.0842643779806489,0.0026000042984738675,6982.704734657991,11548.338191501489,18.157898868576922
diabetes_binary,Diabetes,LBXWBCSI,WBC Count (10^3/uL),LBXTR,Triglycerides (mg/dL),Ratio,2832,411.0,-0.5862547607949146,1.8776607820782858e-14,2276.8847510501246,0.3008711990002129,2.3221613451504417e-09,2313.383669726574,0.38775536797461985,2.4208702042508608e-11,2295.0066830867527,1289.301149258347,18.121932036628095
hypertension_binary,Hypertension,LBXGH,"Glycohemoglobin (HbA1c, %)",LBXSAL,Albumin (g/dL),Ratio,5407,1900.0,0.5907266599503197,3.238370493245258e-64,6655.112704364241,0.579124595785795,4.262389228761837e-59,6673.043603358308,-0.27241495163115503,5.870162544670608e-21,6924.467272306404,131621.420021351,17.93089899406732
heart_attack_binary,Heart Attack,LBXGLU,Fasting Glucose (mg/dL),LBXPLTSI,Platelet Count (10^3/uL),Difference,2428,127.0,0.5934599248246951,2.022787438793822e-12,953.4400520165113,0.34454315285012155,1.0923544664685405e-09,971.3435453217513,-0.46741615808779846,1.1431806352779125e-05,979.5273667714303,540.0243473530297,17.903493305239977
heart_attack_binary,Heart Attack,LBXPLTSI,Platelet Count (10^3/uL),LBXGLU,Fasting Glucose (mg/dL),Difference,2428,127.0,-0.5934599248246951,2.022787438793822e-12,953.4400520165113,-0.46741615808779846,1.1431806352779125e-05,979.5273667714303,0.34454315285012155,1.0923544664685405e-09,971.3435453217513,540.0243473530297,17.903493305239977
stroke_binary,Stroke,LBXSATSI,ALT Liver Enzyme (U/L),LBXSAPSI,Alkaline Phosphatase (U/L),Difference,4907,239.0,-0.3840435646055452,4.525737387868125e-12,1867.8670970368407,-0.3585413425314376,0.0005657596240607205,1899.1337472168136,0.28381295584826327,5.66073201146198e-08,1885.6913065436684,12507.866732692815,17.82420950682763
stroke_binary,Stroke,LBXSAPSI,Alkaline Phosphatase (U/L),LBXSATSI,ALT Liver Enzyme (U/L),Difference,4907,239.0,0.3840435646055452,4.525737387868125e-12,1867.8670970368407,0.28381295584826327,5.66073201146198e-08,1885.6913065436684,-0.3585413425314376,0.0005657596240607205,1899.1337472168136,12507.866732692815,17.82420950682763
high_cholesterol_binary,High Cholesterol,LBXSAL,Albumin (g/dL),LBXSCR,Creatinine Kidney (mg/dL),Difference,5388,1763.0,-0.2763076687467049,8.334474879859701e-15,6743.255361054171,-0.14150189829230603,1.0681349297319334e-06,6792.561233001257,0.26897337536442084,3.0544541764700444e-10,6761.024840485805,36648.42981111081,17.769479431633954
high_cholesterol_binary,High Cholesterol,LBXSCR,Creatinine Kidney (mg/dL),LBXSAL,Albumin (g/dL),Difference,5388,1763.0,0.2763076687467049,8.334474879859701e-15,6743.255361054171,0.26897337536442084,3.0544541764700444e-10,6761.024840485805,-0.14150189829230603,1.0681349297319334e-06,6792.561233001257,36648.42981111081,17.769479431633954
thyroid_binary,Thyroid Problem,LBXSBU,BUN Kidney (mg/dL),LBXSATSI,ALT Liver Enzyme (U/L),Difference,4899,598.0,0.3684464636968396,5.8842452027123e-10,3593.6897797333663,0.20547960288001926,3.746342418161997e-08,3611.380980481388,-0.2692889489986479,1.1397742234984837e-05,3615.359220529488,63.667340314695714,17.691200748021856
thyroid_binary,Thyroid Problem,LBXSATSI,ALT Liver Enzyme (U/L),LBXSBU,BUN Kidney (mg/dL),Difference,4899,598.0,-0.3684464636968396,5.8842452027123e-10,3593.6897797333663,-0.2692889489986479,1.1397742234984837e-05,3615.359220529488,0.20547960288001926,3.746342418161997e-08,3611.380980481388,63.667340314695714,17.691200748021856
diabetes_binary,Diabetes,LBXSCA,Calcium (mg/dL),LBXSATSI,ALT Liver Enzyme (U/L),Ratio,5896,800.0,-0.18912420646723804,5.936533482616448e-06,4664.318648346107,-0.05944169067023617,0.11810155019958674,4683.605230006213,0.06991300964421383,0.037179686561014565,4682.004601564311,6262.861427445047,17.685953218204304
heart_attack_binary,Heart Attack,systolic_bp,Systolic BP (mmHg),LBDLDL,LDL Cholesterol (mg/dL),Ratio,2246,116.0,0.4463743196839372,1.0812602592240308e-11,876.970263496117,0.400803326254861,8.406089498725662e-07,895.2374680828416,-0.5034576389709096,5.3129629925441266e-06,894.6301887171505,77743.44268195257,17.659925221033518
hypertension_binary,Hypertension,LBXSCA,Calcium (mg/dL),LBXIN,Insulin (uIU/mL),Ratio,2592,929.0,-0.3225121623531207,1.1429738622802843e-08,3346.6466006181636,0.17994093452362808,1.4085404079935756e-05,3367.468550178867,0.21210643742031676,2.3606725355297264e-05,3364.2924404977193,1232.3469980174998,17.64583987955575
arthritis_binary,Arthritis,LBXSAL,Albumin (g/dL),LBXSCR,Creatinine Kidney (mg/dL),Ratio,4902,1524.0,-0.3025168266763356,2.5697361373998706e-20,5991.068758584718,-0.2619778844649151,3.982016714407331e-17,6008.678581583527,0.1797453784366565,2.6950592680843796e-06,6051.684309208539,1549.5819420730272,17.60982299880925
arthritis_binary,Arthritis,LBDLDL,LDL Cholesterol (mg/dL),LBXHSCRP,hs-CRP Inflammation (mg/L),Ratio,2347,741.0,-0.3407886277425401,1.1209363086734211e-08,2891.773866452724,-0.06014474654605547,0.18018296093073982,2929.3822163256164,0.20710042505469944,1.2407368974808999e-05,2909.363285805174,1106.8754646276536,17.589419352450022
diabetes_binary,Diabetes,LBDLDL,LDL Cholesterol (mg/dL),LBXSUA,Uric Acid (mg/dL),Ratio,2793,402.0,-0.487483721043295,1.2943532866923455e-12,2247.5536128955855,-0.3709149890671321,8.952777594485164e-10,2264.998436417603,0.2957121632365962,1.2731916957240309e-08,2273.7691778738604,691.6795967941284,17.444823522017487
liver_condition_binary,Liver Condition,LBXSATSI,ALT Liver Enzyme (U/L),LBXPLTSI,Platelet Count (10^3/uL),Ratio,4897,269.0,0.34190299528154294,3.55001114878352e-18,2021.7034419083075,0.31164867499827054,1.4582378320545933e-14,2039.1409905961268,-0.3098647053717732,7.84108299652925e-06,2066.793319062564,4107.699302731167,17.437548687819344
high_cholesterol_binary,High Cholesterol,LBDHDD,HDL Cholesterol (mg/dL),BMXBMI,Body Mass Index (kg/m2),Ratio,5328,1737.0,-0.2584006167533358,5.779678755306769e-16,6661.303633739752,-0.12463168294238279,4.005078608596135e-05,6713.999692283684,0.20922176248024377,3.9737396577482447e-13,6678.571675353376,687.5364230407525,17.26804161362452
hypertension_binary,Hypertension,LBXSAPSI,Alkaline Phosphatase (U/L),LBXHGB,Hemoglobin (g/dL),Ratio,5406,1899.0,0.1977516782089284,7.508608043449383e-12,6964.1951984653515,0.15918385553462078,3.692499932551527e-08,6981.450508192728,-0.11178090099209408,8.52784228542875e-05,6997.244621416171,4917.689019302208,17.255309727376698
diabetes_binary,Diabetes,LBXSBU,BUN Kidney (mg/dL),LBDLDL,LDL Cholesterol (mg/dL),Ratio,2793,402.0,0.6880611705233803,1.170148323958094e-36,2116.16961163358,0.6552946325727932,9.808389645899769e-34,2133.2755804735143,-0.3709149890671321,8.952777594485164e-10,2264.998436417603,838.217638318049,17.10596883993412
thyroid_binary,Thyroid Problem,LBXSAL,Albumin (g/dL),LBXGH,"Glycohemoglobin (HbA1c, %)",Ratio,4899,600.0,-0.25217018168110883,1.215096257756269e-09,3611.218066068069,-0.18564935763805224,1.2212295010477792e-05,3628.3112682849496,0.11901116352201742,0.0018523564505160102,3638.209043188958,10050.47536976894,17.0932022168804
arthritis_binary,Arthritis,LBDLDL,LDL Cholesterol (mg/dL),LBXTR,Triglycerides (mg/dL),Ratio,2361,748.0,-0.24400190784813675,4.1134681058393844e-07,2925.2761168592865,-0.06737695574275854,0.1322710343399584,2950.3458145784375,0.1395162263522543,0.0012087456299649682,2942.286986040965,2938.5073589097747,17.010869181678572
hypertension_binary,Hypertension,LBXSKSI,Potassium (mmol/L),LBXSATSI,ALT Liver Enzyme (U/L),Ratio,5407,1899.0,-0.13187973490856134,9.589920407433995e-06,6993.315742051394,-0.0006871145077274305,0.9807609330929934,7013.561927666399,0.05096477097278649,0.06823492444176228,7010.253547752451,7115.275366505373,16.937805701056277
arthritis_binary,Arthritis,LBXGLU,Fasting Glucose (mg/dL),LBXHGB,Hemoglobin (g/dL),Ratio,2427,767.0,0.35446641479952923,6.0934984211494165e-15,2964.6577556580833,0.30234666956714357,7.315953764071579e-12,2981.4764000398236,-0.16044062054988975,0.00022834884866013543,3018.5070160796977,1200.6163386666753,16.81864438174034
arthritis_binary,Arthritis,LBXSKSI,Potassium (mmol/L),LBXHSCRP,hs-CRP Inflammation (mg/L),Ratio,4887,1518.0,-0.2555652475182497,6.763648348854564e-12,6006.273227498206,0.12011766202664724,9.795333717829832e-05,6044.747093135297,0.1868733511140599,9.521025273903705e-09,6022.979819028833,1407.6759735026894,16.70659153062661
heart_attack_binary,Heart Attack,LBXPLTSI,Platelet Count (10^3/uL),LBXSAPSI,Alkaline Phosphatase (U/L),Difference,4902,243.0,-0.5673798774246721,8.089484611978315e-17,1865.530356186464,-0.5497762452379419,1.0387250101370498e-12,1882.0725969867208,0.21947847797151362,2.095612728433851e-05,1920.5990472985955,12840.434959218319,16.542240800256877
heart_attack_binary,Heart Attack,LBXSAPSI,Alkaline Phosphatase (U/L),LBXPLTSI,Platelet Count (10^3/uL),Difference,4902,243.0,0.5673798774246721,8.089484611978315e-17,1865.530356186464,0.21947847797151362,2.095612728433851e-05,1920.5990472985955,-0.5497762452379419,1.0387250101370498e-12,1882.0725969867208,12840.434959218319,16.542240800256877
high_cholesterol_binary,High Cholesterol,LBXSAL,Albumin (g/dL),LBXSUA,Uric Acid (mg/dL),Difference,5386,1763.0,-0.2507632353768197,6.5367412124486304e-18,6739.693943530127,-0.14144653339591454,1.0811283791529854e-06,6790.998864979955,0.22149834297629378,2.3342588249254884e-14,6756.207103930852,3570.9824652077464,16.5131604007247
high_cholesterol_binary,High Cholesterol,LBXSUA,Uric Acid (mg/dL),LBXSAL,Albumin (g/dL),Difference,5386,1763.0,0.2507632353768197,6.5367412124486304e-18,6739.693943530127,0.22149834297629378,2.3342588249254884e-14,6756.207103930852,-0.14144653339591454,1.0811283791529854e-06,6790.998864979955,3570.9824652077464,16.5131604007247
heart_attack_binary,Heart Attack,LBDHDD,HDL Cholesterol (mg/dL),LBXSAPSI,Alkaline Phosphatase (U/L),Ratio,4901,243.0,-0.5226957424255869,4.37769725472136e-09,1896.0979584308361,-0.3734952758724987,2.061237169669591e-06,1912.5873713099736,0.21952650783208374,2.0890631892022815e-05,1920.4917445116032,470.8496384592471,16.48941287913749
arthritis_binary,Arthritis,LBXTC,Total Cholesterol (mg/dL),LBDLDL,LDL Cholesterol (mg/dL),Ratio,2361,748.0,0.18639289715357385,1.7469693482248224e-05,2933.8898212270424,0.021284390404045533,0.6296280272518915,2952.398387648771,-0.06737695574275854,0.1322710343399584,2950.3458145784375,7571.457076471617,16.455993351395136
arthritis_binary,Arthritis,BMXBMI,Body Mass Index (kg/m2),LBXSAL,Albumin (g/dL),Ratio,4829,1493.0,0.3136522707668431,3.2746955243268793e-24,5871.597981838917,0.28878633590370195,8.297333879668507e-21,5888.012350461667,-0.25777824152777057,2.163410736529011e-16,5908.355064495992,2533.772626502136,16.414368622749862
arthritis_binary,Arthritis,LBXHGB,Hemoglobin (g/dL),LBXSCR,Creatinine Kidney (mg/dL),Difference,4899,1523.0,-0.22222656295113077,5.624973898619638e-13,6024.066177313788,-0.1856302334239658,1.7857007641577222e-09,6040.449991947088,0.17843879233589557,3.0217596770599583e-06,6048.197187874948,3174.593867174977,16.383814633300062
arthritis_binary,Arthritis,LBXSCR,Creatinine Kidney (mg/dL),LBXHGB,Hemoglobin (g/dL),Difference,4899,1523.0,0.22222656295113077,5.624973898619638e-13,6024.066177313788,0.17843879233589557,3.0217596770599583e-06,6048.197187874948,-0.1856302334239658,1.7857007641577222e-09,6040.449991947088,3174.593867174977,16.383814633300062
arthritis_binary,Arthritis,LBXSATSI,ALT Liver Enzyme (U/L),BMXWAIST,Waist Circumference (cm),Difference,4647,1425.0,-0.49311100091394827,2.1653046231109318e-39,5538.966718822619,-0.13495902951769173,0.00019279820597389592,5717.4907289338935,0.42672685232697144,5.836399922253919e-39,5555.202174963681,2.6954174761187453,16.23545614106115
arthritis_binary,Arthritis,BMXWAIST,Waist Circumference (cm),LBXSATSI,ALT Liver Enzyme (U/L),Difference,4647,1425.0,0.49311100091394827,2.1653046231109318e-39,5538.966718822619,0.42672685232697144,5.836399922253919e-39,5555.202174963681,-0.13495902951769173,0.00019279820597389592,5717.4907289338935,2.6954174761187453,16.23545614106115
diabetes_binary,Diabetes,LBXSAL,Albumin (g/dL),LBXSCA,Calcium (mg/dL),Ratio,5897,800.0,-0.4392736116740507,4.064308371106799e-32,4546.31401903894,-0.41372114059575954,1.1332605143149437e-28,4562.421075049553,-0.059162017155446764,0.11983821288905792,4683.919721315176,2788.3231557214062,16.107056010612723
arthritis_binary,Arthritis,LBXSCA,Calcium (mg/dL),LBXSCR,Creatinine Kidney (mg/dL),Ratio,4900,1524.0,-0.21237460494301402,4.226930540489777e-11,6034.186333034855,0.113778515607057,0.00024114551028890852,6065.620715912259,0.17943099116587286,2.7784364564202e-06,6050.283464089996,65731.77462476733,16.09713105514129
stroke_binary,Stroke,BMXWAIST,Waist Circumference (cm),LBXTC,Total Cholesterol (mg/dL),Ratio,4671,210.0,0.3219491825031252,7.971987878243011e-08,1691.2209467269367,0.21594891137960656,0.001400501850390304,1707.332423065438,-0.23269353658732503,0.001998113144915143,1707.3059669140507,17567.787003446472,16.08502018711397
diabetes_binary,Diabetes,LBXSAPSI,Alkaline Phosphatase (U/L),LBXSATSI,ALT Liver Enzyme (U/L),Ratio,5898,800.0,-0.21905948661491503,1.105528044593739e-05,4663.55652123103,-0.11116321430567881,0.012001781352287558,4679.632095133701,0.06998559913124759,0.036955133707054985,4682.578345314548,1085.6152777832053,16.07557390267084
high_cholesterol_binary,High Cholesterol,LBXPLTSI,Platelet Count (10^3/uL),LBXSAPSI,Alkaline Phosphatase (U/L),Ratio,5384,1761.0,-0.21048461155020448,1.767391238909071e-11,6762.645815943608,-0.1672055654590212,2.873612501013046e-08,6778.70055609997,0.10710430761828364,0.00019407719822373326,6796.3596460279605,1625.906272335487,16.05474015636173
heart_attack_binary,Heart Attack,LBXSCA,Calcium (mg/dL),LBXTC,Total Cholesterol (mg/dL),Ratio,4900,243.0,0.4689114149472426,4.6294180827902675e-17,1873.058659839571,0.03156248751875165,0.630898320765283,1937.4238588930912,-0.5010952582996173,2.425747411225612e-11,1889.1061207420494,523985.3838743276,16.047460902478406
heart_attack_binary,Heart Attack,LBDLDL,LDL Cholesterol (mg/dL),LBXSUA,Uric Acid (mg/dL),Ratio,2350,125.0,-0.7541700271537923,4.317190793295816e-09,939.3067396319681,-0.5129867611338824,1.4928672360569235e-06,955.2563321018711,0.35079240296741077,3.799563258219671e-05,964.4742616970216,345.7959834379346,15.949592469902996
diabetes_binary,Diabetes,diastolic_bp,Diastolic BP (mmHg),LBXSATSI,ALT Liver Enzyme (U/L),Ratio,5601,763.0,-0.18292620978723226,1.784905477674042e-05,4443.509384420325,-0.055628626434978026,0.14819024696613053,4460.909224811346,0.06746970522029862,0.049972080835780426,4459.404611408165,2799.704604016364,15.895226987840033
diabetes_binary,Diabetes,LBXSBU,BUN Kidney (mg/dL),LBXSAL,Albumin (g/dL),Difference,5897,800.0,0.6129924618516644,2.5099205006135304e-63,4364.164227674864,0.5968912154788165,7.350462093049586e-61,4379.985031150027,-0.41372114059575954,1.1332605143149437e-28,4562.421075049553,292.8563709987158,15.820803475162393
diabetes_binary,Diabetes,LBXSAL,Albumin (g/dL),LBXSBU,BUN Kidney (mg/dL),Difference,5897,800.0,-0.6129924618516644,2.5099205006135304e-63,4364.164227674864,-0.41372114059575954,1.1332605143149437e-28,4562.421075049553,0.5968912154788165,7.350462093049586e-61,4379.985031150027,292.8563709987158,15.820803475162393
hypertension_binary,Hypertension,LBXSAL,Albumin (g/dL),LBXSCR,Creatinine Kidney (mg/dL),Ratio,5410,1900.0,-0.5493329033539504,1.4927571195868891e-62,6703.007387641055,-0.273023923210648,4.7713117462123446e-21,6926.635780346481,0.831678232512139,7.735205043346477e-52,6718.715046481842,51818242511.461914,15.70765884078719
thyroid_binary,Thyroid Problem,LBXSAL,Albumin (g/dL),systolic_bp,Systolic BP (mmHg),Ratio,4672,570.0,-0.3442787495077364,4.322409463309477e-14,3411.4791835676365,-0.1826734833794498,2.7542418097169013e-05,3452.3541489618415,0.2746234715204539,2.4666212634489456e-11,3427.1021454847073,570.658861541628,15.622961917070825
heart_attack_binary,Heart Attack,LBXHGB,Hemoglobin (g/dL),LBXTR,Triglycerides (mg/dL),Ratio,2386,126.0,-0.45383441692583065,0.00020424134021731414,973.8986383944108,-0.0024741652473447406,0.9784291253098149,990.3802434817947,0.06936644407049576,0.29094819687672646,989.4744339560277,1424.5313733603375,15.575795561616928
arthritis_binary,Arthritis,LBXGH,"Glycohemoglobin (HbA1c, %)",LBXHGB,Hemoglobin (g/dL),Difference,5001,1552.0,0.3268772221011825,2.4538224934577055e-26,6083.558945053237,0.2958229312661752,1.8877031898222464e-22,6099.131423668179,-0.18858523433075783,6.829717316003232e-10,6160.669361244607,7692.908492179747,15.572478614942156
arthritis_binary,Arthritis,LBXHGB,Hemoglobin (g/dL),LBXGH,"Glycohemoglobin (HbA1c, %)",Difference,5001,1552.0,-0.3268772221011825,2.4538224934577055e-26,6083.558945053237,-0.18858523433075783,6.829717316003232e-10,6160.669361244607,0.2958229312661752,1.8877031898222464e-22,6099.131423668179,7692.908492179747,15.572478614942156
heart_attack_binary,Heart Attack,LBXSAL,Albumin (g/dL),LBXTR,Triglycerides (mg/dL),Ratio,2378,126.0,-0.4677579757224439,0.00016234885012967609,972.3191242884136,-0.11675585170594281,0.19087623622567085,987.8303178130973,0.06886181100237475,0.2958438496937449,988.6218225886065,1175.7165885265497,15.511193524683677
liver_condition_binary,Liver Condition,diastolic_bp,Diastolic BP (mmHg),LBXSASSI,AST Liver Enzyme (U/L),Ratio,4653,255.0,-0.5191459812042318,6.478349097904726e-14,1921.9135206601504,0.02797273691590469,0.6662550481709113,1980.6177790463348,0.2799599632289196,1.9082749622729655e-12,1937.3515205406575,29.4561922093725,15.43799988050705
thyroid_binary,Thyroid Problem,LBXSAL,Albumin (g/dL),LBXSCA,Calcium (mg/dL),Ratio,4900,598.0,-0.2507896848093871,3.2531926930341843e-09,3605.0655248579174,-0.18724732290137863,1.051660012193362e-05,3620.408768433004,0.09927709405469445,0.022335939915001057,3634.318123754455,3232.701261272356,15.34324357508649
arthritis_binary,Arthritis,LBXGLU,Fasting Glucose (mg/dL),LBXSAL,Albumin (g/dL),Ratio,2379,755.0,0.3471494522326564,1.451995027897622e-13,2914.946480680651,0.29290340919748387,3.706458265643719e-11,2930.2709630581485,-0.26392446666503994,3.406596010248589e-09,2941.423812492826,255.26659488706292,15.324482377497588
high_cholesterol_binary,High Cholesterol,LBXSAL,Albumin (g/dL),LBXSBU,BUN Kidney (mg/dL),Ratio,5386,1763.0,-0.5251819621669509,4.2381119139784716e-50,6558.038869503979,-0.14144653339591454,1.0811283791529854e-06,6790.998864979955,0.469173540771239,8.955402906860078e-48,6573.2685181995,211.30642816020665,15.229648695521064
diabetes_binary,Diabetes,LBXSNASI,Sodium (mmol/L),LBXTC,Total Cholesterol (mg/dL),Ratio,5894,799.0,0.265550552252084,1.715786565761775e-13,4628.975677391725,-0.11981610006475549,0.0015226744120517557,4671.74791030921,-0.2440198818689832,2.1211953398038813e-09,4644.16149152389,12362.815877755243,15.185814132164523
stroke_binary,Stroke,BMXBMI,Body Mass Index (kg/m2),BMXWAIST,Waist Circumference (cm),Difference,4919,223.0,-0.35862422803067423,5.6896726307475106e-08,1790.5994286114542,0.03889862292683245,0.5630998462962202,1819.189064198653,0.24567630280198594,0.00016825256037019139,1805.7791014976742,2957.157138724277,15.179672886220033
stroke_binary,Stroke,BMXWAIST,Waist Circumference (cm),BMXBMI,Body Mass Index (kg/m2),Difference,4919,223.0,0.35862422803067423,5.6896726307475106e-08,1790.5994286114542,0.24567630280198594,0.00016825256037019139,1805.7791014976742,0.03889862292683245,0.5630998462962202,1819.189064198653,2957.157138724277,15.179672886220033
high_cholesterol_binary,High Cholesterol,LBXSCR,Creatinine Kidney (mg/dL),LBXPLTSI,Platelet Count (10^3/uL),Ratio,5385,1762.0,0.3457301905671662,2.6242386446291884e-13,6741.825046623695,0.26990607103137987,2.8314189401786616e-10,6756.976759199439,-0.16763230420038142,2.6432301940325088e-08,6780.765578157531,1078.9487251753922,15.151712575743659
high_cholesterol_binary,High Cholesterol,LBXSAL,Albumin (g/dL),systolic_bp,Systolic BP (mmHg),Ratio,5127,1698.0,-0.5278814470322631,1.5516804728154432e-60,6223.753855423118,-0.13912314833135117,2.690592930419783e-06,6493.385657917585,0.49786898080465347,5.5222203291043716e-58,6238.830106675858,355.88643576113265,15.076251252739894
hypertension_binary,Hypertension,LBXPLTSI,Platelet Count (10^3/uL),LBXSATSI,ALT Liver Enzyme (U/L),Ratio,5406,1899.0,-0.17841176126939648,1.1708635524441394e-08,6977.980536437382,-0.1283757532010225,1.0985772803943564e-05,6992.998670756222,0.05193493513449302,0.06318825657058479,7009.260890122625,938.2624287015444,15.018134318839657
high_cholesterol_binary,High Cholesterol,LBXSAL,Albumin (g/dL),LBXSUA,Uric Acid (mg/dL),Ratio,5386,1763.0,-0.2670248774382783,1.275536138462727e-16,6741.282260754871,-0.14144653339591454,1.0811283791529854e-06,6790.998864979955,0.22149834297629378,2.3342588249254884e-14,6756.207103930852,183.0021709724925,14.92484317598155
diabetes_binary,Diabetes,LBXSCA,Calcium (mg/dL),LBDLDL,LDL Cholesterol (mg/dL),Ratio,2793,402.0,0.3559524795617899,7.489417745017087e-14,2250.0798650258857,0.07786709033870365,0.14843770640381893,2303.5460850300315,-0.3709149890671321,8.952777594485164e-10,2264.998436417603,11953.903359766105,14.91857139171725
hypertension_binary,Hypertension,LBXHGB,Hemoglobin (g/dL),LBXWBCSI,WBC Count (10^3/uL),Difference,5540,1942.0,-0.33870194001259524,1.2402584979949964e-07,7149.743449644194,-0.10887815794686789,0.00010746278885760021,7166.403936728822,0.2659260679894491,0.00019605107340758964,7164.604385993293,866.4547675450295,14.860936349099575
hypertension_binary,Hypertension,LBXWBCSI,WBC Count (10^3/uL),LBXHGB,Hemoglobin (g/dL),Difference,5540,1942.0,0.33870194001259524,1.2402584979949964e-07,7149.743449644194,0.2659260679894491,0.00019605107340758964,7164.604385993293,-0.10887815794686789,0.00010746278885760021,7166.403936728822,866.4547675450295,14.860936349099575
diabetes_binary,Diabetes,LBXHSCRP,hs-CRP Inflammation (mg/L),LBDLDL,LDL Cholesterol (mg/dL),Difference,2789,401.0,0.4345343673060486,1.0758310142355294e-12,2245.6187275513817,0.19503772302942093,5.6037130969085795e-06,2280.886580961133,-0.3697943063887298,1.0155288308972474e-09,2260.4792520059837,943.948275760453,14.860524454602
diabetes_binary,Diabetes,LBDLDL,LDL Cholesterol (mg/dL),LBXHSCRP,hs-CRP Inflammation (mg/L),Difference,2789,401.0,-0.4345343673060486,1.0758310142355294e-12,2245.6187275513817,-0.3697943063887298,1.0155288308972474e-09,2260.4792520059837,0.19503772302942093,5.6037130969085795e-06,2280.886580961133,943.948275760453,14.860524454602
arthritis_binary,Arthritis,LBXHGB,Hemoglobin (g/dL),LBXSCA,Calcium (mg/dL),Ratio,4897,1523.0,-0.22148154996192515,1.073205319780583e-12,6024.01681153579,-0.1858900257624025,1.7023200586582188e-09,6038.865509697536,0.11444044977545201,0.00022302166833570647,6061.646439527931,1586.201658976363,14.848698161746142
diabetes_binary,Diabetes,LBXHGB,Hemoglobin (g/dL),LBXSATSI,ALT Liver Enzyme (U/L),Ratio,5895,799.0,-0.2419022634392166,1.2666677416441752e-08,4647.426691883149,-0.16673384111069844,7.455025857420735e-06,4662.2394751775455,0.0707281888745488,0.03492768747332673,4677.910769045799,588.5541734680851,14.812783294396468
heart_attack_binary,Heart Attack,LBDHDD,HDL Cholesterol (mg/dL),LBXGLU,Fasting Glucose (mg/dL),Ratio,2386,126.0,-0.6724109641753192,3.5093160007306577e-09,950.6620316225127,-0.3911793995641138,0.00045669565434187036,976.4984301715417,0.32492168099261237,1.9838519823322548e-08,965.4502922514832,5.653101578538971,14.788260628970534
arthritis_binary,Arthritis,LBXSKSI,Potassium (mmol/L),LBXGLU,Fasting Glucose (mg/dL),Ratio,2377,755.0,-0.3469698665127628,7.757596976644722e-15,2913.5538698443474,0.019145842477723,0.6636559278885795,2975.384267251451,0.29440923284315756,3.157650311930667e-11,2928.333069360357,4070.3974715845557,14.779199516009612
high_cholesterol_binary,High Cholesterol,LBDHDD,HDL Cholesterol (mg/dL),LBXSCR,Creatinine Kidney (mg/dL),Ratio,5384,1762.0,-0.25638255281169653,5.10988709013795e-16,6741.697134289709,-0.1266763830227182,2.679997331321073e-05,6793.6736274972955,0.2693831935904235,2.9653306107071824e-10,6756.327699422522,580312.3549305525,14.63056513281299
hypertension_binary,Hypertension,LBXSASSI,AST Liver Enzyme (U/L),LBXHSCRP,hs-CRP Inflammation (mg/L),Ratio,5378,1888.0,-0.3596351404065122,1.0409597129139027e-18,6877.835278889907,0.0769507075143422,0.005885760013395324,6967.3544557150835,0.28820677511477516,1.1016769372759767e-15,6892.462698808713,1058.328121260439,14.627419918805572
stroke_binary,Stroke,LBXHGB,Hemoglobin (g/dL),LBXGH,"Glycohemoglobin (HbA1c, %)",Difference,5007,241.0,-0.36760315383943715,2.9597782592143404e-10,1899.738432683435,-0.2976940155071361,1.442622727912282e-06,1914.293505766565,0.20909791300427946,2.0891254192345494e-05,1921.4007747980131,4874.090562092376,14.555073083130083
stroke_binary,Stroke,LBXGH,"Glycohemoglobin (HbA1c, %)",LBXHGB,Hemoglobin (g/dL),Difference,5007,241.0,0.36760315383943715,2.9597782592143404e-10,1899.738432683435,0.20909791300427946,2.0891254192345494e-05,1921.4007747980131,-0.2976940155071361,1.442622727912282e-06,1914.293505766565,4874.090562092376,14.555073083130083
high_cholesterol_binary,High Cholesterol,LBDHDD,HDL Cholesterol (mg/dL),LBXSASSI,AST Liver Enzyme (U/L),Ratio,5367,1757.0,-0.1679819072566556,2.0109361609392756e-08,6758.92323211664,-0.125340541319809,3.3251296380815104e-05,6773.415983404051,0.021171218952296265,0.4574855294582888,6790.575319894922,1653.5232210098586,14.49275128741101
arthritis_binary,Arthritis,LBXHGB,Hemoglobin (g/dL),BMXWAIST,Waist Circumference (cm),Difference,4753,1452.0,-0.4515691352563595,6.588455058509097e-44,5652.084820763351,-0.17212740770097631,4.3438834444056125e-08,5824.336825142755,0.43475412692422305,4.622316052887043e-41,5666.518596413945,701.5781411329879,14.433775650593816
arthritis_binary,Arthritis,BMXWAIST,Waist Circumference (cm),LBXHGB,Hemoglobin (g/dL),Difference,4753,1452.0,0.4515691352563595,6.588455058509097e-44,5652.084820763351,0.43475412692422305,4.622316052887043e-41,5666.518596413945,-0.17212740770097631,4.3438834444056125e-08,5824.336825142755,701.5781411329879,14.433775650593816
heart_attack_binary,Heart Attack,LBXSAPSI,Alkaline Phosphatase (U/L),LBXTC,Total Cholesterol (mg/dL),Ratio,4901,243.0,0.4011822422223499,2.205608866263636e-17,1874.8412812369247,0.21952650783208374,2.0890631892022815e-05,1920.4917445116032,-0.5001753539479745,2.459918114656828e-11,1889.2734592716347,1115301.1543810118,14.432178034709978
arthritis_binary,Arthritis,LBXSCA,Calcium (mg/dL),LBXGLU,Fasting Glucose (mg/dL),Ratio,2376,754.0,-0.3431567834925456,9.7486607784051e-15,2911.900990484116,0.16822815844053912,0.00015130626314575693,2958.8040738471946,0.2935095417600112,3.51909707253743e-11,2926.324167017082,3609.8261623102253,14.423176532965954
high_cholesterol_binary,High Cholesterol,LBDLDL,LDL Cholesterol (mg/dL),LBXPLTSI,Platelet Count (10^3/uL),Ratio,2565,848.0,0.34348291266482794,2.085952990372933e-15,3192.9160959461965,0.30348090322439425,9.524041515874848e-13,3207.237991562045,-0.16361232112080829,0.00017624200166494296,3245.0404409227904,456.57987307624376,14.321895615848462
high_cholesterol_binary,High Cholesterol,LBXSKSI,Potassium (mmol/L),LBDHDD,HDL Cholesterol (mg/dL),Ratio,5382,1759.0,0.17063854162962008,5.202745710007634e-09,6771.126164452484,0.13132630167814482,6.1162913127391345e-06,6785.394929249055,-0.12679478059619947,2.6678119899883005e-05,6787.74900932222,1175.5891319028467,14.268764796571304
liver_condition_binary,Liver Condition,LBXPLTSI,Platelet Count (10^3/uL),BMXWAIST,Waist Circumference (cm),Ratio,4749,256.0,-0.39723498885700664,7.262935476025e-08,1965.5969184686037,-0.2869345639959578,5.05137321530321e-05,1979.8114345507347,0.22003180076896683,0.0003493239141592983,1984.7994861069342,695.5002191576433,14.214516082131013
high_cholesterol_binary,High Cholesterol,LBXPLTSI,Platelet Count (10^3/uL),LBXSAPSI,Alkaline Phosphatase (U/L),Difference,5384,1761.0,-0.20022461360030672,2.3877441578544117e-11,6764.494620132887,-0.1672055654590212,2.873612501013046e-08,6778.70055609997,0.10710430761828364,0.00019407719822373326,6796.3596460279605,1203.484255865682,14.20593596708295
high_cholesterol_binary,High Cholesterol,LBXSAPSI,Alkaline Phosphatase (U/L),LBXPLTSI,Platelet Count (10^3/uL),Difference,5384,1761.0,0.20022461360030672,2.3877441578544117e-11,6764.494620132887,0.10710430761828364,0.00019407719822373326,6796.3596460279605,-0.1672055654590212,2.873612501013046e-08,6778.70055609997,1203.484255865682,14.20593596708295
arthritis_binary,Arthritis,LBXGLU,Fasting Glucose (mg/dL),LBXSATSI,ALT Liver Enzyme (U/L),Difference,2377,754.0,0.34363271799682293,1.0067994356936527e-13,2912.7739491499483,0.2939159445497859,3.310314178091335e-11,2926.947620951827,-0.14076585983348786,0.004294159893387059,2965.186541309854,328.7957919653217,14.173671801878754
arthritis_binary,Arthritis,LBXSATSI,ALT Liver Enzyme (U/L),LBXGLU,Fasting Glucose (mg/dL),Difference,2377,754.0,-0.34363271799682293,1.0067994356936527e-13,2912.7739491499483,-0.14076585983348786,0.004294159893387059,2965.186541309854,0.2939159445497859,3.310314178091335e-11,2926.947620951827,328.7957919653217,14.173671801878754
hypertension_binary,Hypertension,LBXSNASI,Sodium (mmol/L),LBXSAPSI,Alkaline Phosphatase (U/L),Ratio,5409,1900.0,-0.20114783142999676,6.012891911627946e-11,6971.27170702216,0.033023083514012105,0.24709632940849913,7015.179186715701,0.15872272270476057,3.987027436305136e-08,6985.432212925549,663.0798449236846,14.160505903389094
thyroid_binary,Thyroid Problem,diastolic_bp,Diastolic BP (mmHg),LBDHDD,HDL Cholesterol (mg/dL),Ratio,4690,573.0,-0.22868039065924586,2.9350514517072016e-06,3463.097143337761,-0.12279180406414787,0.004614189877432759,3478.3162390907128,0.12860339326288897,0.0022690381493694796,3477.204172080765,773.0829209313081,14.10702874300432
liver_condition_binary,Liver Condition,LBXPLTSI,Platelet Count (10^3/uL),LBXTR,Triglycerides (mg/dL),Ratio,2384,132.0,-0.5285057620906713,4.592769283762537e-05,1003.8523527316904,-0.243944062097876,0.012911202342722897,1017.9489717814205,0.10132601330984935,0.08132112088133885,1022.0713071524082,281.1202031935218,14.096619049730066
hypertension_binary,Hypertension,LBXGLU,Fasting Glucose (mg/dL),LBXHGB,Hemoglobin (g/dL),Ratio,2655,945.0,0.5230358374801959,1.2638851017771467e-25,3321.3635626242876,0.4954404542061454,1.0889553542901907e-22,3335.428939170739,-0.10681391689036779,0.008282776500414871,3454.0577689864394,861.5936312240823,14.065376546451262
heart_attack_binary,Heart Attack,LBXWBCSI,WBC Count (10^3/uL),LBDLDL,LDL Cholesterol (mg/dL),Ratio,2361,125.0,0.42567922413050285,6.162939420723074e-11,942.4684624780964,0.23399001601434347,0.001415715827324813,972.5846942156228,-0.5117386826015218,1.5159561726286198e-06,956.5142598469433,24597.94051408603,14.045797368846934
high_cholesterol_binary,High Cholesterol,LBXSAL,Albumin (g/dL),LBXIN,Insulin (uIU/mL),Ratio,2578,863.0,-0.24623561046111994,4.472561075521535e-06,3266.0244264131766,-0.11294884206614121,0.006727101303005578,3283.5742220266693,0.1388792808209066,0.0018587304687617784,3280.029494409033,415.5852625321693,14.00506799585628
liver_condition_binary,Liver Condition,LBXPLTSI,Platelet Count (10^3/uL),LBXSAPSI,Alkaline Phosphatase (U/L),Difference,4897,269.0,-0.4277583145537125,2.2503411428677106e-11,2042.5797818704157,-0.3098647053717732,7.84108299652925e-06,2066.793319062564,0.2883627543229678,1.8223670927356048e-08,2056.5532900359503,809.8181462448315,13.973508165534668
liver_condition_binary,Liver Condition,LBXSAPSI,Alkaline Phosphatase (U/L),LBXPLTSI,Platelet Count (10^3/uL),Difference,4897,269.0,0.4277583145537125,2.2503411428677106e-11,2042.5797818704157,0.2883627543229678,1.8223670927356048e-08,2056.5532900359503,-0.3098647053717732,7.84108299652925e-06,2066.793319062564,809.8181462448315,13.973508165534668
hypertension_binary,Hypertension,diastolic_bp,Diastolic BP (mmHg),LBXHGB,Hemoglobin (g/dL),Ratio,5274,1859.0,0.277879930542197,2.0896668853643884e-20,6759.708104107929,0.25873952742027684,1.8093309022985625e-17,6773.680347124237,-0.10283704354237207,0.00035091710337376415,6836.560636462589,865.8465686424744,13.972243016308312
diabetes_binary,Diabetes,LBXSUA,Uric Acid (mg/dL),LBXSASSI,AST Liver Enzyme (U/L),Ratio,5878,800.0,0.27772889095741493,4.1796543882083115e-15,4620.908821027295,0.25071803086276917,7.595158590104083e-12,4634.809536608591,0.0012547869871775126,0.9736056954410763,4680.788602793553,1817.1738341647651,13.900715581296026
stroke_binary,Stroke,LBXHGB,Hemoglobin (g/dL),LBXSAPSI,Alkaline Phosphatase (U/L),Ratio,4904,239.0,-0.5042417892653115,5.924314377439457e-10,1871.5166961521136,-0.29543894536176374,1.9286452967645574e-06,1892.6855208046825,0.2839504492641196,5.5774651779254694e-08,1885.3637894490062,94.14532758702283,13.84709329689258
heart_attack_binary,Heart Attack,LBXSAL,Albumin (g/dL),LBXSUA,Uric Acid (mg/dL),Ratio,4904,243.0,-0.4912307596152884,5.249134465016588e-09,1898.8476749678134,-0.16742960025491221,0.008371478108057986,1931.2753850949969,0.3143255746941225,2.4905934662096466e-07,1912.6830546138576,47.44769795493848,13.835379646044203
diabetes_binary,Diabetes,LBXSKSI,Potassium (mmol/L),LBXHGB,Hemoglobin (g/dL),Ratio,5892,798.0,0.2807368167825804,1.0230403862083972e-16,4612.073403926552,0.26867416847293396,5.518697486420296e-13,4625.901825134046,-0.16850560376159518,6.00402561831137e-06,4657.252519517098,5394.408237267884,13.828421207494102
heart_attack_binary,Heart Attack,LBXSAPSI,Alkaline Phosphatase (U/L),LBDLDL,LDL Cholesterol (mg/dL),Difference,2352,125.0,0.5414768433659386,1.8415166564371485e-10,941.6126570538245,0.28222249813982636,5.393165799986306e-05,966.9505119635503,-0.5133849588708161,1.4626566093282655e-06,955.432798050209,7942.673796706907,13.820140996384566
heart_attack_binary,Heart Attack,LBDLDL,LDL Cholesterol (mg/dL),LBXSAPSI,Alkaline Phosphatase (U/L),Difference,2352,125.0,-0.5414768433659386,1.8415166564371485e-10,941.6126570538245,-0.5133849588708161,1.4626566093282655e-06,955.432798050209,0.28222249813982636,5.393165799986306e-05,966.9505119635503,7942.673796706907,13.820140996384566
high_cholesterol_binary,High Cholesterol,LBXSKSI,Potassium (mmol/L),LBXSAL,Albumin (g/dL),Ratio,5386,1760.0,0.1768201974814466,8.491601001710835e-10,6772.823621794867,0.1314140913871688,5.986286951167918e-06,6789.964843743807,-0.1416243533165566,1.0588172835251139e-06,6786.629548696013,1246.8994755073747,13.80592690114645
heart_attack_binary,Heart Attack,diastolic_bp,Diastolic BP (mmHg),LBXGLU,Fasting Glucose (mg/dL),Ratio,2309,118.0,-0.5901247678033106,9.764127720310385e-12,891.3858063778509,-0.27776054336943956,0.0009987540573917523,925.729249809574,0.35961305636494223,4.725190680519011e-10,905.0932407074758,48.39337231005419,13.707434329624903
arthritis_binary,Arthritis,LBXWBCSI,WBC Count (10^3/uL),LBXHSCRP,hs-CRP Inflammation (mg/L),Ratio,4892,1519.0,-0.2738678160497238,6.388873484025529e-11,6014.640739010223,0.04550962850467193,0.2794111343796739,6063.403565357457,0.18662949127937986,9.71761796165846e-09,6028.34603400906,152.10221310464175,13.705294998836507
heart_attack_binary,Heart Attack,LBXGLU,Fasting Glucose (mg/dL),LBDLDL,LDL Cholesterol (mg/dL),Ratio,2361,125.0,0.4022736058497056,5.672429291797691e-11,941.0289550301668,0.33584165425397866,4.634885624980568e-09,954.6673515963893,-0.5117386826015218,1.5159561726286198e-06,956.5142598469433,81.70900660996503,13.638396566222468
stroke_binary,Stroke,LBXTC,Total Cholesterol (mg/dL),LBXSAPSI,Alkaline Phosphatase (U/L),Ratio,4903,238.0,-0.5094060254442008,1.1721742174584237e-09,1865.9618825257958,-0.2505862141434288,0.0004286796756334632,1895.3472540710152,0.2830263047777023,6.438977747281707e-08,1879.5903658718107,54.93191755439795,13.628483346014946
high_cholesterol_binary,High Cholesterol,LBXSATSI,ALT Liver Enzyme (U/L),LBXSASSI,AST Liver Enzyme (U/L),Ratio,5371,1758.0,0.1263942462132666,9.91595190033674e-06,6776.352604425914,0.06814538023093192,0.016252308812821307,6789.975132532182,0.020548855139688484,0.47088896345353237,6795.2195511793325,1639.0064187654427,13.622528106267964
arthritis_binary,Arthritis,BMXBMI,Body Mass Index (kg/m2),LBXHGB,Hemoglobin (g/dL),Ratio,4939,1522.0,0.3155769615715822,5.989642159042491e-25,5995.675089253444,0.2964793252017877,3.1509475622920398e-22,6009.275664675687,-0.1808621574279934,4.278376541484369e-09,6070.202742068682,526.0660785110663,13.60057542224331
arthritis_binary,Arthritis,LBXSCA,Calcium (mg/dL),LBXTR,Triglycerides (mg/dL),Ratio,2374,753.0,-0.2507183727764897,4.4411337124647136e-07,2942.4969730710254,0.16673375179945826,0.00017414926354189877,2956.0140022948726,0.06785498873144095,0.11901443503372369,2967.7187346496034,392.12794483787445,13.517029223847203
diabetes_binary,Diabetes,LBXSNASI,Sodium (mmol/L),LBDLDL,LDL Cholesterol (mg/dL),Ratio,2796,402.0,0.3519162756175068,1.2767782751422903e-13,2252.2448320716967,-0.0577819365295784,0.28350746811756855,2305.415993389471,-0.37168937683474707,8.251707420502965e-10,2265.7566424716897,6462.913397851601,13.51181039999301
liver_condition_binary,Liver Condition,LBXPLTSI,Platelet Count (10^3/uL),LBXGH,"Glycohemoglobin (HbA1c, %)",Ratio,5000,273.0,-0.38668042458737595,1.8248368779549952e-08,2088.7617865990264,-0.29992152168317954,1.3054881405771681e-05,2102.2226104662377,0.1688837506838487,0.000590251918519085,2112.2545073339816,715.3999112732555,13.460823867211275
thyroid_binary,Thyroid Problem,LBXSCA,Calcium (mg/dL),LBXSAL,Albumin (g/dL),Ratio,4900,598.0,0.2317156683314949,4.607587338631463e-09,3606.9752572742177,0.09927709405469445,0.022335939915001057,3634.318123754455,-0.18724732290137863,1.051660012193362e-05,3620.408768433004,2282.452691402968,13.433511158786132
heart_attack_binary,Heart Attack,LBXSNASI,Sodium (mmol/L),LBXTR,Triglycerides (mg/dL),Ratio,2378,126.0,-0.41893248409349126,0.0005057268331580208,975.1935985422815,0.039303453411681726,0.6682589871789831,989.3275721753129,0.06886181100237475,0.2958438496937449,988.6218225886065,584.9874483549594,13.428224046324999
arthritis_binary,Arthritis,LBXSATSI,ALT Liver Enzyme (U/L),LBXIN,Insulin (uIU/mL),Ratio,2374,752.0,-0.2677958432871531,2.2613810076655043e-05,2945.9541925884723,-0.14121259838303504,0.004229488022079178,2959.7956374429273,0.13395215097212532,0.003711874751187426,2959.3192073698633,164.14194417504694,13.365014781390983
stroke_binary,Stroke,LBXSAPSI,Alkaline Phosphatase (U/L),LBXHGB,Hemoglobin (g/dL),Ratio,4904,239.0,0.33328563119578913,9.880308603238418e-12,1872.0421925459848,0.2839504492641196,5.5774651779254694e-08,1885.3637894490062,-0.29543894536176374,1.9286452967645574e-06,1892.6855208046825,5645.031346589086,13.321596903021373
high_cholesterol_binary,High Cholesterol,LBXSKSI,Potassium (mmol/L),LBXSATSI,ALT Liver Enzyme (U/L),Ratio,5385,1760.0,-0.17595293734916423,1.4153176568691185e-08,6776.004965078127,0.13100547269589152,6.40137929133397e-06,6789.302577417697,0.06721642879483776,0.017623204096202067,6804.097066048871,452.2927598808256,13.29761233957015
heart_attack_binary,Heart Attack,LBXSBU,BUN Kidney (mg/dL),LBDLDL,LDL Cholesterol (mg/dL),Ratio,2350,125.0,0.4427900921121383,6.471535134545553e-12,931.9340067201392,0.40660935490353234,3.084395499661962e-10,945.1676177997467,-0.5129867611338824,1.4928672360569235e-06,955.2563321018711,47.660955793892256,13.233611079607499
high_cholesterol_binary,High Cholesterol,LBXSCR,Creatinine Kidney (mg/dL),LBDHDD,HDL Cholesterol (mg/dL),Ratio,5384,1762.0,0.2861777735159155,2.5071975978302287e-13,6743.109388360148,0.2693831935904235,2.9653306107071824e-10,6756.327699422522,-0.1266763830227182,2.679997331321073e-05,6793.6736274972955,1182.7271266027974,13.218311062373687
thyroid_binary,Thyroid Problem,LBXHGB,Hemoglobin (g/dL),LBXGH,"Glycohemoglobin (HbA1c, %)",Ratio,5002,612.0,-0.3268966921527381,4.784628376214331e-15,3660.8615729579988,-0.28890693512514176,3.9563527639375456e-12,3674.0134309820223,0.12117947737402196,0.0013361391396406867,3711.8388673843847,826.8882038165461,13.151858024023568
heart_attack_binary,Heart Attack,LBDLDL,LDL Cholesterol (mg/dL),BMXWAIST,Waist Circumference (cm),Ratio,2240,110.0,-0.6444349159615249,9.086125681187052e-08,848.8488977663267,-0.4759553056118661,2.32008414766543e-05,861.9746369012128,0.32604912640621275,0.00037034529362784606,869.3368609969045,255.34361168580315,13.12573913488609
arthritis_binary,Arthritis,LBXSATSI,ALT Liver Enzyme (U/L),LBXSASSI,AST Liver Enzyme (U/L),Ratio,4888,1519.0,-0.18348311651430396,1.9837325014574428e-08,6029.409570425781,-0.15051585976581094,2.5043998888647826e-05,6042.528331376795,-0.046200537498016676,0.16137255452371724,6060.212490158059,1262.4685470570284,13.118760951014337
arthritis_binary,Arthritis,LBXSCA,Calcium (mg/dL),LBXHGB,Hemoglobin (g/dL),Difference,4897,1523.0,0.21725242602987008,2.4521729516970464e-12,6025.7622469979715,0.11444044977545201,0.00022302166833570647,6061.646439527931,-0.1858900257624025,1.7023200586582188e-09,6038.865509697536,694.2088067157393,13.103262699564766
arthritis_binary,Arthritis,LBXHGB,Hemoglobin (g/dL),LBXSCA,Calcium (mg/dL),Difference,4897,1523.0,-0.21725242602987008,2.4521729516970464e-12,6025.7622469979715,-0.1858900257624025,1.7023200586582188e-09,6038.865509697536,0.11444044977545201,0.00022302166833570647,6061.646439527931,694.2088067157393,13.103262699564766
diabetes_binary,Diabetes,LBXSKSI,Potassium (mmol/L),LBXSNASI,Sodium (mmol/L),Ratio,5895,799.0,0.3010318593298754,5.099858611161777e-16,4616.748244730668,0.2702544683966133,3.919715296966924e-13,4629.810096320443,-0.1174031862292837,0.0018947094800595913,4672.439640479575,768.5929347900079,13.06185158977496
stroke_binary,Stroke,LBXSATSI,ALT Liver Enzyme (U/L),systolic_bp,Systolic BP (mmHg),Difference,4674,223.0,-0.6065461907339375,5.541602216686801e-20,1716.0782325222222,-0.33532592039792225,0.0015469971144221916,1783.2009118958508,0.4903090640340372,7.74582582078412e-18,1729.0846661728103,139.77592612945023,13.006433650588178
stroke_binary,Stroke,systolic_bp,Systolic BP (mmHg),LBXSATSI,ALT Liver Enzyme (U/L),Difference,4674,223.0,0.6065461907339375,5.541602216686801e-20,1716.0782325222222,0.4903090640340372,7.74582582078412e-18,1729.0846661728103,-0.33532592039792225,0.0015469971144221916,1783.2009118958508,139.77592612945023,13.006433650588178
heart_attack_binary,Heart Attack,LBXTC,Total Cholesterol (mg/dL),LBXTR,Triglycerides (mg/dL),Ratio,2386,126.0,-0.7453963192083507,5.492389832897663e-08,952.2684401513877,-0.5070395708277661,1.7766349402178164e-06,965.2747688774714,0.06936644407049576,0.29094819687672646,989.4744339560277,32.34721121899141,13.006328726083666
stroke_binary,Stroke,LBXPLTSI,Platelet Count (10^3/uL),LBXSCR,Creatinine Kidney (mg/dL),Ratio,4905,239.0,-0.5595822827927389,4.393814612858473e-11,1864.0114670427706,-0.20410191879617737,0.004115650518277179,1905.8579460575029,0.23955701129368934,1.1775983331278206e-08,1876.9956038848554,268.0127490316924,12.984136842084808
high_cholesterol_binary,High Cholesterol,LBXPLTSI,Platelet Count (10^3/uL),LBXSUA,Uric Acid (mg/dL),Ratio,5383,1762.0,-0.2669194485912526,4.0810172215818963e-16,6739.372642099517,-0.16780388585154127,2.5673653450676543e-08,6779.121179584861,0.22165712744000898,2.2782058699132143e-14,6752.337844248625,55.82446106488444,12.965202149107427
high_cholesterol_binary,High Cholesterol,LBXSCA,Calcium (mg/dL),LBXPLTSI,Platelet Count (10^3/uL),Ratio,5383,1762.0,0.3102355721421275,9.895522138167291e-11,6766.21512651198,0.1040709187080572,0.000359266245274716,6798.223092484337,-0.16780388585154127,2.5673653450676543e-08,6779.121179584861,259.4471832027194,12.90605307288115
diabetes_binary,Diabetes,LBXHSCRP,hs-CRP Inflammation (mg/L),LBXPLTSI,Platelet Count (10^3/uL),Ratio,7240,801.0,0.29030843217027863,2.9431000035820005e-22,4939.034230410911,0.2690955972272006,1.1292463390001606e-20,4951.924943057611,-0.37284390468937656,1.1411172364018452e-18,4956.504658330871,38.369281968868634,12.890712646700194
stroke_binary,Stroke,LBXPLTSI,Platelet Count (10^3/uL),LBXGH,"Glycohemoglobin (HbA1c, %)",Ratio,5007,241.0,-0.37255969888812573,2.8654768272373205e-07,1908.5801962168098,-0.20001083965208466,0.004774452869821694,1928.174029931429,0.20909791300427946,2.0891254192345494e-05,1921.4007747980131,72.90672879908537,12.820578581203335
high_cholesterol_binary,High Cholesterol,LBXHGB,Hemoglobin (g/dL),LBXIN,Insulin (uIU/mL),Ratio,2581,864.0,-0.24075077284841326,8.371261449984844e-06,3271.146119573486,-0.01205383199659747,0.7724370664393927,3294.6622106535906,0.13809239690886302,0.0019383560390595605,3283.9468946843385,231.54885922993955,12.800775110852555
hypertension_binary,Hypertension,LBXSCA,Calcium (mg/dL),LBXHGB,Hemoglobin (g/dL),Ratio,5405,1899.0,0.15186811707099337,7.235580874567392e-08,6982.740504098921,0.1154543422639873,5.661273572987979e-05,6995.514918666297,-0.11248427650667725,7.702377085441654e-05,6996.185696407403,782.4214352833781,12.77441456737597
liver_condition_binary,Liver Condition,LBXPLTSI,Platelet Count (10^3/uL),LBXSUA,Uric Acid (mg/dL),Ratio,4896,269.0,-0.4407562415335723,6.034237571950665e-08,2053.9238111402233,-0.3097562498673294,7.895923775958241e-06,2066.6945623793426,0.218261106940529,0.00023871927166831727,2074.891304240289,130.85205349987166,12.770751239119363
arthritis_binary,Arthritis,LBXTR,Triglycerides (mg/dL),LBDLDL,LDL Cholesterol (mg/dL),Ratio,2361,748.0,0.2075477639681219,2.344805497368274e-06,2929.554649605693,0.1395162263522543,0.0012087456299649682,2942.286986040965,-0.06737695574275854,0.1322710343399584,2950.3458145784375,515.4993159652778,12.732336435271918
stroke_binary,Stroke,LBXSAPSI,Alkaline Phosphatase (U/L),LBXTC,Total Cholesterol (mg/dL),Difference,4903,238.0,0.40947990186566224,7.27516033680471e-11,1866.871858909395,0.2830263047777023,6.438977747281707e-08,1879.5903658718107,-0.2505862141434288,0.0004286796756334632,1895.3472540710152,885.0633455742834,12.718506962415631
stroke_binary,Stroke,LBXTC,Total Cholesterol (mg/dL),LBXSAPSI,Alkaline Phosphatase (U/L),Difference,4903,238.0,-0.40947990186566224,7.27516033680471e-11,1866.871858909395,-0.2505862141434288,0.0004286796756334632,1895.3472540710152,0.2830263047777023,6.438977747281707e-08,1879.5903658718107,885.0633455742834,12.718506962415631
high_cholesterol_binary,High Cholesterol,LBXPLTSI,Platelet Count (10^3/uL),LBXIN,Insulin (uIU/mL),Ratio,2581,864.0,-0.2637842469430028,7.961135097576619e-07,3266.11317491394,-0.17100579758286447,7.946226750903793e-05,3278.710859482082,0.13809239690886302,0.0019383560390595605,3283.9468946843385,99.81273591654832,12.597684568142085
stroke_binary,Stroke,BMXWAIST,Waist Circumference (cm),LBXSATSI,ALT Liver Enzyme (U/L),Difference,4650,210.0,0.3839199688997901,7.515704870114713e-07,1689.9672475154805,0.2139759569083982,0.001561412150318294,1705.587320641767,-0.34277471079439226,0.0017135589028590185,1702.5634280153222,2077.5325499103346,12.596180499841694
stroke_binary,Stroke,LBXSATSI,ALT Liver Enzyme (U/L),BMXWAIST,Waist Circumference (cm),Difference,4650,210.0,-0.3839199688997901,7.515704870114713e-07,1689.9672475154805,-0.34277471079439226,0.0017135589028590185,1702.5634280153222,0.2139759569083982,0.001561412150318294,1705.587320641767,2077.5325499103346,12.596180499841694
high_cholesterol_binary,High Cholesterol,LBXHGB,Hemoglobin (g/dL),LBXSASSI,AST Liver Enzyme (U/L),Ratio,5368,1757.0,-0.1057008038056556,0.00030992534721916473,6778.822001250537,-0.007657198477712707,0.7922673483527931,6791.844182908031,0.020335728383730246,0.47570394100256064,6791.41098520826,1534.898469166399,12.58898395772303
thyroid_binary,Thyroid Problem,LBXSATSI,ALT Liver Enzyme (U/L),LBXGH,"Glycohemoglobin (HbA1c, %)",Ratio,4897,599.0,-0.34900601644572876,1.120035495488107e-07,3606.387911533583,-0.26785405253558553,1.2176882732885206e-05,3618.955521321551,0.11985072965237642,0.001716961632878397,3633.6225806145267,108.7187217006776,12.56760978796774
hypertension_binary,Hypertension,LBXTC,Total Cholesterol (mg/dL),LBXIN,Insulin (uIU/mL),Ratio,2596,929.0,-0.2894915873553018,1.0168945740707605e-07,3355.9352582931297,0.026156812715532565,0.5219496625940038,3389.6880844854268,0.20835757201355012,3.0027239191007677e-05,3368.4664582130818,295.2836995757068,12.531199919952087
thyroid_binary,Thyroid Problem,LBXSUA,Uric Acid (mg/dL),LBXHSCRP,hs-CRP Inflammation (mg/L),Ratio,4887,596.0,-0.21327313315032523,8.065812916236498e-05,3610.4362742091544,-0.07616460155785322,0.08689858105305923,3625.277824619015,0.08601082905131745,0.014507583086349425,3622.933211769463,179.86510767123832,12.496937560308652
stroke_binary,Stroke,LBXHGB,Hemoglobin (g/dL),BMXWAIST,Waist Circumference (cm),Ratio,4756,214.0,-0.3865497545915224,1.3580341259110332e-07,1720.7874475167837,-0.27059055380548463,3.822003811935574e-05,1733.2837126984457,0.22111446498856768,0.0009531636871660963,1738.91181509884,281.43650730217064,12.496265181662011
diabetes_binary,Diabetes,LBXSCA,Calcium (mg/dL),LBXTC,Total Cholesterol (mg/dL),Ratio,5891,799.0,0.25838563199759274,7.578840199107693e-13,4630.9399803047745,-0.05994835890760494,0.11522240371338795,4678.404890013831,-0.2436114059110148,2.253930918737046e-09,4643.412943937305,2973.97868212397,12.472963632530082
arthritis_binary,Arthritis,LBXHSCRP,hs-CRP Inflammation (mg/L),LBXWBCSI,WBC Count (10^3/uL),Ratio,4892,1519.0,0.21341660835320106,2.7564728800066238e-11,6015.962821200946,0.18662949127937986,9.71761796165846e-09,6028.34603400906,0.04550962850467193,0.2794111343796739,6063.403565357457,352.538130599533,12.383212808113967
hypertension_binary,Hypertension,LBDHDD,HDL Cholesterol (mg/dL),LBXTR,Triglycerides (mg/dL),Ratio,2606,931.0,-0.2905630940862518,1.2713209204515855e-09,3360.036213026542,-0.023543658257858775,0.5667433525809582,3400.9615968143594,0.2550807657149843,1.1082697144955415e-06,3372.3845856986127,871.7466193365821,12.348372672070582
arthritis_binary,Arthritis,LBXSBU,BUN Kidney (mg/dL),LBXSAL,Albumin (g/dL),Difference,4900,1524.0,0.48700575932084067,1.1145918402599068e-45,5846.42264271372,0.4717808643119679,1.0551209089207991e-43,5858.730094092071,-0.26188006967478705,4.1198887868346316e-17,6007.25734046686,94.66433099624703,12.307451378351288
arthritis_binary,Arthritis,LBXSAL,Albumin (g/dL),LBXSBU,BUN Kidney (mg/dL),Difference,4900,1524.0,-0.48700575932084067,1.1145918402599068e-45,5846.42264271372,-0.26188006967478705,4.1198887868346316e-17,6007.25734046686,0.4717808643119679,1.0551209089207991e-43,5858.730094092071,94.66433099624703,12.307451378351288
diabetes_binary,Diabetes,LBXTR,Triglycerides (mg/dL),LBXPLTSI,Platelet Count (10^3/uL),Difference,2832,411.0,0.43903019074918903,9.789826071837967e-14,2282.7847994032472,0.38775536797461985,2.4208702042508608e-11,2295.0066830867527,-0.20524269636275302,0.00031464461165074106,2336.2471690724915,247.28429151717916,12.221883683505439
diabetes_binary,Diabetes,LBXPLTSI,Platelet Count (10^3/uL),LBXTR,Triglycerides (mg/dL),Difference,2832,411.0,-0.43903019074918903,9.789826071837967e-14,2282.7847994032472,-0.20524269636275302,0.00031464461165074106,2336.2471690724915,0.38775536797461985,2.4208702042508608e-11,2295.0066830867527,247.28429151717916,12.221883683505439
hypertension_binary,Hypertension,LBXWBCSI,WBC Count (10^3/uL),LBXTR,Triglycerides (mg/dL),Ratio,2606,931.0,-0.28223281864964467,8.902625323292612e-10,3360.204679246071,0.17933315246261403,1.6522303143409638e-05,3382.1621234142267,0.2550807657149843,1.1082697144955415e-06,3372.3845856986127,1244.8796554381454,12.179906452541672
stroke_binary,Stroke,LBXSBU,BUN Kidney (mg/dL),LBXSAL,Albumin (g/dL),Ratio,4906,239.0,0.40573164810811324,1.4285751032406626e-20,1838.1063526313853,0.39709121319976304,4.3436337221500005e-18,1850.2414401556434,-0.4221016062762147,3.76377990236661e-12,1868.8493731814078,304.0535784430689,12.135087524258097
high_cholesterol_binary,High Cholesterol,LBXSNASI,Sodium (mmol/L),LBXIN,Insulin (uIU/mL),Ratio,2578,863.0,-0.23818243196285002,1.1258317344536077e-05,3267.9264445614767,0.049535409661518204,0.23613067522908582,3289.521182970099,0.1388792808209066,0.0018587304687617784,3280.029494409033,165.09842562431083,12.103049847556122
liver_condition_binary,Liver Condition,LBXSAL,Albumin (g/dL),LBXTR,Triglycerides (mg/dL),Ratio,2376,132.0,-0.4104533161016635,0.00048001039553569643,1009.1250775396524,-0.08638660754823065,0.32644957190624213,1022.6335827592397,0.10092688531477854,0.08307364551519474,1021.1854830002978,173.0663466621045,12.060405460645484
arthritis_binary,Arthritis,diastolic_bp,Diastolic BP (mmHg),LBXSAPSI,Alkaline Phosphatase (U/L),Ratio,4668,1456.0,-0.24691613870153215,5.007764161091232e-13,5742.844059030847,-0.09949426093054893,0.0015611316367502718,5788.119763294166,0.2084846204705914,1.2522387975000283e-10,5754.893460562241,250.059459115414,12.049401531393414
diabetes_binary,Diabetes,LBXSUA,Uric Acid (mg/dL),LBXTR,Triglycerides (mg/dL),Ratio,2819,410.0,-0.5565129621975896,2.3678166622750483e-13,2275.7185504625763,0.2850762668151296,3.093568266199471e-08,2312.0479857651067,0.387211914192092,2.7763634985445826e-11,2287.7007913410234,117.25415834674438,11.9822408784471
thyroid_binary,Thyroid Problem,LBXSUA,Uric Acid (mg/dL),LBXTR,Triglycerides (mg/dL),Ratio,2375,305.0,-0.284919425753393,0.00012929175468691354,1808.4430882632482,-0.13457717612690942,0.03345993014400764,1820.4061043548213,0.0621101191510639,0.21940689678039638,1823.6686464258537,258.7939983105074,11.963016091573081
stroke_binary,Stroke,LBXGH,"Glycohemoglobin (HbA1c, %)",LBXHGB,Hemoglobin (g/dL),Ratio,5007,241.0,0.31321261069360046,1.8080486450237393e-10,1902.3389650870786,0.20909791300427946,2.0891254192345494e-05,1921.4007747980131,-0.2976940155071361,1.442622727912282e-06,1914.293505766565,7978.893332780549,11.9545406794864
stroke_binary,Stroke,LBXSKSI,Potassium (mmol/L),LBXTC,Total Cholesterol (mg/dL),Ratio,4902,238.0,0.30123825965411005,1.8373961888164567e-07,1883.3159995450355,0.10753740540932497,0.09844198164905639,1905.5224191371317,-0.25062292105246065,0.0004279004781996128,1895.24407337726,2328.8416554038968,11.928073832224527
hypertension_binary,Hypertension,LBXWBCSI,WBC Count (10^3/uL),LBDHDD,HDL Cholesterol (mg/dL),Ratio,5433,1905.0,0.31025995789377353,6.588782893341331e-07,7015.737879343946,0.26048559165930407,0.0003324663756498093,7027.660438458848,-0.08706926147947665,0.0027477437679273515,7034.3003673900275,504.59452228392905,11.92255911490247
diabetes_binary,Diabetes,LBXHGB,Hemoglobin (g/dL),BMXWAIST,Waist Circumference (cm),Difference,7010,750.0,-1.0172687039055825,2.5952543408288946e-110,4176.214226058328,-0.0034081540934401944,0.9297035357646111,4773.253978664623,1.0150176472932426,5.789921727367309e-108,4188.082727625986,223.0965048889225,11.868501567658313
diabetes_binary,Diabetes,BMXWAIST,Waist Circumference (cm),LBXHGB,Hemoglobin (g/dL),Difference,7010,750.0,1.0172687039055825,2.5952543408288946e-110,4176.214226058328,1.0150176472932426,5.789921727367309e-108,4188.082727625986,-0.0034081540934401944,0.9297035357646111,4773.253978664623,223.0965048889225,11.868501567658313
stroke_binary,Stroke,LBXSCA,Calcium (mg/dL),LBXGH,"Glycohemoglobin (HbA1c, %)",Ratio,4902,239.0,-0.3081518836745087,6.470321287263643e-08,1887.5825964754756,-0.013806756285298892,0.835191066175228,1914.1169143069853,0.20776339229130555,2.6838887236708405e-05,1899.4379410345873,414.79991557048027,11.8553445591117
heart_attack_binary,Heart Attack,diastolic_bp,Diastolic BP (mmHg),LBXTR,Triglycerides (mg/dL),Ratio,2269,117.0,-0.5615452700617225,2.1704719484667137e-05,903.5887568062828,-0.28154010679558966,0.0008587858701045621,915.4440256276939,0.06938968289861037,0.3051725718965792,924.8009278345744,39.56678042815684,11.855268821411073
heart_attack_binary,Heart Attack,LBXSNASI,Sodium (mmol/L),LBXTC,Total Cholesterol (mg/dL),Ratio,4903,243.0,0.4556893039088441,4.638436106380936e-16,1877.498423035779,-0.035160178206893745,0.5915462434302661,1937.6723925307517,-0.5014773510590501,2.3381041177771118e-11,1889.3331594307635,50407.16448719996,11.834736394984475
hypertension_binary,Hypertension,LBXTR,Triglycerides (mg/dL),LBDLDL,LDL Cholesterol (mg/dL),Ratio,2582,919.0,0.3185751505964534,7.880777325944125e-13,3309.0439178030983,0.2723111644081355,2.5874313743811207e-11,3320.867175586326,-0.06244062907770532,0.13234713758249142,3363.679372675211,32.832184787953565,11.823257783227746
diabetes_binary,Diabetes,systolic_bp,Systolic BP (mmHg),LBXSNASI,Sodium (mmol/L),Ratio,5603,763.0,0.4888450742216402,8.243738064535764e-43,4279.012312530276,0.4720733728607987,2.145279124712858e-40,4290.663080987349,-0.1189221306491717,0.002140944944705201,4454.171807342432,260.2313547469156,11.650768457072445
heart_attack_binary,Heart Attack,LBXSAL,Albumin (g/dL),LBXGLU,Fasting Glucose (mg/dL),Ratio,2380,126.0,-0.49837652368254276,3.319781517309588e-10,953.2485116801197,-0.11668079694693596,0.19115875935135807,988.0501113333976,0.324783667506717,2.0867706801244005e-08,964.8650586016365,62.85867516412821,11.616546921516829
high_cholesterol_binary,High Cholesterol,LBXSAPSI,Alkaline Phosphatase (U/L),LBXPLTSI,Platelet Count (10^3/uL),Ratio,5384,1761.0,0.22304462712520282,8.630262994084283e-10,6767.104215080268,0.10710430761828364,0.00019407719822373326,6796.3596460279605,-0.1672055654590212,2.873612501013046e-08,6778.70055609997,33.29692852909347,11.596341019701867
hypertension_binary,Hypertension,LBXSKSI,Potassium (mmol/L),LBXSBU,BUN Kidney (mg/dL),Difference,5405,1899.0,-0.6674750690998668,1.3828298341827305e-79,6571.245130682849,-0.0005881461359705735,0.9835331569920541,7011.831089271065,0.6572768555925443,1.085061342620242e-77,6582.816588084585,78.46672929656067,11.571457401736552
hypertension_binary,Hypertension,LBXSBU,BUN Kidney (mg/dL),LBXSKSI,Potassium (mmol/L),Difference,5405,1899.0,0.6674750690998668,1.3828298341827305e-79,6571.245130682849,0.6572768555925443,1.085061342620242e-77,6582.816588084585,-0.0005881461359705735,0.9835331569920541,7011.831089271065,78.46672929656067,11.571457401736552
heart_attack_binary,Heart Attack,LBDHDD,HDL Cholesterol (mg/dL),BMXWAIST,Waist Circumference (cm),Ratio,4668,217.0,-0.5296705388853413,6.990243199296466e-09,1719.4497305246202,-0.3813708128747472,5.0432516093864916e-06,1736.2000783123685,0.35451847003055015,5.1074804964728827e-08,1730.951113170297,7.3065848366862625,11.501382645676813
thyroid_binary,Thyroid Problem,LBXSASSI,AST Liver Enzyme (U/L),LBXHSCRP,hs-CRP Inflammation (mg/L),Ratio,4875,595.0,-0.22359056477971484,0.0002233554211458611,3604.5481033737615,-0.11796356760082882,0.03636295407454041,3616.015958305081,0.08519788362004035,0.015714017044380725,3615.9866950930727,70.35431226054176,11.438591719311262
thyroid_binary,Thyroid Problem,LBXSCR,Creatinine Kidney (mg/dL),LBXTR,Triglycerides (mg/dL),Ratio,2377,306.0,-0.26992426965154753,0.0008314666579573099,1816.3963904022407,-0.10188824615001887,0.2651753846664795,1827.8276209043577,0.06071327732071957,0.2306746771996352,1828.110037810065,277.4310611159573,11.431230502116932
stroke_binary,Stroke,LBXSCR,Creatinine Kidney (mg/dL),LBDLDL,LDL Cholesterol (mg/dL),Ratio,2356,111.0,0.5034284476103943,4.3386904437654705e-10,850.3549165502257,0.44653386960732,8.02766096718127e-06,861.784589768751,-0.28772026679372387,0.006776325287596371,891.183214354784,18502.497634318916,11.429673218525295
hypertension_binary,Hypertension,LBXHGB,Hemoglobin (g/dL),BMXWAIST,Waist Circumference (cm),Difference,5253,1812.0,-0.6667841598803953,9.265962552613483e-95,6291.434633042888,-0.07613654299581295,0.008547993356685128,6765.70292855554,0.6581049396481425,7.728388550837389e-93,6302.861310537435,83.40621394652175,11.42667749454722
hypertension_binary,Hypertension,BMXWAIST,Waist Circumference (cm),LBXHGB,Hemoglobin (g/dL),Difference,5253,1812.0,0.6667841598803953,9.265962552613483e-95,6291.434633042888,0.6581049396481425,7.728388550837389e-93,6302.861310537435,-0.07613654299581295,0.008547993356685128,6765.70292855554,83.40621394652175,11.42667749454722
high_cholesterol_binary,High Cholesterol,LBXSCA,Calcium (mg/dL),LBXIN,Insulin (uIU/mL),Ratio,2575,863.0,-0.23349482772776037,1.63518199880219e-05,3266.341184094066,0.10032008414016683,0.016604171210611092,3282.7225084346983,0.13810039314672232,0.0019594507011793986,3277.702551365677,119.83074071355624,11.361367271611016
stroke_binary,Stroke,LBXSAPSI,Alkaline Phosphatase (U/L),LBDLDL,LDL Cholesterol (mg/dL),Ratio,2356,111.0,0.42097792399520845,3.275342691555213e-11,859.2192442872866,0.3975254581709674,1.1866544517333591e-08,870.5638349120003,-0.28772026679372387,0.006776325287596371,891.183214354784,362.29932666065747,11.344590624713646
hypertension_binary,Hypertension,LBXHGB,Hemoglobin (g/dL),LBXSCA,Calcium (mg/dL),Ratio,5405,1899.0,-0.14991731675162107,1.5656645581557556e-07,6984.1724313390505,-0.11248427650667725,7.702377085441654e-05,6996.185696407403,0.1154543422639873,5.661273572987979e-05,6995.514918666297,361.5891758868558,11.34248732724609
high_cholesterol_binary,High Cholesterol,LBXPLTSI,Platelet Count (10^3/uL),LBXSKSI,Potassium (mmol/L),Ratio,5383,1759.0,-0.1958763007456024,1.0163654125846168e-10,6763.515031552171,-0.16776846488277058,2.6271849088311725e-08,6774.836463462451,0.132016151609385,5.463269698908616e-06,6785.9687255350245,258.4882244418612,11.321431910279898
arthritis_binary,Arthritis,LBXSAPSI,Alkaline Phosphatase (U/L),diastolic_bp,Diastolic BP (mmHg),Difference,4668,1456.0,0.23485370812223924,5.191604944155023e-13,5743.59354621535,0.2084846204705914,1.2522387975000283e-10,5754.893460562241,-0.09949426093054893,0.0015611316367502718,5788.119763294166,241.2045621672087,11.299914346890546
arthritis_binary,Arthritis,diastolic_bp,Diastolic BP (mmHg),LBXSAPSI,Alkaline Phosphatase (U/L),Difference,4668,1456.0,-0.23485370812223924,5.191604944155023e-13,5743.59354621535,-0.09949426093054893,0.0015611316367502718,5788.119763294166,0.2084846204705914,1.2522387975000283e-10,5754.893460562241,241.2045621672087,11.299914346890546
liver_condition_binary,Liver Condition,LBXSCA,Calcium (mg/dL),LBXTR,Triglycerides (mg/dL),Ratio,2373,132.0,-0.39693851046192613,0.0006626225079999055,1009.6054842529593,-0.010336181193257445,0.9081941689334668,1023.2286292340966,0.10056873504589972,0.08451096274858243,1020.8646199437219,127.54013292375889,11.259135690762605
heart_attack_binary,Heart Attack,LBXSATSI,ALT Liver Enzyme (U/L),LBXHSCRP,hs-CRP Inflammation (mg/L),Ratio,4892,243.0,-0.34424376283848074,0.0019508009921120708,1924.2522519966599,-0.08316897898719494,0.26944058783949354,1935.507583396793,0.041858951294175537,0.4568859314539624,1936.3408203951692,138.11792639482857,11.255331400133173
high_cholesterol_binary,High Cholesterol,LBXTR,Triglycerides (mg/dL),LBXPLTSI,Platelet Count (10^3/uL),Ratio,2589,865.0,0.7062308118246052,1.5090821693815818e-25,3164.6139778529073,0.6387997921868626,1.0889795641898092e-23,3175.8083302584573,-0.16425026955446653,0.00014834798292518263,3287.815860952658,72.16171433766726,11.194352405550035
liver_condition_binary,Liver Condition,BMXBMI,Body Mass Index (kg/m2),LBXTR,Triglycerides (mg/dL),Ratio,2343,128.0,-0.4125348297286164,0.0007201233553559796,983.4593186912103,-0.0175767441101188,0.8482974353385573,997.071707081988,0.10362937253053146,0.07699851857524728,994.614816156944,106.92406794275475,11.155497465733674
diabetes_binary,Diabetes,systolic_bp,Systolic BP (mmHg),LBXSNASI,Sodium (mmol/L),Difference,5603,763.0,0.488656329811246,1.1485811200385188e-42,4279.522914476425,0.4720733728607987,2.145279124712858e-40,4290.663080987349,-0.1189221306491717,0.002140944944705201,4454.171807342432,186.77645725544522,11.140166510923336
diabetes_binary,Diabetes,LBXSNASI,Sodium (mmol/L),systolic_bp,Systolic BP (mmHg),Difference,5603,763.0,-0.488656329811246,1.1485811200385188e-42,4279.522914476425,-0.1189221306491717,0.002140944944705201,4454.171807342432,0.4720733728607987,2.145279124712858e-40,4290.663080987349,186.77645725544522,11.140166510923336
heart_attack_binary,Heart Attack,LBDLDL,LDL Cholesterol (mg/dL),BMXWAIST,Waist Circumference (cm),Difference,2240,110.0,-0.5795850593004223,7.724332851398032e-08,850.8361797432851,-0.4759553056118661,2.32008414766543e-05,861.9746369012128,0.32604912640621275,0.00037034529362784606,869.3368609969045,300.36045731062933,11.138457157927633
heart_attack_binary,Heart Attack,BMXWAIST,Waist Circumference (cm),LBDLDL,LDL Cholesterol (mg/dL),Difference,2240,110.0,0.5795850593004223,7.724332851398032e-08,850.8361797432851,0.32604912640621275,0.00037034529362784606,869.3368609969045,-0.4759553056118661,2.32008414766543e-05,861.9746369012128,300.36045731062933,11.138457157927633
heart_attack_binary,Heart Attack,LBXSNASI,Sodium (mmol/L),LBXHSCRP,hs-CRP Inflammation (mg/L),Ratio,4894,243.0,-0.27482177191768153,0.0018475912890295622,1925.4220523545387,-0.03792369624541059,0.5627348061676272,1936.7096568541108,0.041909082164255027,0.45623734303169106,1936.5432097429757,246.93629253433392,11.121157388437041
stroke_binary,Stroke,LBXWBCSI,WBC Count (10^3/uL),LBDLDL,LDL Cholesterol (mg/dL),Ratio,2365,111.0,0.3189369713568071,2.135770157524331e-06,880.9826875001006,0.16656461644156156,0.0338332454954836,895.8755288794957,-0.286885349533942,0.006876745942167377,892.0830468253316,3219.796810972641,11.100359325231011
arthritis_binary,Arthritis,LBXHGB,Hemoglobin (g/dL),LBXHSCRP,hs-CRP Inflammation (mg/L),Difference,4892,1519.0,-0.2151390805444083,9.157946350753326e-11,6017.297628226719,-0.18711549409168513,1.3818051530140012e-09,6028.3583273005825,0.18662949127937986,9.71761796165846e-09,6028.34603400906,15.08859191886765,11.048405782340524
arthritis_binary,Arthritis,LBXHSCRP,hs-CRP Inflammation (mg/L),LBXHGB,Hemoglobin (g/dL),Difference,4892,1519.0,0.2151390805444083,9.157946350753326e-11,6017.297628226719,0.18662949127937986,9.71761796165846e-09,6028.34603400906,-0.18711549409168513,1.3818051530140012e-09,6028.3583273005825,15.08859191886765,11.048405782340524
heart_attack_binary,Heart Attack,LBXHGB,Hemoglobin (g/dL),LBXHSCRP,hs-CRP Inflammation (mg/L),Ratio,4896,243.0,-0.2722350786747635,0.0020898690360453285,1925.89493066846,0.0021755814358927006,0.9736398803962715,1937.2462259610625,0.04201168660111536,0.45492054305342444,1936.744096023096,217.67897184326597,10.84916535463617
arthritis_binary,Arthritis,LBXSKSI,Potassium (mmol/L),LBXHGB,Hemoglobin (g/dL),Difference,4897,1524.0,0.2109091483235488,8.319821936083446e-12,6029.908619630114,0.12365690915739881,5.916864098083808e-05,6060.787757819591,-0.18517825020747755,1.947776331146664e-09,6040.721167735943,234.11274256953376,10.812548105828682
arthritis_binary,Arthritis,LBXHGB,Hemoglobin (g/dL),LBXSKSI,Potassium (mmol/L),Difference,4897,1524.0,-0.2109091483235488,8.319821936083446e-12,6029.908619630114,-0.18517825020747755,1.947776331146664e-09,6040.721167735943,0.12365690915739881,5.916864098083808e-05,6060.787757819591,234.11274256953376,10.812548105828682
arthritis_binary,Arthritis,LBXSUA,Uric Acid (mg/dL),LBXSATSI,ALT Liver Enzyme (U/L),Ratio,4899,1524.0,0.1878267444267456,6.026920291977716e-10,6039.822421836028,0.1616469506739938,1.3412332177948984e-07,6050.633864873696,-0.1463409422154447,3.742421882160794e-05,6059.592362260658,222.5403942342129,10.811443037668141
arthritis_binary,Arthritis,LBXSATSI,ALT Liver Enzyme (U/L),LBXIN,Insulin (uIU/mL),Difference,2374,752.0,-0.20729855777030473,3.2336930650479996e-05,2948.520079906146,-0.14121259838303504,0.004229488022079178,2959.7956374429273,0.13395215097212532,0.003711874751187426,2959.3192073698633,114.78747909960738,10.799127463717468
arthritis_binary,Arthritis,LBXIN,Insulin (uIU/mL),LBXSATSI,ALT Liver Enzyme (U/L),Difference,2374,752.0,0.20729855777030473,3.2336930650479996e-05,2948.520079906146,0.13395215097212532,0.003711874751187426,2959.3192073698633,-0.14121259838303504,0.004229488022079178,2959.7956374429273,114.78747909960738,10.799127463717468
heart_attack_binary,Heart Attack,LBDHDD,HDL Cholesterol (mg/dL),BMXWAIST,Waist Circumference (cm),Difference,4668,217.0,-0.45336417316328365,7.98271499363066e-10,1720.1822660582516,-0.3813708128747472,5.0432516093864916e-06,1736.2000783123685,0.35451847003055015,5.1074804964728827e-08,1730.951113170297,63.9817468185711,10.768847112045478
heart_attack_binary,Heart Attack,BMXWAIST,Waist Circumference (cm),LBDHDD,HDL Cholesterol (mg/dL),Difference,4668,217.0,0.45336417316328365,7.98271499363066e-10,1720.1822660582516,0.35451847003055015,5.1074804964728827e-08,1730.951113170297,-0.3813708128747472,5.0432516093864916e-06,1736.2000783123685,63.9817468185711,10.768847112045478
stroke_binary,Stroke,LBXTC,Total Cholesterol (mg/dL),BMXWAIST,Waist Circumference (cm),Ratio,4671,210.0,-0.3431357500719133,1.0723351974416911e-05,1696.5685666127138,-0.23269353658732503,0.001998113144915143,1707.3059669140507,0.21594891137960656,0.001400501850390304,1707.332423065438,130.60299183795624,10.737400301336947
hypertension_binary,Hypertension,diastolic_bp,Diastolic BP (mmHg),LBXHGB,Hemoglobin (g/dL),Difference,5274,1859.0,0.2771361813054442,1.251101673100425e-19,6763.029302503355,0.25873952742027684,1.8093309022985625e-17,6773.680347124237,-0.10283704354237207,0.00035091710337376415,6836.560636462589,144.619013881962,10.651044620882203
hypertension_binary,Hypertension,LBXHGB,Hemoglobin (g/dL),diastolic_bp,Diastolic BP (mmHg),Difference,5274,1859.0,-0.2771361813054442,1.251101673100425e-19,6763.029302503355,-0.10283704354237207,0.00035091710337376415,6836.560636462589,0.25873952742027684,1.8093309022985625e-17,6773.680347124237,144.619013881962,10.651044620882203
heart_attack_binary,Heart Attack,LBXSNASI,Sodium (mmol/L),LBXGLU,Fasting Glucose (mg/dL),Ratio,2380,126.0,-0.4766015028958637,3.153672404226263e-10,954.2193390561845,0.03847861662484024,0.6748084431237236,989.5528681705907,0.324783667506717,2.0867706801244005e-08,964.8650586016365,66.16954498279217,10.645719545452039
high_cholesterol_binary,High Cholesterol,LBXSCA,Calcium (mg/dL),LBXSCR,Creatinine Kidney (mg/dL),Ratio,5386,1763.0,-0.2436925762144261,1.912921850608189e-15,6748.933486812849,0.10530668726403032,0.00030457658321124485,6801.730944203903,0.2686091050014717,3.205309569579432e-10,6759.569608719699,167560.92615912904,10.636121906850349
arthritis_binary,Arthritis,LBXSKSI,Potassium (mmol/L),LBXSCR,Creatinine Kidney (mg/dL),Ratio,4899,1524.0,-0.19971672136472418,5.772357247210493e-10,6038.721895161807,0.1258832497892235,4.342055436294665e-05,6061.689366770376,0.1802140918807156,2.617406427311817e-06,6049.35307254035,4534.380522925336,10.631177378542816
liver_condition_binary,Liver Condition,diastolic_bp,Diastolic BP (mmHg),LBXTR,Triglycerides (mg/dL),Ratio,2266,126.0,-0.3917180076556788,0.0008460354004918106,964.0546998806142,-0.08794918169151539,0.32317113737305114,976.0559107697898,0.10201008643898764,0.08450717215481042,974.6392960180202,99.88609472568805,10.584596137406038
arthritis_binary,Arthritis,LBXHSCRP,hs-CRP Inflammation (mg/L),LBXSATSI,ALT Liver Enzyme (U/L),Difference,4888,1517.0,0.23328825458377206,7.033986973328625e-11,6011.424038895028,0.1872078696505453,9.028605235208384e-09,6022.002694908839,-0.1543482828709479,1.6762215263799888e-05,6038.436063662248,128.35686601983946,10.57865601381036
arthritis_binary,Arthritis,LBXSATSI,ALT Liver Enzyme (U/L),LBXHSCRP,hs-CRP Inflammation (mg/L),Difference,4888,1517.0,-0.23328825458377206,7.033986973328625e-11,6011.424038895028,-0.1543482828709479,1.6762215263799888e-05,6038.436063662248,0.1872078696505453,9.028605235208384e-09,6022.002694908839,128.35686601983946,10.57865601381036
stroke_binary,Stroke,BMXWAIST,Waist Circumference (cm),LBXHGB,Hemoglobin (g/dL),Ratio,4756,214.0,0.3213421675557086,4.80837563832359e-08,1722.7287382838736,0.22111446498856768,0.0009531636871660963,1738.91181509884,-0.27059055380548463,3.822003811935574e-05,1733.2837126984457,794.8638166855225,10.554974414572143
arthritis_binary,Arthritis,LBXTR,Triglycerides (mg/dL),LBXSATSI,ALT Liver Enzyme (U/L),Ratio,2375,753.0,0.18785532053373188,1.367011231424911e-05,2951.7917265048363,0.09813422960217852,0.022051449320012358,2965.729209836514,-0.1391152328286011,0.0047388990316202,2962.328971848758,346.66130918914143,10.537245343921768
liver_condition_binary,Liver Condition,LBXWBCSI,WBC Count (10^3/uL),LBXTR,Triglycerides (mg/dL),Ratio,2384,132.0,-0.3841534762043263,0.000920333631452851,1011.5494230364566,0.0152323648790843,0.8628411993145134,1024.46853065328,0.10132601330984935,0.08132112088133885,1022.0713071524082,88.36047939806811,10.521884115951593
liver_condition_binary,Liver Condition,LBXSNASI,Sodium (mmol/L),LBXTR,Triglycerides (mg/dL),Ratio,2376,132.0,-0.41043901797852145,0.0004650696204446435,1009.1203920456185,-0.1777999288608652,0.045685763772077934,1019.6092308526868,0.10092688531477854,0.08307364551519474,1021.1854830002978,98.2342465809715,10.488838807068305
stroke_binary,Stroke,LBXSAL,Albumin (g/dL),LBXSCA,Calcium (mg/dL),Ratio,4906,239.0,-0.46610938436765087,1.228619271027402e-14,1858.3689211699118,-0.4221016062762147,3.76377990236661e-12,1868.8493731814078,-0.014257714216364082,0.8298872765051626,1914.51374541527,306.34224866253675,10.480452011496027
stroke_binary,Stroke,LBDLDL,LDL Cholesterol (mg/dL),LBXTC,Total Cholesterol (mg/dL),Ratio,2365,111.0,-0.3836586281967046,1.0356829760813807e-05,881.6082537281411,-0.286885349533942,0.006876745942167377,892.0830468253316,-0.17645405620644558,0.08508310469856993,896.7369929969899,663.9817493366835,10.474793097190513
hypertension_binary,Hypertension,LBXSAPSI,Alkaline Phosphatase (U/L),LBXPLTSI,Platelet Count (10^3/uL),Difference,5406,1899.0,0.18692938390877215,1.7942020307413858e-10,6970.989719437752,0.15918385553462078,3.692499932551527e-08,6981.450508192728,-0.1283757532010225,1.0985772803943564e-05,6992.998670756222,205.80179206606635,10.46078875497642
hypertension_binary,Hypertension,LBXPLTSI,Platelet Count (10^3/uL),LBXSAPSI,Alkaline Phosphatase (U/L),Difference,5406,1899.0,-0.18692938390877215,1.7942020307413858e-10,6970.989719437752,-0.1283757532010225,1.0985772803943564e-05,6992.998670756222,0.15918385553462078,3.692499932551527e-08,6981.450508192728,205.80179206606635,10.46078875497642
hypertension_binary,Hypertension,LBXHGB,Hemoglobin (g/dL),LBXWBCSI,WBC Count (10^3/uL),Ratio,5540,1942.0,-0.1503707025477147,2.5909113928620717e-07,7154.147401848703,-0.10887815794686789,0.00010746278885760021,7166.403936728822,0.2659260679894491,0.00019605107340758964,7164.604385993293,414.76829023817197,10.456984144590024
stroke_binary,Stroke,LBXSATSI,ALT Liver Enzyme (U/L),LBXGH,"Glycohemoglobin (HbA1c, %)",Ratio,4903,239.0,-0.5040854277277081,1.356739289240076e-05,1888.263352517767,-0.3588260132136505,0.0005633413052840699,1898.7200727732982,0.20784766704451188,2.6564664592722565e-05,1899.522711208377,1.9579785743215055,10.456720255531081
high_cholesterol_binary,High Cholesterol,LBXSAL,Albumin (g/dL),LBXSKSI,Potassium (mmol/L),Ratio,5386,1760.0,-0.17155152400038298,5.841992373637385e-09,6776.176504592557,-0.1416243533165566,1.0588172835251139e-06,6786.629548696013,0.1314140913871688,5.986286951167918e-06,6789.964843743807,181.24249670423058,10.453044103456705
arthritis_binary,Arthritis,LBXSKSI,Potassium (mmol/L),LBXHGB,Hemoglobin (g/dL),Ratio,4897,1524.0,0.2065151453149657,9.389315722088605e-12,6030.30793405598,0.12365690915739881,5.916864098083808e-05,6060.787757819591,-0.18517825020747755,1.947776331146664e-09,6040.721167735943,207.44603640971093,10.413233679963014
high_cholesterol_binary,High Cholesterol,LBXHGB,Hemoglobin (g/dL),LBXSCR,Creatinine Kidney (mg/dL),Ratio,5385,1762.0,-0.2420466411447574,1.4467608393649377e-15,6746.595008411124,-0.006461563331296126,0.8238794199128106,6812.547506501665,0.26990607103137987,2.8314189401786616e-10,6756.976759199439,195707.4633995157,10.381750788315003
heart_attack_binary,Heart Attack,LBXSCA,Calcium (mg/dL),LBXHSCRP,hs-CRP Inflammation (mg/L),Ratio,4891,243.0,-0.2650536890557229,0.002551071182442611,1925.8626195225795,0.03134039638018986,0.6333216001835857,1936.5107038829028,0.041718318243250625,0.45865187488781967,1936.242638334738,179.7879565432853,10.380018812158596
stroke_binary,Stroke,LBXHSCRP,hs-CRP Inflammation (mg/L),LBXSATSI,ALT Liver Enzyme (U/L),Difference,4894,237.0,0.36026844554637155,2.0226266123709996e-07,1874.8617889953962,0.15546390597622936,0.00013188576157584816,1889.9075184036424,-0.37068331769621926,0.000435072038309491,1885.2370310387632,652.0519445813416,10.375242043367052
stroke_binary,Stroke,LBXSATSI,ALT Liver Enzyme (U/L),LBXHSCRP,hs-CRP Inflammation (mg/L),Difference,4894,237.0,-0.36026844554637155,2.0226266123709996e-07,1874.8617889953962,-0.37068331769621926,0.000435072038309491,1885.2370310387632,0.15546390597622936,0.00013188576157584816,1889.9075184036424,652.0519445813416,10.375242043367052
thyroid_binary,Thyroid Problem,diastolic_bp,Diastolic BP (mmHg),LBXGH,"Glycohemoglobin (HbA1c, %)",Ratio,4768,581.0,-0.19683280434275796,5.033417726220756e-06,3517.5681158024845,-0.13802355341953995,0.0012751630305104652,3527.909901485549,0.09480243283827247,0.01713726924097691,3532.7589101215726,253.33940075502068,10.3417856830647
hypertension_binary,Hypertension,LBXTR,Triglycerides (mg/dL),LBXHGB,Hemoglobin (g/dL),Ratio,2606,931.0,0.2906473291482923,9.26729579100056e-09,3362.0675608155907,0.2550807657149843,1.1082697144955415e-06,3372.3845856986127,-0.1114807359157643,0.006294508259548299,3393.8221948683777,119.58933215143283,10.317024883021986
heart_attack_binary,Heart Attack,BMXWAIST,Waist Circumference (cm),LBDLDL,LDL Cholesterol (mg/dL),Ratio,2240,110.0,0.3904013211841847,4.573252877438676e-09,851.6965905955801,0.32604912640621275,0.00037034529362784606,869.3368609969045,-0.4759553056118661,2.32008414766543e-05,861.9746369012128,5073.159542764734,10.278046305632643
stroke_binary,Stroke,LBXSAL,Albumin (g/dL),LBXGH,"Glycohemoglobin (HbA1c, %)",Ratio,4905,239.0,-0.4551595961313377,1.0688524303244806e-14,1858.6571115320762,-0.4217796349825228,3.919131968289133e-12,1868.8244383834567,0.2079757054575372,2.6135657883104916e-05,1899.6987056539156,366.6672645445891,10.167326851380494
arthritis_binary,Arthritis,systolic_bp,Systolic BP (mmHg),LBXHGB,Hemoglobin (g/dL),Difference,4777,1487.0,0.4276229265482778,1.8445954540141176e-41,5738.930565836923,0.41605781575612766,1.8955030608253434e-39,5749.087966886795,-0.18843167417882767,1.6246339523472327e-09,5892.083862842004,102.75982501748246,10.157401049871623
arthritis_binary,Arthritis,LBXHGB,Hemoglobin (g/dL),systolic_bp,Systolic BP (mmHg),Difference,4777,1487.0,-0.4276229265482778,1.8445954540141176e-41,5738.930565836923,-0.18843167417882767,1.6246339523472327e-09,5892.083862842004,0.41605781575612766,1.8955030608253434e-39,5749.087966886795,102.75982501748246,10.157401049871623
thyroid_binary,Thyroid Problem,LBXSCA,Calcium (mg/dL),LBXTR,Triglycerides (mg/dL),Ratio,2375,305.0,-0.2325830231862986,0.0011495948243478652,1813.3593678382126,0.07592440166338539,0.21443000883797136,1823.4888328788038,0.0621101191510639,0.21940689678039638,1823.6686464258537,186.52659554170475,10.129465040591185
hypertension_binary,Hypertension,LBXSKSI,Potassium (mmol/L),LBXSAPSI,Alkaline Phosphatase (U/L),Ratio,5407,1899.0,-0.19175263108910556,4.0051575519802605e-10,6972.301013418038,-0.0006871145077274305,0.9807609330929934,7013.561927666399,0.15894106732799596,3.8517870155557805e-08,6982.40352489219,96.17067407626325,10.10251147415238
diabetes_binary,Diabetes,LBXSNASI,Sodium (mmol/L),LBXSATSI,ALT Liver Enzyme (U/L),Ratio,5898,800.0,-0.18042627228031372,1.4361436261035462e-05,4666.732758671026,-0.11873314883238041,0.0016705150236749902,4676.788026222956,0.06998559913124759,0.036955133707054985,4682.578345314548,116.31949571835831,10.055267551930228
diabetes_binary,Diabetes,diastolic_bp,Diastolic BP (mmHg),LBXTC,Total Cholesterol (mg/dL),Difference,6160,768.0,0.21336834206446012,1.929635776455086e-07,4609.776688252448,0.09921671490776694,0.013653083081255,4631.764372996109,-0.17018250088068365,2.775787643597018e-05,4619.825695174026,143.8503409537933,10.04900692157753
diabetes_binary,Diabetes,LBXTC,Total Cholesterol (mg/dL),diastolic_bp,Diastolic BP (mmHg),Difference,6160,768.0,-0.21336834206446012,1.929635776455086e-07,4609.776688252448,-0.17018250088068365,2.775787643597018e-05,4619.825695174026,0.09921671490776694,0.013653083081255,4631.764372996109,143.8503409537933,10.04900692157753
liver_condition_binary,Liver Condition,LBXSASSI,AST Liver Enzyme (U/L),LBXPLTSI,Platelet Count (10^3/uL),Ratio,4884,268.0,0.29472814795153046,1.8783218478817166e-13,2026.3747974514195,0.27593506827440534,9.082960576038806e-13,2036.4176584671654,-0.30909614563932425,8.520569857712635e-06,2059.8073040772024,4.835678500083542,10.042861015745984
thyroid_binary,Thyroid Problem,LBXSASSI,AST Liver Enzyme (U/L),systolic_bp,Systolic BP (mmHg),Difference,4657,567.0,-0.32795979654596485,3.6815569595273816e-13,3401.392448416478,-0.1526185795201095,0.012646162210717862,3446.344895812712,0.27503485607847067,2.562214795862306e-11,3411.4294028577433,69.59595692881061,10.036954441265152
thyroid_binary,Thyroid Problem,systolic_bp,Systolic BP (mmHg),LBXSASSI,AST Liver Enzyme (U/L),Difference,4657,567.0,0.32795979654596485,3.6815569595273816e-13,3401.392448416478,0.27503485607847067,2.562214795862306e-11,3411.4294028577433,-0.1526185795201095,0.012646162210717862,3446.344895812712,69.59595692881061,10.036954441265152
stroke_binary,Stroke,LBXSNASI,Sodium (mmol/L),LBXGH,"Glycohemoglobin (HbA1c, %)",Ratio,4905,239.0,-0.2943086991414711,1.572626855615561e-07,1889.684305397955,0.1184409580129694,0.07777540522848016,1911.3250578153597,0.2079757054575372,2.6135657883104916e-05,1899.6987056539156,166.19109479009146,10.014400255960481
thyroid_binary,Thyroid Problem,LBXSUA,Uric Acid (mg/dL),LBXGLU,Fasting Glucose (mg/dL),Ratio,2377,305.0,-0.24225367229270794,0.000161603377617825,1810.878529535574,-0.13558711382274852,0.03217056619274081,1820.8863521287506,0.09987951314162319,0.06444801309694614,1822.417520853797,199.0711250405967,10.00782259317657
heart_attack_binary,Heart Attack,LBXGH,"Glycohemoglobin (HbA1c, %)",LBDLDL,LDL Cholesterol (mg/dL),Ratio,2359,125.0,0.4558704579592148,7.529051443208368e-12,936.4340417653091,0.3903301581487389,4.7664629147401986e-11,946.4395136254149,-0.5127439862104922,1.4489068451929208e-06,956.2004747068454,6.3307615184909105,10.005471860105786
arthritis_binary,Arthritis,LBXSNASI,Sodium (mmol/L),systolic_bp,Systolic BP (mmHg),Ratio,4670,1457.0,-0.45033830484464776,2.7748740319702075e-41,5609.315824810581,-0.011660204991969457,0.7119008217154023,5801.059595417274,0.42365209373443796,7.840693261293174e-40,5619.302850964861,28.256033142254566,9.987026154280102
high_cholesterol_binary,High Cholesterol,LBXTR,Triglycerides (mg/dL),LBXHGB,Hemoglobin (g/dL),Ratio,2589,865.0,0.6253433520580024,2.0775060576903113e-25,3165.855006340712,0.6387997921868626,1.0889795641898092e-23,3175.8083302584573,-0.017150831688583276,0.6803003933743166,3302.466348240818,52.41763604773761,9.953323917745365
thyroid_binary,Thyroid Problem,LBXSNASI,Sodium (mmol/L),LBXGH,"Glycohemoglobin (HbA1c, %)",Ratio,4899,600.0,-0.17919348234689705,8.57963458747787e-06,3628.2861509040804,0.0532962839254192,0.223917666185947,3645.6607595708583,0.11901116352201742,0.0018523564505160102,3638.209043188958,215.90155520370965,9.922892284877435
arthritis_binary,Arthritis,LBXSASSI,AST Liver Enzyme (U/L),LBXTR,Triglycerides (mg/dL),Ratio,2367,751.0,-0.21009806731901995,0.00023295813264130762,2945.850836668442,-0.040224775547109404,0.39033594040062713,2961.041321716891,0.10572734714661447,0.014174151514409044,2955.7619787856725,60.844201289308046,9.911142117230611
hypertension_binary,Hypertension,LBXHGB,Hemoglobin (g/dL),LBXSASSI,AST Liver Enzyme (U/L),Ratio,5390,1894.0,-0.14474937343339273,5.385224052150952e-07,6967.323352077776,-0.11238081573327457,7.992490897420179e-05,6977.139024305352,0.08342439341370797,0.002855460143950565,6983.749390102004,148.41519721408508,9.815672227576215
liver_condition_binary,Liver Condition,LBXHGB,Hemoglobin (g/dL),LBXTR,Triglycerides (mg/dL),Ratio,2384,132.0,-0.37023906306337995,0.0012046605608739076,1012.298974467758,0.07615068914862282,0.4031207747376908,1023.7912981713162,0.10132601330984935,0.08132112088133885,1022.0713071524082,67.50542312296282,9.772332684650223
heart_attack_binary,Heart Attack,LBDHDD,HDL Cholesterol (mg/dL),LBXSKSI,Potassium (mmol/L),Ratio,4900,243.0,-0.4775452056866102,7.578183463347356e-09,1899.326662156367,-0.374339002872976,1.987724941444043e-06,1912.3961695092157,0.33629488967844,4.470438088974274e-08,1909.031293774693,5.899089287816791,9.704631618325948
thyroid_binary,Thyroid Problem,systolic_bp,Systolic BP (mmHg),LBXSAL,Albumin (g/dL),Ratio,4672,570.0,0.2997429609029928,1.1879016409300043e-13,3417.4038440133927,0.2746234715204539,2.4666212634489456e-11,3427.1021454847073,-0.1826734833794498,2.7542418097169013e-05,3452.3541489618415,207.6452442239103,9.698301471314608
arthritis_binary,Arthritis,LBXSAPSI,Alkaline Phosphatase (U/L),LBXSATSI,ALT Liver Enzyme (U/L),Ratio,4901,1524.0,0.2264895794299847,8.30442840663846e-14,6023.596289055159,0.21119789767754407,2.2342009536828204e-11,6033.242885871554,-0.14611830560009065,3.8271597953864645e-05,6061.132245132731,269.0372948361897,9.646596816394776
hypertension_binary,Hypertension,LBXTC,Total Cholesterol (mg/dL),LBXSATSI,ALT Liver Enzyme (U/L),Ratio,5405,1899.0,-0.10543334604747037,0.00032387265453493656,6998.625844337589,0.026406967781571453,0.3529430684135949,7010.969917076125,0.0528842647267334,0.058554135748503364,7008.268362696437,180.7937006370109,9.642518358848065
thyroid_binary,Thyroid Problem,LBDLDL,LDL Cholesterol (mg/dL),LBXTC,Total Cholesterol (mg/dL),Difference,2361,304.0,-0.1996898198724641,0.00046986120360289807,1805.6217724976275,0.009511527940529193,0.8766752745878237,1817.3221328952536,0.08748631102337628,0.14590843132161946,1815.2604250617321,310.5351755003241,9.638652564104632
thyroid_binary,Thyroid Problem,LBXTC,Total Cholesterol (mg/dL),LBDLDL,LDL Cholesterol (mg/dL),Difference,2361,304.0,0.1996898198724641,0.00046986120360289807,1805.6217724976275,0.08748631102337628,0.14590843132161946,1815.2604250617321,0.009511527940529193,0.8766752745878237,1817.3221328952536,310.5351755003241,9.638652564104632
arthritis_binary,Arthritis,LBXHGB,Hemoglobin (g/dL),LBXSKSI,Potassium (mmol/L),Ratio,4897,1524.0,-0.21033552191448476,1.807281296783556e-11,6031.084824255539,-0.18517825020747755,1.947776331146664e-09,6040.721167735943,0.12365690915739881,5.916864098083808e-05,6060.787757819591,107.77383324959699,9.636343480403411
high_cholesterol_binary,High Cholesterol,systolic_bp,Systolic BP (mmHg),diastolic_bp,Diastolic BP (mmHg),Difference,5490,1797.0,0.5031811805604697,1.1375508912840896e-61,6646.401142225684,0.49322273333727396,7.38224152244644e-61,6656.030853485428,0.030767789878639325,0.28626386273076676,6945.142860149243,6.489592315393663,9.629711259743999
high_cholesterol_binary,High Cholesterol,diastolic_bp,Diastolic BP (mmHg),systolic_bp,Systolic BP (mmHg),Difference,5490,1797.0,-0.5031811805604697,1.1375508912840896e-61,6646.401142225684,0.030767789878639325,0.28626386273076676,6945.142860149243,0.49322273333727396,7.38224152244644e-61,6656.030853485428,6.489592315393663,9.629711259743999
heart_attack_binary,Heart Attack,LBXGLU,Fasting Glucose (mg/dL),LBXPLTSI,Platelet Count (10^3/uL),Ratio,2428,127.0,0.3944528624718564,3.585130498812411e-11,961.7196199416815,0.34454315285012155,1.0923544664685405e-09,971.3435453217513,-0.46741615808779846,1.1431806352779125e-05,979.5273667714303,30.469029421115557,9.623925380069863
arthritis_binary,Arthritis,LBXSUA,Uric Acid (mg/dL),LBDLDL,LDL Cholesterol (mg/dL),Ratio,2350,745.0,0.2122688348264521,1.0556621312003765e-06,2915.461261952838,0.16821943909474438,0.0001352907400294368,2925.072758360232,-0.06396628192648586,0.15364660088430168,2937.5857413385907,128.1572351900128,9.611496407394043
high_cholesterol_binary,High Cholesterol,LBXSAPSI,Alkaline Phosphatase (U/L),LBDHDD,HDL Cholesterol (mg/dL),Ratio,5383,1761.0,0.14973025098510614,1.712662988902313e-07,6782.098720905605,0.10665162220397356,0.00020636103305245933,6795.6859743564055,-0.1257855834794326,3.047069485553214e-05,6791.694078219882,177.91413169418428,9.595357314276953
liver_condition_binary,Liver Condition,LBXGLU,Fasting Glucose (mg/dL),LBXPLTSI,Platelet Count (10^3/uL),Ratio,2426,135.0,0.31550189752740854,1.0494203849235391e-07,1022.0505294830787,0.25672024547892586,1.9352267083434535e-05,1031.6329924385243,-0.20849142950122668,0.029488007865734828,1041.3181694211069,184.4091020286836,9.582462955445635
diabetes_binary,Diabetes,LBXTR,Triglycerides (mg/dL),LBXSAL,Albumin (g/dL),Ratio,2822,410.0,0.4399454945071527,4.856022940484321e-13,2278.9496262938906,0.38792984433877103,2.5484314622364387e-11,2288.4378556636575,-0.34568145700478653,3.533867968618614e-11,2299.378885611077,52.47980690104128,9.488229369766941
hypertension_binary,Hypertension,LBXSASSI,AST Liver Enzyme (U/L),LBDHDD,HDL Cholesterol (mg/dL),Difference,5389,1894.0,0.12237644406454065,1.8054021029041932e-05,6973.326880247389,0.0842643779806489,0.0026000042984738675,6982.704734657991,-0.08441768884169726,0.0037851751537147428,6983.330599571846,144.01247756892866,9.377854410601685
hypertension_binary,Hypertension,LBDHDD,HDL Cholesterol (mg/dL),LBXSASSI,AST Liver Enzyme (U/L),Difference,5389,1894.0,-0.12237644406454065,1.8054021029041932e-05,6973.326880247389,-0.08441768884169726,0.0037851751537147428,6983.330599571846,0.0842643779806489,0.0026000042984738675,6982.704734657991,144.01247756892866,9.377854410601685
diabetes_binary,Diabetes,LBXSNASI,Sodium (mmol/L),BMXWAIST,Waist Circumference (cm),Difference,5612,737.0,-0.7258099050607896,2.6414260457310563e-71,4026.80245989977,-0.12054843637562458,0.0021257241390241523,4359.604684552056,0.714887411915131,1.1475203756242518e-69,4036.16444777354,43.44321422433227,9.361987873769976
diabetes_binary,Diabetes,BMXWAIST,Waist Circumference (cm),LBXSNASI,Sodium (mmol/L),Difference,5612,737.0,0.7258099050607896,2.6414260457310563e-71,4026.80245989977,0.714887411915131,1.1475203756242518e-69,4036.16444777354,-0.12054843637562458,0.0021257241390241523,4359.604684552056,43.44321422433227,9.361987873769976
stroke_binary,Stroke,LBXSUA,Uric Acid (mg/dL),LBDLDL,LDL Cholesterol (mg/dL),Ratio,2354,111.0,0.3099792394152848,4.981901956314847e-06,881.6515779636514,0.12744478710287577,0.17613607342948967,896.9531525970282,-0.2873634208514967,0.006845514784824697,891.0094015997832,1374.0765765467572,9.357823636131798
thyroid_binary,Thyroid Problem,LBXHGB,Hemoglobin (g/dL),LBXSCA,Calcium (mg/dL),Difference,4898,598.0,-0.3124694532201807,1.6561264497141573e-13,3585.3015126143914,-0.2829853385040441,1.7957142574819094e-11,3594.632045090706,0.09963854007395331,0.021855937692434116,3633.759728147547,108.42857185161462,9.330532476314602
thyroid_binary,Thyroid Problem,LBXSCA,Calcium (mg/dL),LBXHGB,Hemoglobin (g/dL),Difference,4898,598.0,0.3124694532201807,1.6561264497141573e-13,3585.3015126143914,0.09963854007395331,0.021855937692434116,3633.759728147547,-0.2829853385040441,1.7957142574819094e-11,3594.632045090706,108.42857185161462,9.330532476314602
arthritis_binary,Arthritis,BMXWAIST,Waist Circumference (cm),LBXSAL,Albumin (g/dL),Ratio,4649,1426.0,0.4342001405757468,8.732317117648961e-41,5549.044285302509,0.4265308793412286,6.025856034982603e-39,5558.365416219054,-0.2543982045997336,2.1493196254048533e-15,5671.939714523377,69.00638116776237,9.321130916545371
high_cholesterol_binary,High Cholesterol,LBXSCA,Calcium (mg/dL),LBDHDD,HDL Cholesterol (mg/dL),Ratio,5382,1762.0,0.15092270505064895,1.9732449612455516e-07,6782.877463165566,0.10505163650622569,0.0003163373499543373,6797.1898505882145,-0.1263028418907309,2.8284035222551583e-05,6792.194750534431,143.33767868687795,9.317287368864527
diabetes_binary,Diabetes,LBXHGB,Hemoglobin (g/dL),LBXGLU,Fasting Glucose (mg/dL),Difference,2889,416.0,-1.8842875704659756,9.593350283574234e-84,1605.3237896261535,-0.12916233297963078,0.01288922933677234,2379.2877001206625,1.8673586970446785,4.944661259529004e-83,1614.5746304475529,5.154259057959417,9.250840821399379
diabetes_binary,Diabetes,LBXGLU,Fasting Glucose (mg/dL),LBXHGB,Hemoglobin (g/dL),Difference,2889,416.0,1.8842875704659756,9.593350283574234e-84,1605.3237896261535,1.8673586970446785,4.944661259529004e-83,1614.5746304475529,-0.12916233297963078,0.01288922933677234,2379.2877001206625,5.154259057959417,9.250840821399379
high_cholesterol_binary,High Cholesterol,diastolic_bp,Diastolic BP (mmHg),LBXIN,Insulin (uIU/mL),Ratio,2452,824.0,-0.22200982289142576,6.871227500611021e-05,3115.759096730904,0.022353587384796654,0.6019690291914044,3134.3535133359665,0.13368361862629516,0.0033667428794748864,3124.994251687882,48.99769188511805,9.235154956978022
liver_condition_binary,Liver Condition,LBXPLTSI,Platelet Count (10^3/uL),systolic_bp,Systolic BP (mmHg),Ratio,4775,261.0,-0.3671750354793954,2.8471551428722146e-07,2000.326258490809,-0.2969059112529878,2.093755575626431e-05,2009.5450305365662,0.2167981373026575,0.00018621471588322296,2015.5663446278443,73.53851372897957,9.218772045757078
liver_condition_binary,Liver Condition,LBXTC,Total Cholesterol (mg/dL),LBXTR,Triglycerides (mg/dL),Ratio,2384,132.0,-0.35366439303392355,0.001460026778679106,1012.8566695948808,0.09599245181395182,0.26820739734278676,1023.298612348348,0.10132601330984935,0.08132112088133885,1022.0713071524082,55.69837626876303,9.21463755752734
thyroid_binary,Thyroid Problem,LBXPLTSI,Platelet Count (10^3/uL),LBXTR,Triglycerides (mg/dL),Ratio,2386,309.0,-0.22148487106444215,0.0022599005051243955,1832.9612268234132,-0.041782113890058856,0.49963244367144033,1842.8856842802704,0.0585490863311432,0.24805048581784706,1842.1417957731128,109.76168431105032,9.180568949699591
arthritis_binary,Arthritis,LBXSNASI,Sodium (mmol/L),BMXBMI,Body Mass Index (kg/m2),Ratio,4829,1493.0,-0.31762143239996404,3.4883433074243644e-22,5878.832728843523,-0.006749541716977543,0.8283583694891862,5976.826848428005,0.28878633590370195,8.297333879668507e-21,5888.012350461667,23.78588673313489,9.179621618143756
high_cholesterol_binary,High Cholesterol,LBXSNASI,Sodium (mmol/L),LBXSASSI,AST Liver Enzyme (U/L),Ratio,5371,1758.0,-0.09880398473132553,0.000752629892345327,6784.302113772155,0.045655641328987785,0.11745531832617809,6793.276950433788,0.020548855139688484,0.47088896345353237,6795.2195511793325,156.05986358071254,8.974836661633162
heart_attack_binary,Heart Attack,systolic_bp,Systolic BP (mmHg),LBDHDD,HDL Cholesterol (mg/dL),Ratio,4692,228.0,0.3710770521213672,6.49545473895726e-11,1786.99259547177,0.3464402197294328,3.759572350989633e-09,1795.9616656873031,-0.4012151920814796,9.036442901289789e-07,1800.7180094870685,57.88004846590881,8.969070215533065
stroke_binary,Stroke,BMXWAIST,Waist Circumference (cm),LBXSATSI,ALT Liver Enzyme (U/L),Ratio,4650,210.0,0.2893892711700168,7.879502028481466e-07,1693.6669465295108,0.2139759569083982,0.001561412150318294,1705.587320641767,-0.34277471079439226,0.0017135589028590185,1702.5634280153222,1981.6127271423632,8.896481485811364
liver_condition_binary,Liver Condition,LBXSAL,Albumin (g/dL),LBXSUA,Uric Acid (mg/dL),Ratio,4899,270.0,-0.32865287244914904,1.1954850503285476e-05,2072.678161284878,-0.14140308299992552,0.020158279577383875,2088.659315468346,0.212682519739387,0.0003411692942585892,2081.5543199040458,28.538148106898348,8.876158619167654
hypertension_binary,Hypertension,LBXHGB,Hemoglobin (g/dL),LBXSCA,Calcium (mg/dL),Difference,5405,1899.0,-0.14285720526966442,5.498373938832462e-07,6986.653848607332,-0.11248427650667725,7.702377085441654e-05,6996.185696407403,0.1154543422639873,5.661273572987979e-05,6995.514918666297,102.96268744119116,8.861070058964287
hypertension_binary,Hypertension,LBXSCA,Calcium (mg/dL),LBXHGB,Hemoglobin (g/dL),Difference,5405,1899.0,0.14285720526966442,5.498373938832462e-07,6986.653848607332,0.1154543422639873,5.661273572987979e-05,6995.514918666297,-0.11248427650667725,7.702377085441654e-05,6996.185696407403,102.96268744119116,8.861070058964287
hypertension_binary,Hypertension,LBXTR,Triglycerides (mg/dL),LBXPLTSI,Platelet Count (10^3/uL),Ratio,2606,931.0,0.3116562750218481,4.688761859164056e-08,3363.548437459931,0.2550807657149843,1.1082697144955415e-06,3372.3845856986127,-0.10883364903863887,0.009137890433957466,3394.3861341336924,23.636724316238386,8.836148238681744
heart_attack_binary,Heart Attack,LBXPLTSI,Platelet Count (10^3/uL),LBXIN,Insulin (uIU/mL),Difference,2379,126.0,-0.5066491801826847,9.167725781323294e-08,959.7112942655845,-0.46694767431742873,1.1890659440988399e-05,968.5469481723039,0.17034903933467202,0.0017155049125952718,981.2584001313448,129.70129915111912,8.835653906719472
heart_attack_binary,Heart Attack,LBXIN,Insulin (uIU/mL),LBXPLTSI,Platelet Count (10^3/uL),Difference,2379,126.0,0.5066491801826847,9.167725781323294e-08,959.7112942655845,0.17034903933467202,0.0017155049125952718,981.2584001313448,-0.46694767431742873,1.1890659440988399e-05,968.5469481723039,129.70129915111912,8.835653906719472
diabetes_binary,Diabetes,BMXBMI,Body Mass Index (kg/m2),LBXSNASI,Sodium (mmol/L),Difference,5808,781.0,0.4630032909521607,9.073630814017351e-39,4421.923288769572,0.4451997125429543,3.875102439928404e-37,4430.757460860522,-0.1225150901990909,0.0013482321728875608,4579.710007064939,42.707296774098104,8.834172090950233
diabetes_binary,Diabetes,LBXSNASI,Sodium (mmol/L),BMXBMI,Body Mass Index (kg/m2),Difference,5808,781.0,-0.4630032909521607,9.073630814017351e-39,4421.923288769572,-0.1225150901990909,0.0013482321728875608,4579.710007064939,0.4451997125429543,3.875102439928404e-37,4430.757460860522,42.707296774098104,8.834172090950233
stroke_binary,Stroke,BMXWAIST,Waist Circumference (cm),BMXBMI,Body Mass Index (kg/m2),Ratio,4919,223.0,0.32784425683966584,2.214392039880506e-06,1796.967545380404,0.24567630280198594,0.00016825256037019139,1805.7791014976742,0.03889862292683245,0.5630998462962202,1819.189064198653,75.981378789309,8.811556117270129
stroke_binary,Stroke,LBXSKSI,Potassium (mmol/L),LBDLDL,LDL Cholesterol (mg/dL),Ratio,2357,111.0,0.3034496987224345,7.703675802355471e-06,882.4639583774451,0.03572577489377769,0.7120103165188159,898.899179872346,-0.28805713069294575,0.006710935420037957,891.2613700361511,871.1341951832949,8.797411658705983
stroke_binary,Stroke,LBXSATSI,ALT Liver Enzyme (U/L),LBXSASSI,AST Liver Enzyme (U/L),Ratio,4894,239.0,-0.36771998338851836,3.5668461460551027e-06,1889.2187536905608,-0.3565850131836298,0.0005988995992230947,1897.9794365241196,-0.09532343591163704,0.2545157775741651,1911.85413825244,167.9073261641722,8.760682833558803
thyroid_binary,Thyroid Problem,LBXSATSI,ALT Liver Enzyme (U/L),LBDHDD,HDL Cholesterol (mg/dL),Ratio,4897,599.0,-0.35123085697864664,5.51562375578413e-07,3610.3440667085642,-0.2669936741017909,1.276946450931123e-05,3619.078729701474,0.11764168925189307,0.004327055262473694,3634.8288190181097,23.15144229321323,8.734662992909762
thyroid_binary,Thyroid Problem,LBXHGB,Hemoglobin (g/dL),LBXSCA,Calcium (mg/dL),Ratio,4898,598.0,-0.3122540933534371,2.5282444763457917e-13,3585.9148939357983,-0.2829853385040441,1.7957142574819094e-11,3594.632045090706,0.09963854007395331,0.021855937692434116,3633.759728147547,71.02613193789519,8.717151154907697
stroke_binary,Stroke,LBXSAPSI,Alkaline Phosphatase (U/L),LBXSATSI,ALT Liver Enzyme (U/L),Ratio,4907,239.0,0.33220244931337894,3.37779397297529e-11,1876.9826332279554,0.28381295584826327,5.66073201146198e-08,1885.6913065436684,-0.3585413425314376,0.0005657596240607205,1899.1337472168136,1675.8665734949461,8.708673315712986
liver_condition_binary,Liver Condition,LBXSAPSI,Alkaline Phosphatase (U/L),LBXPLTSI,Platelet Count (10^3/uL),Ratio,4897,269.0,0.32082754200704555,1.2871302958119318e-08,2047.8466685324315,0.2883627543229678,1.8223670927356048e-08,2056.5532900359503,-0.3098647053717732,7.84108299652925e-06,2066.793319062564,1.4158373077420585,8.706621503518818
depression_binary,Depression,LBXGH,"Glycohemoglobin (HbA1c, %)",LBXSUA,Uric Acid (mg/dL),Difference,790,410.0,0.3064996784315995,5.449823379014144e-05,1080.7356670828685,0.2210666891541065,0.004681290596469293,1089.3120537674617,-0.19048068567959164,0.008315368951651216,1090.9744244104766,85.89802404415028,8.576386684593217
depression_binary,Depression,LBXSUA,Uric Acid (mg/dL),LBXGH,"Glycohemoglobin (HbA1c, %)",Difference,790,410.0,-0.3064996784315995,5.449823379014144e-05,1080.7356670828685,-0.19048068567959164,0.008315368951651216,1090.9744244104766,0.2210666891541065,0.004681290596469293,1089.3120537674617,85.89802404415028,8.576386684593217
stroke_binary,Stroke,LBDLDL,LDL Cholesterol (mg/dL),LBXGH,"Glycohemoglobin (HbA1c, %)",Ratio,2363,111.0,-0.42458600350123726,7.747964174337907e-05,882.920070919826,-0.2878257216188089,0.006704937663612871,891.8419774931408,0.22405058754615786,0.001686564405881925,891.4497874875069,21.76783949863899,8.529716567680907
heart_attack_binary,Heart Attack,diastolic_bp,Diastolic BP (mmHg),LBXSAPSI,Alkaline Phosphatase (U/L),Ratio,4672,228.0,-0.40401169939779047,2.8521646174846683e-07,1797.1823582609761,-0.2840127838923433,3.0170471935612437e-06,1805.6698314908695,0.18736601034468803,0.0003590410079022643,1814.1262492102032,10.578096281910915,8.48747322989334
hypertension_binary,Hypertension,LBXWBCSI,WBC Count (10^3/uL),LBDLDL,LDL Cholesterol (mg/dL),Ratio,2582,919.0,0.20799630465634494,5.488680251348152e-07,3340.0196963121743,0.17218029724328096,3.747606213601596e-05,3348.468821140157,-0.06244062907770532,0.13234713758249142,3363.679372675211,68.27882190224314,8.449124827982814
heart_attack_binary,Heart Attack,BMXBMI,Body Mass Index (kg/m2),LBXTR,Triglycerides (mg/dL),Ratio,2345,120.0,-0.34056935903958013,0.004807039999584166,941.889120660799,0.0654252955603404,0.4674065309463582,950.649462733249,0.06848003703906391,0.30962056810942373,950.324542341483,64.40981729634193,8.435421680684044
heart_attack_binary,Heart Attack,LBXSKSI,Potassium (mmol/L),LBDLDL,LDL Cholesterol (mg/dL),Ratio,2353,125.0,0.3974621739731349,6.34200957820103e-10,947.1350646931005,0.2882312779199582,0.0011020802637402888,970.6505227228716,-0.5137276187756835,1.4360563484159105e-06,955.5046835577998,2264.3553761759867,8.369618864699305
diabetes_binary,Diabetes,BMXWAIST,Waist Circumference (cm),LBXSNASI,Sodium (mmol/L),Ratio,5612,737.0,0.7230542382059861,3.263874973218085e-71,4027.8034647048294,0.714887411915131,1.1475203756242518e-69,4036.16444777354,-0.12054843637562458,0.0021257241390241523,4359.604684552056,35.15822098089837,8.360983068710539
stroke_binary,Stroke,LBXPLTSI,Platelet Count (10^3/uL),BMXWAIST,Waist Circumference (cm),Ratio,4756,214.0,-0.32973224802108725,2.684726418019876e-05,1730.5528644858443,-0.21959524100737315,0.003665512199308081,1740.673775562945,0.22111446498856768,0.0009531636871660963,1738.91181509884,35.50319618298775,8.358950612995613
stroke_binary,Stroke,LBXTC,Total Cholesterol (mg/dL),LBXTR,Triglycerides (mg/dL),Ratio,2390,113.0,-0.36629216610252874,0.0023985986512450844,903.598528849999,-0.15146995599673846,0.13440467553939747,911.9332754524057,0.04292302752560523,0.5821346222762118,913.9834292096411,56.03466652064929,8.334746602406767
high_cholesterol_binary,High Cholesterol,LBXIN,Insulin (uIU/mL),LBXPLTSI,Platelet Count (10^3/uL),Difference,2581,864.0,0.21079975693423128,1.2960690360383292e-06,3270.386348798127,0.13809239690886302,0.0019383560390595605,3283.9468946843385,-0.17100579758286447,7.946226750903793e-05,3278.710859482082,61.31021211025055,8.32451068395494
high_cholesterol_binary,High Cholesterol,LBXPLTSI,Platelet Count (10^3/uL),LBXIN,Insulin (uIU/mL),Difference,2581,864.0,-0.21079975693423128,1.2960690360383292e-06,3270.386348798127,-0.17100579758286447,7.946226750903793e-05,3278.710859482082,0.13809239690886302,0.0019383560390595605,3283.9468946843385,61.31021211025055,8.32451068395494
high_cholesterol_binary,High Cholesterol,LBXSNASI,Sodium (mmol/L),LBXPLTSI,Platelet Count (10^3/uL),Ratio,5386,1762.0,0.2913944727898885,9.773937462585966e-10,6773.292509864106,0.04310374330543593,0.13881376661098171,6811.194217851138,-0.1674820402430403,2.7137147603295174e-08,6781.611368671463,27.764805849407686,8.318858807357174
heart_attack_binary,Heart Attack,LBXSCA,Calcium (mg/dL),LBXTR,Triglycerides (mg/dL),Ratio,2375,126.0,-0.4027729717172209,0.0007590623847889881,975.820369016081,0.2037468283789299,0.023919245444138208,984.1388106875002,0.06841767669366468,0.3000011639197451,988.3092361840593,31.511567327615005,8.318441671419123
liver_condition_binary,Liver Condition,LBDHDD,HDL Cholesterol (mg/dL),LBXTR,Triglycerides (mg/dL),Ratio,2384,132.0,-0.36567690075167836,0.0029154497336215017,1013.770655643327,-0.09881073890838152,0.2981050742695065,1023.373205956889,0.10132601330984935,0.08132112088133885,1022.0713071524082,27.893165141394395,8.300651509081149
thyroid_binary,Thyroid Problem,LBXSKSI,Potassium (mmol/L),LBXTR,Triglycerides (mg/dL),Ratio,2376,307.0,-0.2284679247139303,0.001473858534037393,1821.736208677928,-0.0006899100608465056,0.9910024378164337,1832.9487209459387,0.09424624392215324,0.07324928915046021,1830.0101322103983,49.6989958390415,8.273923532470235
hypertension_binary,Hypertension,LBDLDL,LDL Cholesterol (mg/dL),LBXSATSI,ALT Liver Enzyme (U/L),Ratio,2572,917.0,-0.1472155231974262,0.0006209986383148127,3342.676090189745,-0.0630767259462348,0.12910646038256401,3352.465060169703,0.07978610132285,0.05318579397668653,3350.947600287798,85.64558872627384,8.271510098053113
stroke_binary,Stroke,LBXSATSI,ALT Liver Enzyme (U/L),LBXTR,Triglycerides (mg/dL),Ratio,2380,113.0,-0.6103212281078704,0.0004272862284984588,896.1347352502773,-0.39018694386727365,0.009212719296818305,904.3965799961387,0.06142096346364225,0.45078878700550495,912.7676697845518,21.56100216286642,8.261844745861367
stroke_binary,Stroke,LBXSCA,Calcium (mg/dL),LBXSAL,Albumin (g/dL),Ratio,4906,239.0,0.40757524308302756,5.184275774669447e-15,1860.5964615433418,-0.014257714216364082,0.8298872765051626,1914.51374541527,-0.4221016062762147,3.76377990236661e-12,1868.8493731814078,725.999168631532,8.252911638066053
stroke_binary,Stroke,systolic_bp,Systolic BP (mmHg),LBXHGB,Hemoglobin (g/dL),Ratio,4783,227.0,0.4732079485926578,9.030749281844066e-21,1754.0840173337324,0.49129247907991863,3.61333312956585e-18,1762.284136530729,-0.27487952797515475,1.6354616696150902e-05,1813.0056074354732,400.11443312132485,8.200119196996638
diabetes_binary,Diabetes,LBXPLTSI,Platelet Count (10^3/uL),LBXSATSI,ALT Liver Enzyme (U/L),Ratio,5895,799.0,-0.22053652631262197,6.151683305535882e-07,4654.803079625943,-0.1717802847375556,1.743121457026997e-05,4662.975312509113,0.0707281888745488,0.03492768747332673,4677.910769045799,28.33568261646966,8.172232883170182
liver_condition_binary,Liver Condition,BMXWAIST,Waist Circumference (cm),LBXPLTSI,Platelet Count (10^3/uL),Difference,4749,256.0,0.34735366869268797,8.839695221395328e-07,1971.6596014508677,0.22003180076896683,0.0003493239141592983,1984.7994861069342,-0.2869345639959578,5.05137321530321e-05,1979.8114345507347,57.14420111540747,8.151833099866963
liver_condition_binary,Liver Condition,LBXPLTSI,Platelet Count (10^3/uL),BMXWAIST,Waist Circumference (cm),Difference,4749,256.0,-0.34735366869268797,8.839695221395328e-07,1971.6596014508677,-0.2869345639959578,5.05137321530321e-05,1979.8114345507347,0.22003180076896683,0.0003493239141592983,1984.7994861069342,57.14420111540747,8.151833099866963
stroke_binary,Stroke,LBXSNASI,Sodium (mmol/L),LBXTC,Total Cholesterol (mg/dL),Ratio,4905,238.0,0.28340048289377967,1.8606262326362292e-06,1887.3345862351798,0.1153033110451905,0.08649045406490019,1905.5517106686002,-0.25169499340647966,0.0004101158557164721,1895.451278407438,220.41818422359833,8.116692172258126
heart_attack_binary,Heart Attack,diastolic_bp,Diastolic BP (mmHg),LBXSKSI,Potassium (mmol/L),Ratio,4671,228.0,-0.3824433045603238,2.7753328694190482e-09,1791.9744572440518,-0.28403640704437083,3.0134816443338914e-06,1805.5671476334808,0.32854434744439265,2.1976294321331957e-07,1800.050241790812,79.18435501371836,8.075784546760133
hypertension_binary,Hypertension,LBXGLU,Fasting Glucose (mg/dL),LBXSAL,Albumin (g/dL),Ratio,2599,931.0,0.5271388331210964,3.0770780461008017e-23,3263.6429537793774,0.49582123767539693,2.3517134427011816e-22,3271.7187052200175,-0.19710367584710065,1.7888752872752912e-06,3371.9951462355643,7.642683765142764,8.075751440640033
high_cholesterol_binary,High Cholesterol,LBDHDD,HDL Cholesterol (mg/dL),LBXSAPSI,Alkaline Phosphatase (U/L),Difference,5383,1761.0,-0.146959754163067,4.426967572821978e-07,6783.672196876922,-0.1257855834794326,3.047069485553214e-05,6791.694078219882,0.10665162220397356,0.00020636103305245933,6795.6859743564055,68.82972227444743,8.021881342960114
high_cholesterol_binary,High Cholesterol,LBXSAPSI,Alkaline Phosphatase (U/L),LBDHDD,HDL Cholesterol (mg/dL),Difference,5383,1761.0,0.146959754163067,4.426967572821978e-07,6783.672196876922,0.10665162220397356,0.00020636103305245933,6795.6859743564055,-0.1257855834794326,3.047069485553214e-05,6791.694078219882,68.82972227444743,8.021881342960114
thyroid_binary,Thyroid Problem,LBXSATSI,ALT Liver Enzyme (U/L),BMXWAIST,Waist Circumference (cm),Ratio,4646,557.0,-0.3289711385448568,1.0792889896112414e-06,3380.9514917183933,-0.270126147896115,2.131908765127125e-05,3388.966369874015,0.10686623036675655,0.01600964271405897,3405.657040790379,19.752900156009524,8.014878155621773
stroke_binary,Stroke,BMXBMI,Body Mass Index (kg/m2),BMXWAIST,Waist Circumference (cm),Ratio,4919,223.0,-0.348154205285551,7.36319789018152e-06,1797.7715113186855,0.03889862292683245,0.5630998462962202,1819.189064198653,0.24567630280198594,0.00016825256037019139,1805.7791014976742,22.850473785927758,8.007590178988721
stroke_binary,Stroke,LBXPLTSI,Platelet Count (10^3/uL),LBXTR,Triglycerides (mg/dL),Ratio,2390,113.0,-0.4056052292503828,0.0019398621076106544,902.7448975519346,-0.19018018232883716,0.0667593052778621,910.7242240995738,0.04292302752560523,0.5821346222762118,913.9834292096411,34.41445915972354,7.979326547639175
liver_condition_binary,Liver Condition,systolic_bp,Systolic BP (mmHg),LBXPLTSI,Platelet Count (10^3/uL),Difference,4775,261.0,0.3497982395017173,3.6180958271599383e-07,2001.5683066339097,0.2167981373026575,0.00018621471588322296,2015.5663446278443,-0.2969059112529878,2.093755575626431e-05,2009.5450305365662,57.86899174724032,7.976723902656431
liver_condition_binary,Liver Condition,LBXPLTSI,Platelet Count (10^3/uL),systolic_bp,Systolic BP (mmHg),Difference,4775,261.0,-0.3497982395017173,3.6180958271599383e-07,2001.5683066339097,-0.2969059112529878,2.093755575626431e-05,2009.5450305365662,0.2167981373026575,0.00018621471588322296,2015.5663446278443,57.86899174724032,7.976723902656431
diabetes_binary,Diabetes,LBXTR,Triglycerides (mg/dL),LBXSASSI,AST Liver Enzyme (U/L),Ratio,2812,410.0,0.44461970392151523,1.7167765271070031e-19,2251.1630396670994,0.44028923434735967,3.9321141138264504e-17,2259.121329016387,0.018288482646162462,0.7199663138471555,2339.863271367113,229.04053333328048,7.958289349287497
stroke_binary,Stroke,LBDLDL,LDL Cholesterol (mg/dL),LBXTR,Triglycerides (mg/dL),Ratio,2365,111.0,-0.4552467568905714,0.0002650115307375273,884.1337485671272,-0.286885349533942,0.006876745942167377,892.0830468253316,0.10315881311821756,0.2545867829122539,898.5667760558895,25.948855595186323,7.949298258204408
high_cholesterol_binary,High Cholesterol,LBXSKSI,Potassium (mmol/L),LBXIN,Insulin (uIU/mL),Ratio,2576,861.0,-0.2206652578506867,7.862048073164591e-05,3267.5962015938567,0.11587431988548398,0.00554227833141802,3278.838440824194,0.13973395183312481,0.0017694161743150238,3275.536666551483,22.5057918477317,7.940464957626318
diabetes_binary,Diabetes,LBDHDD,HDL Cholesterol (mg/dL),LBXSUA,Uric Acid (mg/dL),Difference,5891,799.0,-0.4804805063455264,2.4621885130248174e-25,4558.123196552102,-0.46683974045270266,9.519546953671512e-24,4566.050428874847,0.24768270126279357,1.376841750707888e-11,4636.056794976048,38.662949255565636,7.9272323227451125
diabetes_binary,Diabetes,LBXSUA,Uric Acid (mg/dL),LBDHDD,HDL Cholesterol (mg/dL),Difference,5891,799.0,0.4804805063455264,2.4621885130248174e-25,4558.123196552102,0.24768270126279357,1.376841750707888e-11,4636.056794976048,-0.46683974045270266,9.519546953671512e-24,4566.050428874847,38.662949255565636,7.9272323227451125
liver_condition_binary,Liver Condition,LBXSCR,Creatinine Kidney (mg/dL),LBXTR,Triglycerides (mg/dL),Ratio,2375,132.0,-0.375216335085267,0.0034839176577047435,1013.2001116565684,-0.06195344486684246,0.608160639421333,1023.1538622860776,0.10079789896948681,0.08358342601418063,1021.0791208471394,23.99121742425067,7.879009190570969
diabetes_binary,Diabetes,LBXTC,Total Cholesterol (mg/dL),LBDLDL,LDL Cholesterol (mg/dL),Ratio,2806,403.0,0.33011677724386757,1.5648885169817768e-12,2263.6508976544796,-0.2838179183253873,1.189394542625617e-06,2288.260431846995,-0.3754052628781449,5.421583435159036e-10,2271.5250396991323,346.45173610294756,7.874142044652672
liver_condition_binary,Liver Condition,LBXSKSI,Potassium (mmol/L),LBXTR,Triglycerides (mg/dL),Ratio,2374,132.0,-0.3846184022012511,0.0010565171758927005,1010.7005160151621,0.030411202278997213,0.7331971017743414,1023.2404963516818,0.15398573083956418,0.015595445809317154,1018.5623411231061,14.761185303154052,7.861825107944014
thyroid_binary,Thyroid Problem,LBXSNASI,Sodium (mmol/L),LBXTR,Triglycerides (mg/dL),Ratio,2378,307.0,-0.2161171179151301,0.0021940011377977182,1823.215160201992,0.09625005752796123,0.11726694509205601,1831.0401016885723,0.05906560016541738,0.2446390504248469,1832.2810370727857,53.44889894166853,7.824941486580428
stroke_binary,Stroke,LBXSNASI,Sodium (mmol/L),LBDLDL,LDL Cholesterol (mg/dL),Ratio,2357,111.0,0.2952107517955208,1.5609100092010624e-05,883.5474258833377,0.1385313024167326,0.15667907323829047,897.0214171424693,-0.28805713069294575,0.006710935420037957,891.2613700361511,429.93736861697033,7.713944152813383
high_cholesterol_binary,High Cholesterol,LBDHDD,HDL Cholesterol (mg/dL),LBXIN,Insulin (uIU/mL),Ratio,2579,863.0,-0.20764113087515618,9.071556787203454e-05,3273.677549101376,-0.07455504698258365,0.0802754900848859,3288.6354908988096,0.13506931890992063,0.0023432128220020458,3281.373701532091,25.83032743957945,7.696152430715301
stroke_binary,Stroke,LBXTC,Total Cholesterol (mg/dL),LBDLDL,LDL Cholesterol (mg/dL),Ratio,2365,111.0,0.28687729021205505,1.3036717660428556e-05,884.3888401835071,-0.17645405620644558,0.08508310469856993,896.7369929969899,-0.286885349533942,0.006876745942167377,892.0830468253316,527.4905939737379,7.694206641824508
heart_attack_binary,Heart Attack,LBXSATSI,ALT Liver Enzyme (U/L),LBXTR,Triglycerides (mg/dL),Ratio,2376,126.0,-0.37660447232329614,0.007406699862687196,980.0555450601175,-0.09825429787156695,0.3492252082154045,988.3347172285263,0.09586966135218403,0.17440208616386932,987.7345885528189,23.54653076229758,7.679043492701339
high_cholesterol_binary,High Cholesterol,LBXWBCSI,WBC Count (10^3/uL),LBXIN,Insulin (uIU/mL),Ratio,2581,864.0,-0.2020494932187817,5.83861721941204e-05,3276.2969340801833,0.07610278954659543,0.06482965253430747,3291.344772679424,0.13809239690886302,0.0019383560390595605,3283.9468946843385,33.19888881591653,7.64996060415524
hypertension_binary,Hypertension,LBDHDD,HDL Cholesterol (mg/dL),LBXIN,Insulin (uIU/mL),Ratio,2596,929.0,-0.26777618604533066,8.683660577725679e-07,3360.828455978779,-0.024544444099512865,0.5510775011268447,3389.7407616710525,0.20835757201355012,3.0027239191007677e-05,3368.4664582130818,34.579010685919805,7.638002234302803
diabetes_binary,Diabetes,LBXWBCSI,WBC Count (10^3/uL),LBXSASSI,AST Liver Enzyme (U/L),Ratio,5875,799.0,0.13153581405064202,0.011513640763301244,4666.328734094652,0.04376997408101224,0.1675187760089788,4673.924378990797,0.0022485622807820963,0.9526321877295232,4676.211756138368,14.549592040680192,7.5956448961451315
heart_attack_binary,Heart Attack,LBXSCA,Calcium (mg/dL),LBXGLU,Fasting Glucose (mg/dL),Ratio,2377,126.0,-0.4602252634056367,2.1811640514713165e-09,957.0061335286692,0.20348398008948904,0.024105947870952004,984.369916272846,0.3245458958744395,2.1815679692241552e-08,964.6017145688224,10.001851844901653,7.595581040153206
stroke_binary,Stroke,LBXGH,"Glycohemoglobin (HbA1c, %)",LBDLDL,LDL Cholesterol (mg/dL),Ratio,2363,111.0,0.27967008435756985,6.616952413870872e-05,883.8785413478972,0.22405058754615786,0.001686564405881925,891.4497874875069,-0.2878257216188089,0.006704937663612871,891.8419774931408,25.48853762868904,7.571246139609684
heart_attack_binary,Heart Attack,LBXSASSI,AST Liver Enzyme (U/L),LBXHSCRP,hs-CRP Inflammation (mg/L),Ratio,4879,243.0,-0.24259472500693668,0.010857826189849129,1927.452295079525,0.020268490493327008,0.7439110685571485,1935.4108202003472,0.04160185908974769,0.46022785714694514,1935.0213169009317,42.38674013562747,7.56902182140675
high_cholesterol_binary,High Cholesterol,LBXSKSI,Potassium (mmol/L),BMXBMI,Body Mass Index (kg/m2),Ratio,5300,1729.0,-0.23292681959985923,1.7405532934414958e-14,6637.0525667868005,0.1331860472659484,5.38349324233264e-06,6676.882085738371,0.21023190238977307,3.5317514222310783e-13,6644.6130872784015,20.29096974817674,7.5605204916009825
liver_condition_binary,Liver Condition,BMXWAIST,Waist Circumference (cm),LBXTR,Triglycerides (mg/dL),Ratio,2262,126.0,-0.340177029693435,0.002931800428151011,966.4042275365321,0.1301130620703341,0.14413400841282775,974.4595438555295,0.10684429075374478,0.0680067888595833,973.8847202100925,23.19625449487806,7.480492673560434
thyroid_binary,Thyroid Problem,LBXSASSI,AST Liver Enzyme (U/L),LBDHDD,HDL Cholesterol (mg/dL),Ratio,4884,597.0,-0.2275158962512422,0.0004198631359841998,3616.0157173261778,-0.12288437140471528,0.03038590351352964,3625.8563654066998,0.11828661712275457,0.004160197018007494,3623.4872912781657,9.908459832406077,7.471573951987921
arthritis_binary,Arthritis,LBXPLTSI,Platelet Count (10^3/uL),LBXIN,Insulin (uIU/mL),Ratio,2378,753.0,-0.20761235595347854,0.00013953948196723307,2956.5225904863873,-0.05822952000194005,0.19154232576501173,2971.5491200309502,0.1334091771541188,0.0037987602070133704,2963.9576455909946,27.223551022680468,7.435055104607272
hypertension_binary,Hypertension,LBXSAPSI,Alkaline Phosphatase (U/L),LBDLDL,LDL Cholesterol (mg/dL),Ratio,2572,917.0,0.2620100313049855,8.534781717191969e-10,3314.625381281701,0.23430337134676255,1.7813518025499154e-08,3322.043465513537,-0.0630767259462348,0.12910646038256401,3352.465060169703,20.871673835098367,7.418084231836019
thyroid_binary,Thyroid Problem,LBXSUA,Uric Acid (mg/dL),LBXSBU,BUN Kidney (mg/dL),Difference,4900,598.0,-0.22961399751785821,7.033344494717286e-10,3604.341678989378,-0.07954401050380282,0.07354521231233643,3636.278955287914,0.20512684266832512,3.980284131578805e-08,3611.748884522302,56.59162770383818,7.407205532923854
thyroid_binary,Thyroid Problem,LBXSBU,BUN Kidney (mg/dL),LBXSUA,Uric Acid (mg/dL),Difference,4900,598.0,0.22961399751785821,7.033344494717286e-10,3604.341678989378,0.20512684266832512,3.980284131578805e-08,3611.748884522302,-0.07954401050380282,0.07354521231233643,3636.278955287914,56.59162770383818,7.407205532923854
stroke_binary,Stroke,LBXSCA,Calcium (mg/dL),LBDLDL,LDL Cholesterol (mg/dL),Ratio,2354,111.0,0.29089013396441465,2.0304345431522393e-05,883.6514052123109,-0.040680260653582025,0.6763522614574349,898.5709099634315,-0.2873634208514967,0.006845514784824697,891.0094015997832,337.1453075358475,7.357996387472326
thyroid_binary,Thyroid Problem,LBXSAL,Albumin (g/dL),LBDHDD,HDL Cholesterol (mg/dL),Ratio,4899,600.0,-0.23833348701936263,6.500555088931793e-07,3620.9196974660235,-0.18584454498300498,1.1941174523497384e-05,3628.2697970027084,0.12203832613421486,0.0030019512491571265,3638.6579901256437,18.36946900708386,7.350099536684866
diabetes_binary,Diabetes,LBXSCR,Creatinine Kidney (mg/dL),LBDHDD,HDL Cholesterol (mg/dL),Difference,5893,799.0,0.48310857056724754,3.915003869984673e-25,4559.123050522701,0.38361833866669454,8.482196859007944e-16,4584.934760341228,-0.46718836831059707,8.816749718996579e-24,4566.460186791334,22.520411248102025,7.337136268633003
diabetes_binary,Diabetes,LBDHDD,HDL Cholesterol (mg/dL),LBXSCR,Creatinine Kidney (mg/dL),Difference,5893,799.0,-0.48310857056724754,3.915003869984673e-25,4559.123050522701,-0.46718836831059707,8.816749718996579e-24,4566.460186791334,0.38361833866669454,8.482196859007944e-16,4584.934760341228,22.520411248102025,7.337136268633003
stroke_binary,Stroke,LBXSCA,Calcium (mg/dL),LBXTC,Total Cholesterol (mg/dL),Ratio,4902,238.0,0.27794580740875935,2.9365238496798767e-06,1887.8554519268905,-0.01777912514503543,0.7892053819915004,1908.1424071272913,-0.25131965750917806,0.00041832031670006593,1895.1916578960538,142.45425479710266,7.336205969163302
stroke_binary,Stroke,LBXPLTSI,Platelet Count (10^3/uL),LBXSAPSI,Alkaline Phosphatase (U/L),Ratio,4904,239.0,-0.46425143160723464,1.509601942985884e-08,1878.0817260540148,-0.204278994743687,0.004084427748326166,1905.7434908572982,0.2839504492641196,5.5774651779254694e-08,1885.3637894490062,3.6946595119595864,7.282063394991383
hypertension_binary,Hypertension,LBXTC,Total Cholesterol (mg/dL),LBXPLTSI,Platelet Count (10^3/uL),Ratio,5433,1905.0,0.21975630715917058,6.21033691362164e-07,7016.251130810266,0.02251420862149994,0.4275295863032941,7042.788213074419,-0.12881589264775198,9.98909278267045e-06,7023.52147487397,16.08462297876393,7.270344063704215
hypertension_binary,Hypertension,LBDLDL,LDL Cholesterol (mg/dL),LBXTR,Triglycerides (mg/dL),Difference,2582,919.0,-0.29577773198681495,9.013265238796124e-13,3313.609689959846,-0.06244062907770532,0.13234713758249142,3363.679372675211,0.2723111644081355,2.5874313743811207e-11,3320.867175586326,28.70692591230918,7.257485626480047
hypertension_binary,Hypertension,LBXTR,Triglycerides (mg/dL),LBDLDL,LDL Cholesterol (mg/dL),Difference,2582,919.0,0.29577773198681495,9.013265238796124e-13,3313.609689959846,0.2723111644081355,2.5874313743811207e-11,3320.867175586326,-0.06244062907770532,0.13234713758249142,3363.679372675211,28.70692591230918,7.257485626480047
heart_attack_binary,Heart Attack,LBXSNASI,Sodium (mmol/L),BMXWAIST,Waist Circumference (cm),Ratio,4649,217.0,-0.44277031150958635,7.735980208871513e-09,1721.932975587837,-0.047498436053825664,0.4919263139336586,1757.2367911589008,0.3544314462478898,5.239337180934499e-08,1729.177631649497,6.772686898715306,7.244656061659953
thyroid_binary,Thyroid Problem,LBXSNASI,Sodium (mmol/L),LBXHSCRP,hs-CRP Inflammation (mg/L),Ratio,4890,598.0,-0.1740012665498912,0.000898960769409173,3624.4993024588007,0.051152273334554826,0.24359234136655683,3635.5510492447947,0.0851332629868136,0.015571483553682439,3631.712601609749,17.32164971327563,7.213299150948387
stroke_binary,Stroke,LBXTC,Total Cholesterol (mg/dL),BMXWAIST,Waist Circumference (cm),Difference,4671,210.0,-0.30340401409724543,4.695622741484454e-05,1700.1158860081953,-0.23269353658732503,0.001998113144915143,1707.3059669140507,0.21594891137960656,0.001400501850390304,1707.332423065438,29.82568931735677,7.190080905855439
stroke_binary,Stroke,BMXWAIST,Waist Circumference (cm),LBXTC,Total Cholesterol (mg/dL),Difference,4671,210.0,0.30340401409724543,4.695622741484454e-05,1700.1158860081953,0.21594891137960656,0.001400501850390304,1707.332423065438,-0.23269353658732503,0.001998113144915143,1707.3059669140507,29.82568931735677,7.190080905855439
diabetes_binary,Diabetes,LBDLDL,LDL Cholesterol (mg/dL),LBXSATSI,ALT Liver Enzyme (U/L),Ratio,2795,402.0,-0.4309422551600428,1.2105774108360888e-10,2258.3457308681136,-0.37133083778427084,8.569550449473075e-10,2265.526356495651,0.10052754619805446,0.0297342415612647,2301.7698228573868,7.078895056826221,7.180625627537211
hypertension_binary,Hypertension,LBXHGB,Hemoglobin (g/dL),BMXBMI,Body Mass Index (kg/m2),Difference,5452,1898.0,-0.4454013664756241,2.227053592189503e-50,6811.711354553614,-0.09196869481344389,0.0011883240395728235,7040.538488055881,0.43851266213557333,5.04122581380934e-49,6818.876679417508,22.636302204353846,7.165324863894057
hypertension_binary,Hypertension,BMXBMI,Body Mass Index (kg/m2),LBXHGB,Hemoglobin (g/dL),Difference,5452,1898.0,0.4454013664756241,2.227053592189503e-50,6811.711354553614,0.43851266213557333,5.04122581380934e-49,6818.876679417508,-0.09196869481344389,0.0011883240395728235,7040.538488055881,22.636302204353846,7.165324863894057
thyroid_binary,Thyroid Problem,LBXSATSI,ALT Liver Enzyme (U/L),LBXTR,Triglycerides (mg/dL),Ratio,2376,306.0,-0.2590846046434459,0.0017685440198233692,1817.279445864606,-0.14972174350680842,0.04118381285243585,1824.427084584251,0.08498224576299838,0.10381702901981837,1826.7196020762651,23.286846349772524,7.147638719644874
hypertension_binary,Hypertension,LBXSNASI,Sodium (mmol/L),LBDHDD,HDL Cholesterol (mg/dL),Ratio,5407,1900.0,0.11218432242180916,7.88208864420556e-05,6999.115583014021,0.03291896319547842,0.24863272865074781,7013.456550241348,-0.08438654386055885,0.0037383390022219204,7006.248740546838,47.428279114446696,7.133157532817677
diabetes_binary,Diabetes,LBXSAL,Albumin (g/dL),BMXBMI,Body Mass Index (kg/m2),Difference,5809,781.0,-0.4551446476399905,1.2637610840742687e-38,4423.948606684382,-0.41224033701031243,6.5752009788509125e-28,4469.866448849463,0.4451554708821077,3.924508444784313e-37,4431.073301420911,31.054196036263434,7.124694736528909
diabetes_binary,Diabetes,BMXBMI,Body Mass Index (kg/m2),LBXSAL,Albumin (g/dL),Difference,5809,781.0,0.4551446476399905,1.2637610840742687e-38,4423.948606684382,0.4451554708821077,3.924508444784313e-37,4431.073301420911,-0.41224033701031243,6.5752009788509125e-28,4469.866448849463,31.054196036263434,7.124694736528909
heart_attack_binary,Heart Attack,LBXSAPSI,Alkaline Phosphatase (U/L),LBDHDD,HDL Cholesterol (mg/dL),Difference,4901,243.0,0.3207093003765564,1.3707187722482597e-08,1905.4694785016022,0.21952650783208374,2.0890631892022815e-05,1920.4917445116032,-0.3734952758724987,2.061237169669591e-06,1912.5873713099736,150.37637270325988,7.11789280837138
heart_attack_binary,Heart Attack,LBDHDD,HDL Cholesterol (mg/dL),LBXSAPSI,Alkaline Phosphatase (U/L),Difference,4901,243.0,-0.3207093003765564,1.3707187722482597e-08,1905.4694785016022,-0.3734952758724987,2.061237169669591e-06,1912.5873713099736,0.21952650783208374,2.0890631892022815e-05,1920.4917445116032,150.37637270325988,7.11789280837138
high_cholesterol_binary,High Cholesterol,LBXSUA,Uric Acid (mg/dL),LBXHGB,Hemoglobin (g/dL),Ratio,5383,1762.0,0.23299486178222184,6.64633844194103e-16,6745.237100460473,0.22165712744000898,2.2782058699132143e-14,6752.337844248625,-0.006703293604972736,0.8174180032182939,6810.958119739105,34.277608487958304,7.1007437881517035
heart_attack_binary,Heart Attack,BMXBMI,Body Mass Index (kg/m2),LBXHSCRP,hs-CRP Inflammation (mg/L),Ratio,4823,236.0,-0.2181995559829545,0.009233586462935855,1880.6263849758448,0.0559723810971916,0.3860454899718001,1887.6989088358496,0.04759030107803211,0.39182210846978394,1887.7837589137416,41.808834684270174,7.0725238600048215
thyroid_binary,Thyroid Problem,LBXSAPSI,Alkaline Phosphatase (U/L),LBXSASSI,AST Liver Enzyme (U/L),Difference,4888,597.0,0.17755722471340782,1.0638241467887813e-05,3613.513542993329,0.1366457961765141,0.0004413708370876248,3620.5809583767177,-0.12309562552693615,0.03015547748846488,3626.8822967641627,41.489078662101235,7.067415383388834
thyroid_binary,Thyroid Problem,LBXSASSI,AST Liver Enzyme (U/L),LBXSAPSI,Alkaline Phosphatase (U/L),Difference,4888,597.0,-0.17755722471340782,1.0638241467887813e-05,3613.513542993329,-0.12309562552693615,0.03015547748846488,3626.8822967641627,0.1366457961765141,0.0004413708370876248,3620.5809583767177,41.489078662101235,7.067415383388834
heart_attack_binary,Heart Attack,systolic_bp,Systolic BP (mmHg),LBXSCR,Creatinine Kidney (mg/dL),Ratio,4673,228.0,-0.4731178120621248,2.624225515833912e-09,1786.955146496371,0.3465655491279942,3.650978168595716e-09,1794.022210356007,0.17053074582847,4.971410279962793e-06,1807.7814016195357,1.3912593054852331,7.067063859635937
arthritis_binary,Arthritis,LBXHGB,Hemoglobin (g/dL),LBXIN,Insulin (uIU/mL),Ratio,2378,753.0,-0.2271477099457883,6.642257487858405e-05,2954.375544322713,-0.1512394468699039,0.0005762394460237089,2961.4042235263287,0.1334091771541188,0.0037987602070133704,2963.9576455909946,8.675355435663786,7.028679203615866
stroke_binary,Stroke,LBXHGB,Hemoglobin (g/dL),LBXSBU,BUN Kidney (mg/dL),Difference,4903,239.0,-0.41001493777083614,7.89518505050402e-20,1842.842655072343,-0.2958289118383417,1.866823295666109e-06,1892.526327757334,0.39725722953143744,4.1769863912405904e-18,1849.868429622501,52.905490682247354,7.025774550158076
stroke_binary,Stroke,LBXSBU,BUN Kidney (mg/dL),LBXHGB,Hemoglobin (g/dL),Difference,4903,239.0,0.41001493777083614,7.89518505050402e-20,1842.842655072343,0.39725722953143744,4.1769863912405904e-18,1849.868429622501,-0.2958289118383417,1.866823295666109e-06,1892.526327757334,52.905490682247354,7.025774550158076
thyroid_binary,Thyroid Problem,diastolic_bp,Diastolic BP (mmHg),BMXWAIST,Waist Circumference (cm),Ratio,4749,553.0,-0.18266064370721297,5.763521115201175e-05,3404.987853867868,-0.13488312752461,0.0020874217826281826,3411.941652910693,0.09932200744442696,0.02552045350487433,3416.281630540924,36.21782137871671,6.953799042824812
thyroid_binary,Thyroid Problem,LBDHDD,HDL Cholesterol (mg/dL),diastolic_bp,Diastolic BP (mmHg),Difference,4690,573.0,0.17295373074299147,5.267953637326035e-05,3470.25568815286,0.12860339326288897,0.0022690381493694796,3477.204172080765,-0.12279180406414787,0.004614189877432759,3478.3162390907128,43.07247758014102,6.948483927905272
thyroid_binary,Thyroid Problem,diastolic_bp,Diastolic BP (mmHg),LBDHDD,HDL Cholesterol (mg/dL),Difference,4690,573.0,-0.17295373074299147,5.267953637326035e-05,3470.25568815286,-0.12279180406414787,0.004614189877432759,3478.3162390907128,0.12860339326288897,0.0022690381493694796,3477.204172080765,43.07247758014102,6.948483927905272
diabetes_binary,Diabetes,LBXSCA,Calcium (mg/dL),LBXSAL,Albumin (g/dL),Ratio,5897,800.0,0.39961258693028134,1.3458768195004263e-30,4555.476412315547,-0.059162017155446764,0.11983821288905792,4683.919721315176,-0.41372114059575954,1.1332605143149437e-28,4562.421075049553,84.20239489194834,6.94466273400576
thyroid_binary,Thyroid Problem,LBXSATSI,ALT Liver Enzyme (U/L),LBXHSCRP,hs-CRP Inflammation (mg/L),Ratio,4888,597.0,-0.34475099245255264,1.5812148858833792e-06,3602.4441692950013,-0.26355656494099916,1.5572787999100395e-05,3609.382747766003,0.0856296023515571,0.014957180605786612,3627.1863454447553,9.848622181671612,6.93857847100162
hypertension_binary,Hypertension,LBXSNASI,Sodium (mmol/L),LBDLDL,LDL Cholesterol (mg/dL),Ratio,2573,918.0,0.12297385312332669,0.0024650060008890684,3347.6635347322926,0.03218874468003728,0.43452468074772244,3356.235133516053,-0.0622894393492126,0.1337554362865055,3354.5825237419976,54.261708181750116,6.918989009705001
heart_attack_binary,Heart Attack,LBXSNASI,Sodium (mmol/L),LBXSUA,Uric Acid (mg/dL),Ratio,4904,243.0,-0.4493666823689713,1.1731493833080443e-07,1905.7659717288684,-0.03574117706989768,0.5853980446334168,1937.7644398645984,0.3143255746941225,2.4905934662096466e-07,1912.6830546138576,2.12299772019372,6.917082884989213
thyroid_binary,Thyroid Problem,LBXSNASI,Sodium (mmol/L),LBDHDD,HDL Cholesterol (mg/dL),Ratio,4899,600.0,-0.18090580260411065,0.00012643750402235233,3631.746817541456,0.054049926183677856,0.217461392325216,3645.618587498785,0.12203832613421486,0.0030019512491571265,3638.6579901256437,23.742569677952712,6.911172584187625
liver_condition_binary,Liver Condition,LBDHDD,HDL Cholesterol (mg/dL),LBXSAPSI,Alkaline Phosphatase (U/L),Ratio,4896,270.0,-0.4743081042693997,9.80301308842867e-09,2054.3926662890435,-0.16400096635166814,0.016367750634072867,2087.520158245273,0.29176711646124054,1.166727390920667e-08,2061.296824756053,1.1901722260249294,6.904158467009438
thyroid_binary,Thyroid Problem,LBXSATSI,ALT Liver Enzyme (U/L),LBXSAPSI,Alkaline Phosphatase (U/L),Difference,4901,599.0,-0.22627386801852054,3.060872506621126e-08,3613.1504225672556,-0.2676274780153956,1.2281904262678293e-05,3620.0246093499136,0.13693971910970337,0.0004214705323250922,3631.7696702286757,401.2550093514412,6.874186782657944
thyroid_binary,Thyroid Problem,LBXSAPSI,Alkaline Phosphatase (U/L),LBXSATSI,ALT Liver Enzyme (U/L),Difference,4901,599.0,0.22627386801852054,3.060872506621126e-08,3613.1504225672556,0.13693971910970337,0.0004214705323250922,3631.7696702286757,-0.2676274780153956,1.2281904262678293e-05,3620.0246093499136,401.2550093514412,6.874186782657944
stroke_binary,Stroke,LBXPLTSI,Platelet Count (10^3/uL),LBXWBCSI,WBC Count (10^3/uL),Ratio,5020,243.0,-0.2814496435909752,0.00020647533148189656,1934.6551813524284,-0.19767421062403143,0.0050723797382331536,1941.504621383916,0.01891239133819132,0.652025816933036,1949.5552187902802,24.566516986935518,6.849440031487575
stroke_binary,Stroke,BMXBMI,Body Mass Index (kg/m2),LBDLDL,LDL Cholesterol (mg/dL),Ratio,2324,105.0,0.27489423454518414,0.0001266141840515332,847.4915380770697,0.13389693367532413,0.14412318218929784,857.5563545784055,-0.2404923995008875,0.025499994064243216,854.3372890733704,201.3991896347448,6.845750996300694
stroke_binary,Stroke,LBXSCR,Creatinine Kidney (mg/dL),LBXHGB,Hemoglobin (g/dL),Difference,4905,239.0,0.37926564706148214,1.6713089068928095e-12,1870.1599469519351,0.23955701129368934,1.1775983331278206e-08,1876.9956038848554,-0.2957148720326264,1.8859234062108091e-06,1892.7443180331586,7045.96456269198,6.835656932920301
stroke_binary,Stroke,LBXHGB,Hemoglobin (g/dL),LBXSCR,Creatinine Kidney (mg/dL),Difference,4905,239.0,-0.37926564706148214,1.6713089068928095e-12,1870.1599469519351,-0.2957148720326264,1.8859234062108091e-06,1892.7443180331586,0.23955701129368934,1.1775983331278206e-08,1876.9956038848554,7045.96456269198,6.835656932920301
hypertension_binary,Hypertension,LBXHSCRP,hs-CRP Inflammation (mg/L),LBXWBCSI,WBC Count (10^3/uL),Ratio,5401,1893.0,0.29088439460033555,1.9745803341519347e-17,6910.972870131383,0.28902981042588816,8.683608740812605e-16,6917.802038885605,0.2574909107882914,0.00040619283558533274,6985.642171665095,43.97698382092993,6.829168754221428
liver_condition_binary,Liver Condition,LBDHDD,HDL Cholesterol (mg/dL),LBXSASSI,AST Liver Enzyme (U/L),Difference,4883,269.0,-0.3884181150457988,5.780143702575099e-14,2035.6747014221519,-0.16525328848962095,0.01585496870096706,2080.3000643884957,0.27432302762741384,1.1990635991542525e-12,2042.503204050723,20.74452921680927,6.8285026285711865
liver_condition_binary,Liver Condition,LBXSASSI,AST Liver Enzyme (U/L),LBDHDD,HDL Cholesterol (mg/dL),Difference,4883,269.0,0.3884181150457988,5.780143702575099e-14,2035.6747014221519,0.27432302762741384,1.1990635991542525e-12,2042.503204050723,-0.16525328848962095,0.01585496870096706,2080.3000643884957,20.74452921680927,6.8285026285711865
thyroid_binary,Thyroid Problem,LBXSATSI,ALT Liver Enzyme (U/L),LBXGLU,Fasting Glucose (mg/dL),Ratio,2378,306.0,-0.25405606336875264,0.002041027435295798,1818.154424612916,-0.15048900564521533,0.04027581056909941,1824.9336999948669,0.0985801464919865,0.06805420964489796,1826.6012727574243,19.733105921362785,6.779275381950811
thyroid_binary,Thyroid Problem,LBXSAL,Albumin (g/dL),LBXGLU,Fasting Glucose (mg/dL),Ratio,2380,307.0,-0.21288800309464295,0.0002541369746626889,1821.0659193711886,-0.15029498415040227,0.011973961118981373,1827.826210342275,0.09673541410364912,0.07359115849538968,1831.0905080163047,47.11617085579216,6.760290971086533
thyroid_binary,Thyroid Problem,LBDLDL,LDL Cholesterol (mg/dL),LBXTR,Triglycerides (mg/dL),Ratio,2361,304.0,-0.1890415977282926,0.005239027119414661,1809.0169859111218,0.009511527940529193,0.8766752745878237,1817.3221328952536,0.0750847935088027,0.20295383464297212,1815.7679205686675,38.73884024972321,6.750934657545713
hypertension_binary,Hypertension,LBXHSCRP,hs-CRP Inflammation (mg/L),LBXHGB,Hemoglobin (g/dL),Difference,5401,1893.0,0.29856723215824377,3.732768196151829e-17,6911.06506363171,0.28902981042588816,8.683608740812605e-16,6917.802038885605,-0.11346726954164137,6.765843199037638e-05,6985.1019645354345,23.263187759059555,6.7369752538952525
hypertension_binary,Hypertension,LBXHGB,Hemoglobin (g/dL),LBXHSCRP,hs-CRP Inflammation (mg/L),Difference,5401,1893.0,-0.29856723215824377,3.732768196151829e-17,6911.06506363171,-0.11346726954164137,6.765843199037638e-05,6985.1019645354345,0.28902981042588816,8.683608740812605e-16,6917.802038885605,23.263187759059555,6.7369752538952525
liver_condition_binary,Liver Condition,LBXPLTSI,Platelet Count (10^3/uL),BMXBMI,Body Mass Index (kg/m2),Ratio,4936,267.0,-0.35863943727363196,8.917122581469498e-07,2054.516946274754,-0.2997299352045494,1.6387686514808798e-05,2061.2518285024817,0.10547984940198935,0.07459306165684179,2077.9500548614506,18.377774181173347,6.734882227727667
thyroid_binary,Thyroid Problem,diastolic_bp,Diastolic BP (mmHg),LBXSAPSI,Alkaline Phosphatase (U/L),Difference,4670,569.0,-0.17336541695496271,1.7618689394631262e-05,3447.0958387058818,-0.12561205134559142,0.00384714334816899,3457.003276692797,0.1368865160884377,0.0005895268461397977,3453.8201921116924,33.460312111492094,6.724353405810689
thyroid_binary,Thyroid Problem,LBXSAPSI,Alkaline Phosphatase (U/L),diastolic_bp,Diastolic BP (mmHg),Difference,4670,569.0,0.17336541695496271,1.7618689394631262e-05,3447.0958387058818,0.1368865160884377,0.0005895268461397977,3453.8201921116924,-0.12561205134559142,0.00384714334816899,3457.003276692797,33.460312111492094,6.724353405810689
heart_attack_binary,Heart Attack,LBXSCA,Calcium (mg/dL),LBXSUA,Uric Acid (mg/dL),Ratio,4904,243.0,-0.44275119334710217,1.2346161215423228e-07,1905.9761013223865,0.031230048469499422,0.6345024158596833,1937.8354274429566,0.3143255746941225,2.4905934662096466e-07,1912.6830546138576,2.0173019149452833,6.706953291471109
diabetes_binary,Diabetes,LBXSATSI,ALT Liver Enzyme (U/L),LBXTC,Total Cholesterol (mg/dL),Difference,5892,799.0,0.2571302139538469,6.570410498775894e-11,4637.148162811911,0.07053240424771232,0.035485715249715805,4677.061540289532,-0.24297613946196425,2.3995194815984853e-09,4643.853174494096,36.52008473512469,6.705011682184704
diabetes_binary,Diabetes,LBXTC,Total Cholesterol (mg/dL),LBXSATSI,ALT Liver Enzyme (U/L),Difference,5892,799.0,-0.2571302139538469,6.570410498775894e-11,4637.148162811911,-0.24297613946196425,2.3995194815984853e-09,4643.853174494096,0.07053240424771232,0.035485715249715805,4677.061540289532,36.52008473512469,6.705011682184704
arthritis_binary,Arthritis,LBXSASSI,AST Liver Enzyme (U/L),LBXSAPSI,Alkaline Phosphatase (U/L),Difference,4888,1519.0,-0.2269000570334578,1.1286405121299651e-12,6009.345752615606,-0.046200537498016676,0.16137255452371724,6060.212490158059,0.2104553754268993,2.760448400261815e-11,6016.042889702861,24.458172204471996,6.697137087255214
arthritis_binary,Arthritis,LBXSAPSI,Alkaline Phosphatase (U/L),LBXSASSI,AST Liver Enzyme (U/L),Difference,4888,1519.0,0.2269000570334578,1.1286405121299651e-12,6009.345752615606,0.2104553754268993,2.760448400261815e-11,6016.042889702861,-0.046200537498016676,0.16137255452371724,6060.212490158059,24.458172204471996,6.697137087255214
hypertension_binary,Hypertension,diastolic_bp,Diastolic BP (mmHg),LBXPLTSI,Platelet Count (10^3/uL),Ratio,5274,1859.0,0.3895236931470159,1.7219381930983311e-18,6766.9987040943015,0.25873952742027684,1.8093309022985625e-17,6773.680347124237,-0.11546973980791014,8.535243971514469e-05,6833.674355820756,10.50752523842324,6.681643029935913
depression_binary,Depression,LBXSUA,Uric Acid (mg/dL),LBXGH,"Glycohemoglobin (HbA1c, %)",Ratio,790,410.0,-0.28324034633223627,0.00011539296118590245,1082.6981290371793,-0.19048068567959164,0.008315368951651216,1090.9744244104766,0.2210666891541065,0.004681290596469293,1089.3120537674617,40.56825085654536,6.613924730282406
thyroid_binary,Thyroid Problem,LBXSAL,Albumin (g/dL),LBXTR,Triglycerides (mg/dL),Ratio,2378,307.0,-0.24395123064429,0.0006642765475322019,1820.653075574562,-0.15038417481565491,0.011928458262873858,1827.266869146959,0.05906560016541738,0.2446390504248469,1832.2810370727857,17.957066687343204,6.613793572396844
liver_condition_binary,Liver Condition,LBXSAL,Albumin (g/dL),LBXSAPSI,Alkaline Phosphatase (U/L),Ratio,4900,270.0,-0.4527230643049345,3.911990487481828e-09,2055.1919036399368,-0.1417654776716184,0.019823795747678397,2088.7445133130523,0.2915751510481414,1.1920846189544353e-08,2061.789370587992,3.0472584807377365,6.597466948055171
hypertension_binary,Hypertension,LBDHDD,HDL Cholesterol (mg/dL),LBXSAPSI,Alkaline Phosphatase (U/L),Difference,5405,1899.0,-0.17528523846909683,1.3867817197457427e-09,6974.172242223815,-0.08661389985872747,0.002946624239732066,7002.845956780322,0.15872844634271072,4.0234814978825156e-08,6980.761440523728,29.01308432750465,6.589198299912823
hypertension_binary,Hypertension,LBXSAPSI,Alkaline Phosphatase (U/L),LBDHDD,HDL Cholesterol (mg/dL),Difference,5405,1899.0,0.17528523846909683,1.3867817197457427e-09,6974.172242223815,0.15872844634271072,4.0234814978825156e-08,6980.761440523728,-0.08661389985872747,0.002946624239732066,7002.845956780322,29.01308432750465,6.589198299912823
heart_attack_binary,Heart Attack,LBXGLU,Fasting Glucose (mg/dL),diastolic_bp,Diastolic BP (mmHg),Difference,2309,118.0,0.40088534753640237,1.1173954279862962e-11,898.5044393640628,0.35961305636494223,4.725190680519011e-10,905.0932407074758,-0.27776054336943956,0.0009987540573917523,925.729249809574,42.287542638638406,6.588801343413024
heart_attack_binary,Heart Attack,diastolic_bp,Diastolic BP (mmHg),LBXGLU,Fasting Glucose (mg/dL),Difference,2309,118.0,-0.40088534753640237,1.1173954279862962e-11,898.5044393640628,-0.27776054336943956,0.0009987540573917523,925.729249809574,0.35961305636494223,4.725190680519011e-10,905.0932407074758,42.287542638638406,6.588801343413024
arthritis_binary,Arthritis,LBXSCA,Calcium (mg/dL),LBXHGB,Hemoglobin (g/dL),Ratio,4897,1523.0,0.19853142242795355,6.026073348057915e-11,6032.283477482473,0.11444044977545201,0.00022302166833570647,6061.646439527931,-0.1858900257624025,1.7023200586582188e-09,6038.865509697536,28.249242256681843,6.582032215063009
high_cholesterol_binary,High Cholesterol,LBXSAL,Albumin (g/dL),LBXSBU,BUN Kidney (mg/dL),Difference,5386,1763.0,-0.47663395625384897,8.32614341149404e-49,6566.709485611129,-0.14144653339591454,1.0811283791529854e-06,6790.998864979955,0.469173540771239,8.955402906860078e-48,6573.2685181995,10.755763460064067,6.559032588371338
high_cholesterol_binary,High Cholesterol,LBXSBU,BUN Kidney (mg/dL),LBXSAL,Albumin (g/dL),Difference,5386,1763.0,0.47663395625384897,8.32614341149404e-49,6566.709485611129,0.469173540771239,8.955402906860078e-48,6573.2685181995,-0.14144653339591454,1.0811283791529854e-06,6790.998864979955,10.755763460064067,6.559032588371338
hypertension_binary,Hypertension,LBXHGB,Hemoglobin (g/dL),systolic_bp,Systolic BP (mmHg),Difference,5274,1859.0,-0.9728162555695683,2.3211294422048653e-154,5938.751013081973,-0.10283704354237207,0.00035091710337376415,6836.560636462589,0.9684089346189831,1.0402506508601045e-153,5945.286458626213,4.481657213705236,6.535445544240247
hypertension_binary,Hypertension,systolic_bp,Systolic BP (mmHg),LBXHGB,Hemoglobin (g/dL),Difference,5274,1859.0,0.9728162555695683,2.3211294422048653e-154,5938.751013081973,0.9684089346189831,1.0402506508601045e-153,5945.286458626213,-0.10283704354237207,0.00035091710337376415,6836.560636462589,4.481657213705236,6.535445544240247
arthritis_binary,Arthritis,LBXWBCSI,WBC Count (10^3/uL),LBDLDL,LDL Cholesterol (mg/dL),Ratio,2361,748.0,0.18206302495269255,2.8142226104389446e-05,2934.86421959889,0.14681650601802415,0.0008728566059139898,2941.3679007707606,-0.06737695574275854,0.1322710343399584,2950.3458145784375,31.015904807112864,6.503681171870539
liver_condition_binary,Liver Condition,systolic_bp,Systolic BP (mmHg),LBDHDD,HDL Cholesterol (mg/dL),Difference,4686,256.0,0.28753530609190203,5.074400418853488e-06,1969.7048230438827,0.22556881132849674,0.0001109392308006761,1976.1686954504846,-0.16666352836068615,0.017210522949169242,1984.2222797726886,21.8625298840216,6.463872406601922
liver_condition_binary,Liver Condition,LBDHDD,HDL Cholesterol (mg/dL),systolic_bp,Systolic BP (mmHg),Difference,4686,256.0,-0.28753530609190203,5.074400418853488e-06,1969.7048230438827,-0.16666352836068615,0.017210522949169242,1984.2222797726886,0.22556881132849674,0.0001109392308006761,1976.1686954504846,21.8625298840216,6.463872406601922
thyroid_binary,Thyroid Problem,LBXSKSI,Potassium (mmol/L),LBXHSCRP,hs-CRP Inflammation (mg/L),Ratio,4887,598.0,-0.1677319158393852,0.0012590517018411342,3624.475998007657,0.0855590226366936,0.04723662105887963,3632.226562509734,0.08511185297040624,0.015618535241975751,3630.934018108706,12.404999110947138,6.458020101048987
arthritis_binary,Arthritis,LBXHSCRP,hs-CRP Inflammation (mg/L),LBDLDL,LDL Cholesterol (mg/dL),Ratio,2347,741.0,0.24288443884275546,1.4416067100626682e-06,2902.920255992519,0.20710042505469944,1.2407368974808999e-05,2909.363285805174,-0.06014474654605547,0.18018296093073982,2929.3822163256164,8.606625432722657,6.443029812655368
stroke_binary,Stroke,BMXBMI,Body Mass Index (kg/m2),LBXSCR,Creatinine Kidney (mg/dL),Ratio,4831,227.0,-0.5410876014717475,9.133561438596184e-10,1791.1478642138532,0.04879969882469125,0.46011870344451045,1834.8952497561927,0.243494364161606,1.3156413860614614e-08,1797.587573703121,14.404472941977316,6.439709489267898
thyroid_binary,Thyroid Problem,LBXSUA,Uric Acid (mg/dL),LBDHDD,HDL Cholesterol (mg/dL),Ratio,4896,598.0,-0.17357724009730555,0.0002357604696424309,3624.2201627221184,-0.07954226819246413,0.07357240000806146,3635.237837944304,0.11762155261269812,0.004360953618847095,3630.638994042454,18.497391125243304,6.418831320335812
heart_attack_binary,Heart Attack,LBXIN,Insulin (uIU/mL),diastolic_bp,Diastolic BP (mmHg),Difference,2263,117.0,0.2608696245503441,3.454246171568511e-05,908.3229067633207,0.1857036410786152,0.0010478963879042345,915.4255230805976,-0.2824877769045361,0.0008199984901919506,914.7326313800415,23.73885500521823,6.409724616720837
heart_attack_binary,Heart Attack,diastolic_bp,Diastolic BP (mmHg),LBXIN,Insulin (uIU/mL),Difference,2263,117.0,-0.2608696245503441,3.454246171568511e-05,908.3229067633207,-0.2824877769045361,0.0008199984901919506,914.7326313800415,0.1857036410786152,0.0010478963879042345,915.4255230805976,23.73885500521823,6.409724616720837
liver_condition_binary,Liver Condition,BMXWAIST,Waist Circumference (cm),BMXBMI,Body Mass Index (kg/m2),Difference,4914,262.0,0.27211245226826236,1.0043689883332255e-05,2030.7007473980136,0.2206403619738237,0.00028418660639474715,2037.0589755204624,0.11091088948637116,0.06557149049168752,2046.6068726074259,28.295039940088323,6.358228122448736
liver_condition_binary,Liver Condition,BMXBMI,Body Mass Index (kg/m2),BMXWAIST,Waist Circumference (cm),Difference,4914,262.0,-0.27211245226826236,1.0043689883332255e-05,2030.7007473980136,0.11091088948637116,0.06557149049168752,2046.6068726074259,0.2206403619738237,0.00028418660639474715,2037.0589755204624,28.295039940088323,6.358228122448736
thyroid_binary,Thyroid Problem,LBXSUA,Uric Acid (mg/dL),BMXWAIST,Waist Circumference (cm),Ratio,4646,557.0,-0.1607981402394158,0.0006193746933450361,3399.3531414787385,-0.08892857407366364,0.053614911729926745,3407.618597417677,0.10654728528479726,0.01633536546594642,3405.6918102053914,26.37396335604957,6.338668726652941
hypertension_binary,Hypertension,LBXSCA,Calcium (mg/dL),LBXSAPSI,Alkaline Phosphatase (U/L),Ratio,5407,1900.0,-0.1819747554863904,2.661726380679467e-09,6977.512046292477,0.11624933900967194,5.017980353469526e-05,6998.241104449175,0.15844510399499423,4.2168881826615745e-08,6983.814806624859,15.842680950493179,6.302760332381695
stroke_binary,Stroke,LBXSATSI,ALT Liver Enzyme (U/L),LBXGLU,Fasting Glucose (mg/dL),Ratio,2382,114.0,-0.5647434599739665,0.0008262885519958308,904.0560094992873,-0.39456779875188386,0.00837510262495125,910.3437917434619,0.17045374620646506,0.018676890263957517,914.8162038413589,10.135808616399066,6.28778224417465
thyroid_binary,Thyroid Problem,LBDHDD,HDL Cholesterol (mg/dL),LBXSASSI,AST Liver Enzyme (U/L),Difference,4884,597.0,0.17002759847869714,0.00019870135856487042,3617.201627841599,0.11828661712275457,0.004160197018007494,3623.4872912781657,-0.12288437140471528,0.03038590351352964,3625.8563654066998,20.936932933195354,6.285663436566665
thyroid_binary,Thyroid Problem,LBXSASSI,AST Liver Enzyme (U/L),LBDHDD,HDL Cholesterol (mg/dL),Difference,4884,597.0,-0.17002759847869714,0.00019870135856487042,3617.201627841599,-0.12288437140471528,0.03038590351352964,3625.8563654066998,0.11828661712275457,0.004160197018007494,3623.4872912781657,20.936932933195354,6.285663436566665
thyroid_binary,Thyroid Problem,LBXSUA,Uric Acid (mg/dL),LBXGH,"Glycohemoglobin (HbA1c, %)",Ratio,4896,598.0,-0.17636952721991178,0.00010743322401468545,3623.0386292198273,-0.07907096389158767,0.07525632807906384,3635.2755802296347,0.1206217402834042,0.0016009207689360806,3629.30439669373,14.901542643058397,6.265767473902542
stroke_binary,Stroke,LBXSCA,Calcium (mg/dL),LBXTR,Triglycerides (mg/dL),Ratio,2379,113.0,-0.2825536694834374,0.016529744908594695,906.6689080813455,-0.04348516987033327,0.6526556118440925,912.9754988701211,0.04172661726780055,0.595156742459142,912.9320585344176,36.00519825019733,6.263150453072058
heart_attack_binary,Heart Attack,LBXSUA,Uric Acid (mg/dL),LBXSAL,Albumin (g/dL),Ratio,4904,243.0,0.3367141613065289,4.409095526577318e-09,1906.4359089276086,0.3143255746941225,2.4905934662096466e-07,1912.6830546138576,-0.16742960025491221,0.008371478108057986,1931.2753850949969,56.48762770497373,6.247145686249041
thyroid_binary,Thyroid Problem,LBXSATSI,ALT Liver Enzyme (U/L),BMXBMI,Body Mass Index (kg/m2),Ratio,4825,585.0,-0.3054738060122817,1.6833307064085062e-06,3539.8170584430545,-0.2638333847759062,1.909863742557103e-05,3546.0480005567215,0.06861364180755322,0.10792870315502745,3566.135652032246,11.345742908901839,6.23094211366697
diabetes_binary,Diabetes,LBXSNASI,Sodium (mmol/L),LBXHSCRP,hs-CRP Inflammation (mg/L),Difference,5884,797.0,-0.2681030559039859,5.2867743399248575e-17,4598.808498229128,-0.10929766367180895,0.003906320058442507,4663.136329170987,0.250390713094557,1.2786837629232882e-15,4605.0294486453895,24.1864638190981,6.220950416261076
diabetes_binary,Diabetes,LBXHSCRP,hs-CRP Inflammation (mg/L),LBXSNASI,Sodium (mmol/L),Difference,5884,797.0,0.2681030559039859,5.2867743399248575e-17,4598.808498229128,0.250390713094557,1.2786837629232882e-15,4605.0294486453895,-0.10929766367180895,0.003906320058442507,4663.136329170987,24.1864638190981,6.220950416261076
liver_condition_binary,Liver Condition,LBXSNASI,Sodium (mmol/L),LBXSAPSI,Alkaline Phosphatase (U/L),Ratio,4900,270.0,-0.45032525457845063,4.696282757389058e-09,2055.5689293662745,-0.01924852426734973,0.7579895828048253,2093.973611497607,0.2915751510481414,1.1920846189544353e-08,2061.789370587992,2.5383578471267043,6.220441221717465
heart_attack_binary,Heart Attack,LBXHGB,Hemoglobin (g/dL),LBXTC,Total Cholesterol (mg/dL),Ratio,4924,243.0,0.43464651228837614,9.165433774161688e-15,1885.124837749134,0.0030882588216243827,0.9625897988998536,1940.0875439558513,-0.5017517954648616,2.187868134808501e-11,1891.3451147298201,2387.086294787628,6.220276980686094
diabetes_binary,Diabetes,LBXTR,Triglycerides (mg/dL),LBXPLTSI,Platelet Count (10^3/uL),Ratio,2832,411.0,0.428757196548103,5.92784646114055e-12,2288.7878910167437,0.38775536797461985,2.4208702042508608e-11,2295.0066830867527,-0.20524269636275302,0.00031464461165074106,2336.2471690724915,4.083894918872565,6.218792070008931
diabetes_binary,Diabetes,diastolic_bp,Diastolic BP (mmHg),LBXHGB,Hemoglobin (g/dL),Ratio,6297,780.0,0.1584751706046972,4.825147998852862e-05,4704.538628776168,0.0989701581064144,0.013122886396401764,4714.913836240687,-0.12280622219906887,0.0011221891117490317,4710.723543403919,23.257092052219384,6.184914627751823
thyroid_binary,Thyroid Problem,diastolic_bp,Diastolic BP (mmHg),LBXTR,Triglycerides (mg/dL),Ratio,2269,290.0,-0.18167572625486159,0.010231021789905566,1731.3182903132147,-0.059992609978670126,0.33317594503134207,1737.5031077799763,0.034483948687300876,0.5348169015579236,1738.0742794978391,32.56526590140488,6.184817466761615
thyroid_binary,Thyroid Problem,LBXSCA,Calcium (mg/dL),LBXGH,"Glycohemoglobin (HbA1c, %)",Ratio,4896,598.0,-0.1637087870591969,6.479585290330734e-05,3623.138684652779,0.09975631200810667,0.021698605767440392,3633.2263693669397,0.1206217402834042,0.0016009207689360806,3629.30439669373,24.707148639976705,6.165712040950893
liver_condition_binary,Liver Condition,LBDLDL,LDL Cholesterol (mg/dL),LBXPLTSI,Platelet Count (10^3/uL),Ratio,2360,131.0,0.27753432980694953,0.00014650204854140835,1003.3067594897677,0.08576574871438242,0.32536085518779645,1015.1420328111885,-0.24669734680280145,0.012353097976089349,1009.4530600353821,84.32030882215128,6.146300545614395
liver_condition_binary,Liver Condition,systolic_bp,Systolic BP (mmHg),LBXTR,Triglycerides (mg/dL),Ratio,2266,126.0,-0.3126839928329324,0.00506248239257505,968.1096164296184,0.14574716293465248,0.08998238347085533,974.2547795451535,0.10201008643898764,0.08450717215481042,974.6392960180202,16.692832804466416,6.14516311553507
liver_condition_binary,Liver Condition,LBDHDD,HDL Cholesterol (mg/dL),LBXSUA,Uric Acid (mg/dL),Ratio,4895,270.0,-0.31108715907319495,5.586172253118278e-05,2074.961741436832,-0.16324026439373535,0.016834399214469702,2087.4602024003925,0.21270608080085035,0.0003404407518869169,2081.0973013707567,6.094347550720052,6.135559933924469
heart_attack_binary,Heart Attack,LBXSUA,Uric Acid (mg/dL),LBDHDD,HDL Cholesterol (mg/dL),Ratio,4900,243.0,0.32888494296875287,3.5284206075310563e-09,1906.1460194596839,0.3143408807500344,2.4819938272890446e-07,1912.2714955321453,-0.3725435608382727,2.1714648526206217e-06,1912.6019463191647,70.34291268992932,6.125476072461424
hypertension_binary,Hypertension,LBXSAL,Albumin (g/dL),systolic_bp,Systolic BP (mmHg),Difference,5149,1819.0,-0.9839124407364107,1.09198390524636e-152,5787.9200641397865,-0.2638514634481174,5.561379465242743e-19,6611.03936817612,0.9797448567395199,6.83034320001022e-152,5794.039405643514,6.254985231187306,6.11934150372781
hypertension_binary,Hypertension,systolic_bp,Systolic BP (mmHg),LBXSAL,Albumin (g/dL),Difference,5149,1819.0,0.9839124407364107,1.09198390524636e-152,5787.9200641397865,0.9797448567395199,6.83034320001022e-152,5794.039405643514,-0.2638514634481174,5.561379465242743e-19,6611.03936817612,6.254985231187306,6.11934150372781
stroke_binary,Stroke,LBXSASSI,AST Liver Enzyme (U/L),LBXSAPSI,Alkaline Phosphatase (U/L),Difference,4894,239.0,-0.3295605817364759,1.9243109841146373e-09,1878.3048848581507,-0.09532343591163704,0.2545157775741651,1911.85413825244,0.2837329722729144,5.7351993530159607e-08,1884.4170574573816,29.803911116033504,6.112172599230917
stroke_binary,Stroke,LBXSAPSI,Alkaline Phosphatase (U/L),LBXSASSI,AST Liver Enzyme (U/L),Difference,4894,239.0,0.3295605817364759,1.9243109841146373e-09,1878.3048848581507,0.2837329722729144,5.7351993530159607e-08,1884.4170574573816,-0.09532343591163704,0.2545157775741651,1911.85413825244,29.803911116033504,6.112172599230917
heart_attack_binary,Heart Attack,LBXTC,Total Cholesterol (mg/dL),LBXSAPSI,Alkaline Phosphatase (U/L),Ratio,4901,243.0,-0.5830194434204733,6.9654818470132194e-12,1883.165427426473,-0.5001753539479745,2.459918114656828e-11,1889.2734592716347,0.21952650783208374,2.0890631892022815e-05,1920.4917445116032,3.531583555431466,6.108031845161804
stroke_binary,Stroke,LBXHSCRP,hs-CRP Inflammation (mg/L),LBXTC,Total Cholesterol (mg/dL),Difference,4898,236.0,0.30524200890683734,1.936302420266169e-05,1876.8377941857834,0.154891157248233,0.00014302562637431095,1884.4766723250837,-0.2516357267881918,0.0004304252914848398,1882.9386409433473,7.386533471080942,6.100846757563886
stroke_binary,Stroke,LBXTC,Total Cholesterol (mg/dL),LBXHSCRP,hs-CRP Inflammation (mg/L),Difference,4898,236.0,-0.30524200890683734,1.936302420266169e-05,1876.8377941857834,-0.2516357267881918,0.0004304252914848398,1882.9386409433473,0.154891157248233,0.00014302562637431095,1884.4766723250837,7.386533471080942,6.100846757563886
hypertension_binary,Hypertension,BMXBMI,Body Mass Index (kg/m2),LBXSAL,Albumin (g/dL),Difference,5325,1857.0,0.4407879296126179,2.2905997730778342e-48,6661.791895696722,0.4346027774125617,3.340316612669681e-47,6667.855912447616,-0.2636656802616082,1.866401156312238e-19,6807.735358883773,14.58271607257414,6.064016750893643
hypertension_binary,Hypertension,LBXSAL,Albumin (g/dL),BMXBMI,Body Mass Index (kg/m2),Difference,5325,1857.0,-0.4407879296126179,2.2905997730778342e-48,6661.791895696722,-0.2636656802616082,1.866401156312238e-19,6807.735358883773,0.4346027774125617,3.340316612669681e-47,6667.855912447616,14.58271607257414,6.064016750893643
hypertension_binary,Hypertension,LBXPLTSI,Platelet Count (10^3/uL),LBXTR,Triglycerides (mg/dL),Difference,2606,931.0,-0.26801606955380564,4.176986604681861e-08,3366.4070086694564,-0.10883364903863887,0.009137890433957466,3394.3861341336924,0.2550807657149843,1.1082697144955415e-06,3372.3845856986127,26.53275720954706,5.977577029156237
hypertension_binary,Hypertension,LBXTR,Triglycerides (mg/dL),LBXPLTSI,Platelet Count (10^3/uL),Difference,2606,931.0,0.26801606955380564,4.176986604681861e-08,3366.4070086694564,0.2550807657149843,1.1082697144955415e-06,3372.3845856986127,-0.10883364903863887,0.009137890433957466,3394.3861341336924,26.53275720954706,5.977577029156237
hypertension_binary,Hypertension,LBXSCA,Calcium (mg/dL),LBXSATSI,ALT Liver Enzyme (U/L),Ratio,5407,1900.0,-0.1396324923797122,3.1693014076881685e-06,6992.270278927015,0.11624933900967194,5.017980353469526e-05,6998.241104449175,0.052052918925842406,0.06255861407825919,7011.336195050414,15.833080253259558,5.97082552215943
liver_condition_binary,Liver Condition,LBXSAL,Albumin (g/dL),LBXGH,"Glycohemoglobin (HbA1c, %)",Ratio,4898,270.0,-0.23805615592336055,4.7990529255009704e-05,2078.0112930372893,-0.14097353915395858,0.020553837911244443,2088.5788357364163,0.16762782742937915,0.0007142061681002904,2083.958669318732,14.882231540001923,5.947376281442757
diabetes_binary,Diabetes,LBXSASSI,AST Liver Enzyme (U/L),LBXSATSI,ALT Liver Enzyme (U/L),Difference,5878,800.0,-0.11439995164883739,0.001330727503965299,4670.770422724522,0.0012547869871775126,0.9736056954410763,4680.788602793553,0.07039895112778764,0.035839579712639326,4676.688300612659,26.93232055837474,5.9178778881369
diabetes_binary,Diabetes,LBXSATSI,ALT Liver Enzyme (U/L),LBXSASSI,AST Liver Enzyme (U/L),Difference,5878,800.0,0.11439995164883739,0.001330727503965299,4670.770422724522,0.07039895112778764,0.035839579712639326,4676.688300612659,0.0012547869871775126,0.9736056954410763,4680.788602793553,26.93232055837474,5.9178778881369
diabetes_binary,Diabetes,LBXTC,Total Cholesterol (mg/dL),LBXSKSI,Potassium (mmol/L),Ratio,5889,798.0,-0.30866756252630323,1.451351419264548e-13,4618.328163779417,-0.24334481772993374,2.327021358249863e-09,4639.2082127811545,0.27070925963940523,3.706464782904194e-13,4624.245286999643,2.5538024311041037,5.917123220226131
high_cholesterol_binary,High Cholesterol,LBXSCR,Creatinine Kidney (mg/dL),LBXSAL,Albumin (g/dL),Ratio,5388,1763.0,0.29428472845695514,6.153550941761821e-11,6755.120096110655,0.26897337536442084,3.0544541764700444e-10,6761.024840485805,-0.14150189829230603,1.0681349297319334e-06,6792.561233001257,4.963726156454837,5.904744375149676
heart_attack_binary,Heart Attack,LBDLDL,LDL Cholesterol (mg/dL),LBXSKSI,Potassium (mmol/L),Ratio,2353,125.0,-0.5824554218360584,1.2288115353348493e-07,949.6517167158026,-0.5137276187756835,1.4360563484159105e-06,955.5046835577998,0.2882312779199582,0.0011020802637402888,970.6505227228716,11.686546774030626,5.8529668419971586
hypertension_binary,Hypertension,LBXSKSI,Potassium (mmol/L),LBDHDD,HDL Cholesterol (mg/dL),Ratio,5404,1899.0,0.10680269954752064,0.00017036584745340938,6996.753062227975,-0.0016841957173690416,0.9528755123356808,7010.962225134099,-0.08352515124020843,0.004108560523481796,7002.601033281819,24.11610416580342,5.847971053844049
high_cholesterol_binary,High Cholesterol,LBXPLTSI,Platelet Count (10^3/uL),LBXSCA,Calcium (mg/dL),Ratio,5383,1762.0,-0.18328544397271476,1.5153947499788005e-09,6773.275524451723,-0.16780388585154127,2.5673653450676543e-08,6779.121179584861,0.1040709187080572,0.000359266245274716,6798.223092484337,16.941891511129825,5.84565513313828
diabetes_binary,Diabetes,LBDLDL,LDL Cholesterol (mg/dL),LBXSATSI,ALT Liver Enzyme (U/L),Difference,2795,402.0,-0.3836178958291003,8.155819314055736e-11,2259.6874460314903,-0.37133083778427084,8.569550449473075e-10,2265.526356495651,0.10052754619805446,0.0297342415612647,2301.7698228573868,10.50728335129288,5.838910464160563
diabetes_binary,Diabetes,LBXSATSI,ALT Liver Enzyme (U/L),LBDLDL,LDL Cholesterol (mg/dL),Difference,2795,402.0,0.3836178958291003,8.155819314055736e-11,2259.6874460314903,0.10052754619805446,0.0297342415612647,2301.7698228573868,-0.37133083778427084,8.569550449473075e-10,2265.526356495651,10.50728335129288,5.838910464160563
heart_attack_binary,Heart Attack,LBXGLU,Fasting Glucose (mg/dL),LBDHDD,HDL Cholesterol (mg/dL),Difference,2386,126.0,0.3785996050769978,7.933583346012424e-10,959.6341351954379,0.32492168099261237,1.9838519823322548e-08,965.4502922514832,-0.3911793995641138,0.00045669565434187036,976.4984301715417,25.00574955614953,5.816157056045313
heart_attack_binary,Heart Attack,LBDHDD,HDL Cholesterol (mg/dL),LBXGLU,Fasting Glucose (mg/dL),Difference,2386,126.0,-0.3785996050769978,7.933583346012424e-10,959.6341351954379,-0.3911793995641138,0.00045669565434187036,976.4984301715417,0.32492168099261237,1.9838519823322548e-08,965.4502922514832,25.00574955614953,5.816157056045313
thyroid_binary,Thyroid Problem,LBXSASSI,AST Liver Enzyme (U/L),LBXGH,"Glycohemoglobin (HbA1c, %)",Ratio,4884,597.0,-0.2263927034798897,0.0005814030298984654,3616.3231592035618,-0.12316580421496416,0.030079287272869272,3625.834344982024,0.12142767018315997,0.0014926189480742632,3622.1172158840373,2.567270673382851,5.794056680475478
thyroid_binary,Thyroid Problem,LBXPLTSI,Platelet Count (10^3/uL),LBXHSCRP,hs-CRP Inflammation (mg/L),Ratio,4893,598.0,-0.1659261434351905,0.0018823295270380546,3626.7225337546006,-0.02469874816433336,0.5746766790349016,3637.3809775803766,0.08510854451180358,0.015588463983929546,3632.4970244931587,8.281474502744915,5.774490738558143
thyroid_binary,Thyroid Problem,LBXSATSI,ALT Liver Enzyme (U/L),LBXSAPSI,Alkaline Phosphatase (U/L),Ratio,4901,599.0,-0.2980813045569617,1.0563596441669037e-06,3614.2559339600502,-0.2676274780153956,1.2281904262678293e-05,3620.0246093499136,0.13693971910970337,0.0004214705323250922,3631.7696702286757,11.626631451227386,5.768675389863347
heart_attack_binary,Heart Attack,LBXSAL,Albumin (g/dL),LBXHSCRP,hs-CRP Inflammation (mg/L),Ratio,4894,243.0,-0.2921685565355848,0.0011744707183507248,1924.2710455517538,-0.1701364918697552,0.007384078036415937,1930.0380203973446,0.041909082164255027,0.45623734303169106,1936.5432097429757,6.287153797061185,5.766974845590767
thyroid_binary,Thyroid Problem,LBXSATSI,ALT Liver Enzyme (U/L),LBXSASSI,AST Liver Enzyme (U/L),Ratio,4888,597.0,-0.25553532562857006,1.980408717609264e-07,3603.1492850805207,-0.2673483985323975,1.3038028760415434e-05,3608.884996698851,-0.12309562552693615,0.03015547748846488,3626.8822967641627,65.83504023429494,5.735711618330242
hypertension_binary,Hypertension,LBXSASSI,AST Liver Enzyme (U/L),LBDLDL,LDL Cholesterol (mg/dL),Ratio,2565,914.0,0.14041533617710256,0.0014245353456422145,3333.8820498577147,0.09460400480655817,0.021154884113991555,3339.6094931825883,-0.06259498394089867,0.13260113766429324,3342.7914334382804,14.850375021375429,5.727443324873548
hypertension_binary,Hypertension,LBXPLTSI,Platelet Count (10^3/uL),LBXSCA,Calcium (mg/dL),Ratio,5405,1899.0,-0.1462939651413499,6.381489360725557e-07,6986.446399529668,-0.12830526418774502,1.1113797310340184e-05,6992.156013956561,0.1154543422639873,5.661273572987979e-05,6995.514918666297,17.415679447401878,5.7096144268925855
liver_condition_binary,Liver Condition,LBXSCA,Calcium (mg/dL),LBXSAPSI,Alkaline Phosphatase (U/L),Ratio,4898,270.0,-0.4487550540132953,6.111209675847287e-09,2055.8954359469335,-0.03583921826623545,0.56715919735871,2093.514181909615,0.29142858714919223,1.2150496781873873e-08,2061.597743586798,1.988231042030033,5.702307639864557
liver_condition_binary,Liver Condition,BMXWAIST,Waist Circumference (cm),LBDHDD,HDL Cholesterol (mg/dL),Ratio,4664,252.0,0.24838086586300842,1.3192050400161875e-05,1947.3713732696924,0.21630930156009634,0.000490238727322609,1953.0710948792166,-0.23425564929555484,0.0013572621665049538,1953.8243907566775,37.16167786294945,5.699721609524204
hypertension_binary,Hypertension,LBXSATSI,ALT Liver Enzyme (U/L),LBDLDL,LDL Cholesterol (mg/dL),Ratio,2572,917.0,0.14244028256665855,0.00452040571595384,3345.2554051183324,0.07978610132285,0.05318579397668653,3350.947600287798,-0.0630767259462348,0.12910646038256401,3352.465060169703,11.76571248659788,5.692195169465776
arthritis_binary,Arthritis,diastolic_bp,Diastolic BP (mmHg),BMXBMI,Body Mass Index (kg/m2),Ratio,4920,1503.0,-0.31426268577937716,8.864472737256718e-22,5963.392076048816,-0.09705906136883366,0.0016336146393262072,6050.042702178769,0.2899807441350768,2.5820060208343332e-21,5969.0732687605905,2.912757585662545,5.681192711774202
thyroid_binary,Thyroid Problem,LBXSUA,Uric Acid (mg/dL),BMXBMI,Body Mass Index (kg/m2),Ratio,4824,584.0,-0.13400340809194156,0.0034085075670007305,3555.6528497595173,-0.07899238727713297,0.07884781133331199,3561.3166586584152,0.07094020872066896,0.09637767256616848,3561.7397943588708,23.132649637240807,5.663808898897969
heart_attack_binary,Heart Attack,LBXSATSI,ALT Liver Enzyme (U/L),LBXSASSI,AST Liver Enzyme (U/L),Ratio,4892,243.0,-0.1852421033305947,0.010464086828155833,1929.8612960704813,-0.08299792900425332,0.270499649926937,1935.51325204354,0.017603033323443394,0.7784196730322379,1936.7633576450837,25.850287212745656,5.651955973058648
high_cholesterol_binary,High Cholesterol,LBXSNASI,Sodium (mmol/L),LBDHDD,HDL Cholesterol (mg/dL),Ratio,5385,1762.0,0.1412730616592281,1.0976186646151384e-06,6788.617340677807,0.04215487204288299,0.14770738631394711,6810.497278952758,-0.12745867109037884,2.3998503922944578e-05,6794.246479396611,21.864154370369832,5.629138718803915
thyroid_binary,Thyroid Problem,LBXSCA,Calcium (mg/dL),LBXHSCRP,hs-CRP Inflammation (mg/L),Ratio,4887,596.0,-0.16352935458943174,0.0017061489091073324,3617.209584362665,0.10155840574950725,0.019611695791563685,3622.8154429924075,0.08601082905131745,0.014507583086349425,3622.933211769463,8.503116585491874,5.60585862974267
stroke_binary,Stroke,LBXSKSI,Potassium (mmol/L),LBXTR,Triglycerides (mg/dL),Ratio,2380,113.0,-0.2789501359698341,0.019098996169994043,907.0191833877284,0.025738945069854857,0.7887536064475846,913.2040295402876,0.07089587823057235,0.3838396995127863,912.5986666133767,20.097375594840283,5.579483225648346
thyroid_binary,Thyroid Problem,LBXSCA,Calcium (mg/dL),LBDHDD,HDL Cholesterol (mg/dL),Ratio,4896,598.0,-0.1683342175010921,0.00034079894730221775,3625.0668680043727,0.09963586068333287,0.021859929163830664,3633.2391631913015,0.11762155261269812,0.004360953618847095,3630.638994042454,12.796264933822805,5.572126038081478
thyroid_binary,Thyroid Problem,BMXBMI,Body Mass Index (kg/m2),LBXSUA,Uric Acid (mg/dL),Ratio,4824,584.0,0.12381555216977874,0.0025495989693335845,3555.7466534516243,0.07094020872066896,0.09637767256616848,3561.7397943588708,-0.07899238727713297,0.07884781133331199,3561.3166586584152,30.925573896792592,5.570005206790938
high_cholesterol_binary,High Cholesterol,LBDHDD,HDL Cholesterol (mg/dL),LBXSCA,Calcium (mg/dL),Ratio,5382,1762.0,-0.1452095656328557,1.7875098453243061e-06,6786.627076337442,-0.1263028418907309,2.8284035222551583e-05,6792.194750534431,0.10505163650622569,0.0003163373499543373,6797.1898505882145,15.823149336232069,5.567674196988264
thyroid_binary,Thyroid Problem,LBXTR,Triglycerides (mg/dL),LBXSATSI,ALT Liver Enzyme (U/L),Ratio,2376,306.0,0.17318842380667077,0.0008018493171539972,1818.8693907172933,0.08498224576299838,0.10381702901981837,1826.7196020762651,-0.14972174350680842,0.04118381285243585,1824.427084584251,51.36103750591135,5.557693866957607
thyroid_binary,Thyroid Problem,LBXSASSI,AST Liver Enzyme (U/L),BMXWAIST,Waist Circumference (cm),Difference,4634,556.0,-0.16054769766887142,0.0007783241865751717,3392.700587178495,-0.13207773505263806,0.02633089602050466,3398.461284481539,0.11016321433977452,0.013070068593890947,3398.2525786049564,16.792576691471762,5.551991426461427
thyroid_binary,Thyroid Problem,BMXWAIST,Waist Circumference (cm),LBXSASSI,AST Liver Enzyme (U/L),Difference,4634,556.0,0.16054769766887142,0.0007783241865751717,3392.700587178495,0.11016321433977452,0.013070068593890947,3398.2525786049564,-0.13207773505263806,0.02633089602050466,3398.461284481539,16.792576691471762,5.551991426461427
thyroid_binary,Thyroid Problem,LBXSASSI,AST Liver Enzyme (U/L),LBXTR,Triglycerides (mg/dL),Ratio,2368,304.0,-0.226983257002714,0.008492753372888656,1810.8865052993683,-0.023217848685962175,0.721067871573117,1819.140433273235,0.09225495059759106,0.0776537751436998,1816.4334397174257,9.143533520188315,5.54693441805739
diabetes_binary,Diabetes,LBXHGB,Hemoglobin (g/dL),systolic_bp,Systolic BP (mmHg),Difference,6297,780.0,-0.5424875666249299,6.873443728933685e-56,4477.4584926070775,-0.12280622219906887,0.0011221891117490317,4710.723543403919,0.5391435848439167,1.3433565807150515e-54,4482.968377353713,19.544156229288777,5.50988474663518
diabetes_binary,Diabetes,systolic_bp,Systolic BP (mmHg),LBXHGB,Hemoglobin (g/dL),Difference,6297,780.0,0.5424875666249299,6.873443728933685e-56,4477.4584926070775,0.5391435848439167,1.3433565807150515e-54,4482.968377353713,-0.12280622219906887,0.0011221891117490317,4710.723543403919,19.544156229288777,5.50988474663518
diabetes_binary,Diabetes,LBXSKSI,Potassium (mmol/L),LBXSCA,Calcium (mg/dL),Ratio,5892,799.0,0.2830491006521873,2.3964786406186982e-14,4623.518925228194,0.2700581854387741,4.0819022938961904e-13,4629.0157031213685,-0.059639120084767655,0.11710082770812971,4678.721810418497,17.032917484473664,5.496777893174112
depression_binary,Depression,LBXSAL,Albumin (g/dL),LBXSCA,Calcium (mg/dL),Difference,790,410.0,-0.20997823080906575,0.004052919632475245,1089.573005125223,-0.12372698763196899,0.08581557740926647,1095.0516937070483,0.08503985252701306,0.235221911261149,1096.6166813010407,21.17376735567199,5.478688581825281
depression_binary,Depression,LBXSCA,Calcium (mg/dL),LBXSAL,Albumin (g/dL),Difference,790,410.0,0.20997823080906575,0.004052919632475245,1089.573005125223,0.08503985252701306,0.235221911261149,1096.6166813010407,-0.12372698763196899,0.08581557740926647,1095.0516937070483,21.17376735567199,5.478688581825281
arthritis_binary,Arthritis,LBXSUA,Uric Acid (mg/dL),LBXHSCRP,hs-CRP Inflammation (mg/L),Ratio,4887,1517.0,-0.22356713465090947,7.189775302161594e-10,6015.889200248942,0.16085879701248076,1.6202647030726796e-07,6030.917676064719,0.18693944384699607,9.415306016784903e-09,6021.361349953942,13.095410664578358,5.472149705000447
heart_attack_binary,Heart Attack,LBXSAL,Albumin (g/dL),BMXWAIST,Waist Circumference (cm),Ratio,4649,217.0,-0.4282395282082308,1.5658725915035505e-08,1723.713995264774,-0.1369416737462161,0.042655970937597106,1753.6785086239433,0.3544314462478898,5.239337180934499e-08,1729.177631649497,3.3459536933995944,5.463636384723031
arthritis_binary,Arthritis,LBXTR,Triglycerides (mg/dL),LBXSASSI,AST Liver Enzyme (U/L),Ratio,2367,751.0,0.14576977873935348,0.0007084602412586225,2950.2990176880394,0.10572734714661447,0.014174151514409044,2955.7619787856725,-0.040224775547109404,0.39033594040062713,2961.041321716891,20.006982310295644,5.46296109763307
depression_binary,Depression,LBXTC,Total Cholesterol (mg/dL),LBXSASSI,AST Liver Enzyme (U/L),Ratio,789,410.0,0.17584217628107943,0.015331647297183719,1090.5936825062781,0.04870471131714933,0.49552965325034215,1096.10252123755,-0.05152974251943825,0.47630511265241426,1096.0521729323896,31.06679298185441,5.458490426111439
high_cholesterol_binary,High Cholesterol,diastolic_bp,Diastolic BP (mmHg),LBDHDD,HDL Cholesterol (mg/dL),Ratio,5150,1703.0,0.1291085394990405,1.1467286427239034e-05,6521.667038457295,0.030991725476227434,0.29710020752587885,6539.8966413619655,-0.11248537625858573,0.00023032228589529516,6527.11162286315,20.085160282400796,5.4445844058545845
stroke_binary,Stroke,LBDLDL,LDL Cholesterol (mg/dL),LBXSAPSI,Alkaline Phosphatase (U/L),Difference,2356,111.0,-0.5278662752164747,2.479008272839954e-09,865.1242792192288,-0.28772026679372387,0.006776325287596371,891.183214354784,0.3975254581709674,1.1866544517333591e-08,870.5638349120003,4.786811180641712,5.439555692771478
stroke_binary,Stroke,LBXSAPSI,Alkaline Phosphatase (U/L),LBDLDL,LDL Cholesterol (mg/dL),Difference,2356,111.0,0.5278662752164747,2.479008272839954e-09,865.1242792192288,0.3975254581709674,1.1866544517333591e-08,870.5638349120003,-0.28772026679372387,0.006776325287596371,891.183214354784,4.786811180641712,5.439555692771478
hypertension_binary,Hypertension,LBXSKSI,Potassium (mmol/L),LBDLDL,LDL Cholesterol (mg/dL),Ratio,2573,918.0,0.1135691824964559,0.005106310797517376,3349.011243027683,-0.06404207134252546,0.12133542753766746,3354.437931666453,-0.0622894393492126,0.1337554362865055,3354.5825237419976,23.761857111529366,5.426688638769974
liver_condition_binary,Liver Condition,BMXWAIST,Waist Circumference (cm),LBDHDD,HDL Cholesterol (mg/dL),Difference,4664,252.0,0.2751461346716887,4.1299903540572865e-05,1947.6859087501043,0.21630930156009634,0.000490238727322609,1953.0710948792166,-0.23425564929555484,0.0013572621665049538,1953.8243907566775,11.87021482607097,5.385186129112299
liver_condition_binary,Liver Condition,LBDHDD,HDL Cholesterol (mg/dL),BMXWAIST,Waist Circumference (cm),Difference,4664,252.0,-0.2751461346716887,4.1299903540572865e-05,1947.6859087501043,-0.23425564929555484,0.0013572621665049538,1953.8243907566775,0.21630930156009634,0.000490238727322609,1953.0710948792166,11.87021482607097,5.385186129112299
heart_attack_binary,Heart Attack,LBXTC,Total Cholesterol (mg/dL),LBXIN,Insulin (uIU/mL),Difference,2377,126.0,-0.4615245905399762,4.352754114273186e-08,958.7090073317274,-0.5093107124401657,1.610810518201402e-06,964.087295477323,0.17080554256354055,0.001656225302028277,980.9720903281332,37.00669681568658,5.378288145595548
heart_attack_binary,Heart Attack,LBXIN,Insulin (uIU/mL),LBXTC,Total Cholesterol (mg/dL),Difference,2377,126.0,0.4615245905399762,4.352754114273186e-08,958.7090073317274,0.17080554256354055,0.001656225302028277,980.9720903281332,-0.5093107124401657,1.610810518201402e-06,964.087295477323,37.00669681568658,5.378288145595548
high_cholesterol_binary,High Cholesterol,LBXWBCSI,WBC Count (10^3/uL),BMXWAIST,Waist Circumference (cm),Difference,5227,1693.0,-0.4224849069751387,3.0531428087671332e-40,6403.537916816667,-0.012905052691540854,0.7150147565211553,6587.4701608118485,0.39784746608893234,2.220569953560796e-39,6408.914972132041,7.273062849154665,5.377055315373582
high_cholesterol_binary,High Cholesterol,BMXWAIST,Waist Circumference (cm),LBXWBCSI,WBC Count (10^3/uL),Difference,5227,1693.0,0.4224849069751387,3.0531428087671332e-40,6403.537916816667,0.39784746608893234,2.220569953560796e-39,6408.914972132041,-0.012905052691540854,0.7150147565211553,6587.4701608118485,7.273062849154665,5.377055315373582
heart_attack_binary,Heart Attack,LBXSCA,Calcium (mg/dL),LBDLDL,LDL Cholesterol (mg/dL),Ratio,2350,125.0,0.3807012860629749,3.4640613391242563e-09,949.892180740763,0.20992659626722388,0.020436800474039923,975.3789042958647,-0.5129867611338824,1.4928672360569235e-06,955.2563321018711,430.95866092092143,5.364151361108043
thyroid_binary,Thyroid Problem,BMXBMI,Body Mass Index (kg/m2),LBXHSCRP,hs-CRP Inflammation (mg/L),Ratio,4820,584.0,-0.14138877458615862,0.005459021153107205,3554.9399306124747,0.06853406908911631,0.10859116895305286,3560.891093580004,0.06813169183673345,0.06250695424791441,3560.302479057307,11.45021286688663,5.362548444832555
thyroid_binary,Thyroid Problem,BMXWAIST,Waist Circumference (cm),diastolic_bp,Diastolic BP (mmHg),Difference,4749,553.0,0.16963933980104118,0.00011690447233547122,3406.6140721604097,0.09932200744442696,0.02552045350487433,3416.281630540924,-0.13488312752461,0.0020874217826281826,3411.941652910693,17.855790637659087,5.327580750283232
thyroid_binary,Thyroid Problem,diastolic_bp,Diastolic BP (mmHg),BMXWAIST,Waist Circumference (cm),Difference,4749,553.0,-0.16963933980104118,0.00011690447233547122,3406.6140721604097,-0.13488312752461,0.0020874217826281826,3411.941652910693,0.09932200744442696,0.02552045350487433,3416.281630540924,17.855790637659087,5.327580750283232
hypertension_binary,Hypertension,LBXHSCRP,hs-CRP Inflammation (mg/L),LBXHGB,Hemoglobin (g/dL),Ratio,5401,1893.0,0.3024693965456729,3.2324113797566897e-16,6912.489826043282,0.28902981042588816,8.683608740812605e-16,6917.802038885605,-0.11346726954164137,6.765843199037638e-05,6985.1019645354345,2.6864181939200567,5.312212842322879
arthritis_binary,Arthritis,LBXSCR,Creatinine Kidney (mg/dL),LBXSBU,BUN Kidney (mg/dL),Difference,4900,1524.0,-0.4750907087081741,4.071234871745406e-45,5853.43137845067,0.17943099116587286,2.7784364564202e-06,6050.283464089996,0.4717808643119679,1.0551209089207991e-43,5858.730094092071,25.916483380592858,5.2987156414010315
arthritis_binary,Arthritis,LBXSBU,BUN Kidney (mg/dL),LBXSCR,Creatinine Kidney (mg/dL),Difference,4900,1524.0,0.4750907087081741,4.071234871745406e-45,5853.43137845067,0.4717808643119679,1.0551209089207991e-43,5858.730094092071,0.17943099116587286,2.7784364564202e-06,6050.283464089996,25.916483380592858,5.2987156414010315
diabetes_binary,Diabetes,diastolic_bp,Diastolic BP (mmHg),LBXWBCSI,WBC Count (10^3/uL),Ratio,6297,780.0,-0.13411501942060708,0.0007713090931528059,4709.615508408387,0.0989701581064144,0.013122886396401764,4714.913836240687,0.044172531562912946,0.15309749100317688,4718.784221687585,17.01378411443408,5.298327832299947
stroke_binary,Stroke,LBXGLU,Fasting Glucose (mg/dL),LBDLDL,LDL Cholesterol (mg/dL),Ratio,2365,111.0,0.2452262634027629,0.00010548162834594513,886.8153264184051,0.17793543992201985,0.01340253797741638,894.7300118286558,-0.286885349533942,0.006876745942167377,892.0830468253316,65.19377876509364,5.267720406926514
thyroid_binary,Thyroid Problem,LBXGH,"Glycohemoglobin (HbA1c, %)",LBXHGB,Hemoglobin (g/dL),Difference,5002,612.0,0.2981392596499942,1.613545441391063e-13,3668.750994911108,0.12117947737402196,0.0013361391396406867,3711.8388673843847,-0.28890693512514176,3.9563527639375456e-12,3674.0134309820223,24.51962406789555,5.262436070914191
thyroid_binary,Thyroid Problem,LBXHGB,Hemoglobin (g/dL),LBXGH,"Glycohemoglobin (HbA1c, %)",Difference,5002,612.0,-0.2981392596499942,1.613545441391063e-13,3668.750994911108,-0.28890693512514176,3.9563527639375456e-12,3674.0134309820223,0.12117947737402196,0.0013361391396406867,3711.8388673843847,24.51962406789555,5.262436070914191
heart_attack_binary,Heart Attack,LBDHDD,HDL Cholesterol (mg/dL),LBXTR,Triglycerides (mg/dL),Ratio,2386,126.0,-0.5399116392794713,0.00011736455126999905,971.2515914707056,-0.3911793995641138,0.00045669565434187036,976.4984301715417,0.06936644407049576,0.29094819687672646,989.4744339560277,3.8912571930789785,5.246838700836065
thyroid_binary,Thyroid Problem,BMXWAIST,Waist Circumference (cm),LBXSATSI,ALT Liver Enzyme (U/L),Difference,4646,557.0,0.2521611456538038,2.749930194890312e-07,3383.7246377576394,0.10686623036675655,0.01600964271405897,3405.657040790379,-0.270126147896115,2.131908765127125e-05,3388.966369874015,77.52592298846196,5.241732116375715
thyroid_binary,Thyroid Problem,LBXSATSI,ALT Liver Enzyme (U/L),BMXWAIST,Waist Circumference (cm),Difference,4646,557.0,-0.2521611456538038,2.749930194890312e-07,3383.7246377576394,-0.270126147896115,2.131908765127125e-05,3388.966369874015,0.10686623036675655,0.01600964271405897,3405.657040790379,77.52592298846196,5.241732116375715
heart_attack_binary,Heart Attack,LBXHGB,Hemoglobin (g/dL),LBXSUA,Uric Acid (mg/dL),Ratio,4901,243.0,-0.42485989551584313,1.6571067944522447e-07,1907.2162560442805,0.0034935717320631297,0.9576929920325368,1937.753299882947,0.3138948619548859,2.597306326170235e-07,1912.4534677741794,1.5673741335595528,5.237211729898945
high_cholesterol_binary,High Cholesterol,diastolic_bp,Diastolic BP (mmHg),LBXSASSI,AST Liver Enzyme (U/L),Ratio,5109,1693.0,-0.07466964296206269,0.012583810959223568,6487.691670537535,0.03035821330794962,0.30872366803950224,6492.912037503267,0.025342146896755506,0.3828984402709993,6493.199528832301,24.533400020064413,5.220366965731955
diabetes_binary,Diabetes,LBXHGB,Hemoglobin (g/dL),LBXSUA,Uric Acid (mg/dL),Ratio,5894,799.0,-0.3039647289420784,6.400103603781408e-12,4630.440601534716,-0.16717255568273992,7.049718840440795e-06,4661.842915607433,0.25112109383302383,7.0854394367634904e-12,4635.651701035018,1.1070819904504612,5.211099500302225
stroke_binary,Stroke,LBXSUA,Uric Acid (mg/dL),LBXTC,Total Cholesterol (mg/dL),Ratio,4902,238.0,0.2565917808304417,7.693939052017805e-06,1890.004762348361,0.09634215335680518,0.13709774371376696,1906.0403067211505,-0.25131965750917806,0.00041832031670006593,1895.1916578960538,54.37011053399983,5.186895547692757
diabetes_binary,Diabetes,LBXWBCSI,WBC Count (10^3/uL),LBDLDL,LDL Cholesterol (mg/dL),Difference,2806,403.0,0.40013104152407325,5.3333442747484735e-11,2266.3520834574256,0.29248072759128424,7.932222499552101e-09,2279.292490663377,-0.3754052628781449,5.421583435159036e-10,2271.5250396991323,10.165448086350517,5.172956241706743
diabetes_binary,Diabetes,LBDLDL,LDL Cholesterol (mg/dL),LBXWBCSI,WBC Count (10^3/uL),Difference,2806,403.0,-0.40013104152407325,5.3333442747484735e-11,2266.3520834574256,-0.3754052628781449,5.421583435159036e-10,2271.5250396991323,0.29248072759128424,7.932222499552101e-09,2279.292490663377,10.165448086350517,5.172956241706743
liver_condition_binary,Liver Condition,LBDHDD,HDL Cholesterol (mg/dL),LBXSAPSI,Alkaline Phosphatase (U/L),Difference,4896,270.0,-0.33781252191368416,1.3025651667317482e-09,2056.15851426909,-0.16400096635166814,0.016367750634072867,2087.520158245273,0.29176711646124054,1.166727390920667e-08,2061.296824756053,8.957151785719018,5.138310486962837
liver_condition_binary,Liver Condition,LBXSAPSI,Alkaline Phosphatase (U/L),LBDHDD,HDL Cholesterol (mg/dL),Difference,4896,270.0,0.33781252191368416,1.3025651667317482e-09,2056.15851426909,0.29176711646124054,1.166727390920667e-08,2061.296824756053,-0.16400096635166814,0.016367750634072867,2087.520158245273,8.957151785719018,5.138310486962837
arthritis_binary,Arthritis,LBXSAL,Albumin (g/dL),LBXTR,Triglycerides (mg/dL),Ratio,2377,754.0,-0.30778815100422974,1.4644897305460042e-09,2933.4915316553133,-0.2631410975952142,3.837413595117671e-09,2938.6086022775485,0.06763334162116058,0.11989458828106754,2971.5541546627073,2.6203076164193875,5.117070622235133
arthritis_binary,Arthritis,LBXSATSI,ALT Liver Enzyme (U/L),LBXSASSI,AST Liver Enzyme (U/L),Difference,4888,1519.0,-0.1608169379819009,1.586936875097538e-06,6037.4182110994825,-0.15051585976581094,2.5043998888647826e-05,6042.528331376795,-0.046200537498016676,0.16137255452371724,6060.212490158059,15.78134535887481,5.11012027731249
arthritis_binary,Arthritis,LBXSASSI,AST Liver Enzyme (U/L),LBXSATSI,ALT Liver Enzyme (U/L),Difference,4888,1519.0,0.1608169379819009,1.586936875097538e-06,6037.4182110994825,-0.046200537498016676,0.16137255452371724,6060.212490158059,-0.15051585976581094,2.5043998888647826e-05,6042.528331376795,15.78134535887481,5.11012027731249
heart_attack_binary,Heart Attack,LBXWBCSI,WBC Count (10^3/uL),LBXHSCRP,hs-CRP Inflammation (mg/L),Ratio,4896,243.0,-0.1981153301961784,0.029758329039711158,1931.6389862243677,0.0247646164814342,0.5105151319439138,1936.930525590128,0.04201168660111536,0.45492054305342444,1936.744096023096,15.287166912038419,5.105109798728336
depression_binary,Depression,LBXWBCSI,WBC Count (10^3/uL),LBXSUA,Uric Acid (mg/dL),Difference,788,409.0,0.2666853622164098,0.0008948879281949589,1083.2178715976029,0.17361945658198724,0.027245299727127876,1089.9807270077727,-0.18955959397510258,0.008711088027096898,1088.2840284810081,9.734278173433037,5.066156883405256
depression_binary,Depression,LBXSUA,Uric Acid (mg/dL),LBXWBCSI,WBC Count (10^3/uL),Difference,788,409.0,-0.2666853622164098,0.0008948879281949589,1083.2178715976029,-0.18955959397510258,0.008711088027096898,1088.2840284810081,0.17361945658198724,0.027245299727127876,1089.9807270077727,9.734278173433037,5.066156883405256
stroke_binary,Stroke,LBXSATSI,ALT Liver Enzyme (U/L),BMXWAIST,Waist Circumference (cm),Ratio,4650,210.0,-0.42939205102442596,0.0002652153956570887,1697.5029385896719,-0.34277471079439226,0.0017135589028590185,1702.5634280153222,0.2139759569083982,0.001561412150318294,1705.587320641767,5.887336013996443,5.060489425650303
stroke_binary,Stroke,BMXWAIST,Waist Circumference (cm),LBXSCR,Creatinine Kidney (mg/dL),Ratio,4651,210.0,-0.515899790657301,9.955609932277405e-10,1673.7829026540085,0.2138898846982389,0.0015687934732589908,1705.687987077406,0.24851251467571078,5.26630008921291e-08,1678.8433296038488,52.897814649596384,5.060426949840348
stroke_binary,Stroke,diastolic_bp,Diastolic BP (mmHg),LBXTR,Triglycerides (mg/dL),Ratio,2272,105.0,-0.2862406363638414,0.018221990440670927,848.4284845991173,-0.10763860970794716,0.2631256253460056,853.4887591622144,0.03893392235311431,0.636145336252212,854.5099800535027,14.440004575939037,5.060274563097096
arthritis_binary,Arthritis,LBXSATSI,ALT Liver Enzyme (U/L),LBDHDD,HDL Cholesterol (mg/dL),Ratio,4897,1523.0,-0.17680614765486424,6.03205277484675e-06,6051.736586912986,-0.14517796053642412,4.2494162317678934e-05,6056.793580904603,0.03878687742537583,0.20511799305807632,6073.740826916243,7.0447265473002325,5.056993991616764
thyroid_binary,Thyroid Problem,diastolic_bp,Diastolic BP (mmHg),LBXHSCRP,hs-CRP Inflammation (mg/L),Ratio,4665,568.0,-0.18347610189904237,0.0007563843857621966,3447.0650481689804,-0.12310761419037779,0.004669811700061876,3452.0958811729924,0.08555954687799439,0.017293645944497733,3454.9209447850244,6.173860523781411,5.030833004012038
diabetes_binary,Diabetes,LBXIN,Insulin (uIU/mL),LBDHDD,HDL Cholesterol (mg/dL),Ratio,2820,410.0,0.5084830936864291,2.1873280910246408e-17,2243.9471660394183,0.5145348419760499,4.482587020094172e-16,2248.9447928627924,-0.4727871809307107,9.558386730074994e-13,2283.967770014742,20.493436894482212,4.997626823374048
depression_binary,Depression,LBXTC,Total Cholesterol (mg/dL),LBXSATSI,ALT Liver Enzyme (U/L),Ratio,790,410.0,0.17847257656992338,0.014546801562870769,1091.9231254991669,0.05031083957746363,0.48116632573007,1097.5357787136604,-0.07566133093621373,0.2931007018448768,1096.914839620432,20.148807322221714,4.991714121265204
arthritis_binary,Arthritis,LBDHDD,HDL Cholesterol (mg/dL),LBXTR,Triglycerides (mg/dL),Ratio,2385,756.0,-0.14291989402690664,0.0029566177978427822,2973.802548582927,0.09148236196633559,0.03459621560546985,2978.7859079211466,0.06544615379045934,0.13068631775832426,2980.8722381258085,11.701280980826152,4.983359338219543
liver_condition_binary,Liver Condition,LBXSBU,BUN Kidney (mg/dL),LBXWBCSI,WBC Count (10^3/uL),Ratio,4896,269.0,0.2024406232308162,5.358437694902101e-05,2073.7751879874836,0.16658279382106211,0.0012493792819738905,2078.7564531243365,-0.03222490414527023,0.7908790573909793,2087.820488932337,23.316111021735352,4.981265136852926
diabetes_binary,Diabetes,BMXBMI,Body Mass Index (kg/m2),LBXSNASI,Sodium (mmol/L),Ratio,5808,781.0,0.45169992100719003,3.659957060965953e-38,4425.806241247805,0.4451997125429543,3.875102439928404e-37,4430.757460860522,-0.1225150901990909,0.0013482321728875608,4579.710007064939,10.5878358007448,4.951219612717068
heart_attack_binary,Heart Attack,LBXSAL,Albumin (g/dL),LBXSUA,Uric Acid (mg/dL),Difference,4904,243.0,-0.33973736342823574,1.4808307614422044e-08,1907.7535557140884,-0.16742960025491221,0.008371478108057986,1931.2753850949969,0.3143255746941225,2.4905934662096466e-07,1912.6830546138576,16.818893360805244,4.929498899769214
heart_attack_binary,Heart Attack,LBXSUA,Uric Acid (mg/dL),LBXSAL,Albumin (g/dL),Difference,4904,243.0,0.33973736342823574,1.4808307614422044e-08,1907.7535557140884,0.3143255746941225,2.4905934662096466e-07,1912.6830546138576,-0.16742960025491221,0.008371478108057986,1931.2753850949969,16.818893360805244,4.929498899769214
stroke_binary,Stroke,LBDLDL,LDL Cholesterol (mg/dL),LBXGLU,Fasting Glucose (mg/dL),Ratio,2365,111.0,-0.3655833462185697,0.0005419684138481706,887.1546475222364,-0.286885349533942,0.006876745942167377,892.0830468253316,0.17793543992201985,0.01340253797741638,894.7300118286558,12.688462586481764,4.9283993030952615
arthritis_binary,Arthritis,LBXSCR,Creatinine Kidney (mg/dL),LBDLDL,LDL Cholesterol (mg/dL),Ratio,2352,745.0,0.22802462035164248,3.309197505122286e-05,2920.5230508584173,0.20481843917715678,0.0008704177808851208,2925.4436766627105,-0.06433300212919237,0.15125302090693726,2939.085907460182,26.302986737352686,4.920625804293195
thyroid_binary,Thyroid Problem,diastolic_bp,Diastolic BP (mmHg),LBXHSCRP,hs-CRP Inflammation (mg/L),Difference,4665,568.0,-0.14996192194581223,0.00024064673208090383,3447.1827172930816,-0.12310761419037779,0.004669811700061876,3452.0958811729924,0.08555954687799439,0.017293645944497733,3454.9209447850244,19.405257074057904,4.913163879910826
thyroid_binary,Thyroid Problem,LBXHSCRP,hs-CRP Inflammation (mg/L),diastolic_bp,Diastolic BP (mmHg),Difference,4665,568.0,0.14996192194581223,0.00024064673208090383,3447.1827172930816,0.08555954687799439,0.017293645944497733,3454.9209447850244,-0.12310761419037779,0.004669811700061876,3452.0958811729924,19.405257074057904,4.913163879910826
diabetes_binary,Diabetes,LBXSBU,BUN Kidney (mg/dL),LBXSNASI,Sodium (mmol/L),Ratio,5897,800.0,0.6021555948694342,1.0531659979106474e-61,4375.080795547277,0.5968912154788165,7.350462093049586e-61,4379.985031150027,-0.1182741035504151,0.0017412777478725881,4676.57262094138,6.979395563123007,4.904235602749395
diabetes_binary,Diabetes,LBDHDD,HDL Cholesterol (mg/dL),LBXTR,Triglycerides (mg/dL),Difference,2832,411.0,-0.4175491288503889,4.802416797898107e-13,2286.4708543495617,-0.47167776384810073,9.902256833792589e-13,2291.3646516551908,0.38775536797461985,2.4208702042508608e-11,2295.0066830867527,2.0619319918518,4.89379730562905
diabetes_binary,Diabetes,LBXTR,Triglycerides (mg/dL),LBDHDD,HDL Cholesterol (mg/dL),Difference,2832,411.0,0.4175491288503889,4.802416797898107e-13,2286.4708543495617,0.38775536797461985,2.4208702042508608e-11,2295.0066830867527,-0.47167776384810073,9.902256833792589e-13,2291.3646516551908,2.0619319918518,4.89379730562905
liver_condition_binary,Liver Condition,LBXSCA,Calcium (mg/dL),LBXSUA,Uric Acid (mg/dL),Ratio,4899,270.0,-0.29529581385205617,7.746305118783284e-05,2076.667087877437,-0.03555688431116777,0.5702172937890806,2093.63271181069,0.212682519739387,0.0003411692942585892,2081.5543199040458,4.4042842236012625,4.887232026608672
heart_attack_binary,Heart Attack,LBDLDL,LDL Cholesterol (mg/dL),LBXIN,Insulin (uIU/mL),Difference,2352,125.0,-0.4412127662004123,5.8649473124014385e-08,950.3833764787175,-0.5149814373008574,1.35309785027643e-06,955.2705287834608,0.17630798499511485,0.0013193757640873579,971.8108463913526,23.070929340069313,4.8871523047432675
heart_attack_binary,Heart Attack,LBXIN,Insulin (uIU/mL),LBDLDL,LDL Cholesterol (mg/dL),Difference,2352,125.0,0.4412127662004123,5.8649473124014385e-08,950.3833764787175,0.17630798499511485,0.0013193757640873579,971.8108463913526,-0.5149814373008574,1.35309785027643e-06,955.2705287834608,23.070929340069313,4.8871523047432675
liver_condition_binary,Liver Condition,LBDLDL,LDL Cholesterol (mg/dL),LBXTR,Triglycerides (mg/dL),Ratio,2360,131.0,-0.3284127318742773,0.002372249465805066,1005.6545363993018,0.08576574871438242,0.32536085518779645,1015.1420328111885,0.1942441693572462,0.01401218093257294,1010.5261168016025,5.906706328551181,4.871580402300651
stroke_binary,Stroke,diastolic_bp,Diastolic BP (mmHg),systolic_bp,Systolic BP (mmHg),Difference,4987,239.0,-0.4761624229494126,1.1531794668642861e-20,1845.1561718282246,-0.03205200069545381,0.6259111548267041,1922.346590968067,0.49116073510692815,3.3528951352174285e-19,1850.0242946029884,29.07522403546247,4.868122774763833
stroke_binary,Stroke,systolic_bp,Systolic BP (mmHg),diastolic_bp,Diastolic BP (mmHg),Difference,4987,239.0,0.4761624229494126,1.1531794668642861e-20,1845.1561718282246,0.49116073510692815,3.3528951352174285e-19,1850.0242946029884,-0.03205200069545381,0.6259111548267041,1922.346590968067,29.07522403546247,4.868122774763833
stroke_binary,Stroke,LBXGH,"Glycohemoglobin (HbA1c, %)",LBXSATSI,ALT Liver Enzyme (U/L),Ratio,4903,239.0,0.26363168077768,1.6196833074823487e-06,1893.8607087473429,0.20784766704451188,2.6564664592722565e-05,1899.522711208377,-0.3588260132136505,0.0005633413052840699,1898.7200727732982,16.401147353932377,4.859364025955301
thyroid_binary,Thyroid Problem,LBXTC,Total Cholesterol (mg/dL),LBXTR,Triglycerides (mg/dL),Ratio,2386,309.0,-0.1736536836796784,0.010026940993126844,1836.2524228537536,0.0907726770165085,0.12746396911856087,1841.057997403876,0.0585490863311432,0.24805048581784706,1842.1417957731128,12.712149119650094,4.805574550122401
stroke_binary,Stroke,LBXPLTSI,Platelet Count (10^3/uL),LBXGLU,Fasting Glucose (mg/dL),Ratio,2432,115.0,-0.3221646570977217,0.0018807172510574772,920.1704120028821,-0.1722637705941817,0.09150294082070373,927.3567191146494,0.17985369328161696,0.011173075844283417,924.9746675658523,5.940858913268911,4.804255562970184
thyroid_binary,Thyroid Problem,BMXWAIST,Waist Circumference (cm),LBXSUA,Uric Acid (mg/dL),Ratio,4646,557.0,0.13870162406708028,0.0009225284362083758,3400.901756184835,0.10654728528479726,0.01633536546594642,3405.6918102053914,-0.08892857407366364,0.053614911729926745,3407.618597417677,17.707167415982696,4.790054020556454
diabetes_binary,Diabetes,LBXSUA,Uric Acid (mg/dL),LBXSCA,Calcium (mg/dL),Ratio,5897,800.0,0.2609373501164269,7.649840804243636e-13,4636.078051100008,0.24928470056429347,9.846905901283612e-12,4640.86384347077,-0.059162017155446764,0.11983821288905792,4683.919721315176,12.872040285885673,4.7857923707615555
thyroid_binary,Thyroid Problem,LBXHSCRP,hs-CRP Inflammation (mg/L),LBXSASSI,AST Liver Enzyme (U/L),Difference,4875,595.0,0.14533854641253022,0.0018644629425610306,3611.215211673511,0.08519788362004035,0.015714017044380725,3615.9866950930727,-0.11796356760082882,0.03636295407454041,3616.015958305081,8.42817343572188,4.771483419561719
thyroid_binary,Thyroid Problem,LBXSASSI,AST Liver Enzyme (U/L),LBXHSCRP,hs-CRP Inflammation (mg/L),Difference,4875,595.0,-0.14533854641253022,0.0018644629425610306,3611.215211673511,-0.11796356760082882,0.03636295407454041,3616.015958305081,0.08519788362004035,0.015714017044380725,3615.9866950930727,8.42817343572188,4.771483419561719
arthritis_binary,Arthritis,LBXSNASI,Sodium (mmol/L),LBXSAPSI,Alkaline Phosphatase (U/L),Ratio,4901,1524.0,-0.23489206685890787,3.890123307775379e-12,6028.511007218225,-0.012347041303036058,0.6889433191995367,6079.748685380275,0.21119789767754407,2.2342009536828204e-11,6033.242885871554,5.7432651279130775,4.731878653328749
liver_condition_binary,Liver Condition,LBXSATSI,ALT Liver Enzyme (U/L),LBXSAL,Albumin (g/dL),Ratio,4900,270.0,0.3221262610626135,1.1075852973899507e-15,2040.9955384475052,0.30981963936323953,2.0300056876638725e-14,2045.7259681851933,-0.1417654776716184,0.019823795747678397,2088.7445133130523,18.328210860577745,4.730429737688155
arthritis_binary,Arthritis,LBXSAL,Albumin (g/dL),BMXBMI,Body Mass Index (kg/m2),Difference,4829,1493.0,-0.2964136649315569,8.593829258147156e-22,5883.312159906417,-0.25777824152777057,2.163410736529011e-16,5908.355064495992,0.28878633590370195,8.297333879668507e-21,5888.012350461667,9.654990377895203,4.700190555249719
arthritis_binary,Arthritis,BMXBMI,Body Mass Index (kg/m2),LBXSAL,Albumin (g/dL),Difference,4829,1493.0,0.2964136649315569,8.593829258147156e-22,5883.312159906417,0.28878633590370195,8.297333879668507e-21,5888.012350461667,-0.25777824152777057,2.163410736529011e-16,5908.355064495992,9.654990377895203,4.700190555249719
diabetes_binary,Diabetes,LBXHGB,Hemoglobin (g/dL),LBDLDL,LDL Cholesterol (mg/dL),Ratio,2806,403.0,0.3268417137052566,7.1319690550040515e-12,2266.8248780070235,-0.12207817489604153,0.020683744860541312,2307.95125108106,-0.3754052628781449,5.421583435159036e-10,2271.5250396991323,76.01804485333616,4.70016169210885
arthritis_binary,Arthritis,LBXSKSI,Potassium (mmol/L),LBDLDL,LDL Cholesterol (mg/dL),Ratio,2353,746.0,0.11207019734603589,0.009237759196992412,2936.750549027098,0.016598560946071768,0.7077510781578574,2943.319934204566,-0.06342225159147205,0.15685230338031086,2941.4402680568705,16.97947522071999,4.689719029772732
liver_condition_binary,Liver Condition,LBXSAL,Albumin (g/dL),BMXBMI,Body Mass Index (kg/m2),Ratio,4826,263.0,-0.19287723548555838,0.003272048881395764,2037.0074970537028,-0.12775587744304281,0.03861464588237392,2041.657326082623,0.10355544272849135,0.08265409488276831,2042.9675182540368,11.801365835922963,4.649829028920294
thyroid_binary,Thyroid Problem,LBXSCR,Creatinine Kidney (mg/dL),LBXGLU,Fasting Glucose (mg/dL),Ratio,2379,306.0,-0.28813199829018465,0.010780743605313373,1822.2317624648858,-0.10085894005960644,0.2687576967318467,1828.4035826926936,0.09861331654857,0.06792798838898288,1826.874047391385,6.300862990146992,4.642284926499087
heart_attack_binary,Heart Attack,LBXSCR,Creatinine Kidney (mg/dL),LBXSAL,Albumin (g/dL),Difference,4906,243.0,0.20983894791520688,2.2915027847176984e-07,1914.4142475621052,0.1709695196702488,3.200615679684623e-06,1919.048990558962,-0.16752142872164683,0.008332053995169267,1931.4706170078782,13.967321798733588,4.634742996856858
heart_attack_binary,Heart Attack,LBXSAL,Albumin (g/dL),LBXSCR,Creatinine Kidney (mg/dL),Difference,4906,243.0,-0.20983894791520688,2.2915027847176984e-07,1914.4142475621052,-0.16752142872164683,0.008332053995169267,1931.4706170078782,0.1709695196702488,3.200615679684623e-06,1919.048990558962,13.967321798733588,4.634742996856858
thyroid_binary,Thyroid Problem,LBXHGB,Hemoglobin (g/dL),LBXSKSI,Potassium (mmol/L),Difference,4898,600.0,-0.295179499950587,1.5850655221728217e-12,3598.006007986033,-0.28223491673931955,1.912773032649385e-11,3602.633323454376,0.08662591377548724,0.044171740169912654,3642.8664300669398,12.067469804196731,4.627315468342658
thyroid_binary,Thyroid Problem,LBXSKSI,Potassium (mmol/L),LBXHGB,Hemoglobin (g/dL),Difference,4898,600.0,0.295179499950587,1.5850655221728217e-12,3598.006007986033,0.08662591377548724,0.044171740169912654,3642.8664300669398,-0.28223491673931955,1.912773032649385e-11,3602.633323454376,12.067469804196731,4.627315468342658
thyroid_binary,Thyroid Problem,LBXSBU,BUN Kidney (mg/dL),LBXSUA,Uric Acid (mg/dL),Ratio,4900,598.0,0.22195307167965697,4.420643571006667e-09,3607.1372931896694,0.20512684266832512,3.980284131578805e-08,3611.748884522302,-0.07954401050380282,0.07354521231233643,3636.278955287914,9.003856718247965,4.611591332632543
thyroid_binary,Thyroid Problem,LBXSASSI,AST Liver Enzyme (U/L),BMXWAIST,Waist Circumference (cm),Ratio,4634,556.0,-0.19395392064765027,0.0035026249174474476,3393.647363784664,-0.13207773505263806,0.02633089602050466,3398.461284481539,0.11016321433977452,0.013070068593890947,3398.2525786049564,3.731506770475388,4.605214820292531
stroke_binary,Stroke,LBXHSCRP,hs-CRP Inflammation (mg/L),LBXPLTSI,Platelet Count (10^3/uL),Ratio,4898,237.0,0.18122869656378088,4.660149829802372e-06,1885.6806178058785,0.15553145186572587,0.00013011612335966027,1890.2850211289935,-0.21331587213432293,0.00290602631913866,1892.5814857480073,27.92101715862175,4.604403323115093
depression_binary,Depression,LBXSATSI,ALT Liver Enzyme (U/L),LBXHSCRP,hs-CRP Inflammation (mg/L),Ratio,786,406.0,-0.1791504104819813,0.023165300574634964,1087.087553764134,-0.07454132502224095,0.30157159068008776,1091.68748597991,0.03668692832916575,0.6112462776312833,1092.5063623937992,13.018246394363475,4.59993221577588
liver_condition_binary,Liver Condition,LBXSNASI,Sodium (mmol/L),LBXSUA,Uric Acid (mg/dL),Ratio,4899,270.0,-0.2954783728196577,9.024636183761674e-05,2076.962110821957,-0.01880153179918784,0.763452504776321,2093.864601287865,0.212682519739387,0.0003411692942585892,2081.5543199040458,3.7804215849993636,4.59220908208863
diabetes_binary,Diabetes,LBXHGB,Hemoglobin (g/dL),LBXSBU,BUN Kidney (mg/dL),Difference,5894,799.0,-0.5972002985026753,5.0037014857137444e-61,4372.058683146821,-0.16717255568273992,7.049718840440795e-06,4661.842915607433,0.5957737856820117,1.1606848352414374e-60,4376.613087025882,2.319652438410549,4.554403879061283
diabetes_binary,Diabetes,LBXSBU,BUN Kidney (mg/dL),LBXHGB,Hemoglobin (g/dL),Difference,5894,799.0,0.5972002985026753,5.0037014857137444e-61,4372.058683146821,0.5957737856820117,1.1606848352414374e-60,4376.613087025882,-0.16717255568273992,7.049718840440795e-06,4661.842915607433,2.319652438410549,4.554403879061283
thyroid_binary,Thyroid Problem,LBXSKSI,Potassium (mmol/L),LBXGLU,Fasting Glucose (mg/dL),Ratio,2378,307.0,-0.16386601278265156,0.00550188682408495,1825.964036769553,-0.0005552524436985361,0.992757979934783,1833.5019280964266,0.09746229288262719,0.07119218747629708,1830.4892269259042,12.939595043040068,4.525190156351073
arthritis_binary,Arthritis,LBXHGB,Hemoglobin (g/dL),LBXSAPSI,Alkaline Phosphatase (U/L),Difference,4898,1523.0,-0.22033423932705815,3.2895605244064033e-12,6025.430609320607,-0.18518172698144333,1.9538627055576236e-09,6039.883251617148,0.21013007376795217,2.8145200035902733e-11,6029.8976989237435,8.555914939726332,4.467089603136628
arthritis_binary,Arthritis,LBXSAPSI,Alkaline Phosphatase (U/L),LBXHGB,Hemoglobin (g/dL),Difference,4898,1523.0,0.22033423932705815,3.2895605244064033e-12,6025.430609320607,0.21013007376795217,2.8145200035902733e-11,6029.8976989237435,-0.18518172698144333,1.9538627055576236e-09,6039.883251617148,8.555914939726332,4.467089603136628
stroke_binary,Stroke,LBXSCR,Creatinine Kidney (mg/dL),LBXHGB,Hemoglobin (g/dL),Ratio,4905,239.0,0.244206622882235,1.9444089156779292e-09,1872.5359351660222,0.23955701129368934,1.1775983331278206e-08,1876.9956038848554,-0.2957148720326264,1.8859234062108091e-06,1892.7443180331586,6.056330659835738,4.4596687188332
thyroid_binary,Thyroid Problem,LBXTC,Total Cholesterol (mg/dL),LBXHSCRP,hs-CRP Inflammation (mg/L),Ratio,4892,598.0,-0.1523253626005924,0.003314690504898806,3627.794799568447,0.04856351731460412,0.2603265609604012,3636.179588383362,0.08522833845045528,0.015427568762293406,3632.2201405663927,4.654301431609644,4.425340997945568
thyroid_binary,Thyroid Problem,LBXPLTSI,Platelet Count (10^3/uL),LBXWBCSI,WBC Count (10^3/uL),Ratio,5015,614.0,-0.09539500087623394,0.0347095621719564,3727.990661491902,-0.013097683620757332,0.7621625210258818,3732.501664564211,0.015133031310278985,0.6462325003812202,3732.4126270972392,18.6182844133754,4.421965605337391
arthritis_binary,Arthritis,LBDLDL,LDL Cholesterol (mg/dL),LBXTR,Triglycerides (mg/dL),Difference,2361,748.0,-0.16708664685333188,0.00011632041161339297,2937.887060162954,-0.06737695574275854,0.1322710343399584,2950.3458145784375,0.1395162263522543,0.0012087456299649682,2942.286986040965,10.391517818750522,4.39992587801089
arthritis_binary,Arthritis,LBXTR,Triglycerides (mg/dL),LBDLDL,LDL Cholesterol (mg/dL),Difference,2361,748.0,0.16708664685333188,0.00011632041161339297,2937.887060162954,0.1395162263522543,0.0012087456299649682,2942.286986040965,-0.06737695574275854,0.1322710343399584,2950.3458145784375,10.391517818750522,4.39992587801089
hypertension_binary,Hypertension,LBXWBCSI,WBC Count (10^3/uL),LBXHGB,Hemoglobin (g/dL),Ratio,5540,1942.0,0.410085997673872,2.871948037415274e-05,7160.206525721731,0.2659260679894491,0.00019605107340758964,7164.604385993293,-0.10887815794686789,0.00010746278885760021,7166.403936728822,3.7418082589793547,4.397860271562422
heart_attack_binary,Heart Attack,LBXPLTSI,Platelet Count (10^3/uL),LBXTR,Triglycerides (mg/dL),Ratio,2386,126.0,-0.6210441713860766,7.997307935749765e-06,964.8995984687732,-0.4695326442526711,1.1931418601216546e-05,969.2745658542975,0.06936644407049576,0.29094819687672646,989.4744339560277,1.491929371367635,4.3749673855243145
liver_condition_binary,Liver Condition,LBXSUA,Uric Acid (mg/dL),LBXSAL,Albumin (g/dL),Ratio,4899,270.0,0.2399923064279762,2.3607491582336363e-05,2077.183926596398,0.212682519739387,0.0003411692942585892,2081.5543199040458,-0.14140308299992552,0.020158279577383875,2088.659315468346,14.451738469065448,4.370393307647646
arthritis_binary,Arthritis,LBXSNASI,Sodium (mmol/L),LBDLDL,LDL Cholesterol (mg/dL),Ratio,2353,746.0,0.10933100220842897,0.01113265681776602,2937.0800704303165,-0.016604772633436463,0.707817955933033,2943.3199445232744,-0.06342225159147205,0.15685230338031086,2941.4402680568705,14.089386383491005,4.360197626554054
arthritis_binary,Arthritis,LBXSATSI,ALT Liver Enzyme (U/L),LBXSCR,Creatinine Kidney (mg/dL),Ratio,4901,1524.0,-0.21070393770192167,1.1357468654540272e-07,6046.495881497407,-0.14611830560009065,3.8271597953864645e-05,6061.132245132731,0.1801967626377749,2.608791080594855e-06,6050.836115521357,22.969828576651736,4.340234023949961
arthritis_binary,Arthritis,LBXTR,Triglycerides (mg/dL),LBXTC,Total Cholesterol (mg/dL),Ratio,2385,756.0,0.11078200602808191,0.010679842039281066,2976.5390145493793,0.06544615379045934,0.13068631775832426,2980.8722381258085,0.02555922799155272,0.5602126805792793,2982.87428902275,12.236727591817608,4.333223576429191
diabetes_binary,Diabetes,LBXSCA,Calcium (mg/dL),LBXSUA,Uric Acid (mg/dL),Difference,5897,800.0,-0.26050101413276583,1.0226426413567006e-12,4636.533024492527,-0.059162017155446764,0.11983821288905792,4683.919721315176,0.24928470056429347,9.846905901283612e-12,4640.86384347077,9.628882566660922,4.33081897824286
diabetes_binary,Diabetes,LBXSUA,Uric Acid (mg/dL),LBXSCA,Calcium (mg/dL),Difference,5897,800.0,0.26050101413276583,1.0226426413567006e-12,4636.533024492527,0.24928470056429347,9.846905901283612e-12,4640.86384347077,-0.059162017155446764,0.11983821288905792,4683.919721315176,9.628882566660922,4.33081897824286
stroke_binary,Stroke,LBDLDL,LDL Cholesterol (mg/dL),LBXHSCRP,hs-CRP Inflammation (mg/L),Ratio,2351,109.0,-0.490132273403174,0.0027533624293645267,874.4650600053778,-0.2872773900189652,0.007332896936875498,878.7957748002923,0.15522150218073785,0.009969640871014993,881.3218247121816,2.6632516150690426,4.330714794914456
heart_attack_binary,Heart Attack,LBDLDL,LDL Cholesterol (mg/dL),LBXSAPSI,Alkaline Phosphatase (U/L),Ratio,2352,125.0,-0.6008143348748911,5.147427173307679e-07,951.1226694430234,-0.5133849588708161,1.4626566093282655e-06,955.432798050209,0.28222249813982636,5.393165799986306e-05,966.9505119635503,2.8415294866393976,4.310128607185675
thyroid_binary,Thyroid Problem,BMXBMI,Body Mass Index (kg/m2),LBXSATSI,ALT Liver Enzyme (U/L),Difference,4825,585.0,0.2722553924817494,1.3945902169707015e-06,3541.7509281295333,0.06861364180755322,0.10792870315502745,3566.135652032246,-0.2638333847759062,1.909863742557103e-05,3546.0480005567215,13.694802382205632,4.297072427188141
thyroid_binary,Thyroid Problem,LBXSATSI,ALT Liver Enzyme (U/L),BMXBMI,Body Mass Index (kg/m2),Difference,4825,585.0,-0.2722553924817494,1.3945902169707015e-06,3541.7509281295333,-0.2638333847759062,1.909863742557103e-05,3546.0480005567215,0.06861364180755322,0.10792870315502745,3566.135652032246,13.694802382205632,4.297072427188141
diabetes_binary,Diabetes,BMXWAIST,Waist Circumference (cm),LBXSAL,Albumin (g/dL),Ratio,5613,737.0,0.6937187914425302,2.1104100808281814e-71,4032.1420961017493,0.7148943042726063,1.1347205322109442e-69,4036.425505959336,-0.39850119031335207,7.428244309813891e-25,4263.042961863368,53.767774449108465,4.283409857586776
stroke_binary,Stroke,LBXSCR,Creatinine Kidney (mg/dL),LBXTC,Total Cholesterol (mg/dL),Ratio,4904,238.0,0.2813326463082936,1.4380391011738543e-09,1866.3872162471516,0.24077986645907798,1.0880527254158244e-08,1870.6608335288365,-0.25141558963029587,0.0004161721976235252,1895.3806248580681,7.5662248997795665,4.273617281684892
arthritis_binary,Arthritis,LBXPLTSI,Platelet Count (10^3/uL),LBXSKSI,Potassium (mmol/L),Ratio,4897,1524.0,-0.14206068267279937,7.911952412659087e-06,6056.517838425526,-0.1202337071339485,0.0001484110445986387,6062.251680542424,0.12365690915739881,5.916864098083808e-05,6060.787757819591,7.478386862662184,4.269919394065255
thyroid_binary,Thyroid Problem,LBXSNASI,Sodium (mmol/L),LBXGLU,Fasting Glucose (mg/dL),Ratio,2380,307.0,-0.15887873129747207,0.006269361145201622,1826.8234865418392,0.09534548176983604,0.12072915775461866,1831.6385498662753,0.09673541410364912,0.07359115849538968,1831.0905080163047,11.7382228892196,4.267021474465537
thyroid_binary,Thyroid Problem,LBXSCA,Calcium (mg/dL),LBXGLU,Fasting Glucose (mg/dL),Ratio,2377,305.0,-0.16125012903199443,0.005705973430176081,1818.1746724899358,0.07560564703777034,0.2163415772194316,1824.0511250088355,0.09987951314162319,0.06444801309694614,1822.417520853797,11.294832316623202,4.242848363861185
high_cholesterol_binary,High Cholesterol,LBXTC,Total Cholesterol (mg/dL),LBXSAL,Albumin (g/dL),Ratio,5385,1762.0,0.3749286771874603,1.2373015559780777e-35,6648.810945949458,0.3686992920908408,2.838850640535444e-35,6653.016734841456,-0.14053396096346935,1.2713288145961654e-06,6789.079380056784,2.2943886450472886,4.205788891998054
stroke_binary,Stroke,LBXGLU,Fasting Glucose (mg/dL),LBXTC,Total Cholesterol (mg/dL),Ratio,2390,113.0,0.23010078181576696,0.001223409950537516,905.5701269568158,0.168255075778549,0.021055412324407708,909.7734861525504,-0.15146995599673846,0.13440467553939747,911.9332754524057,17.210430825053226,4.203359195734606
depression_binary,Depression,LBXSUA,Uric Acid (mg/dL),BMXWAIST,Waist Circumference (cm),Ratio,755,383.0,-0.25391216021700497,0.0007209343457930798,1038.704345765685,-0.20222989656496193,0.006282814492416811,1042.9044076079822,0.11432011240457167,0.11842182715050843,1048.041730214281,8.71482199326384,4.200061842297146
arthritis_binary,Arthritis,LBXSNASI,Sodium (mmol/L),LBXIN,Insulin (uIU/mL),Ratio,2376,753.0,-0.1867971889358863,0.000673543064705849,2958.264637089689,-0.012194981585875678,0.7821163878758997,2971.668148638979,0.1332707465482737,0.003842105536134672,2962.4582042028933,5.704320536375211,4.193567113204153
arthritis_binary,Arthritis,LBXPLTSI,Platelet Count (10^3/uL),LBXSCA,Calcium (mg/dL),Ratio,4897,1523.0,-0.13670874355828022,1.8085115097959474e-05,6056.511328020639,-0.12014848585419469,0.0001503693959879504,6060.687348810904,0.11444044977545201,0.00022302166833570647,6061.646439527931,8.314539065605198,4.176020790265284
stroke_binary,Stroke,LBXSUA,Uric Acid (mg/dL),LBXSATSI,ALT Liver Enzyme (U/L),Ratio,4905,239.0,0.24796273800947538,1.7357716215814793e-06,1894.74312744071,0.10161939312796661,0.1156277135541649,1912.0276385474294,-0.3587799325070558,0.0005626603611195056,1898.9185515227994,324.1557553561453,4.175424082089421
hypertension_binary,Hypertension,LBXSAPSI,Alkaline Phosphatase (U/L),LBXSKSI,Potassium (mmol/L),Ratio,5407,1899.0,0.16885654140799572,4.621845528790078e-09,6978.232924532615,0.15894106732799596,3.8517870155557805e-08,6982.40352489219,-0.0006871145077274305,0.9807609330929934,7013.561927666399,8.333872241212948,4.170600359575474
diabetes_binary,Diabetes,LBXSNASI,Sodium (mmol/L),LBXSBU,BUN Kidney (mg/dL),Difference,5897,800.0,-0.6111734663088492,2.475222999019646e-62,4375.8475918371405,-0.1182741035504151,0.0017412777478725881,4676.57262094138,0.5968912154788165,7.350462093049586e-61,4379.985031150027,29.696161097246033,4.137439312886272
diabetes_binary,Diabetes,LBXSBU,BUN Kidney (mg/dL),LBXSNASI,Sodium (mmol/L),Difference,5897,800.0,0.6111734663088492,2.475222999019646e-62,4375.8475918371405,0.5968912154788165,7.350462093049586e-61,4379.985031150027,-0.1182741035504151,0.0017412777478725881,4676.57262094138,29.696161097246033,4.137439312886272
thyroid_binary,Thyroid Problem,LBXSUA,Uric Acid (mg/dL),LBXWBCSI,WBC Count (10^3/uL),Ratio,4898,598.0,-0.12363852814686228,0.007722080922738396,3631.604511853422,-0.0797692904680344,0.0727524957217639,3635.740177187425,0.0161794491623578,0.6237063527359221,3638.794800571281,9.421358886247528,4.135665334003079
high_cholesterol_binary,High Cholesterol,LBXWBCSI,WBC Count (10^3/uL),LBXSASSI,AST Liver Enzyme (U/L),Ratio,5368,1757.0,-0.08648207605065471,0.047990951237255164,6787.302178667349,-0.015796072006037144,0.6655964759207529,6791.690071953528,0.020335728383730246,0.47570394100256064,6791.41098520826,9.912367409656047,4.108806540911246
diabetes_binary,Diabetes,diastolic_bp,Diastolic BP (mmHg),LBXTR,Triglycerides (mg/dL),Difference,2686,392.0,-0.38965438415745846,1.5618852401541656e-10,2185.282249007196,-0.09294832910956002,0.08319053955874313,2233.6640776334375,0.3680488749119935,7.102191261831082e-10,2189.3617461976355,4.5471914832424325,4.079497190439724
diabetes_binary,Diabetes,LBXTR,Triglycerides (mg/dL),diastolic_bp,Diastolic BP (mmHg),Difference,2686,392.0,0.38965438415745846,1.5618852401541656e-10,2185.282249007196,0.3680488749119935,7.102191261831082e-10,2189.3617461976355,-0.09294832910956002,0.08319053955874313,2233.6640776334375,4.5471914832424325,4.079497190439724
depression_binary,Depression,LBXGH,"Glycohemoglobin (HbA1c, %)",LBXSUA,Uric Acid (mg/dL),Ratio,790,410.0,0.2690001523805112,0.0006049446710621718,1085.2348710668266,0.2210666891541065,0.004681290596469293,1089.3120537674617,-0.19048068567959164,0.008315368951651216,1090.9744244104766,7.738378103653356,4.077182700635149
stroke_binary,Stroke,systolic_bp,Systolic BP (mmHg),LBXTC,Total Cholesterol (mg/dL),Ratio,4694,223.0,0.4746970886849258,4.360144462093725e-19,1727.8204473709975,0.4876268392637629,1.2598724535387051e-17,1731.89438580452,-0.24151088479494467,0.00100209129052949,1786.8284391300003,28.89519979192889,4.073938433522471
high_cholesterol_binary,High Cholesterol,LBXTR,Triglycerides (mg/dL),LBXSAL,Albumin (g/dL),Ratio,2580,863.0,0.6683507107665684,1.1259664497332608e-24,3160.7787728042467,0.6430172453237801,7.89833987139596e-24,3164.8489204835046,-0.11265408717689714,0.00686062215748704,3285.2393537443695,7.0147204415078805,4.070147679257843
heart_attack_binary,Heart Attack,LBXSBU,BUN Kidney (mg/dL),LBDHDD,HDL Cholesterol (mg/dL),Ratio,4900,243.0,0.4072754940376061,1.1591106862974115e-18,1867.9991088959405,0.39855258823003653,2.3429754135826492e-18,1872.0530678553655,-0.3725435608382727,2.1714648526206217e-06,1912.6019463191647,2.0213560631270675,4.053958959425017
heart_attack_binary,Heart Attack,LBXSUA,Uric Acid (mg/dL),diastolic_bp,Diastolic BP (mmHg),Difference,4671,228.0,0.3142609989448045,1.563425088647489e-07,1800.5275544464512,0.2967133608901805,2.547000797427261e-06,1804.5738796313717,-0.2841080979099392,2.9899963824690042e-06,1805.554479649016,16.291159812656314,4.0463251849205335
heart_attack_binary,Heart Attack,diastolic_bp,Diastolic BP (mmHg),LBXSUA,Uric Acid (mg/dL),Difference,4671,228.0,-0.3142609989448045,1.563425088647489e-07,1800.5275544464512,-0.2841080979099392,2.9899963824690042e-06,1805.554479649016,0.2967133608901805,2.547000797427261e-06,1804.5738796313717,16.291159812656314,4.0463251849205335
depression_binary,Depression,LBXSAPSI,Alkaline Phosphatase (U/L),LBXSASSI,AST Liver Enzyme (U/L),Ratio,789,410.0,0.15405318710520396,0.03514953001426817,1092.0248128205776,0.046684241056425345,0.5156143614591826,1096.1426291880975,-0.05152974251943825,0.47630511265241426,1096.0521729323896,13.55082450488154,4.027360111811959
liver_condition_binary,Liver Condition,LBXSAL,Albumin (g/dL),BMXWAIST,Waist Circumference (cm),Ratio,4645,252.0,-0.2664921876627184,9.260834318170265e-05,1946.9471942463833,-0.11105522962184868,0.07979209214071459,1959.7653094822092,0.2162428471821549,0.0004949934652945041,1950.9711013520337,5.345020203236977,4.0239071056503235
liver_condition_binary,Liver Condition,LBXSCA,Calcium (mg/dL),LBXHSCRP,hs-CRP Inflammation (mg/L),Ratio,4886,270.0,-0.1666785435774379,0.028709652320493887,2087.059271824853,-0.03547763706649957,0.5711112519235982,2092.158239714501,0.06327828431284957,0.2020323284944081,2091.0781209255847,7.037087256894115,4.018849100731586
liver_condition_binary,Liver Condition,LBXGH,"Glycohemoglobin (HbA1c, %)",LBDHDD,HDL Cholesterol (mg/dL),Ratio,4918,270.0,0.20629177435372986,7.265588204398482e-05,2082.131264411031,0.16814420700073793,0.0006763408099864885,2086.1419445000947,-0.16339981218915053,0.016722483624162468,2090.0510373290826,9.308823882656073,4.010680089063499
liver_condition_binary,Liver Condition,LBXHGB,Hemoglobin (g/dL),LBXSAL,Albumin (g/dL),Ratio,4899,269.0,0.185867259187992,0.0026306101928803612,2079.326184150953,0.08822381982585849,0.16683588635252933,2086.3348913814507,-0.13690933560953922,0.024852980218787995,2083.3263318328263,9.447610400830792,4.000147681873386
liver_condition_binary,Liver Condition,LBDHDD,HDL Cholesterol (mg/dL),BMXWAIST,Waist Circumference (cm),Ratio,4664,252.0,-0.2860628760812289,0.00015846632377241427,1949.0899597073276,-0.23425564929555484,0.0013572621665049538,1953.8243907566775,0.21630930156009634,0.000490238727322609,1953.0710948792166,3.0936461176866743,3.9811351718890364
depression_binary,Depression,LBXHGB,Hemoglobin (g/dL),LBXSASSI,AST Liver Enzyme (U/L),Ratio,787,409.0,0.15122236967166147,0.03595639890953772,1089.350173032266,0.0012115702723622163,0.9864600785559866,1093.7919654784573,-0.05023370674381931,0.48763300964529654,1093.3029311911416,13.56178662029328,3.9527581588756675
high_cholesterol_binary,High Cholesterol,LBDHDD,HDL Cholesterol (mg/dL),LBXSKSI,Potassium (mmol/L),Ratio,5382,1759.0,-0.14819950261535056,1.204148712110791e-06,6781.455666707725,-0.12679478059619947,2.6678119899883005e-05,6787.74900932222,0.13132630167814482,6.1162913127391345e-06,6785.394929249055,5.0793487973903915,3.9392625413302085
thyroid_binary,Thyroid Problem,LBDLDL,LDL Cholesterol (mg/dL),LBXTC,Total Cholesterol (mg/dL),Ratio,2361,304.0,-0.1472748381569327,0.01315244567062025,1811.3255497326622,0.009511527940529193,0.8766752745878237,1817.3221328952536,0.08748631102337628,0.14590843132161946,1815.2604250617321,11.09363497676692,3.9348753290698824
thyroid_binary,Thyroid Problem,LBXSASSI,AST Liver Enzyme (U/L),BMXBMI,Body Mass Index (kg/m2),Ratio,4812,583.0,-0.18023596978477346,0.004726594298904678,3547.500833867714,-0.1297411761128209,0.025320071075810233,3551.4266689017422,0.07389031895409791,0.08315479136945347,3554.44777449871,5.356937675331645,3.925835034028296
diabetes_binary,Diabetes,LBXSASSI,AST Liver Enzyme (U/L),LBXWBCSI,WBC Count (10^3/uL),Ratio,5875,799.0,-0.12132192478050999,0.024729074862704627,4670.014553338031,0.0022485622807820963,0.9526321877295232,4676.211756138368,0.04376997408101224,0.1675187760089788,4673.924378990797,6.774162678508597,3.909825652765903
liver_condition_binary,Liver Condition,LBXSNASI,Sodium (mmol/L),LBXGLU,Fasting Glucose (mg/dL),Ratio,2378,132.0,-0.34343334286517213,9.440309837801316e-06,1005.8961811967049,-0.17859613133896168,0.044687844694124505,1019.8010624259562,0.25470598484462476,3.0314830935699226e-05,1009.8058122002587,3.2112114386660497,3.909631003553841
stroke_binary,Stroke,LBXPLTSI,Platelet Count (10^3/uL),BMXWAIST,Waist Circumference (cm),Difference,4756,214.0,-0.2815150842665968,0.00020093809583938372,1735.030850385736,-0.21959524100737315,0.003665512199308081,1740.673775562945,0.22111446498856768,0.0009531636871660963,1738.91181509884,4.743568824937959,3.8809647131040492
stroke_binary,Stroke,BMXWAIST,Waist Circumference (cm),LBXPLTSI,Platelet Count (10^3/uL),Difference,4756,214.0,0.2815150842665968,0.00020093809583938372,1735.030850385736,0.22111446498856768,0.0009531636871660963,1738.91181509884,-0.21959524100737315,0.003665512199308081,1740.673775562945,4.743568824937959,3.8809647131040492
liver_condition_binary,Liver Condition,LBXSNASI,Sodium (mmol/L),LBXHSCRP,hs-CRP Inflammation (mg/L),Ratio,4889,270.0,-0.16364649862781946,0.030704163798243787,2087.5488560257354,-0.02096140666455813,0.7372209134559666,2092.7076317455403,0.06344420599068053,0.20053300553815878,2091.4103115847574,6.531133915772975,3.8614555590220334
arthritis_binary,Arthritis,LBXSASSI,AST Liver Enzyme (U/L),LBXIN,Insulin (uIU/mL),Ratio,2366,750.0,-0.2220342930687608,0.0015268511158364846,2946.3817008936467,-0.041276919102962405,0.3790992441982214,2958.706194519471,0.13365723561411136,0.003824415216904973,2950.2151355864244,2.504772847357661,3.8334346927777005
arthritis_binary,Arthritis,LBXSASSI,AST Liver Enzyme (U/L),LBXHSCRP,hs-CRP Inflammation (mg/L),Ratio,4875,1512.0,-0.23547350138330558,5.360295506750568e-09,6000.635791451545,-0.05776902974367148,0.0864372139724202,6038.306806925839,0.18715133888825256,9.430938903103126e-09,6004.465510571227,1.7594065273502426,3.8297191196825224
stroke_binary,Stroke,LBXGLU,Fasting Glucose (mg/dL),LBDLDL,LDL Cholesterol (mg/dL),Difference,2365,111.0,0.2914809929505787,0.00030016604245024366,888.2567634130653,0.17793543992201985,0.01340253797741638,894.7300118286558,-0.286885349533942,0.006876745942167377,892.0830468253316,22.909806472553555,3.8262834122663207
stroke_binary,Stroke,LBDLDL,LDL Cholesterol (mg/dL),LBXGLU,Fasting Glucose (mg/dL),Difference,2365,111.0,-0.2914809929505787,0.00030016604245024366,888.2567634130653,-0.286885349533942,0.006876745942167377,892.0830468253316,0.17793543992201985,0.01340253797741638,894.7300118286558,22.909806472553555,3.8262834122663207
diabetes_binary,Diabetes,LBDHDD,HDL Cholesterol (mg/dL),LBXSKSI,Potassium (mmol/L),Difference,5889,798.0,-0.47389842041736685,2.8590876892506095e-24,4558.841916182635,-0.46525064769137814,1.4048065568127668e-23,4562.650121811563,0.27070925963940523,3.706464782904194e-13,4624.245286999643,4.91347838715985,3.8082056289276807
diabetes_binary,Diabetes,LBXSKSI,Potassium (mmol/L),LBDHDD,HDL Cholesterol (mg/dL),Difference,5889,798.0,0.47389842041736685,2.8590876892506095e-24,4558.841916182635,0.27070925963940523,3.706464782904194e-13,4624.245286999643,-0.46525064769137814,1.4048065568127668e-23,4562.650121811563,4.91347838715985,3.8082056289276807
depression_binary,Depression,BMXWAIST,Waist Circumference (cm),LBXSUA,Uric Acid (mg/dL),Ratio,755,383.0,0.25590784312205606,0.001102679277877893,1039.1213623916674,0.11432011240457167,0.11842182715050843,1048.041730214281,-0.20222989656496193,0.006282814492416811,1042.9044076079822,5.6977714358685425,3.783045216314804
stroke_binary,Stroke,LBXSAL,Albumin (g/dL),LBXSBU,BUN Kidney (mg/dL),Difference,4906,239.0,-0.4050747599632913,5.38175391719643e-19,1846.4857173714045,-0.4221016062762147,3.76377990236661e-12,1868.8493731814078,0.39709121319976304,4.3436337221500005e-18,1850.2414401556434,8.071037414532645,3.7557227842389693
stroke_binary,Stroke,LBXSBU,BUN Kidney (mg/dL),LBXSAL,Albumin (g/dL),Difference,4906,239.0,0.4050747599632913,5.38175391719643e-19,1846.4857173714045,0.39709121319976304,4.3436337221500005e-18,1850.2414401556434,-0.4221016062762147,3.76377990236661e-12,1868.8493731814078,8.071037414532645,3.7557227842389693
thyroid_binary,Thyroid Problem,LBXSATSI,ALT Liver Enzyme (U/L),LBXWBCSI,WBC Count (10^3/uL),Ratio,4899,599.0,-0.30280849876966653,3.2559360159957227e-06,3615.747078945111,-0.2676662064748486,1.2244582326499541e-05,3619.4961876416987,0.016008420931405875,0.6279569849559656,3643.004127147746,3.760695009467172,3.749108696587882
high_cholesterol_binary,High Cholesterol,LBXPLTSI,Platelet Count (10^3/uL),LBXSATSI,ALT Liver Enzyme (U/L),Difference,5384,1761.0,-0.1762992321910874,4.2967135673143444e-09,6774.953853503035,-0.1672055654590212,2.873612501013046e-08,6778.70055609997,0.067830014195771,0.016628146578219476,6804.645630081267,6.687931266521901,3.746702596934483
high_cholesterol_binary,High Cholesterol,LBXSATSI,ALT Liver Enzyme (U/L),LBXPLTSI,Platelet Count (10^3/uL),Difference,5384,1761.0,0.1762992321910874,4.2967135673143444e-09,6774.953853503035,0.067830014195771,0.016628146578219476,6804.645630081267,-0.1672055654590212,2.873612501013046e-08,6778.70055609997,6.687931266521901,3.746702596934483
diabetes_binary,Diabetes,LBXSAL,Albumin (g/dL),systolic_bp,Systolic BP (mmHg),Difference,5604,763.0,-0.4771348231677168,3.2794698450641493e-41,4287.11364339371,-0.414190803973552,1.947499044691907e-27,4345.5140333361605,0.47218843698546764,2.033772989696197e-40,4290.852538351332,6.2015297770070354,3.738894957622506
diabetes_binary,Diabetes,systolic_bp,Systolic BP (mmHg),LBXSAL,Albumin (g/dL),Difference,5604,763.0,0.4771348231677168,3.2794698450641493e-41,4287.11364339371,0.47218843698546764,2.033772989696197e-40,4290.852538351332,-0.414190803973552,1.947499044691907e-27,4345.5140333361605,6.2015297770070354,3.738894957622506
hypertension_binary,Hypertension,LBXTR,Triglycerides (mg/dL),LBXSAL,Albumin (g/dL),Ratio,2597,930.0,0.2824208572957689,2.184617086273948e-07,3359.4233886290313,0.25608572706298355,1.0723218832500439e-06,3363.1573368682452,-0.1963917363789205,1.963595905369592e-06,3369.239270449146,4.908511839385917,3.733948239213987
thyroid_binary,Thyroid Problem,diastolic_bp,Diastolic BP (mmHg),LBXGLU,Fasting Glucose (mg/dL),Ratio,2309,293.0,-0.1508416190422026,0.014238557973886186,1754.9267969933546,-0.06293670931297948,0.3071134488176406,1759.8430332647658,0.0862963244922834,0.12235413563357582,1758.6528600862825,8.59315499912111,3.726063092927916
arthritis_binary,Arthritis,LBDLDL,LDL Cholesterol (mg/dL),LBXIN,Insulin (uIU/mL),Ratio,2352,744.0,-0.17254466326152784,0.001249074186990244,2927.7798972012642,-0.06303179185082644,0.1597358517140537,2937.630373392255,0.12521012463887346,0.006832047243975708,2931.503311868745,5.4696889225115894,3.723414667480938
heart_attack_binary,Heart Attack,LBXSCA,Calcium (mg/dL),LBXSASSI,AST Liver Enzyme (U/L),Ratio,4892,243.0,-0.13199123024680168,0.04801159536897594,1932.8953549720368,0.031309483218429995,0.6336630136383365,1936.6130655153975,0.017603033323443394,0.7784196730322379,1936.7633576450837,13.198124510725924,3.717710543360681
diabetes_binary,Diabetes,LBXHSCRP,hs-CRP Inflammation (mg/L),LBXTC,Total Cholesterol (mg/dL),Ratio,6687,801.0,0.26174361995798406,1.2990811533027313e-19,4821.651782656496,0.2629082376926218,1.2275180329077183e-18,4825.3668224303165,-0.15772279924776272,6.59806926542112e-05,4889.058576212052,9.44912509728069,3.7150397738205356
stroke_binary,Stroke,LBXHGB,Hemoglobin (g/dL),systolic_bp,Systolic BP (mmHg),Difference,4783,227.0,-0.5007422100268073,4.082250788745931e-19,1758.5847715538682,-0.27487952797515475,1.6354616696150902e-05,1813.0056074354732,0.49129247907991863,3.61333312956585e-18,1762.284136530729,8.851325693970574,3.6993649768608066
stroke_binary,Stroke,systolic_bp,Systolic BP (mmHg),LBXHGB,Hemoglobin (g/dL),Difference,4783,227.0,0.5007422100268073,4.082250788745931e-19,1758.5847715538682,0.49129247907991863,3.61333312956585e-18,1762.284136530729,-0.27487952797515475,1.6354616696150902e-05,1813.0056074354732,8.851325693970574,3.6993649768608066
heart_attack_binary,Heart Attack,LBXSAPSI,Alkaline Phosphatase (U/L),LBXSATSI,ALT Liver Enzyme (U/L),Difference,4905,243.0,0.2588056728544878,2.4989713688345697e-06,1917.2566195718,0.21934138730326855,2.1179197451874168e-05,1920.9262070062023,-0.08423545759626114,0.2641723786421758,1936.7991458891813,8.475166108746329,3.669587434402274
heart_attack_binary,Heart Attack,LBXSATSI,ALT Liver Enzyme (U/L),LBXSAPSI,Alkaline Phosphatase (U/L),Difference,4905,243.0,-0.2588056728544878,2.4989713688345697e-06,1917.2566195718,-0.08423545759626114,0.2641723786421758,1936.7991458891813,0.21934138730326855,2.1179197451874168e-05,1920.9262070062023,8.475166108746329,3.669587434402274
liver_condition_binary,Liver Condition,LBDHDD,HDL Cholesterol (mg/dL),systolic_bp,Systolic BP (mmHg),Ratio,4686,256.0,-0.298522020187796,5.930611315970231e-05,1972.522378628159,-0.16666352836068615,0.017210522949169242,1984.2222797726886,0.22556881132849674,0.0001109392308006761,1976.1686954504846,1.8706204957646388,3.646316822325616
heart_attack_binary,Heart Attack,LBXSASSI,AST Liver Enzyme (U/L),LBXSATSI,ALT Liver Enzyme (U/L),Ratio,4892,243.0,0.1360279821743029,0.020394333726384235,1931.8670285466628,0.017603033323443394,0.7784196730322379,1936.7633576450837,-0.08299792900425332,0.270499649926937,1935.51325204354,13.263470803019686,3.6462234968771554
arthritis_binary,Arthritis,LBXSATSI,ALT Liver Enzyme (U/L),LBXHSCRP,hs-CRP Inflammation (mg/L),Ratio,4888,1517.0,-0.24815462766399876,8.381441341841372e-09,6018.380595877191,-0.1543482828709479,1.6762215263799888e-05,6038.436063662248,0.1872078696505453,9.028605235208384e-09,6022.002694908839,1.0772139142865889,3.622099031647849
depression_binary,Depression,systolic_bp,Systolic BP (mmHg),LBXSASSI,AST Liver Enzyme (U/L),Ratio,762,392.0,0.1495388323233199,0.041961905064674114,1055.5298254501063,-0.01215119888876626,0.8669375147469454,1059.692972493935,-0.05548800254597493,0.45285315026850814,1059.1459196451729,10.792006453723793,3.61609419506658
depression_binary,Depression,LBXSNASI,Sodium (mmol/L),LBXSASSI,AST Liver Enzyme (U/L),Ratio,789,410.0,0.1455256631712485,0.043521173112118144,1092.4492367549208,-0.02063827768374241,0.7722892858893977,1096.4841808656324,-0.05152974251943825,0.47630511265241426,1096.0521729323896,10.944215851566526,3.6029361774687914
hypertension_binary,Hypertension,LBXSASSI,AST Liver Enzyme (U/L),LBXPLTSI,Platelet Count (10^3/uL),Difference,5390,1894.0,0.13944301446861768,1.7823588355898961e-06,6969.474053502042,0.08342439341370797,0.002855460143950565,6983.749390102004,-0.1284366131745673,1.1191611988757146e-05,6973.052332158919,6.279101472321161,3.578278656877046
hypertension_binary,Hypertension,LBXPLTSI,Platelet Count (10^3/uL),LBXSASSI,AST Liver Enzyme (U/L),Difference,5390,1894.0,-0.13944301446861768,1.7823588355898961e-06,6969.474053502042,-0.1284366131745673,1.1191611988757146e-05,6973.052332158919,0.08342439341370797,0.002855460143950565,6983.749390102004,6.279101472321161,3.578278656877046
heart_attack_binary,Heart Attack,LBXSNASI,Sodium (mmol/L),LBXSASSI,AST Liver Enzyme (U/L),Ratio,4892,243.0,-0.13137164482649707,0.04938156254424447,1932.9396676997046,-0.037598563821738006,0.565979353604773,1936.51148654272,0.017603033323443394,0.7784196730322379,1936.7633576450837,11.461349630191869,3.5718188430153077
depression_binary,Depression,systolic_bp,Systolic BP (mmHg),LBXSATSI,ALT Liver Enzyme (U/L),Ratio,763,392.0,0.15747868800365686,0.03502608858194052,1056.5940687650957,-0.015254798027154851,0.8332866791769369,1061.1202383414259,-0.07321563699171986,0.31755334711753924,1060.1537575842558,9.066194941369217,3.559688819160101
hypertension_binary,Hypertension,diastolic_bp,Diastolic BP (mmHg),LBXSKSI,Potassium (mmol/L),Ratio,5146,1818.0,0.26789426175537123,8.365344392344568e-19,6606.933891513229,0.26553508333072895,7.050239723391517e-18,6610.490191016228,-0.013090939082807014,0.6538174065562068,6687.999486074351,8.427913296484778,3.556299502998627
stroke_binary,Stroke,LBXSNASI,Sodium (mmol/L),LBXTR,Triglycerides (mg/dL),Ratio,2382,113.0,-0.2734867810361565,0.019519251499337777,907.3137841194035,0.15615510233386407,0.10756721325455361,910.8692361598,0.04228828015549047,0.5890904211438843,913.216138452369,5.51082674754219,3.555452040396517
arthritis_binary,Arthritis,LBDHDD,HDL Cholesterol (mg/dL),LBXHSCRP,hs-CRP Inflammation (mg/L),Ratio,4892,1519.0,-0.21958172933642095,2.259652540672688e-09,6024.712014205479,0.03957877840861069,0.19635923089371143,6063.583377938103,0.1868557003273776,9.403987372882866e-09,6028.265833540032,4.16169619161154,3.553819334552827
heart_attack_binary,Heart Attack,LBXPLTSI,Platelet Count (10^3/uL),LBXSAPSI,Alkaline Phosphatase (U/L),Ratio,4902,243.0,-0.6102019757885231,9.39513451954942e-13,1878.5278563236136,-0.5497762452379419,1.0387250101370498e-12,1882.0725969867208,0.21947847797151362,2.095612728433851e-05,1920.5990472985955,1.1055988692611778,3.544740663107177
diabetes_binary,Diabetes,LBDLDL,LDL Cholesterol (mg/dL),LBXSKSI,Potassium (mmol/L),Ratio,2796,402.0,-0.39141175157591857,1.9095316728208208e-10,2262.212212116941,-0.37168937683474707,8.251707420502965e-10,2265.7566424716897,0.1908244136208608,0.0003420063632732248,2293.811160374986,4.321325243227457,3.5444303547487834
arthritis_binary,Arthritis,diastolic_bp,Diastolic BP (mmHg),LBXGH,"Glycohemoglobin (HbA1c, %)",Ratio,4766,1484.0,-0.3030334271981555,2.4310279547203842e-21,5823.101322295413,-0.10513857700688041,0.0007339285800689422,5904.295357561607,0.28558126290584285,2.6348880531338696e-20,5826.642650765822,10.838575706287727,3.541328470408189
liver_condition_binary,Liver Condition,LBXSBU,BUN Kidney (mg/dL),LBDHDD,HDL Cholesterol (mg/dL),Ratio,4895,270.0,0.19056605461907467,9.847290275896073e-05,2080.424666600855,0.16923355214813782,0.0009910962411652344,2083.965516719578,-0.16324026439373535,0.016834399214469702,2087.4602024003925,10.064659549959774,3.5408501187230286
thyroid_binary,Thyroid Problem,LBXHSCRP,hs-CRP Inflammation (mg/L),LBXSATSI,ALT Liver Enzyme (U/L),Difference,4888,597.0,0.24458092759991004,5.996253976383286e-07,3605.8427026398067,0.0856296023515571,0.014957180605786612,3627.1863454447553,-0.26355656494099916,1.5572787999100395e-05,3609.382747766003,25.97086124176033,3.540045126196219
thyroid_binary,Thyroid Problem,LBXSATSI,ALT Liver Enzyme (U/L),LBXHSCRP,hs-CRP Inflammation (mg/L),Difference,4888,597.0,-0.24458092759991004,5.996253976383286e-07,3605.8427026398067,-0.26355656494099916,1.5572787999100395e-05,3609.382747766003,0.0856296023515571,0.014957180605786612,3627.1863454447553,25.97086124176033,3.540045126196219
thyroid_binary,Thyroid Problem,LBXTR,Triglycerides (mg/dL),LBXHSCRP,hs-CRP Inflammation (mg/L),Ratio,2372,305.0,-0.16433049705485514,0.03733557275287102,1819.1108337963926,0.06202921945828778,0.2202029124185121,1822.847891144018,0.06829059437678278,0.18884446634876295,1822.6396907093465,5.058030516867891,3.52885691295387
depression_binary,Depression,LBXSUA,Uric Acid (mg/dL),LBXWBCSI,WBC Count (10^3/uL),Ratio,788,409.0,-0.2360679424274453,0.001537165291454422,1084.767462358494,-0.18955959397510258,0.008711088027096898,1088.2840284810081,0.17361945658198724,0.027245299727127876,1089.9807270077727,5.666981993104147,3.5165661225141776
diabetes_binary,Diabetes,LBXPLTSI,Platelet Count (10^3/uL),diastolic_bp,Diastolic BP (mmHg),Difference,6297,780.0,-0.2224002864605242,4.107098283138129e-08,4689.914877405453,-0.20932129527248886,2.2971718137780114e-07,4693.43119438302,0.0989701581064144,0.013122886396401764,4714.913836240687,5.593174682985188,3.5163169775669303
diabetes_binary,Diabetes,diastolic_bp,Diastolic BP (mmHg),LBXPLTSI,Platelet Count (10^3/uL),Difference,6297,780.0,0.2224002864605242,4.107098283138129e-08,4689.914877405453,0.0989701581064144,0.013122886396401764,4714.913836240687,-0.20932129527248886,2.2971718137780114e-07,4693.43119438302,5.593174682985188,3.5163169775669303
diabetes_binary,Diabetes,LBXHGB,Hemoglobin (g/dL),LBXSCR,Creatinine Kidney (mg/dL),Ratio,5896,799.0,-0.39660368379952526,3.178273802920408e-22,4583.533715113996,-0.16702684619450386,7.1806581843542475e-06,4662.460001241397,0.37992027530884404,1.2939709389913435e-15,4587.042737081678,4071301.024481772,3.5090219676822016
diabetes_binary,Diabetes,LBXWBCSI,WBC Count (10^3/uL),LBXPLTSI,Platelet Count (10^3/uL),Difference,7524,818.0,0.3825009753715638,5.146657926058854e-20,5087.080257025209,0.034166786133968306,0.17911852435215325,5176.186230541542,-0.3758846144163541,2.818665561492429e-19,5090.589125065457,5.476691091554384,3.508868040247762
diabetes_binary,Diabetes,LBXPLTSI,Platelet Count (10^3/uL),LBXWBCSI,WBC Count (10^3/uL),Difference,7524,818.0,-0.3825009753715638,5.146657926058854e-20,5087.080257025209,-0.3758846144163541,2.818665561492429e-19,5090.589125065457,0.034166786133968306,0.17911852435215325,5176.186230541542,5.476691091554384,3.508868040247762
heart_attack_binary,Heart Attack,LBXSNASI,Sodium (mmol/L),LBDLDL,LDL Cholesterol (mg/dL),Ratio,2353,125.0,0.3718796446831198,8.006441023850316e-09,951.9960992945206,0.034841862471713204,0.7051123317132588,980.8785425304862,-0.5137276187756835,1.4360563484159105e-06,955.5046835577998,179.36263367681784,3.5085842632792037
arthritis_binary,Arthritis,BMXWAIST,Waist Circumference (cm),LBXHGB,Hemoglobin (g/dL),Ratio,4753,1452.0,0.43445666058664817,2.2806372371009484e-41,5663.018906408315,0.43475412692422305,4.622316052887043e-41,5666.518596413945,-0.17212740770097631,4.3438834444056125e-08,5824.336825142755,2.0267651416420525,3.499690005629418
stroke_binary,Stroke,LBXHSCRP,hs-CRP Inflammation (mg/L),LBDLDL,LDL Cholesterol (mg/dL),Difference,2351,109.0,0.34709774880301353,0.0011764805515596622,875.3048849156266,0.15522150218073785,0.009969640871014993,881.3218247121816,-0.2872773900189652,0.007332896936875498,878.7957748002923,6.232909610918995,3.4908898846656484
stroke_binary,Stroke,LBDLDL,LDL Cholesterol (mg/dL),LBXHSCRP,hs-CRP Inflammation (mg/L),Difference,2351,109.0,-0.34709774880301353,0.0011764805515596622,875.3048849156266,-0.2872773900189652,0.007332896936875498,878.7957748002923,0.15522150218073785,0.009969640871014993,881.3218247121816,6.232909610918995,3.4908898846656484
thyroid_binary,Thyroid Problem,LBDLDL,LDL Cholesterol (mg/dL),LBXHSCRP,hs-CRP Inflammation (mg/L),Ratio,2347,300.0,-0.14826823689623972,0.04870636276875332,1793.7730627370763,0.007838605801904324,0.8988961418928316,1798.1564399961144,0.05407665906350294,0.31615073176574726,1797.249651988262,6.490953415404034,3.4765892511857146
diabetes_binary,Diabetes,LBDLDL,LDL Cholesterol (mg/dL),LBXSUA,Uric Acid (mg/dL),Difference,2793,402.0,-0.3876177084931643,1.851857939936043e-10,2261.528815014285,-0.3709149890671321,8.952777594485164e-10,2264.998436417603,0.2957121632365962,1.2731916957240309e-08,2273.7691778738604,4.834484007339333,3.4696214033178876
diabetes_binary,Diabetes,LBXSUA,Uric Acid (mg/dL),LBDLDL,LDL Cholesterol (mg/dL),Difference,2793,402.0,0.3876177084931643,1.851857939936043e-10,2261.528815014285,0.2957121632365962,1.2731916957240309e-08,2273.7691778738604,-0.3709149890671321,8.952777594485164e-10,2264.998436417603,4.834484007339333,3.4696214033178876
heart_attack_binary,Heart Attack,LBXSAL,Albumin (g/dL),LBXSCA,Calcium (mg/dL),Ratio,4904,243.0,-0.2051231325714338,0.0011550968818157873,1927.8069920273672,-0.16742960025491221,0.008371478108057986,1931.2753850949969,0.031230048469499422,0.6345024158596833,1937.8354274429566,7.247425077365116,3.468393067629677
depression_binary,Depression,LBXSCA,Calcium (mg/dL),LBXSASSI,AST Liver Enzyme (U/L),Ratio,789,410.0,0.1582197854180698,0.02841162999540036,1091.7063340926438,0.08464724567714031,0.23769483026385263,1095.1665149421658,-0.05152974251943825,0.47630511265241426,1096.0521729323896,8.366110297168227,3.4601808495219757
liver_condition_binary,Liver Condition,LBXSASSI,AST Liver Enzyme (U/L),LBXSAL,Albumin (g/dL),Ratio,4887,269.0,0.2781316726826699,1.2200069391656444e-13,2039.5367770876019,0.2742846655424148,1.1955581020402399e-12,2042.9555687441243,-0.14209179224977153,0.019773375116247414,2081.582178175567,9.799600835531928,3.418791656522444
arthritis_binary,Arthritis,LBXGLU,Fasting Glucose (mg/dL),diastolic_bp,Diastolic BP (mmHg),Difference,2307,728.0,0.3015839982620148,2.147955037909874e-11,2832.988987627162,0.28928578033072466,1.1810634417369963e-10,2836.4050784173523,-0.08536171365709365,0.055759439582591774,2877.0730067559975,5.498548251206702,3.4160907901905375
arthritis_binary,Arthritis,diastolic_bp,Diastolic BP (mmHg),LBXGLU,Fasting Glucose (mg/dL),Difference,2307,728.0,-0.3015839982620148,2.147955037909874e-11,2832.988987627162,-0.08536171365709365,0.055759439582591774,2877.0730067559975,0.28928578033072466,1.1810634417369963e-10,2836.4050784173523,5.498548251206702,3.4160907901905375
depression_binary,Depression,LBXWBCSI,WBC Count (10^3/uL),LBXSUA,Uric Acid (mg/dL),Ratio,788,409.0,0.24388413903544576,0.0020658900338555537,1084.8972790582568,0.17361945658198724,0.027245299727127876,1089.9807270077727,-0.18955959397510258,0.008711088027096898,1088.2840284810081,4.216627160371874,3.386749422751336
diabetes_binary,Diabetes,LBXSUA,Uric Acid (mg/dL),LBXSNASI,Sodium (mmol/L),Ratio,5897,800.0,0.2581739029135675,1.695873141782723e-12,4637.490420964268,0.24928470056429347,9.846905901283612e-12,4640.86384347077,-0.1182741035504151,0.0017412777478725881,4676.57262094138,5.806392977562238,3.373422506501811
liver_condition_binary,Liver Condition,LBXSKSI,Potassium (mmol/L),LBXHSCRP,hs-CRP Inflammation (mg/L),Ratio,4886,270.0,-0.15432840881026844,0.03934505262914393,2087.7189199088466,0.05476010415797708,0.37703101343489176,2091.7040302176465,0.0634213406469027,0.20078309717278986,2091.070755128094,5.103134543123332,3.3518352192472776
diabetes_binary,Diabetes,LBXSAPSI,Alkaline Phosphatase (U/L),LBXSATSI,ALT Liver Enzyme (U/L),Difference,5898,800.0,-0.1351326449951799,0.0022523962487578345,4676.301731754162,-0.11116321430567881,0.012001781352287558,4679.632095133701,0.06998559913124759,0.036955133707054985,4682.578345314548,5.328450248887768,3.330363379539449
diabetes_binary,Diabetes,LBXSATSI,ALT Liver Enzyme (U/L),LBXSAPSI,Alkaline Phosphatase (U/L),Difference,5898,800.0,0.1351326449951799,0.0022523962487578345,4676.301731754162,0.06998559913124759,0.036955133707054985,4682.578345314548,-0.11116321430567881,0.012001781352287558,4679.632095133701,5.328450248887768,3.330363379539449
diabetes_binary,Diabetes,LBXSASSI,AST Liver Enzyme (U/L),diastolic_bp,Diastolic BP (mmHg),Ratio,5582,763.0,0.06968608404489027,0.01325682415041352,4452.047830513938,-0.0048703004795601695,0.9017155437234685,4457.3923164795615,-0.05520959614048028,0.1514256863849806,4455.366696156415,11.422470771799231,3.318865642477249
liver_condition_binary,Liver Condition,LBXSUA,Uric Acid (mg/dL),LBXSAL,Albumin (g/dL),Difference,4899,270.0,0.2371911436749456,5.205669001952035e-05,2078.259639048172,0.212682519739387,0.0003411692942585892,2081.5543199040458,-0.14140308299992552,0.020158279577383875,2088.659315468346,6.553803058370724,3.294680855873594
liver_condition_binary,Liver Condition,LBXSAL,Albumin (g/dL),LBXSUA,Uric Acid (mg/dL),Difference,4899,270.0,-0.2371911436749456,5.205669001952035e-05,2078.259639048172,-0.14140308299992552,0.020158279577383875,2088.659315468346,0.212682519739387,0.0003411692942585892,2081.5543199040458,6.553803058370724,3.294680855873594
arthritis_binary,Arthritis,LBXHSCRP,hs-CRP Inflammation (mg/L),LBXPLTSI,Platelet Count (10^3/uL),Ratio,4892,1519.0,0.19303462322652706,1.9659585122180396e-09,6025.054193190101,0.18662949127937986,9.71761796165846e-09,6028.34603400906,-0.11914229951315691,0.00017296136050328292,6050.863123277078,4.942941522552691,3.2918408189589172
thyroid_binary,Thyroid Problem,BMXWAIST,Waist Circumference (cm),LBXHSCRP,hs-CRP Inflammation (mg/L),Ratio,4642,556.0,-0.14971607894694164,0.004326670769067803,3397.41412645316,0.10653636877342311,0.016417287072874136,3400.6919640403744,0.07450954968761894,0.04221827926458231,3402.7189886725687,3.794438714922444,3.277837587214435
arthritis_binary,Arthritis,LBDLDL,LDL Cholesterol (mg/dL),LBDHDD,HDL Cholesterol (mg/dL),Ratio,2361,748.0,-0.13099638679029857,0.007106604371495036,2944.9591770075644,-0.06737695574275854,0.1322710343399584,2950.3458145784375,0.0916836332367022,0.03505192900030468,2948.226911888709,4.932303413554273,3.2677348811444062
heart_attack_binary,Heart Attack,LBDHDD,HDL Cholesterol (mg/dL),LBXSASSI,AST Liver Enzyme (U/L),Ratio,4888,243.0,-0.37890740637463005,2.599992199092517e-07,1907.8365076545333,-0.3750526269525584,1.9294170490218907e-06,1911.1017908525605,0.01768754052485131,0.7773361887243816,1936.3548357591653,7.420857069091672,3.2652831980271912
stroke_binary,Stroke,LBXSUA,Uric Acid (mg/dL),LBXSASSI,AST Liver Enzyme (U/L),Ratio,4894,239.0,0.15030653021364077,0.013523413417860243,1907.610639307799,0.10290162511728397,0.11101412866820391,1910.8648903764142,-0.09532343591163704,0.2545157775741651,1911.85413825244,8.209031642971782,3.2542510686153037
depression_binary,Depression,LBXSKSI,Potassium (mmol/L),LBXSASSI,AST Liver Enzyme (U/L),Ratio,789,410.0,0.15117633764847555,0.03661398240062269,1092.139393974159,0.07765343304036562,0.27774644944642224,1095.385976239717,-0.05152974251943825,0.47630511265241426,1096.0521729323896,7.585802779041556,3.2465822655578904
thyroid_binary,Thyroid Problem,LBXSBU,BUN Kidney (mg/dL),LBXSCR,Creatinine Kidney (mg/dL),Ratio,4900,598.0,0.23141717807201492,1.3464368516547069e-08,3608.515051987395,0.20512684266832512,3.980284131578805e-08,3611.748884522302,0.03091006135627621,0.41751982092266404,3638.9177076039214,2.9561610161569964,3.2338325349069237
thyroid_binary,Thyroid Problem,LBXSCR,Creatinine Kidney (mg/dL),LBXHSCRP,hs-CRP Inflammation (mg/L),Ratio,4889,597.0,-0.14500930329640363,0.006081472951366813,3624.216926030269,0.03268061419718998,0.3883389397631519,3632.0306240045416,0.08561936552990085,0.014965060392521542,3627.447784234797,2.4607624685986873,3.2308582045279763
depression_binary,Depression,LBXSAL,Albumin (g/dL),LBXSCA,Calcium (mg/dL),Ratio,790,410.0,-0.1793343906615317,0.013732719039080573,1091.8366712122865,-0.12372698763196899,0.08581557740926647,1095.0516937070483,0.08503985252701306,0.235221911261149,1096.6166813010407,6.248986611103926,3.215022494761797
thyroid_binary,Thyroid Problem,diastolic_bp,Diastolic BP (mmHg),LBXSAPSI,Alkaline Phosphatase (U/L),Ratio,4670,569.0,-0.17962870726957422,0.00019036528394695236,3450.611719099633,-0.12561205134559142,0.00384714334816899,3457.003276692797,0.1368865160884377,0.0005895268461397977,3453.8201921116924,3.096819093885189,3.208473012059585
diabetes_binary,Diabetes,LBDLDL,LDL Cholesterol (mg/dL),LBXSCR,Creatinine Kidney (mg/dL),Ratio,2795,402.0,-0.4454803109177153,2.2704143902076327e-12,2251.199758433435,-0.37133083778427084,8.569550449473075e-10,2265.526356495651,0.4519335765476845,1.1318862521601453e-09,2254.3857411015047,377.44433291269695,3.185982668069755
hypertension_binary,Hypertension,LBXGLU,Fasting Glucose (mg/dL),LBXHGB,Hemoglobin (g/dL),Difference,2655,945.0,0.5032731875544022,4.1805567709423963e-23,3332.279308311265,0.4954404542061454,1.0889553542901907e-22,3335.428939170739,-0.10681391689036779,0.008282776500414871,3454.0577689864394,2.6048093925171463,3.1496308594737457
hypertension_binary,Hypertension,LBXHGB,Hemoglobin (g/dL),LBXGLU,Fasting Glucose (mg/dL),Difference,2655,945.0,-0.5032731875544022,4.1805567709423963e-23,3332.279308311265,-0.10681391689036779,0.008282776500414871,3454.0577689864394,0.4954404542061454,1.0889553542901907e-22,3335.428939170739,2.6048093925171463,3.1496308594737457
depression_binary,Depression,LBXPLTSI,Platelet Count (10^3/uL),LBXSASSI,AST Liver Enzyme (U/L),Ratio,787,409.0,0.14516848528402962,0.04626564590487633,1089.745654358764,0.06779180516373819,0.34410555629035455,1092.8942089005666,-0.05023370674381931,0.48763300964529654,1093.3029311911416,7.43760407015276,3.1485545418024685
diabetes_binary,Diabetes,LBXIN,Insulin (uIU/mL),LBXTC,Total Cholesterol (mg/dL),Ratio,2820,410.0,0.541289236838876,2.890073055602684e-16,2245.7981463669435,0.5145348419760499,4.482587020094172e-16,2248.9447928627924,-0.2742714023052289,2.2995998723114743e-06,2318.8611187832535,1.5510289649613689,3.146646495848927
heart_attack_binary,Heart Attack,LBXSAPSI,Alkaline Phosphatase (U/L),diastolic_bp,Diastolic BP (mmHg),Difference,4672,228.0,0.26545901523336596,1.1401287919630653e-06,1802.5275395429087,0.18736601034468803,0.0003590410079022643,1814.1262492102032,-0.2840127838923433,3.0170471935612437e-06,1805.6698314908695,2.646233666607537,3.142291947960757
heart_attack_binary,Heart Attack,diastolic_bp,Diastolic BP (mmHg),LBXSAPSI,Alkaline Phosphatase (U/L),Difference,4672,228.0,-0.26545901523336596,1.1401287919630653e-06,1802.5275395429087,-0.2840127838923433,3.0170471935612437e-06,1805.6698314908695,0.18736601034468803,0.0003590410079022643,1814.1262492102032,2.646233666607537,3.142291947960757
hypertension_binary,Hypertension,BMXBMI,Body Mass Index (kg/m2),LBXSAL,Albumin (g/dL),Ratio,5325,1857.0,0.4373237262957684,1.1866625402779452e-47,6664.716919711684,0.4346027774125617,3.340316612669681e-47,6667.855912447616,-0.2636656802616082,1.866401156312238e-19,6807.735358883773,2.8148833381791065,3.1389927359323337
diabetes_binary,Diabetes,LBXSAL,Albumin (g/dL),BMXWAIST,Waist Circumference (cm),Difference,5613,737.0,-0.7185516772074875,3.1445673501750754e-70,4033.300274811362,-0.39850119031335207,7.428244309813891e-25,4263.042961863368,0.7148943042726063,1.1347205322109442e-69,4036.425505959336,3.608510824701427,3.1252311479738637
diabetes_binary,Diabetes,BMXWAIST,Waist Circumference (cm),LBXSAL,Albumin (g/dL),Difference,5613,737.0,0.7185516772074875,3.1445673501750754e-70,4033.300274811362,0.7148943042726063,1.1347205322109442e-69,4036.425505959336,-0.39850119031335207,7.428244309813891e-25,4263.042961863368,3.608510824701427,3.1252311479738637
depression_binary,Depression,BMXBMI,Body Mass Index (kg/m2),LBXSASSI,AST Liver Enzyme (U/L),Ratio,779,400.0,0.14377638107870247,0.04839169520227542,1079.4037687731613,0.06636709864563187,0.35736627058260007,1082.5059079395269,-0.04338752737842646,0.549717868202192,1082.9948855106193,7.38486777718414,3.102139166365532
liver_condition_binary,Liver Condition,LBXSCA,Calcium (mg/dL),BMXBMI,Body Mass Index (kg/m2),Ratio,4823,263.0,-0.15759297904160935,0.015490588433532968,2039.5566927678433,-0.03969251378836808,0.5315047059323506,2045.1316125421702,0.10308374644525363,0.08415996371549057,2042.6587056490307,5.432973968458605,3.10201288118742
heart_attack_binary,Heart Attack,LBXTC,Total Cholesterol (mg/dL),LBXSCA,Calcium (mg/dL),Ratio,4900,243.0,-0.5182809328430062,5.754319435017983e-12,1886.0102764568373,-0.5010952582996173,2.425747411225612e-11,1889.1061207420494,0.03156248751875165,0.630898320765283,1937.4238588930912,4.2155244223386275,3.0958442852120243
stroke_binary,Stroke,LBDLDL,LDL Cholesterol (mg/dL),BMXBMI,Body Mass Index (kg/m2),Ratio,2324,105.0,-0.3119792082989429,0.005505309654489572,851.2456545688201,-0.2404923995008875,0.025499994064243216,854.3372890733704,0.13389693367532413,0.14412318218929784,857.5563545784055,4.631890967921851,3.0916345045502567
stroke_binary,Stroke,LBXHSCRP,hs-CRP Inflammation (mg/L),LBXWBCSI,WBC Count (10^3/uL),Ratio,4898,237.0,0.17901191528072619,1.3877752940592871e-05,1887.2280604122675,0.15553145186572587,0.00013011612335966027,1890.2850211289935,0.019840643577523367,0.6348922311338331,1901.690880806204,9.375878351247085,3.056960716726053
arthritis_binary,Arthritis,LBXSAL,Albumin (g/dL),systolic_bp,Systolic BP (mmHg),Difference,4670,1457.0,-0.42729984591392095,1.969207873843252e-40,5616.2472453855535,-0.24972595347215854,4.337539409114852e-15,5738.728570229472,0.42365209373443796,7.840693261293174e-40,5619.302850964861,3.981648339639581,3.0556055793076666
arthritis_binary,Arthritis,systolic_bp,Systolic BP (mmHg),LBXSAL,Albumin (g/dL),Difference,4670,1457.0,0.42729984591392095,1.969207873843252e-40,5616.2472453855535,0.42365209373443796,7.840693261293174e-40,5619.302850964861,-0.24972595347215854,4.337539409114852e-15,5738.728570229472,3.981648339639581,3.0556055793076666
high_cholesterol_binary,High Cholesterol,LBXSAL,Albumin (g/dL),LBXSASSI,AST Liver Enzyme (U/L),Ratio,5371,1758.0,-0.1505710248402735,3.056607178494944e-07,6769.252331634119,-0.14044867626640556,1.329562217894917e-06,6772.301676885927,0.020548855139688484,0.47088896345353237,6795.2195511793325,4.349797472338548,3.0493452518076083
heart_attack_binary,Heart Attack,LBXHSCRP,hs-CRP Inflammation (mg/L),LBXPLTSI,Platelet Count (10^3/uL),Difference,4896,243.0,0.5639697615512939,2.1291228255965032e-13,1878.2898022428362,0.04201168660111536,0.45492054305342444,1936.744096023096,-0.5507531882929315,9.905190636107642e-13,1881.3370518624351,4.652240123034032,3.047249619598915
heart_attack_binary,Heart Attack,LBXPLTSI,Platelet Count (10^3/uL),LBXHSCRP,hs-CRP Inflammation (mg/L),Difference,4896,243.0,-0.5639697615512939,2.1291228255965032e-13,1878.2898022428362,-0.5507531882929315,9.905190636107642e-13,1881.3370518624351,0.04201168660111536,0.45492054305342444,1936.744096023096,4.652240123034032,3.047249619598915
depression_binary,Depression,LBXSAPSI,Alkaline Phosphatase (U/L),LBXSATSI,ALT Liver Enzyme (U/L),Ratio,790,410.0,0.14809386122238433,0.04462366761270798,1093.8703602201454,0.046368154452469244,0.5181127785105482,1097.6128087775721,-0.07566133093621373,0.2931007018448768,1096.914839620432,6.568279066362695,3.0444794002867184
hypertension_binary,Hypertension,LBDLDL,LDL Cholesterol (mg/dL),LBXSASSI,AST Liver Enzyme (U/L),Ratio,2565,914.0,-0.12219885758137437,0.003896362214471402,3336.568901755357,-0.06259498394089867,0.13260113766429324,3342.7914334382804,0.09460400480655817,0.021154884113991555,3339.6094931825883,5.429393611153659,3.0405914272314476
liver_condition_binary,Liver Condition,LBXSNASI,Sodium (mmol/L),BMXWAIST,Waist Circumference (cm),Ratio,4645,252.0,-0.2585110914527684,0.00015632955202169515,1947.938068023113,-0.05771726137382614,0.36948930668589297,1961.988226236214,0.2162428471821549,0.0004949934652945041,1950.9711013520337,3.166346086796243,3.0330333289207374
liver_condition_binary,Liver Condition,LBDHDD,HDL Cholesterol (mg/dL),LBXSBU,BUN Kidney (mg/dL),Ratio,4895,270.0,-0.2654204397870674,0.0009338902645870883,2080.9555518599495,-0.16324026439373535,0.016834399214469702,2087.4602024003925,0.16923355214813782,0.0009910962411652344,2083.965516719578,1.0612555658275753,3.009964859628326
liver_condition_binary,Liver Condition,LBXSAL,Albumin (g/dL),systolic_bp,Systolic BP (mmHg),Ratio,4668,256.0,-0.2663159617494636,3.8702447150840047e-05,1971.1360635980932,-0.11690803708808109,0.06277254373944012,1984.78168337981,0.22575196743942919,0.00010895686809195454,1974.1140130501258,2.815244929275476,2.9779494520325898
liver_condition_binary,Liver Condition,LBXSAL,Albumin (g/dL),LBXGLU,Fasting Glucose (mg/dL),Ratio,2378,132.0,-0.34240778925169996,2.0944644621221366e-05,1006.8704777805688,-0.08629652109999802,0.32695249735571696,1022.8640812144866,0.25470598484462476,3.0314830935699226e-05,1009.8058122002587,1.4473786251299712,2.9353344196899798
arthritis_binary,Arthritis,LBXIN,Insulin (uIU/mL),diastolic_bp,Diastolic BP (mmHg),Difference,2261,715.0,0.14777168746687977,0.001537794310908385,2814.8705974035847,0.12576463557681306,0.0074175406821082755,2817.8047714044096,-0.07404881863188291,0.10012871207772236,2823.0122836690853,4.8234933823670385,2.934174000824896
arthritis_binary,Arthritis,diastolic_bp,Diastolic BP (mmHg),LBXIN,Insulin (uIU/mL),Difference,2261,715.0,-0.14777168746687977,0.001537794310908385,2814.8705974035847,-0.07404881863188291,0.10012871207772236,2823.0122836690853,0.12576463557681306,0.0074175406821082755,2817.8047714044096,4.8234933823670385,2.934174000824896
high_cholesterol_binary,High Cholesterol,LBXSASSI,AST Liver Enzyme (U/L),LBXSATSI,ALT Liver Enzyme (U/L),Difference,5371,1758.0,-0.085703115723761,0.0035541299981170604,6787.059729595685,0.020548855139688484,0.47088896345353237,6795.2195511793325,0.06814538023093192,0.016252308812821307,6789.975132532182,4.572795261127647,2.9154029364972303
high_cholesterol_binary,High Cholesterol,LBXSATSI,ALT Liver Enzyme (U/L),LBXSASSI,AST Liver Enzyme (U/L),Difference,5371,1758.0,0.085703115723761,0.0035541299981170604,6787.059729595685,0.06814538023093192,0.016252308812821307,6789.975132532182,0.020548855139688484,0.47088896345353237,6795.2195511793325,4.572795261127647,2.9154029364972303
heart_attack_binary,Heart Attack,LBXSUA,Uric Acid (mg/dL),LBXTC,Total Cholesterol (mg/dL),Difference,4900,243.0,0.5166334931349233,6.359547468156225e-12,1886.1940017540678,0.3143408807500344,2.4819938272890446e-07,1912.2714955321453,-0.5010952582996173,2.425747411225612e-11,1889.1061207420494,3.81433965761229,2.9121189879815574
heart_attack_binary,Heart Attack,LBXTC,Total Cholesterol (mg/dL),LBXSUA,Uric Acid (mg/dL),Difference,4900,243.0,-0.5166334931349233,6.359547468156225e-12,1886.1940017540678,-0.5010952582996173,2.425747411225612e-11,1889.1061207420494,0.3143408807500344,2.4819938272890446e-07,1912.2714955321453,3.81433965761229,2.9121189879815574
arthritis_binary,Arthritis,LBXTC,Total Cholesterol (mg/dL),LBDHDD,HDL Cholesterol (mg/dL),Ratio,4923,1528.0,-0.0695913360449729,0.031606508626630045,6097.872064127031,-0.01356428360529636,0.660305373810397,6102.460882007846,0.04188138682876678,0.17009474347939002,6100.7827405853295,5.381636595447205,2.9106764582984397
thyroid_binary,Thyroid Problem,LBXHGB,Hemoglobin (g/dL),LBXGLU,Fasting Glucose (mg/dL),Ratio,2428,312.0,-0.3094711253339695,5.730709616665163e-08,1837.8983020722326,-0.29822491815285823,3.313633686712465e-07,1840.7983606155722,0.1027478394865522,0.05337753096990881,1862.966168395762,5.782239737075961,2.9000585433395827
liver_condition_binary,Liver Condition,LBXSNASI,Sodium (mmol/L),BMXBMI,Body Mass Index (kg/m2),Ratio,4826,263.0,-0.1551600851905969,0.0171072529773814,2040.072675853516,-0.033077033081098106,0.6006202786862149,2045.586076143765,0.10355544272849135,0.08265409488276831,2042.9675182540368,4.831523505968527,2.8948424005207016
hypertension_binary,Hypertension,LBXSNASI,Sodium (mmol/L),LBXSKSI,Potassium (mmol/L),Ratio,5408,1900.0,0.05851695879533391,0.03962325394831508,7011.423480776135,0.03297726215756556,0.24777591398314003,7014.3174724097225,-0.0015284629782527602,0.9572144880074643,7015.652023173627,6.253295458932804,2.893991633587575
heart_attack_binary,Heart Attack,LBXSASSI,AST Liver Enzyme (U/L),LBXSATSI,ALT Liver Enzyme (U/L),Difference,4892,243.0,0.13208871153360072,0.034687326865649466,1932.6273254842276,0.017603033323443394,0.7784196730322379,1936.7633576450837,-0.08299792900425332,0.270499649926937,1935.51325204354,7.798227028984763,2.885926559312338
heart_attack_binary,Heart Attack,LBXSATSI,ALT Liver Enzyme (U/L),LBXSASSI,AST Liver Enzyme (U/L),Difference,4892,243.0,-0.13208871153360072,0.034687326865649466,1932.6273254842276,-0.08299792900425332,0.270499649926937,1935.51325204354,0.017603033323443394,0.7784196730322379,1936.7633576450837,7.798227028984763,2.885926559312338
diabetes_binary,Diabetes,LBXSCR,Creatinine Kidney (mg/dL),LBXSNASI,Sodium (mmol/L),Ratio,5899,800.0,0.39178929639777155,3.444371552175402e-16,4587.7683652865535,0.38261308684500045,9.21134143610079e-16,4590.648230631745,-0.11823949072381222,0.0017462481385412617,4677.160907041731,2.6743170115555843,2.8798653451913196
depression_binary,Depression,LBXSKSI,Potassium (mmol/L),LBXSATSI,ALT Liver Enzyme (U/L),Ratio,790,410.0,0.14382302422179455,0.04831231809755499,1094.054248673197,0.0695074605661482,0.3306470002501609,1097.084140766606,-0.07566133093621373,0.2931007018448768,1096.914839620432,6.066790280131687,2.860590947235096
thyroid_binary,Thyroid Problem,LBXSATSI,ALT Liver Enzyme (U/L),LBXGH,"Glycohemoglobin (HbA1c, %)",Difference,4897,599.0,-0.2874507187557199,4.10252763901771e-06,3616.100185519666,-0.26785405253558553,1.2176882732885206e-05,3618.955521321551,0.11985072965237642,0.001716961632878397,3633.6225806145267,2.9681415469514745,2.8553358018848485
thyroid_binary,Thyroid Problem,LBXGH,"Glycohemoglobin (HbA1c, %)",LBXSATSI,ALT Liver Enzyme (U/L),Difference,4897,599.0,0.2874507187557199,4.10252763901771e-06,3616.100185519666,0.11985072965237642,0.001716961632878397,3633.6225806145267,-0.26785405253558553,1.2176882732885206e-05,3618.955521321551,2.9681415469514745,2.8553358018848485
diabetes_binary,Diabetes,LBXSATSI,ALT Liver Enzyme (U/L),diastolic_bp,Diastolic BP (mmHg),Difference,5601,763.0,0.09153507425628796,0.00911451438230946,4456.559004335682,0.06746970522029862,0.049972080835780426,4459.404611408165,-0.055628626434978026,0.14819024696613053,4460.909224811346,5.482692630643298,2.8456070724823803
diabetes_binary,Diabetes,diastolic_bp,Diastolic BP (mmHg),LBXSATSI,ALT Liver Enzyme (U/L),Difference,5601,763.0,-0.09153507425628796,0.00911451438230946,4456.559004335682,-0.055628626434978026,0.14819024696613053,4460.909224811346,0.06746970522029862,0.049972080835780426,4459.404611408165,5.482692630643298,2.8456070724823803
high_cholesterol_binary,High Cholesterol,LBXPLTSI,Platelet Count (10^3/uL),LBXHSCRP,hs-CRP Inflammation (mg/L),Difference,5379,1758.0,-0.17768935822871784,4.126857382791086e-09,6766.461359932471,-0.1703693248542495,1.6599960342924766e-08,6769.286533510307,0.03672740136516667,0.19063920052519367,6800.388255158594,4.02242161605736,2.8251735778358125
high_cholesterol_binary,High Cholesterol,LBXHSCRP,hs-CRP Inflammation (mg/L),LBXPLTSI,Platelet Count (10^3/uL),Difference,5379,1758.0,0.17768935822871784,4.126857382791086e-09,6766.461359932471,0.03672740136516667,0.19063920052519367,6800.388255158594,-0.1703693248542495,1.6599960342924766e-08,6769.286533510307,4.02242161605736,2.8251735778358125
diabetes_binary,Diabetes,diastolic_bp,Diastolic BP (mmHg),LBDLDL,LDL Cholesterol (mg/dL),Ratio,2662,385.0,0.30869919923444916,2.866517071992623e-10,2165.5052601869515,-0.09327502386034721,0.08456196331917507,2201.34656721235,-0.3559868046272647,7.812380133032748e-09,2168.3068588714177,27.2539110593961,2.801598684466171
stroke_binary,Stroke,LBXGLU,Fasting Glucose (mg/dL),LBXSATSI,ALT Liver Enzyme (U/L),Ratio,2382,114.0,0.2756984692301224,0.0001803751370466469,907.5469875850213,0.17045374620646506,0.018676890263957517,914.8162038413589,-0.39456779875188386,0.00837510262495125,910.3437917434619,46.43158010621696,2.7968041584406365
heart_attack_binary,Heart Attack,LBDLDL,LDL Cholesterol (mg/dL),LBXSASSI,AST Liver Enzyme (U/L),Ratio,2345,125.0,-0.5659056719001114,6.71470912636765e-07,951.884425134437,-0.5134036408823297,1.4659686766859223e-06,954.6703236602823,0.042338477422870245,0.5985590305941264,979.8934927051496,2.1832199267266614,2.785898525845255
heart_attack_binary,Heart Attack,LBXSKSI,Potassium (mmol/L),LBXSNASI,Sodium (mmol/L),Ratio,4904,243.0,0.3486228312005859,8.24461312855128e-09,1906.6106040189345,0.3365573356843428,4.334108693575536e-08,1909.3843978134105,-0.036447569654807666,0.5779730587896701,1937.752560378768,5.25689759603931,2.773793794475978
stroke_binary,Stroke,LBXTR,Triglycerides (mg/dL),LBXSASSI,AST Liver Enzyme (U/L),Ratio,2372,113.0,0.14851424640932898,0.044784704814630566,909.1012206875519,0.06759828334747474,0.4013548057533197,911.8718081612074,-0.07423818918797197,0.5249193448654991,912.0396626469469,8.961872304720483,2.770587473655496
thyroid_binary,Thyroid Problem,BMXBMI,Body Mass Index (kg/m2),LBXSASSI,AST Liver Enzyme (U/L),Difference,4812,583.0,0.1475873848496341,0.005002309574853214,3548.6590268156915,0.07389031895409791,0.08315479136945347,3554.44777449871,-0.1297411761128209,0.025320071075810233,3551.4266689017422,5.061676151171274,2.767642086050728
thyroid_binary,Thyroid Problem,LBXSASSI,AST Liver Enzyme (U/L),BMXBMI,Body Mass Index (kg/m2),Difference,4812,583.0,-0.1475873848496341,0.005002309574853214,3548.6590268156915,-0.1297411761128209,0.025320071075810233,3551.4266689017422,0.07389031895409791,0.08315479136945347,3554.44777449871,5.061676151171274,2.767642086050728
high_cholesterol_binary,High Cholesterol,LBXSNASI,Sodium (mmol/L),LBXSAPSI,Alkaline Phosphatase (U/L),Ratio,5387,1762.0,-0.12208347543702246,6.0631295747362976e-05,6797.543537826326,0.043588028840811206,0.13442966533474632,6811.9368760667785,0.10669388382761463,0.00020421478766879594,6800.277862175693,3.3681415703156534,2.7343243493669434
arthritis_binary,Arthritis,LBXHSCRP,hs-CRP Inflammation (mg/L),LBXSATSI,ALT Liver Enzyme (U/L),Ratio,4888,1517.0,0.20226534058790172,7.632847991668773e-09,6019.273262804759,0.1872078696505453,9.028605235208384e-09,6022.002694908839,-0.1543482828709479,1.6762215263799888e-05,6038.436063662248,1.1828619206177138,2.729432104079933
depression_binary,Depression,LBXSCA,Calcium (mg/dL),LBXSATSI,ALT Liver Enzyme (U/L),Ratio,790,410.0,0.1469949665319028,0.044307000692398894,1093.8932731421753,0.08503985252701306,0.235221911261149,1096.6166813010407,-0.07566133093621373,0.2931007018448768,1096.914839620432,5.308910727091996,2.723408158865368
stroke_binary,Stroke,LBXTR,Triglycerides (mg/dL),LBDLDL,LDL Cholesterol (mg/dL),Ratio,2365,111.0,0.23866496802336565,0.00033472191073084237,889.3823530467938,0.10315881311821756,0.2545867829122539,898.5667760558895,-0.286885349533942,0.006876745942167377,892.0830468253316,20.544654298705673,2.7006937785378113
stroke_binary,Stroke,LBXSKSI,Potassium (mmol/L),LBXHGB,Hemoglobin (g/dL),Difference,4903,239.0,0.3109010274132836,4.1152129527713415e-07,1889.8959536471189,0.10653827704092964,0.10099223042538077,1911.6085482671988,-0.2954099322511779,1.9315556694663648e-06,1892.5890360378758,4.693695542938018,2.6930823907568993
stroke_binary,Stroke,LBXHGB,Hemoglobin (g/dL),LBXSKSI,Potassium (mmol/L),Difference,4903,239.0,-0.3109010274132836,4.1152129527713415e-07,1889.8959536471189,-0.2954099322511779,1.9315556694663648e-06,1892.5890360378758,0.10653827704092964,0.10099223042538077,1911.6085482671988,4.693695542938018,2.6930823907568993
arthritis_binary,Arthritis,LBXSAPSI,Alkaline Phosphatase (U/L),LBDLDL,LDL Cholesterol (mg/dL),Ratio,2352,745.0,0.26992844495196433,2.785533880613618e-09,2903.307208407098,0.2596609616171085,5.9029922736212856e-09,2905.993506831899,-0.06433300212919237,0.15125302090693726,2939.085907460182,2.1191601059689607,2.6862984248009525
thyroid_binary,Thyroid Problem,systolic_bp,Systolic BP (mmHg),LBXSUA,Uric Acid (mg/dL),Difference,4669,568.0,0.28445439610482354,4.163113023311706e-12,3415.1660871796876,0.2768252048854927,1.7907044047645215e-11,3417.831501440171,-0.09073978302688805,0.04720214342162228,3456.9932104147183,4.301359090510681,2.6654142604834306
thyroid_binary,Thyroid Problem,LBXSUA,Uric Acid (mg/dL),systolic_bp,Systolic BP (mmHg),Difference,4669,568.0,-0.28445439610482354,4.163113023311706e-12,3415.1660871796876,-0.09073978302688805,0.04720214342162228,3456.9932104147183,0.2768252048854927,1.7907044047645215e-11,3417.831501440171,4.301359090510681,2.6654142604834306
liver_condition_binary,Liver Condition,LBXSCA,Calcium (mg/dL),LBXGH,"Glycohemoglobin (HbA1c, %)",Ratio,4895,270.0,-0.20666643992049852,0.0002564345121352417,2080.990774129849,-0.035098096722116875,0.5752162784609941,2093.1872823636127,0.16738574074388918,0.0007309212042005998,2083.6530847479753,2.8503230634381898,2.662310618126412
diabetes_binary,Diabetes,LBXPLTSI,Platelet Count (10^3/uL),LBXSATSI,ALT Liver Enzyme (U/L),Difference,5895,799.0,-0.18159089296916614,4.082227762127584e-06,4660.318215100158,-0.1717802847375556,1.743121457026997e-05,4662.975312509113,0.0707281888745488,0.03492768747332673,4677.910769045799,4.270024992722389,2.6570974089545416
diabetes_binary,Diabetes,LBXSATSI,ALT Liver Enzyme (U/L),LBXPLTSI,Platelet Count (10^3/uL),Difference,5895,799.0,0.18159089296916614,4.082227762127584e-06,4660.318215100158,0.0707281888745488,0.03492768747332673,4677.910769045799,-0.1717802847375556,1.743121457026997e-05,4662.975312509113,4.270024992722389,2.6570974089545416
hypertension_binary,Hypertension,LBXSASSI,AST Liver Enzyme (U/L),LBXSKSI,Potassium (mmol/L),Ratio,5392,1894.0,0.09439234766410921,0.0008018497315461041,6982.991908995078,0.08270496960532357,0.003089989876517263,6985.630752713707,-0.003559445789926364,0.9007358952681842,6994.430253980732,3.8535772414105964,2.6388437186287774
liver_condition_binary,Liver Condition,LBXSCA,Calcium (mg/dL),BMXWAIST,Waist Circumference (cm),Ratio,4643,252.0,-0.2544214261741473,0.00019071789297790345,1948.1306796554409,-0.048757846895993995,0.4519315327509791,1962.000574975898,0.21608007471909524,0.0005003498688710511,1950.7670262509293,2.623507742553666,2.636346595488476
thyroid_binary,Thyroid Problem,LBXHGB,Hemoglobin (g/dL),systolic_bp,Systolic BP (mmHg),Difference,4779,583.0,-0.28386117971815283,2.3614396620812304e-12,3501.9629859016313,-0.2858963265806223,1.902358120612681e-11,3504.594136039158,0.2668897581877055,5.849877191802827e-11,3507.8471938855423,8.055925167853145,2.6311501375266744
thyroid_binary,Thyroid Problem,systolic_bp,Systolic BP (mmHg),LBXHGB,Hemoglobin (g/dL),Difference,4779,583.0,0.28386117971815283,2.3614396620812304e-12,3501.9629859016313,0.2668897581877055,5.849877191802827e-11,3507.8471938855423,-0.2858963265806223,1.902358120612681e-11,3504.594136039158,8.055925167853145,2.6311501375266744
high_cholesterol_binary,High Cholesterol,LBXSKSI,Potassium (mmol/L),LBXGLU,Fasting Glucose (mg/dL),Ratio,2580,862.0,-0.448519768899776,6.859057137527703e-25,3178.6346427968524,0.11375228940496125,0.006422760695512089,3283.738810643586,0.45916278089956786,7.783490653022899e-21,3181.2648125564356,11347.75596260509,2.6301697595831683
hypertension_binary,Hypertension,LBXPLTSI,Platelet Count (10^3/uL),LBXWBCSI,WBC Count (10^3/uL),Difference,5540,1942.0,-0.13378696730178258,3.6774015562598967e-06,7159.550942494244,-0.12539229175700256,1.3898308392189659e-05,7162.176007745988,0.2659260679894491,0.00019605107340758964,7164.604385993293,3.779382854866941,2.625065251743763
hypertension_binary,Hypertension,LBXWBCSI,WBC Count (10^3/uL),LBXPLTSI,Platelet Count (10^3/uL),Difference,5540,1942.0,0.13378696730178258,3.6774015562598967e-06,7159.550942494244,0.2659260679894491,0.00019605107340758964,7164.604385993293,-0.12539229175700256,1.3898308392189659e-05,7162.176007745988,3.779382854866941,2.625065251743763
hypertension_binary,Hypertension,LBXSCA,Calcium (mg/dL),LBDHDD,HDL Cholesterol (mg/dL),Ratio,5404,1899.0,0.1242353667395283,1.2661763908231002e-05,6991.771139648115,0.11640396852941862,4.9272765195334584e-05,6994.382702895529,-0.08574902362339046,0.003237840648145262,7002.156677107314,3.891461375559527,2.6115632474138692
liver_condition_binary,Liver Condition,LBXHSCRP,hs-CRP Inflammation (mg/L),LBXWBCSI,WBC Count (10^3/uL),Ratio,4891,269.0,0.10130993970781933,0.030577004678155363,2083.465834078482,0.06168712868461006,0.21686245603606147,2086.0467058146046,-0.033151389529661346,0.7877482672399736,2087.251030614396,7.09233812529031,2.58087173612239
diabetes_binary,Diabetes,LBXHGB,Hemoglobin (g/dL),LBXIN,Insulin (uIU/mL),Difference,2823,411.0,-0.5310471470978511,9.696839100674497e-17,2248.7650748748074,-0.12131141795604829,0.020473119240790462,2341.6824545518275,0.5214071196507561,2.0676408550424158e-16,2251.3266302927386,2.1322833488065136,2.561555417931231
diabetes_binary,Diabetes,LBXIN,Insulin (uIU/mL),LBXHGB,Hemoglobin (g/dL),Difference,2823,411.0,0.5310471470978511,9.696839100674497e-17,2248.7650748748074,0.5214071196507561,2.0676408550424158e-16,2251.3266302927386,-0.12131141795604829,0.020473119240790462,2341.6824545518275,2.1322833488065136,2.561555417931231
liver_condition_binary,Liver Condition,LBXSCA,Calcium (mg/dL),LBXGLU,Fasting Glucose (mg/dL),Ratio,2375,132.0,-0.3322326354959998,2.2763918836121235e-05,1006.9573520693956,-0.010638382181700124,0.9055213421960752,1023.4566714506279,0.2544011750386614,3.1401728042622526e-05,1009.5125589215677,1.3794517661341783,2.555206852172091
heart_attack_binary,Heart Attack,LBXSAL,Albumin (g/dL),LBXGH,"Glycohemoglobin (HbA1c, %)",Difference,4903,243.0,-0.336846347031941,7.68425253998137e-14,1892.4981996863262,-0.1670151698116941,0.008541214470096226,1931.208318357167,0.31961838074824683,2.6051675963953955e-13,1895.028320816544,3.3902680616502896,2.5301211302178217
heart_attack_binary,Heart Attack,LBXGH,"Glycohemoglobin (HbA1c, %)",LBXSAL,Albumin (g/dL),Difference,4903,243.0,0.336846347031941,7.68425253998137e-14,1892.4981996863262,0.31961838074824683,2.6051675963953955e-13,1895.028320816544,-0.1670151698116941,0.008541214470096226,1931.208318357167,3.3902680616502896,2.5301211302178217
thyroid_binary,Thyroid Problem,LBXSBU,BUN Kidney (mg/dL),LBXSAL,Albumin (g/dL),Ratio,4900,598.0,0.20779133764886318,8.749425310267964e-09,3609.2208634380067,0.20512684266832512,3.980284131578805e-08,3611.748884522302,-0.18724732290137863,1.051660012193362e-05,3620.408768433004,4.549194936160788,2.528021084295233
high_cholesterol_binary,High Cholesterol,LBXHSCRP,hs-CRP Inflammation (mg/L),LBXWBCSI,WBC Count (10^3/uL),Ratio,5379,1758.0,0.05779173937241735,0.03853630512522274,6797.863562350384,0.03672740136516667,0.19063920052519367,6800.388255158594,-0.016567934009313917,0.6547160647869283,6801.828875230108,4.947002570841093,2.524692808209693
heart_attack_binary,Heart Attack,LBDLDL,LDL Cholesterol (mg/dL),LBXSCA,Calcium (mg/dL),Ratio,2350,125.0,-0.5385677304339564,4.6062115697062264e-07,952.7429389540729,-0.5129867611338824,1.4928672360569235e-06,955.2563321018711,0.20992659626722388,0.020436800474039923,975.3789042958647,3.240987118080065,2.5133931477981832
liver_condition_binary,Liver Condition,LBXSAL,Albumin (g/dL),LBXHGB,Hemoglobin (g/dL),Ratio,4899,269.0,-0.18264240702441162,0.007953733579904284,2080.820352949332,-0.13690933560953922,0.024852980218787995,2083.3263318328263,0.08822381982585849,0.16683588635252933,2086.3348913814507,3.124693575553115,2.5059788834942083
stroke_binary,Stroke,LBXTC,Total Cholesterol (mg/dL),LBXGLU,Fasting Glucose (mg/dL),Ratio,2390,113.0,-0.259842085474554,0.008903189797614411,907.2704174877014,-0.15146995599673846,0.13440467553939747,911.9332754524057,0.168255075778549,0.021055412324407708,909.7734861525504,2.3649290650918684,2.5030686648490246
stroke_binary,Stroke,BMXWAIST,Waist Circumference (cm),LBDLDL,LDL Cholesterol (mg/dL),Ratio,2244,99.0,0.2858769784335847,5.960625432827549e-05,802.3970813918397,0.3196535112824835,0.0008915166932414284,804.894123760702,-0.22056352431550036,0.04568066282978008,811.3259338170799,14.956764240401506,2.497042368862253
heart_attack_binary,Heart Attack,LBXPLTSI,Platelet Count (10^3/uL),BMXBMI,Body Mass Index (kg/m2),Difference,4940,239.0,-0.5620367055554418,5.105885753672704e-13,1860.685880657551,-0.5506642652344006,1.7273759963904413e-12,1863.164073490459,0.04936735314809552,0.4434716047326378,1917.3679967119233,3.3831074170586874,2.4781928329080074
heart_attack_binary,Heart Attack,BMXBMI,Body Mass Index (kg/m2),LBXPLTSI,Platelet Count (10^3/uL),Difference,4940,239.0,0.5620367055554418,5.105885753672704e-13,1860.685880657551,0.04936735314809552,0.4434716047326378,1917.3679967119233,-0.5506642652344006,1.7273759963904413e-12,1863.164073490459,3.3831074170586874,2.4781928329080074
heart_attack_binary,Heart Attack,LBXGLU,Fasting Glucose (mg/dL),LBXSATSI,ALT Liver Enzyme (U/L),Difference,2378,126.0,0.3518582128599502,6.186897448871247e-09,962.210580923193,0.32466579067263457,2.137992427439114e-08,964.6813506759079,-0.0989290335676517,0.3462562693026092,988.540253474186,3.4556778176906335,2.4707697527148866
heart_attack_binary,Heart Attack,LBXSATSI,ALT Liver Enzyme (U/L),LBXGLU,Fasting Glucose (mg/dL),Difference,2378,126.0,-0.3518582128599502,6.186897448871247e-09,962.210580923193,-0.0989290335676517,0.3462562693026092,988.540253474186,0.32466579067263457,2.137992427439114e-08,964.6813506759079,3.4556778176906335,2.4707697527148866
arthritis_binary,Arthritis,diastolic_bp,Diastolic BP (mmHg),LBXGLU,Fasting Glucose (mg/dL),Ratio,2307,728.0,-0.3090170624139133,1.5363551561652512e-11,2833.9410228964475,-0.08536171365709365,0.055759439582591774,2877.0730067559975,0.28928578033072466,1.1810634417369963e-10,2836.4050784173523,7.687437614912788,2.4640555209048216
liver_condition_binary,Liver Condition,LBXSBU,BUN Kidney (mg/dL),LBDHDD,HDL Cholesterol (mg/dL),Difference,4895,270.0,0.2277109343649724,0.0006870058057990547,2081.5071490975033,0.16923355214813782,0.0009910962411652344,2083.965516719578,-0.16324026439373535,0.016834399214469702,2087.4602024003925,1.4426315364431206,2.4583676220745474
liver_condition_binary,Liver Condition,LBDHDD,HDL Cholesterol (mg/dL),LBXSBU,BUN Kidney (mg/dL),Difference,4895,270.0,-0.2277109343649724,0.0006870058057990547,2081.5071490975033,-0.16324026439373535,0.016834399214469702,2087.4602024003925,0.16923355214813782,0.0009910962411652344,2083.965516719578,1.4426315364431206,2.4583676220745474
heart_attack_binary,Heart Attack,LBXSCA,Calcium (mg/dL),LBXSAL,Albumin (g/dL),Ratio,4904,243.0,0.184277352867941,0.0015201909001870003,1928.8180138656649,0.031230048469499422,0.6345024158596833,1937.8354274429566,-0.16742960025491221,0.008371478108057986,1931.2753850949969,5.5068597680911004,2.4573712293320114
stroke_binary,Stroke,LBXSAL,Albumin (g/dL),LBXSNASI,Sodium (mmol/L),Ratio,4909,239.0,-0.4395271683497954,1.4084238933222164e-12,1866.6642323912233,-0.4222020559166538,3.6940413301629324e-12,1869.1183549178645,0.1187939662714337,0.07688853850690835,1911.7056861338133,2.622819271724622,2.4541225266411857
diabetes_binary,Diabetes,LBXSCA,Calcium (mg/dL),diastolic_bp,Diastolic BP (mmHg),Ratio,5600,763.0,0.07309645537866002,0.009273785873037059,4456.940778329432,-0.07081927403636952,0.06913141575217735,4459.38562534491,-0.05572802768068079,0.1474623332129201,4460.608879760082,7.4544977314143654,2.4448470154784445
stroke_binary,Stroke,LBXSKSI,Potassium (mmol/L),LBXHGB,Hemoglobin (g/dL),Ratio,4903,239.0,0.27966774326435534,1.4382888305752943e-07,1890.1467023170947,0.10653827704092964,0.10099223042538077,1911.6085482671988,-0.2954099322511779,1.9315556694663648e-06,1892.5890360378758,13.429539522279201,2.4423337207811073
stroke_binary,Stroke,LBXHSCRP,hs-CRP Inflammation (mg/L),LBDLDL,LDL Cholesterol (mg/dL),Ratio,2351,109.0,0.1987272959253788,0.0002996598519165748,876.3632705422729,0.15522150218073785,0.009969640871014993,881.3218247121816,-0.2872773900189652,0.007332896936875498,878.7957748002923,24.470735368703895,2.432504258019435
high_cholesterol_binary,High Cholesterol,diastolic_bp,Diastolic BP (mmHg),BMXBMI,Body Mass Index (kg/m2),Ratio,5419,1770.0,-0.22320446650600018,8.63293326728585e-14,6793.8547101021595,0.03247007304825958,0.2639964226821121,6849.821070435897,0.21141686202239565,1.3794713502458553e-13,6796.2646831529355,1.5979173098363981,2.4099730507759887
thyroid_binary,Thyroid Problem,LBXGLU,Fasting Glucose (mg/dL),LBXTR,Triglycerides (mg/dL),Ratio,2386,309.0,-0.15274339740845666,0.02504045452918766,1837.9430011963063,0.09697719606027845,0.07196979638481096,1840.3482556747044,0.0585490863311432,0.24805048581784706,1842.1417957731128,2.8741409745945914,2.405254478398092
liver_condition_binary,Liver Condition,BMXBMI,Body Mass Index (kg/m2),LBXPLTSI,Platelet Count (10^3/uL),Difference,4936,267.0,0.3180179427062898,5.056935539065353e-06,2058.847638794853,0.10547984940198935,0.07459306165684179,2077.9500548614506,-0.2997299352045494,1.6387686514808798e-05,2061.2518285024817,3.240635833344565,2.404189707628575
liver_condition_binary,Liver Condition,LBXPLTSI,Platelet Count (10^3/uL),BMXBMI,Body Mass Index (kg/m2),Difference,4936,267.0,-0.3180179427062898,5.056935539065353e-06,2058.847638794853,-0.2997299352045494,1.6387686514808798e-05,2061.2518285024817,0.10547984940198935,0.07459306165684179,2077.9500548614506,3.240635833344565,2.404189707628575
depression_binary,Depression,LBXWBCSI,WBC Count (10^3/uL),LBXSASSI,AST Liver Enzyme (U/L),Ratio,787,409.0,0.20131418120308078,0.007760497233461695,1086.3262127509356,0.1700735225249127,0.030346327263446868,1088.722553431706,-0.05023370674381931,0.48763300964529654,1093.3029311911416,3.9103586214295185,2.396340680770436
hypertension_binary,Hypertension,LBXSAPSI,Alkaline Phosphatase (U/L),LBDHDD,HDL Cholesterol (mg/dL),Ratio,5405,1899.0,0.16319088389014333,9.07986410474005e-09,6978.370476578814,0.15872844634271072,4.0234814978825156e-08,6980.761440523728,-0.08661389985872747,0.002946624239732066,7002.845956780322,4.431213343580878,2.390963944913892
arthritis_binary,Arthritis,LBXSAL,Albumin (g/dL),BMXWAIST,Waist Circumference (cm),Difference,4649,1426.0,-0.4294618854544552,2.0060157734272994e-39,5555.977402240147,-0.2543982045997336,2.1493196254048533e-15,5671.939714523377,0.4265308793412286,6.025856034982603e-39,5558.365416219054,3.0038926487040345,2.388013978907111
arthritis_binary,Arthritis,BMXWAIST,Waist Circumference (cm),LBXSAL,Albumin (g/dL),Difference,4649,1426.0,0.4294618854544552,2.0060157734272994e-39,5555.977402240147,0.4265308793412286,6.025856034982603e-39,5558.365416219054,-0.2543982045997336,2.1493196254048533e-15,5671.939714523377,3.0038926487040345,2.388013978907111
hypertension_binary,Hypertension,LBDHDD,HDL Cholesterol (mg/dL),LBXTC,Total Cholesterol (mg/dL),Ratio,5436,1906.0,-0.09581539514066777,0.0008740871995177707,7036.056222107409,-0.08554120404594721,0.0032373106596440895,7038.4307632420405,0.024504752779379958,0.3876150124652037,7046.494607203826,3.7036472578823902,2.374541134631727
hypertension_binary,Hypertension,LBXHGB,Hemoglobin (g/dL),LBXSAPSI,Alkaline Phosphatase (U/L),Difference,5406,1899.0,-0.16523017973327941,1.165075021763248e-08,6979.088162260911,-0.11178090099209408,8.52784228542875e-05,6997.244621416171,0.15918385553462078,3.692499932551527e-08,6981.450508192728,3.1693237461766395,2.36234593181689
hypertension_binary,Hypertension,LBXSAPSI,Alkaline Phosphatase (U/L),LBXHGB,Hemoglobin (g/dL),Difference,5406,1899.0,0.16523017973327941,1.165075021763248e-08,6979.088162260911,0.15918385553462078,3.692499932551527e-08,6981.450508192728,-0.11178090099209408,8.52784228542875e-05,6997.244621416171,3.1693237461766395,2.36234593181689
hypertension_binary,Hypertension,LBXSASSI,AST Liver Enzyme (U/L),LBDHDD,HDL Cholesterol (mg/dL),Ratio,5389,1894.0,0.09574906490734521,0.000870221967371358,6980.34831636504,0.0842643779806489,0.0026000042984738675,6982.704734657991,-0.08441768884169726,0.0037851751537147428,6983.330599571846,2.987748408980744,2.3564182929512754
thyroid_binary,Thyroid Problem,LBXGLU,Fasting Glucose (mg/dL),LBXHSCRP,hs-CRP Inflammation (mg/L),Ratio,2374,305.0,-0.16377063237467304,0.025877091933865885,1819.1693108264694,0.10098886598525021,0.061310269639700966,1821.5183845013407,0.06822378664306959,0.18927008806582668,1823.1929822311595,2.3692874684833867,2.349073674871306
heart_attack_binary,Heart Attack,LBXSAPSI,Alkaline Phosphatase (U/L),LBDHDD,HDL Cholesterol (mg/dL),Ratio,4901,243.0,0.2817630191917989,2.8485585721597705e-08,1910.2437495624786,0.21952650783208374,2.0890631892022815e-05,1920.4917445116032,-0.3734952758724987,2.061237169669591e-06,1912.5873713099736,72.3607086691135,2.3436217474950354
hypertension_binary,Hypertension,LBXSAL,Albumin (g/dL),BMXWAIST,Waist Circumference (cm),Difference,5133,1776.0,-0.6575001832082469,1.0397449001511454e-90,6166.144558099818,-0.2630004621122947,1.2122832203035369e-18,6545.462771819722,0.6556527234959634,2.6550679588410067e-90,6168.485443863317,2.5535763228605837,2.3408857634995
hypertension_binary,Hypertension,BMXWAIST,Waist Circumference (cm),LBXSAL,Albumin (g/dL),Difference,5133,1776.0,0.6575001832082469,1.0397449001511454e-90,6166.144558099818,0.6556527234959634,2.6550679588410067e-90,6168.485443863317,-0.2630004621122947,1.2122832203035369e-18,6545.462771819722,2.5535763228605837,2.3408857634995
arthritis_binary,Arthritis,LBXSASSI,AST Liver Enzyme (U/L),LBDHDD,HDL Cholesterol (mg/dL),Ratio,4884,1518.0,-0.06920944781079917,0.04583222873906407,6053.376622252783,-0.045399303892314974,0.16838064500908523,6055.710908051399,0.04063665202266515,0.18481876727737578,6055.948467768996,3.673848068085979,2.3342857986162926
liver_condition_binary,Liver Condition,LBXSAL,Albumin (g/dL),LBXGH,"Glycohemoglobin (HbA1c, %)",Difference,4898,270.0,-0.1872833076308848,0.0001736535889080878,2081.6270074075446,-0.14097353915395858,0.020553837911244443,2088.5788357364163,0.16762782742937915,0.0007142061681002904,2083.958669318732,4.112821235605495,2.331661911187439
liver_condition_binary,Liver Condition,LBXGH,"Glycohemoglobin (HbA1c, %)",LBXSAL,Albumin (g/dL),Difference,4898,270.0,0.1872833076308848,0.0001736535889080878,2081.6270074075446,0.16762782742937915,0.0007142061681002904,2083.958669318732,-0.14097353915395858,0.020553837911244443,2088.5788357364163,4.112821235605495,2.331661911187439
hypertension_binary,Hypertension,LBXHGB,Hemoglobin (g/dL),LBXGH,"Glycohemoglobin (HbA1c, %)",Ratio,5527,1937.0,-0.5520047156170479,9.707963614316405e-73,6807.297160251238,-0.10932378056907446,0.00010282756723053804,7148.9307842258495,0.5844502056194976,4.6943921037208275e-61,6809.616611052354,483560949569.0706,2.319450801115636
arthritis_binary,Arthritis,LBXGLU,Fasting Glucose (mg/dL),LBXHGB,Hemoglobin (g/dL),Difference,2427,767.0,0.3097152445478952,2.806016663099943e-12,2979.1603413084713,0.30234666956714357,7.315953764071579e-12,2981.4764000398236,-0.16044062054988975,0.00022834884866013543,3018.5070160796977,2.607238175125193,2.3160587313523138
arthritis_binary,Arthritis,LBXHGB,Hemoglobin (g/dL),LBXGLU,Fasting Glucose (mg/dL),Difference,2427,767.0,-0.3097152445478952,2.806016663099943e-12,2979.1603413084713,-0.16044062054988975,0.00022834884866013543,3018.5070160796977,0.30234666956714357,7.315953764071579e-12,2981.4764000398236,2.607238175125193,2.3160587313523138
thyroid_binary,Thyroid Problem,BMXBMI,Body Mass Index (kg/m2),diastolic_bp,Diastolic BP (mmHg),Difference,4922,581.0,0.14879264251054372,0.0005073686896020083,3565.571439067468,0.05473899780364956,0.20399724858458568,3575.8286157134053,-0.1337194309577235,0.001812961978857815,3567.877365165565,3.5732634197036166,2.3059260980971885
thyroid_binary,Thyroid Problem,diastolic_bp,Diastolic BP (mmHg),BMXBMI,Body Mass Index (kg/m2),Difference,4922,581.0,-0.14879264251054372,0.0005073686896020083,3565.571439067468,-0.1337194309577235,0.001812961978857815,3567.877365165565,0.05473899780364956,0.20399724858458568,3575.8286157134053,3.5732634197036166,2.3059260980971885
hypertension_binary,Hypertension,LBXPLTSI,Platelet Count (10^3/uL),LBXSASSI,AST Liver Enzyme (U/L),Ratio,5390,1894.0,-0.13819443872771933,4.209079703676843e-06,6970.747198926603,-0.1284366131745673,1.1191611988757146e-05,6973.052332158919,0.08342439341370797,0.002855460143950565,6983.749390102004,2.6589213739480178,2.305133232315711
diabetes_binary,Diabetes,LBXTC,Total Cholesterol (mg/dL),LBXSCR,Creatinine Kidney (mg/dL),Ratio,5893,799.0,-0.4164249207793793,2.9464832625406242e-21,4582.638668237246,-0.24374198407360637,2.209600953732936e-09,4643.954770159223,0.38361833866669454,8.482196859007944e-16,4584.934760341228,287875.27717683744,2.2960921039821187
stroke_binary,Stroke,LBXSATSI,ALT Liver Enzyme (U/L),LBXSUA,Uric Acid (mg/dL),Difference,4905,239.0,-0.3952944624549727,0.000247955514788635,1896.6248863412043,-0.3587799325070558,0.0005626603611195056,1898.9185515227994,0.10161939312796661,0.1156277135541649,1912.0276385474294,2.2691988181796834,2.293665181595088
stroke_binary,Stroke,LBXSUA,Uric Acid (mg/dL),LBXSATSI,ALT Liver Enzyme (U/L),Difference,4905,239.0,0.3952944624549727,0.000247955514788635,1896.6248863412043,0.10161939312796661,0.1156277135541649,1912.0276385474294,-0.3587799325070558,0.0005626603611195056,1898.9185515227994,2.2691988181796834,2.293665181595088
thyroid_binary,Thyroid Problem,LBXSAPSI,Alkaline Phosphatase (U/L),LBXSUA,Uric Acid (mg/dL),Ratio,4899,598.0,0.1496522692374831,9.119517191383119e-05,3625.076531199309,0.13666621368291298,0.0004360225705782197,3627.3684292503426,-0.07919938856668249,0.0747861901972993,3636.0464625066998,4.781202353455841,2.291898051033513
liver_condition_binary,Liver Condition,LBXGH,"Glycohemoglobin (HbA1c, %)",LBXSAL,Albumin (g/dL),Ratio,4898,270.0,0.18550789436034237,0.0001706978173441798,2081.678501901414,0.16762782742937915,0.0007142061681002904,2083.958669318732,-0.14097353915395858,0.020553837911244443,2088.5788357364163,4.184038080933567,2.280167417317898
stroke_binary,Stroke,LBXSNASI,Sodium (mmol/L),LBXSATSI,ALT Liver Enzyme (U/L),Difference,4907,239.0,0.38524487705998733,0.00021497080946411887,1896.853753006912,0.11816116367264431,0.0784548724711497,1911.5392544862134,-0.3585413425314376,0.0005657596240607205,1899.1337472168136,2.63179743087469,2.279994209901588
stroke_binary,Stroke,LBXSATSI,ALT Liver Enzyme (U/L),LBXSNASI,Sodium (mmol/L),Difference,4907,239.0,-0.38524487705998733,0.00021497080946411887,1896.853753006912,-0.3585413425314376,0.0005657596240607205,1899.1337472168136,0.11816116367264431,0.0784548724711497,1911.5392544862134,2.63179743087469,2.279994209901588
liver_condition_binary,Liver Condition,LBXSNASI,Sodium (mmol/L),LBXGH,"Glycohemoglobin (HbA1c, %)",Ratio,4898,270.0,-0.2018051309359352,0.00029934532113711057,2081.700417898198,-0.0189045909096679,0.7621932795474702,2093.7502142982285,0.16762782742937915,0.0007142061681002904,2083.958669318732,2.385893874630361,2.2582514205341795
thyroid_binary,Thyroid Problem,LBXTR,Triglycerides (mg/dL),LBXSCR,Creatinine Kidney (mg/dL),Ratio,2377,306.0,0.10387304124613418,0.03870930274869292,1825.5743714433665,0.06071327732071957,0.2306746771996352,1828.110037810065,-0.10188824615001887,0.2651753846664795,1827.8276209043577,5.95915350625695,2.253249460991128
hypertension_binary,Hypertension,LBXPLTSI,Platelet Count (10^3/uL),LBXSATSI,ALT Liver Enzyme (U/L),Difference,5406,1899.0,-0.1351686191626222,3.455723487194126e-06,6990.769016601464,-0.1283757532010225,1.0985772803943564e-05,6992.998670756222,0.05193493513449302,0.06318825657058479,7009.260890122625,3.179008055665779,2.229654154758464
hypertension_binary,Hypertension,LBXSATSI,ALT Liver Enzyme (U/L),LBXPLTSI,Platelet Count (10^3/uL),Difference,5406,1899.0,0.1351686191626222,3.455723487194126e-06,6990.769016601464,0.05193493513449302,0.06318825657058479,7009.260890122625,-0.1283757532010225,1.0985772803943564e-05,6992.998670756222,3.179008055665779,2.229654154758464
liver_condition_binary,Liver Condition,LBXSATSI,ALT Liver Enzyme (U/L),LBXHGB,Hemoglobin (g/dL),Ratio,4897,269.0,0.3163492584926599,5.205388583859988e-15,2036.917624192251,0.31164867499827054,1.4582378320545933e-14,2039.1409905961268,0.08858980627373099,0.16512197010804075,2086.0931359074975,2.8014005267081443,2.2233664038758434
arthritis_binary,Arthritis,LBXIN,Insulin (uIU/mL),LBXPLTSI,Platelet Count (10^3/uL),Ratio,2378,753.0,0.15735550656154912,0.0021592433086791533,2961.743185380855,0.1334091771541188,0.0037987602070133704,2963.9576455909946,-0.05822952000194005,0.19154232576501173,2971.5491200309502,1.7593015996595298,2.214460210139805
stroke_binary,Stroke,LBXHGB,Hemoglobin (g/dL),LBXSAPSI,Alkaline Phosphatase (U/L),Difference,4904,239.0,-0.2941367355561497,1.638906213743006e-08,1883.1516522787806,-0.29543894536176374,1.9286452967645574e-06,1892.6855208046825,0.2839504492641196,5.5774651779254694e-08,1885.3637894490062,3.4031631164466756,2.21213717022556
stroke_binary,Stroke,LBXSAPSI,Alkaline Phosphatase (U/L),LBXHGB,Hemoglobin (g/dL),Difference,4904,239.0,0.2941367355561497,1.638906213743006e-08,1883.1516522787806,0.2839504492641196,5.5774651779254694e-08,1885.3637894490062,-0.29543894536176374,1.9286452967645574e-06,1892.6855208046825,3.4031631164466756,2.21213717022556
liver_condition_binary,Liver Condition,LBXHSCRP,hs-CRP Inflammation (mg/L),LBXPLTSI,Platelet Count (10^3/uL),Difference,4891,269.0,0.3261804072466861,2.5773034044300792e-06,2063.8603690015193,0.06168712868461006,0.21686245603606147,2086.0467058146046,-0.31031780128711683,7.70087258790439e-06,2066.071255746593,2.9879573257333627,2.2108867450738217
liver_condition_binary,Liver Condition,LBXPLTSI,Platelet Count (10^3/uL),LBXHSCRP,hs-CRP Inflammation (mg/L),Difference,4891,269.0,-0.3261804072466861,2.5773034044300792e-06,2063.8603690015193,-0.31031780128711683,7.70087258790439e-06,2066.071255746593,0.06168712868461006,0.21686245603606147,2086.0467058146046,2.9879573257333627,2.2108867450738217
hypertension_binary,Hypertension,LBXSATSI,ALT Liver Enzyme (U/L),LBXSKSI,Potassium (mmol/L),Ratio,5407,1899.0,0.0657373425433913,0.019040337847508998,7008.049530746905,0.05096477097278649,0.06823492444176228,7010.253547752451,-0.0006871145077274305,0.9807609330929934,7013.561927666399,3.5837034504453027,2.2040170055461203
diabetes_binary,Diabetes,LBXSAL,Albumin (g/dL),LBXGLU,Fasting Glucose (mg/dL),Difference,2825,411.0,-1.8538622090359103,1.7119121657069046e-81,1594.568620371151,-0.34708176447562344,2.8244936378068386e-11,2303.414348164906,1.8485656312928935,2.4348725871557546e-81,1596.7418048240513,1.4223116325307006,2.1731844529003865
diabetes_binary,Diabetes,LBXGLU,Fasting Glucose (mg/dL),LBXSAL,Albumin (g/dL),Difference,2825,411.0,1.8538622090359103,1.7119121657069046e-81,1594.568620371151,1.8485656312928935,2.4348725871557546e-81,1596.7418048240513,-0.34708176447562344,2.8244936378068386e-11,2303.414348164906,1.4223116325307006,2.1731844529003865
thyroid_binary,Thyroid Problem,LBXSUA,Uric Acid (mg/dL),LBXGH,"Glycohemoglobin (HbA1c, %)",Difference,4896,598.0,-0.14366653978805796,0.000665666830036669,3627.1456946201088,-0.07907096389158767,0.07525632807906384,3635.2755802296347,0.1206217402834042,0.0016009207689360806,3629.30439669373,2.404988046118945,2.1587020736210434
thyroid_binary,Thyroid Problem,LBXGH,"Glycohemoglobin (HbA1c, %)",LBXSUA,Uric Acid (mg/dL),Difference,4896,598.0,0.14366653978805796,0.000665666830036669,3627.1456946201088,0.1206217402834042,0.0016009207689360806,3629.30439669373,-0.07907096389158767,0.07525632807906384,3635.2755802296347,2.404988046118945,2.1587020736210434
diabetes_binary,Diabetes,LBXHGB,Hemoglobin (g/dL),LBXTC,Total Cholesterol (mg/dL),Ratio,6730,806.0,0.1556221995162715,1.613057685179256e-05,4918.2823291205095,-0.08518318843850536,0.02210780627816359,4931.222618960475,-0.15492294249190253,8.328468557436889e-05,4920.439588545413,5.163156056946198,2.157259424903714
stroke_binary,Stroke,LBXTC,Total Cholesterol (mg/dL),LBXGLU,Fasting Glucose (mg/dL),Difference,2390,113.0,-0.2317126004408776,0.0075978588013054646,907.6208817666336,-0.15146995599673846,0.13440467553939747,911.9332754524057,0.168255075778549,0.021055412324407708,909.7734861525504,2.771229747095322,2.1526043859167885
stroke_binary,Stroke,LBXGLU,Fasting Glucose (mg/dL),LBXTC,Total Cholesterol (mg/dL),Difference,2390,113.0,0.2317126004408776,0.0075978588013054646,907.6208817666336,0.168255075778549,0.021055412324407708,909.7734861525504,-0.15146995599673846,0.13440467553939747,911.9332754524057,2.771229747095322,2.1526043859167885
heart_attack_binary,Heart Attack,LBXSNASI,Sodium (mmol/L),LBXSKSI,Potassium (mmol/L),Ratio,4904,243.0,-0.37782500393783985,4.259180603523349e-08,1907.2325009208316,-0.036447569654807666,0.5779730587896701,1937.752560378768,0.3365573356843428,4.334108693575536e-08,1909.3843978134105,1.017592137321015,2.1518968925788613
heart_attack_binary,Heart Attack,LBDLDL,LDL Cholesterol (mg/dL),LBXWBCSI,WBC Count (10^3/uL),Difference,2361,125.0,-0.5352618100191354,5.786812470228692e-07,954.3663227680602,-0.5117386826015218,1.5159561726286198e-06,956.5142598469433,0.23399001601434347,0.001415715827324813,972.5846942156228,2.619673923127338,2.14793707888316
heart_attack_binary,Heart Attack,LBXWBCSI,WBC Count (10^3/uL),LBDLDL,LDL Cholesterol (mg/dL),Difference,2361,125.0,0.5352618100191354,5.786812470228692e-07,954.3663227680602,0.23399001601434347,0.001415715827324813,972.5846942156228,-0.5117386826015218,1.5159561726286198e-06,956.5142598469433,2.619673923127338,2.14793707888316
arthritis_binary,Arthritis,LBXSKSI,Potassium (mmol/L),LBXIN,Insulin (uIU/mL),Ratio,2374,753.0,-0.17456886365935842,0.0019752769110146563,2958.846722521319,0.01333049420828739,0.7623459896375867,2970.1278689464416,0.13292233725131938,0.0039310569419504626,2960.9834878199977,1.9901295459030932,2.1367652986787107
hypertension_binary,Hypertension,LBXSNASI,Sodium (mmol/L),LBXHGB,Hemoglobin (g/dL),Ratio,5408,1900.0,0.11836716802208651,2.4756010359719987e-05,6997.926780253803,0.03383078330077742,0.23577088869177276,7014.247426579992,-0.11226231583851326,7.921945111982463e-05,7000.062416041274,3.200008804678844,2.135635787471074
hypertension_binary,Hypertension,diastolic_bp,Diastolic BP (mmHg),LBXTR,Triglycerides (mg/dL),Ratio,2476,884.0,-0.27567881241762154,3.993452082514246e-09,3193.6273537174993,0.2575888328810564,6.0338641963602616e-09,3195.7610845959334,0.2310419302921862,1.3434642521401946e-05,3208.0446930613625,1.51093942576153,2.1337308784341076
arthritis_binary,Arthritis,systolic_bp,Systolic BP (mmHg),LBXSNASI,Sodium (mmol/L),Ratio,4670,1457.0,0.42648050034129253,2.884757401101665e-40,5617.172952796269,0.42365209373443796,7.840693261293174e-40,5619.302850964861,-0.011660204991969457,0.7119008217154023,5801.059595417274,2.717973184954436,2.1298981685922627
liver_condition_binary,Liver Condition,LBXPLTSI,Platelet Count (10^3/uL),LBXSBU,BUN Kidney (mg/dL),Difference,4896,269.0,-0.32416363597134884,2.7594375441711566e-06,2064.598646582236,-0.3097562498673294,7.895923775958241e-06,2066.6945623793426,0.16658279382106211,0.0012493792819738905,2078.7564531243365,2.8614250728874224,2.0959157971064997
liver_condition_binary,Liver Condition,LBXSBU,BUN Kidney (mg/dL),LBXPLTSI,Platelet Count (10^3/uL),Difference,4896,269.0,0.32416363597134884,2.7594375441711566e-06,2064.598646582236,0.16658279382106211,0.0012493792819738905,2078.7564531243365,-0.3097562498673294,7.895923775958241e-06,2066.6945623793426,2.8614250728874224,2.0959157971064997
high_cholesterol_binary,High Cholesterol,LBXSKSI,Potassium (mmol/L),LBXSCR,Creatinine Kidney (mg/dL),Ratio,5385,1760.0,-0.22675298047116546,1.269158826602805e-13,6752.549581137924,0.13100547269589152,6.40137929133397e-06,6789.302577417697,0.26799351869037824,3.443027027769903e-10,6754.634044403279,2712.8417307595423,2.0844632653552253
arthritis_binary,Arthritis,diastolic_bp,Diastolic BP (mmHg),LBXSKSI,Potassium (mmol/L),Ratio,4667,1457.0,-0.1138186823485882,0.0003429802240436613,5786.048325776405,-0.09891489937748803,0.0016604364533783645,5789.066471453225,0.1037175607193169,0.0009915972196131286,5788.111884880973,2.8911206830598446,2.063559104567503
liver_condition_binary,Liver Condition,BMXBMI,Body Mass Index (kg/m2),LBXHSCRP,hs-CRP Inflammation (mg/L),Ratio,4819,263.0,-0.1585641886210897,0.03546231160454133,2040.1386326671416,0.10337390355825186,0.0831854263495341,2042.1924894556623,0.07149359910092304,0.14021576724065676,2043.2399020523997,2.345741791374968,2.0538567885207613
diabetes_binary,Diabetes,LBXWBCSI,WBC Count (10^3/uL),LBXTC,Total Cholesterol (mg/dL),Difference,6730,806.0,0.16409960634300708,2.8518553843686035e-05,4918.390278052366,0.04464532571479316,0.14516767511663708,4933.798964776742,-0.15492294249190253,8.328468557436889e-05,4920.439588545413,2.920368474182221,2.0493104930474146
diabetes_binary,Diabetes,LBXTC,Total Cholesterol (mg/dL),LBXWBCSI,WBC Count (10^3/uL),Difference,6730,806.0,-0.16409960634300708,2.8518553843686035e-05,4918.390278052366,-0.15492294249190253,8.328468557436889e-05,4920.439588545413,0.04464532571479316,0.14516767511663708,4933.798964776742,2.920368474182221,2.0493104930474146
arthritis_binary,Arthritis,LBDHDD,HDL Cholesterol (mg/dL),LBDLDL,LDL Cholesterol (mg/dL),Ratio,2361,748.0,0.10939721375699622,0.010783551328580937,2946.181713224656,0.0916836332367022,0.03505192900030468,2948.226911888709,-0.06737695574275854,0.1322710343399584,2950.3458145784375,3.2504995740505596,2.045198664052805
arthritis_binary,Arthritis,systolic_bp,Systolic BP (mmHg),LBXSNASI,Sodium (mmol/L),Difference,4670,1457.0,0.4265623885548917,3.1230314168076135e-40,5617.261122739087,0.42365209373443796,7.840693261293174e-40,5619.302850964861,-0.011660204991969457,0.7119008217154023,5801.059595417274,2.510603389737267,2.0417282257740226
arthritis_binary,Arthritis,LBXSNASI,Sodium (mmol/L),systolic_bp,Systolic BP (mmHg),Difference,4670,1457.0,-0.4265623885548917,3.1230314168076135e-40,5617.261122739087,-0.011660204991969457,0.7119008217154023,5801.059595417274,0.42365209373443796,7.840693261293174e-40,5619.302850964861,2.510603389737267,2.0417282257740226
hypertension_binary,Hypertension,LBXHGB,Hemoglobin (g/dL),LBXIN,Insulin (uIU/mL),Difference,2598,930.0,-0.2234252816828182,1.1361922213991059e-05,3368.7712150813873,-0.11404995291704442,0.005244887321395458,3385.2390960490993,0.21164690797454389,2.3783746030465515e-05,3370.808819355311,2.093285412672359,2.0376042739235345
hypertension_binary,Hypertension,LBXIN,Insulin (uIU/mL),LBXHGB,Hemoglobin (g/dL),Difference,2598,930.0,0.2234252816828182,1.1361922213991059e-05,3368.7712150813873,0.21164690797454389,2.3783746030465515e-05,3370.808819355311,-0.11404995291704442,0.005244887321395458,3385.2390960490993,2.093285412672359,2.0376042739235345
stroke_binary,Stroke,LBXSNASI,Sodium (mmol/L),LBXHGB,Hemoglobin (g/dL),Ratio,4906,239.0,0.2701658599691125,1.302177129497377e-07,1890.8443604348022,0.11917181665377166,0.07595833315306331,1911.3861312780527,-0.29571694108841995,1.8847601261929729e-06,1892.8433757262897,14.473915134114398,1.999015291487467
thyroid_binary,Thyroid Problem,LBXSAL,Albumin (g/dL),LBXSBU,BUN Kidney (mg/dL),Difference,4900,598.0,-0.21131480468906355,1.2795016323649683e-08,3609.753625832224,-0.18724732290137863,1.051660012193362e-05,3620.408768433004,0.20512684266832512,3.980284131578805e-08,3611.748884522302,3.1108081700699692,1.995258690078117
thyroid_binary,Thyroid Problem,LBXSBU,BUN Kidney (mg/dL),LBXSAL,Albumin (g/dL),Difference,4900,598.0,0.21131480468906355,1.2795016323649683e-08,3609.753625832224,0.20512684266832512,3.980284131578805e-08,3611.748884522302,-0.18724732290137863,1.051660012193362e-05,3620.408768433004,3.1108081700699692,1.995258690078117
stroke_binary,Stroke,LBXSBU,BUN Kidney (mg/dL),LBXSKSI,Potassium (mmol/L),Ratio,4903,239.0,0.4187207040751139,1.5266664655100815e-18,1847.8713346657219,0.3972490086038435,4.174922270664278e-18,1849.8665183327894,0.10622383832392696,0.10201849043019177,1911.6243370867228,2.7346656031180823,1.995183667067522
thyroid_binary,Thyroid Problem,LBXHGB,Hemoglobin (g/dL),LBXSNASI,Sodium (mmol/L),Ratio,4901,600.0,-0.2891829137487751,6.667697964437513e-12,3601.32208520558,-0.28257017889521147,1.809081117863829e-11,3603.308718035928,0.05385473543132164,0.21910761286291747,3646.151961907194,2.713201958925929,1.986632830347844
thyroid_binary,Thyroid Problem,diastolic_bp,Diastolic BP (mmHg),BMXBMI,Body Mass Index (kg/m2),Ratio,4922,581.0,-0.1522238002447754,0.0007551772859135615,3565.8911864937118,-0.1337194309577235,0.001812961978857815,3567.877365165565,0.05473899780364956,0.20399724858458568,3575.8286157134053,2.400710419493905,1.986178671853395
thyroid_binary,Thyroid Problem,BMXWAIST,Waist Circumference (cm),BMXBMI,Body Mass Index (kg/m2),Difference,4916,573.0,0.1250051404061386,0.004405872022626354,3535.5770759067764,0.10817811877115517,0.013180884268183394,3537.55202051916,0.06575767432512417,0.12884056209781267,3541.3593992117967,2.991662989867379,1.9749446123837515
thyroid_binary,Thyroid Problem,BMXBMI,Body Mass Index (kg/m2),BMXWAIST,Waist Circumference (cm),Difference,4916,573.0,-0.1250051404061386,0.004405872022626354,3535.5770759067764,0.06575767432512417,0.12884056209781267,3541.3593992117967,0.10817811877115517,0.013180884268183394,3537.55202051916,2.991662989867379,1.9749446123837515
stroke_binary,Stroke,LBXHGB,Hemoglobin (g/dL),LBXSUA,Uric Acid (mg/dL),Difference,4903,239.0,-0.30057705262277173,4.7211661940843366e-07,1890.5522811435603,-0.2958289118383417,1.866823295666109e-06,1892.526327757334,0.10080800432288765,0.11866146018482233,1911.8673419469662,3.9541571275445784,1.9740466137736803
stroke_binary,Stroke,LBXSUA,Uric Acid (mg/dL),LBXHGB,Hemoglobin (g/dL),Difference,4903,239.0,0.30057705262277173,4.7211661940843366e-07,1890.5522811435603,0.10080800432288765,0.11866146018482233,1911.8673419469662,-0.2958289118383417,1.866823295666109e-06,1892.526327757334,3.9541571275445784,1.9740466137736803
thyroid_binary,Thyroid Problem,LBXHSCRP,hs-CRP Inflammation (mg/L),LBXWBCSI,WBC Count (10^3/uL),Ratio,4893,598.0,0.10056931517164176,0.0044874525713899625,3630.5290319848064,0.08510854451180358,0.015588463983929546,3632.4970244931587,0.016129804653025544,0.6250978496567912,3637.4935412491277,3.473789134466798,1.9679925083523813
heart_attack_binary,Heart Attack,LBDHDD,HDL Cholesterol (mg/dL),LBXSCR,Creatinine Kidney (mg/dL),Difference,4902,243.0,-0.3883852117323956,8.752676457154241e-07,1910.789069106622,-0.3729157890455092,2.1218255229795968e-06,1912.7558696878164,0.17088601571677178,3.2487858018640246e-06,1918.6740533035472,2.4242019379629465,1.9668005811943203
heart_attack_binary,Heart Attack,LBXSCR,Creatinine Kidney (mg/dL),LBDHDD,HDL Cholesterol (mg/dL),Difference,4902,243.0,0.3883852117323956,8.752676457154241e-07,1910.789069106622,0.17088601571677178,3.2487858018640246e-06,1918.6740533035472,-0.3729157890455092,2.1218255229795968e-06,1912.7558696878164,2.4242019379629465,1.9668005811943203
stroke_binary,Stroke,LBXIN,Insulin (uIU/mL),LBXSATSI,ALT Liver Enzyme (U/L),Difference,2379,114.0,0.22162215423706388,0.0004289362740240759,908.0688694123698,0.14496304813473163,0.009380001399610545,913.8352567026609,-0.3951402395926498,0.008302015353755354,910.0271758509234,19.354892221797424,1.9583064385535636
stroke_binary,Stroke,LBXSATSI,ALT Liver Enzyme (U/L),LBXIN,Insulin (uIU/mL),Difference,2379,114.0,-0.22162215423706388,0.0004289362740240759,908.0688694123698,-0.3951402395926498,0.008302015353755354,910.0271758509234,0.14496304813473163,0.009380001399610545,913.8352567026609,19.354892221797424,1.9583064385535636
stroke_binary,Stroke,LBXGLU,Fasting Glucose (mg/dL),LBXPLTSI,Platelet Count (10^3/uL),Difference,2432,115.0,0.25363041334166375,0.006101636049742695,923.0218875942157,0.17985369328161696,0.011173075844283417,924.9746675658523,-0.1722637705941817,0.09150294082070373,927.3567191146494,1.8311606515361702,1.9527799716365735
stroke_binary,Stroke,LBXPLTSI,Platelet Count (10^3/uL),LBXGLU,Fasting Glucose (mg/dL),Difference,2432,115.0,-0.25363041334166375,0.006101636049742695,923.0218875942157,-0.1722637705941817,0.09150294082070373,927.3567191146494,0.17985369328161696,0.011173075844283417,924.9746675658523,1.8311606515361702,1.9527799716365735
heart_attack_binary,Heart Attack,LBXSUA,Uric Acid (mg/dL),LBDLDL,LDL Cholesterol (mg/dL),Difference,2350,125.0,0.5334639998336225,6.11776842913352e-07,953.3181332523484,0.35079240296741077,3.799563258219671e-05,964.4742616970216,-0.5129867611338824,1.4928672360569235e-06,955.2563321018711,2.4402153388933736,1.9381988495226778
heart_attack_binary,Heart Attack,LBDLDL,LDL Cholesterol (mg/dL),LBXSUA,Uric Acid (mg/dL),Difference,2350,125.0,-0.5334639998336225,6.11776842913352e-07,953.3181332523484,-0.5129867611338824,1.4928672360569235e-06,955.2563321018711,0.35079240296741077,3.799563258219671e-05,964.4742616970216,2.4402153388933736,1.9381988495226778
stroke_binary,Stroke,LBXHGB,Hemoglobin (g/dL),LBXSNASI,Sodium (mmol/L),Ratio,4906,239.0,-0.30874758236204897,6.626638885186051e-07,1890.9069710049744,-0.29571694108841995,1.8847601261929729e-06,1892.8433757262897,0.11917181665377166,0.07595833315306331,1911.3861312780527,2.8442173458499176,1.9364047213152844
heart_attack_binary,Heart Attack,LBXSCR,Creatinine Kidney (mg/dL),diastolic_bp,Diastolic BP (mmHg),Difference,4673,228.0,0.2960912539067923,9.66671681375706e-07,1803.8337480693244,0.17053074582847,4.971410279962793e-06,1807.7814016195357,-0.284014634492749,3.014396118524089e-06,1805.7688084110355,3.118324635551743,1.9350603417110506
heart_attack_binary,Heart Attack,diastolic_bp,Diastolic BP (mmHg),LBXSCR,Creatinine Kidney (mg/dL),Difference,4673,228.0,-0.2960912539067923,9.66671681375706e-07,1803.8337480693244,-0.284014634492749,3.014396118524089e-06,1805.7688084110355,0.17053074582847,4.971410279962793e-06,1807.7814016195357,3.118324635551743,1.9350603417110506
heart_attack_binary,Heart Attack,LBXHGB,Hemoglobin (g/dL),LBDLDL,LDL Cholesterol (mg/dL),Ratio,2361,125.0,0.3619705044408117,2.9117060717426078e-08,954.5824813244442,-0.01425264373639606,0.8763896629653505,981.8696125247523,-0.5117386826015218,1.5159561726286198e-06,956.5142598469433,52.06418969760039,1.931778522499144
heart_attack_binary,Heart Attack,systolic_bp,Systolic BP (mmHg),LBXSNASI,Sodium (mmol/L),Ratio,4674,228.0,0.3573381454316418,1.2868990083866598e-09,1792.1943632871228,0.3465634026516151,3.648254606623156e-09,1794.1215074935083,-0.07677273592680592,0.2540716677893954,1824.7135926734982,2.8349191217396656,1.927144206385492
heart_attack_binary,Heart Attack,LBXSAL,Albumin (g/dL),LBXSKSI,Potassium (mmol/L),Difference,4904,243.0,-0.35180216764321615,1.9652354054688186e-08,1907.4654001275735,-0.16746975392356092,0.008353824240656792,1931.2718795058217,0.3365573356843428,4.334108693575536e-08,1909.3843978134105,2.205389075280581,1.9189976858369846
heart_attack_binary,Heart Attack,LBXSKSI,Potassium (mmol/L),LBXSAL,Albumin (g/dL),Difference,4904,243.0,0.35180216764321615,1.9652354054688186e-08,1907.4654001275735,0.3365573356843428,4.334108693575536e-08,1909.3843978134105,-0.16746975392356092,0.008353824240656792,1931.2718795058217,2.205389075280581,1.9189976858369846
arthritis_binary,Arthritis,LBDHDD,HDL Cholesterol (mg/dL),LBXSASSI,AST Liver Enzyme (U/L),Difference,4884,1518.0,0.06150288084203422,0.04963515710413333,6053.806151736537,0.04063665202266515,0.18481876727737578,6055.948467768996,-0.045399303892314974,0.16838064500908523,6055.710908051399,3.3923665166572716,1.904756314862425
arthritis_binary,Arthritis,LBXSASSI,AST Liver Enzyme (U/L),LBDHDD,HDL Cholesterol (mg/dL),Difference,4884,1518.0,-0.06150288084203422,0.04963515710413333,6053.806151736537,-0.045399303892314974,0.16838064500908523,6055.710908051399,0.04063665202266515,0.18481876727737578,6055.948467768996,3.3923665166572716,1.904756314862425
thyroid_binary,Thyroid Problem,LBXSASSI,AST Liver Enzyme (U/L),LBXWBCSI,WBC Count (10^3/uL),Ratio,4886,597.0,-0.155724094546559,0.013838324611747567,3624.479108017662,-0.12315243536249211,0.03009018070703895,3626.3565780921144,0.01644325844142497,0.6172975740730766,3631.716274297319,2.1744092259184997,1.8774700744525035
liver_condition_binary,Liver Condition,LBDHDD,HDL Cholesterol (mg/dL),LBXTC,Total Cholesterol (mg/dL),Ratio,4922,270.0,-0.18323262755980751,0.0057171348471728636,2088.616862944502,-0.16352125376747953,0.0166463198093659,2090.493812284782,0.040761124690252185,0.5098971175464303,2096.1257260142447,2.911654220924585,1.8769493402801345
thyroid_binary,Thyroid Problem,BMXWAIST,Waist Circumference (cm),LBXSCR,Creatinine Kidney (mg/dL),Ratio,4647,557.0,0.12111875548158497,0.0052254715965738335,3404.0500544133947,0.10675210643196456,0.01612402769917459,3405.9247142780277,0.021090039589102213,0.606107077998636,3411.400360579204,3.0856598110200375,1.8746598646330312
liver_condition_binary,Liver Condition,LBXSAPSI,Alkaline Phosphatase (U/L),LBXWBCSI,WBC Count (10^3/uL),Ratio,4897,269.0,0.28556622297599576,1.2375548072559752e-09,2054.683226224981,0.2883627543229678,1.8223670927356048e-08,2056.5532900359503,-0.032132066911921456,0.7912032253625558,2087.9339090058957,14.725546553985204,1.870063810969441
thyroid_binary,Thyroid Problem,LBXSAPSI,Alkaline Phosphatase (U/L),LBXSATSI,ALT Liver Enzyme (U/L),Ratio,4901,599.0,0.20161059571505846,1.6473055664626925e-07,3618.1546096951183,0.13693971910970337,0.0004214705323250922,3631.7696702286757,-0.2676274780153956,1.2281904262678293e-05,3620.0246093499136,74.55753512113472,1.869999654795265
hypertension_binary,Hypertension,LBXSNASI,Sodium (mmol/L),LBXSASSI,AST Liver Enzyme (U/L),Ratio,5393,1895.0,-0.0945147382977876,0.0010057502850037794,6985.6544208559235,0.03407294418649101,0.2330807762378796,6995.114140013617,0.0836280124028656,0.0027836068176220964,6987.524402216016,2.7676918009639304,1.8699813600924244
thyroid_binary,Thyroid Problem,LBXPLTSI,Platelet Count (10^3/uL),LBXGLU,Fasting Glucose (mg/dL),Ratio,2428,312.0,-0.1431577672419258,0.022865982157161246,1861.098937091595,-0.041526366730959864,0.4998089353003661,1865.9466841563562,0.1027478394865522,0.05337753096990881,1862.966168395762,2.3343642360532435,1.867231304167035
thyroid_binary,Thyroid Problem,LBXSBU,BUN Kidney (mg/dL),LBXSCR,Creatinine Kidney (mg/dL),Difference,4900,598.0,0.21308937402899936,1.491876779432609e-08,3609.882041036229,0.20512684266832512,3.980284131578805e-08,3611.748884522302,0.03091006135627621,0.41751982092266404,3638.9177076039214,2.6679710995251154,1.8668434860728667
thyroid_binary,Thyroid Problem,LBXSCR,Creatinine Kidney (mg/dL),LBXSBU,BUN Kidney (mg/dL),Difference,4900,598.0,-0.21308937402899936,1.491876779432609e-08,3609.882041036229,0.03091006135627621,0.41751982092266404,3638.9177076039214,0.20512684266832512,3.980284131578805e-08,3611.748884522302,2.6679710995251154,1.8668434860728667
thyroid_binary,Thyroid Problem,LBXSNASI,Sodium (mmol/L),BMXBMI,Body Mass Index (kg/m2),Ratio,4827,586.0,-0.09245696273383734,0.03848886699848774,3568.8183322312407,0.061852815792065384,0.16301242510934355,3571.1882605114142,0.06777823482018656,0.1121541632500893,3570.671710095548,2.913937769446316,1.8533778643072765
heart_attack_binary,Heart Attack,systolic_bp,Systolic BP (mmHg),LBXSNASI,Sodium (mmol/L),Difference,4674,228.0,0.3571349636241036,1.3540698782494068e-09,1792.273652077602,0.3465634026516151,3.648254606623156e-09,1794.1215074935083,-0.07677273592680592,0.2540716677893954,1824.7135926734982,2.6942882824775327,1.8478554159062242
heart_attack_binary,Heart Attack,LBXSNASI,Sodium (mmol/L),systolic_bp,Systolic BP (mmHg),Difference,4674,228.0,-0.3571349636241036,1.3540698782494068e-09,1792.273652077602,-0.07677273592680592,0.2540716677893954,1824.7135926734982,0.3465634026516151,3.648254606623156e-09,1794.1215074935083,2.6942882824775327,1.8478554159062242
arthritis_binary,Arthritis,LBXSATSI,ALT Liver Enzyme (U/L),LBXWBCSI,WBC Count (10^3/uL),Difference,4898,1523.0,-0.15380333490165715,2.6909067138680028e-05,6055.640150863059,-0.1455925757212638,4.0621838243607565e-05,6057.439302739214,0.04491165610391247,0.2808570966586458,6074.273083211396,1.509596673651177,1.7991518761555199
arthritis_binary,Arthritis,LBXWBCSI,WBC Count (10^3/uL),LBXSATSI,ALT Liver Enzyme (U/L),Difference,4898,1523.0,0.15380333490165715,2.6909067138680028e-05,6055.640150863059,0.04491165610391247,0.2808570966586458,6074.273083211396,-0.1455925757212638,4.0621838243607565e-05,6057.439302739214,1.509596673651177,1.7991518761555199
thyroid_binary,Thyroid Problem,diastolic_bp,Diastolic BP (mmHg),LBXSNASI,Sodium (mmol/L),Difference,4672,570.0,-0.1371068895156575,0.0015420187451984236,3459.8471744238777,-0.12436942459213211,0.004192857249884072,3461.62392204087,0.07242310085472325,0.10755279813236092,3467.067142068603,2.7190702207349267,1.776747616992452
thyroid_binary,Thyroid Problem,LBXSNASI,Sodium (mmol/L),diastolic_bp,Diastolic BP (mmHg),Difference,4672,570.0,0.1371068895156575,0.0015420187451984236,3459.8471744238777,0.07242310085472325,0.10755279813236092,3467.067142068603,-0.12436942459213211,0.004192857249884072,3461.62392204087,2.7190702207349267,1.776747616992452
stroke_binary,Stroke,diastolic_bp,Diastolic BP (mmHg),LBXGLU,Fasting Glucose (mg/dL),Ratio,2312,107.0,-0.23389923845522578,0.01384623332149569,864.7142455553211,-0.0942611932456201,0.3256924761564456,869.6562963519552,0.16602572687355382,0.02670829711962024,866.4748015688473,1.9289214979612355,1.760556013526184
thyroid_binary,Thyroid Problem,LBXTC,Total Cholesterol (mg/dL),LBDLDL,LDL Cholesterol (mg/dL),Ratio,2361,304.0,0.11103291452649783,0.04206571047379867,1813.502678587289,0.08748631102337628,0.14590843132161946,1815.2604250617321,0.009511527940529193,0.8766752745878237,1817.3221328952536,3.468583548885997,1.7577464744431381
high_cholesterol_binary,High Cholesterol,BMXBMI,Body Mass Index (kg/m2),LBXSAL,Albumin (g/dL),Difference,5303,1732.0,0.21311328933764942,1.6599967775114477e-13,6649.820096535492,0.20963575204753032,3.998065742362259e-13,6651.575913913306,-0.1450794561557231,7.090702652062193e-07,6679.68651628325,2.4084780142500533,1.75581737781431
high_cholesterol_binary,High Cholesterol,LBXSAL,Albumin (g/dL),BMXBMI,Body Mass Index (kg/m2),Difference,5303,1732.0,-0.21311328933764942,1.6599967775114477e-13,6649.820096535492,-0.1450794561557231,7.090702652062193e-07,6679.68651628325,0.20963575204753032,3.998065742362259e-13,6651.575913913306,2.4084780142500533,1.75581737781431
diabetes_binary,Diabetes,LBXSCA,Calcium (mg/dL),LBXSASSI,AST Liver Enzyme (U/L),Ratio,5878,800.0,0.07702532894325353,0.04179058973898097,4676.659660052512,-0.05874229237676874,0.12257630402972236,4678.405381314634,0.0012547869871775126,0.9736056954410763,4680.788602793553,2.933107783243053,1.7457212621220606
diabetes_binary,Diabetes,BMXBMI,Body Mass Index (kg/m2),LBXHGB,Hemoglobin (g/dL),Difference,7281,799.0,0.6208163380095202,2.3786891142992952e-73,4708.0782599856375,0.6300483177763643,2.761294073346801e-72,4709.797292866701,-0.018564234466109778,0.6200945260202955,5041.719055960279,11.608469794339694,1.7190328810638675
diabetes_binary,Diabetes,LBXHGB,Hemoglobin (g/dL),BMXBMI,Body Mass Index (kg/m2),Difference,7281,799.0,-0.6208163380095202,2.3786891142992952e-73,4708.0782599856375,-0.018564234466109778,0.6200945260202955,5041.719055960279,0.6300483177763643,2.761294073346801e-72,4709.797292866701,11.608469794339694,1.7190328810638675
depression_binary,Depression,LBXWBCSI,WBC Count (10^3/uL),LBXSATSI,ALT Liver Enzyme (U/L),Ratio,788,409.0,0.21069633862258147,0.01402538859465794,1088.268878809497,0.17361945658198724,0.027245299727127876,1089.9807270077727,-0.07408573281787752,0.3036250951968821,1094.1876250601044,1.942570043122028,1.7118481982756748
heart_attack_binary,Heart Attack,LBXSUA,Uric Acid (mg/dL),LBXPLTSI,Platelet Count (10^3/uL),Difference,4901,243.0,0.5584289415737724,4.857632177706462e-13,1880.2926550724371,0.3138948619548859,2.597306326170235e-07,1912.4534677741794,-0.5496320873136608,1.0536675218072901e-12,1881.9999175437192,2.1690969658900374,1.7072624712820925
heart_attack_binary,Heart Attack,LBXPLTSI,Platelet Count (10^3/uL),LBXSUA,Uric Acid (mg/dL),Difference,4901,243.0,-0.5584289415737724,4.857632177706462e-13,1880.2926550724371,-0.5496320873136608,1.0536675218072901e-12,1881.9999175437192,0.3138948619548859,2.597306326170235e-07,1912.4534677741794,2.1690969658900374,1.7072624712820925
hypertension_binary,Hypertension,LBXHSCRP,hs-CRP Inflammation (mg/L),LBDLDL,LDL Cholesterol (mg/dL),Ratio,2567,914.0,0.2635129522018719,2.571141296317315e-07,3312.603281961602,0.25185739378171945,2.8995393170104046e-07,3314.261358660078,-0.05957301275677886,0.15202352246732545,3344.76516600546,1.1277246105313072,1.6580766984757247
high_cholesterol_binary,High Cholesterol,LBXSNASI,Sodium (mmol/L),LBDHDD,HDL Cholesterol (mg/dL),Difference,5385,1762.0,0.1331584256855104,1.0405035883574386e-05,6792.59170538135,0.04215487204288299,0.14770738631394711,6810.497278952758,-0.12745867109037884,2.3998503922944578e-05,6794.246479396611,2.3064316347845693,1.654774015260955
high_cholesterol_binary,High Cholesterol,LBDHDD,HDL Cholesterol (mg/dL),LBXSNASI,Sodium (mmol/L),Difference,5385,1762.0,-0.1331584256855104,1.0405035883574386e-05,6792.59170538135,-0.12745867109037884,2.3998503922944578e-05,6794.246479396611,0.04215487204288299,0.14770738631394711,6810.497278952758,2.3064316347845693,1.654774015260955
arthritis_binary,Arthritis,LBXSKSI,Potassium (mmol/L),LBXSNASI,Sodium (mmol/L),Ratio,4900,1525.0,0.13082161991574223,2.1241439935276894e-05,6062.659587211067,0.12478484314385188,5.0379557214663645e-05,6064.3075263653045,-0.013488920039297582,0.6618306076155871,6080.562384064908,2.3717580996472556,1.647939154237065
liver_condition_binary,Liver Condition,LBXSBU,BUN Kidney (mg/dL),LBXSAL,Albumin (g/dL),Ratio,4899,270.0,0.17499191657892815,0.000272217068095186,2082.7250383749692,0.1695864563758633,0.0009612282353252191,2084.3722428931446,-0.14140308299992552,0.020158279577383875,2088.659315468346,3.5311093534704696,1.6472045181753856
arthritis_binary,Arthritis,LBDHDD,HDL Cholesterol (mg/dL),LBXPLTSI,Platelet Count (10^3/uL),Difference,4920,1527.0,0.12549244942275817,7.28574956441346e-05,6082.782224267785,0.042816596199579934,0.16081573779805847,6096.87258838218,-0.11898472877208366,0.00017087919444957886,6084.418106044929,2.3453893513472077,1.6358817771442773
arthritis_binary,Arthritis,LBXPLTSI,Platelet Count (10^3/uL),LBDHDD,HDL Cholesterol (mg/dL),Difference,4920,1527.0,-0.12549244942275817,7.28574956441346e-05,6082.782224267785,-0.11898472877208366,0.00017087919444957886,6084.418106044929,0.042816596199579934,0.16081573779805847,6096.87258838218,2.3453893513472077,1.6358817771442773
thyroid_binary,Thyroid Problem,diastolic_bp,Diastolic BP (mmHg),LBXSCA,Calcium (mg/dL),Ratio,4669,568.0,-0.13745588842566103,0.0016757680646433256,3451.264387355549,-0.12536740185143938,0.003944600630309814,3452.836293110395,0.09174362247534161,0.03964700775473168,3456.7677856519626,2.3539060765842867,1.5719057548462843
stroke_binary,Stroke,LBDLDL,LDL Cholesterol (mg/dL),LBXIN,Insulin (uIU/mL),Difference,2356,111.0,-0.2626491150165491,0.0011750262098454611,889.5314715952213,-0.2892614706099616,0.006492133344131253,891.1013463201766,0.10929021241562209,0.06620281273120436,896.3534678316084,5.525096623151151,1.569874724955298
stroke_binary,Stroke,LBXIN,Insulin (uIU/mL),LBDLDL,LDL Cholesterol (mg/dL),Difference,2356,111.0,0.2626491150165491,0.0011750262098454611,889.5314715952213,0.10929021241562209,0.06620281273120436,896.3534678316084,-0.2892614706099616,0.006492133344131253,891.1013463201766,5.525096623151151,1.569874724955298
thyroid_binary,Thyroid Problem,LBXHSCRP,hs-CRP Inflammation (mg/L),LBXPLTSI,Platelet Count (10^3/uL),Ratio,4893,598.0,0.09678212844166278,0.005685454119978277,3630.937343736835,0.08510854451180358,0.015588463983929546,3632.4970244931587,-0.02469874816433336,0.5746766790349016,3637.3809775803766,2.7418151048221118,1.5596807563238144
depression_binary,Depression,LBXSUA,Uric Acid (mg/dL),LBXSCA,Calcium (mg/dL),Difference,790,410.0,-0.21081135666290618,0.0036392086504351325,1089.4244827228215,-0.19048068567959164,0.008315368951651216,1090.9744244104766,0.08503985252701306,0.235221911261149,1096.6166813010407,2.2849387738889235,1.549941687655064
depression_binary,Depression,LBXSCA,Calcium (mg/dL),LBXSUA,Uric Acid (mg/dL),Difference,790,410.0,0.21081135666290618,0.0036392086504351325,1089.4244827228215,0.08503985252701306,0.235221911261149,1096.6166813010407,-0.19048068567959164,0.008315368951651216,1090.9744244104766,2.2849387738889235,1.549941687655064
diabetes_binary,Diabetes,LBDLDL,LDL Cholesterol (mg/dL),LBXSCA,Calcium (mg/dL),Ratio,2793,402.0,-0.378031309015194,4.448746341557399e-10,2263.4898182125085,-0.3709149890671321,8.952777594485164e-10,2264.998436417603,0.07786709033870365,0.14843770640381893,2303.5460850300315,2.0124270765572603,1.5086182050945354
hypertension_binary,Hypertension,LBXSATSI,ALT Liver Enzyme (U/L),LBDLDL,LDL Cholesterol (mg/dL),Difference,2572,917.0,0.09562311167763722,0.02149742491026548,3349.441222976414,0.07978610132285,0.05318579397668653,3350.947600287798,-0.0630767259462348,0.12910646038256401,3352.465060169703,2.47405418084699,1.5063773113843126
hypertension_binary,Hypertension,LBDLDL,LDL Cholesterol (mg/dL),LBXSATSI,ALT Liver Enzyme (U/L),Difference,2572,917.0,-0.09562311167763722,0.02149742491026548,3349.441222976414,-0.0630767259462348,0.12910646038256401,3352.465060169703,0.07978610132285,0.05318579397668653,3350.947600287798,2.47405418084699,1.5063773113843126
thyroid_binary,Thyroid Problem,LBXGLU,Fasting Glucose (mg/dL),LBXSCR,Creatinine Kidney (mg/dL),Ratio,2379,306.0,0.118346314758497,0.025151893572873767,1825.3698653976646,0.09861331654857,0.06792798838898288,1826.874047391385,-0.10085894005960644,0.2687576967318467,1828.4035826926936,2.700710711588053,1.5041819937202945
heart_attack_binary,Heart Attack,LBXSAL,Albumin (g/dL),LBXSCA,Calcium (mg/dL),Difference,4904,243.0,-0.18465386792590888,0.0034976715758489084,1929.7780686550059,-0.16742960025491221,0.008371478108057986,1931.2753850949969,0.031230048469499422,0.6345024158596833,1937.8354274429566,2.393443159690078,1.497316439990982
heart_attack_binary,Heart Attack,LBXSCA,Calcium (mg/dL),LBXSAL,Albumin (g/dL),Difference,4904,243.0,0.18465386792590888,0.0034976715758489084,1929.7780686550059,0.031230048469499422,0.6345024158596833,1937.8354274429566,-0.16742960025491221,0.008371478108057986,1931.2753850949969,2.393443159690078,1.497316439990982
high_cholesterol_binary,High Cholesterol,systolic_bp,Systolic BP (mmHg),LBXSAL,Albumin (g/dL),Difference,5127,1698.0,0.4992700323313808,2.893365086477065e-58,6237.335143789571,0.49786898080465347,5.5222203291043716e-58,6238.830106675858,-0.13912314833135117,2.690592930419783e-06,6493.385657917585,1.9085805503474076,1.494962886286885
high_cholesterol_binary,High Cholesterol,LBXSAL,Albumin (g/dL),systolic_bp,Systolic BP (mmHg),Difference,5127,1698.0,-0.4992700323313808,2.893365086477065e-58,6237.335143789571,-0.13912314833135117,2.690592930419783e-06,6493.385657917585,0.49786898080465347,5.5222203291043716e-58,6238.830106675858,1.9085805503474076,1.494962886286885
depression_binary,Depression,LBXSCA,Calcium (mg/dL),LBXSAL,Albumin (g/dL),Ratio,790,410.0,0.15392682127926338,0.03783763207351898,1093.561286595611,0.08503985252701306,0.235221911261149,1096.6166813010407,-0.12372698763196899,0.08581557740926647,1095.0516937070483,2.267995450733433,1.4904071114374347
liver_condition_binary,Liver Condition,LBXHGB,Hemoglobin (g/dL),LBDHDD,HDL Cholesterol (mg/dL),Ratio,4919,269.0,0.15918893435837517,0.00442368129837966,2083.0226205448353,0.08751241850601245,0.17017781990549485,2088.619391395152,-0.16312657296851094,0.017085449665541288,2084.5083943234995,3.8622695698714726,1.4857737786642247
hypertension_binary,Hypertension,LBXIN,Insulin (uIU/mL),LBXHGB,Hemoglobin (g/dL),Ratio,2598,930.0,0.22157989035292577,1.672202754532988e-05,3369.33557307984,0.21164690797454389,2.3783746030465515e-05,3370.808819355311,-0.11404995291704442,0.005244887321395458,3385.2390960490993,1.4223003739225286,1.4732462754709559
diabetes_binary,Diabetes,LBXIN,Insulin (uIU/mL),LBXSAL,Albumin (g/dL),Difference,2820,411.0,0.5267235840566079,1.282346885590604e-16,2248.9511658757997,0.5215106817634677,2.0978030127324894e-16,2250.4219951974824,-0.34716682446000574,2.8045015313784187e-11,2301.8266699936075,1.6359091571125974,1.470829321682686
diabetes_binary,Diabetes,LBXSAL,Albumin (g/dL),LBXIN,Insulin (uIU/mL),Difference,2820,411.0,-0.5267235840566079,1.282346885590604e-16,2248.9511658757997,-0.34716682446000574,2.8045015313784187e-11,2301.8266699936075,0.5215106817634677,2.0978030127324894e-16,2250.4219951974824,1.6359091571125974,1.470829321682686
liver_condition_binary,Liver Condition,systolic_bp,Systolic BP (mmHg),LBXSAL,Albumin (g/dL),Ratio,4668,256.0,0.23333497157116584,4.196165383677337e-05,1972.661683766336,0.22575196743942919,0.00010895686809195454,1974.1140130501258,-0.11690803708808109,0.06277254373944012,1984.78168337981,2.5965818343525218,1.4523292837898225
stroke_binary,Stroke,LBXSCA,Calcium (mg/dL),LBXGLU,Fasting Glucose (mg/dL),Ratio,2381,114.0,-0.22219946735163082,0.010974757363787236,913.2823382368513,-0.03369866288936256,0.7260325757794915,919.2392583361559,0.17026014235453943,0.018858184370844196,914.7312984910027,1.7183235807170956,1.448960254151416
stroke_binary,Stroke,LBXTC,Total Cholesterol (mg/dL),LBXIN,Insulin (uIU/mL),Difference,2381,113.0,-0.22281497407054607,0.010436356301524133,907.303802435714,-0.15336832330279676,0.12982719683084987,911.0035727411433,0.13730224430862553,0.014795494459179891,908.742005464491,1.4176877476882566,1.4382030287769112
stroke_binary,Stroke,LBXIN,Insulin (uIU/mL),LBXTC,Total Cholesterol (mg/dL),Difference,2381,113.0,0.22281497407054607,0.010436356301524133,907.303802435714,0.13730224430862553,0.014795494459179891,908.742005464491,-0.15336832330279676,0.12982719683084987,911.0035727411433,1.4176877476882566,1.4382030287769112
stroke_binary,Stroke,systolic_bp,Systolic BP (mmHg),LBXSAL,Albumin (g/dL),Difference,4676,223.0,0.4949891609456534,3.3610192656780993e-18,1727.7927864313267,0.4904815952987288,7.501583749738989e-18,1729.2244630385412,-0.4239562273038516,1.4828182424601925e-11,1753.2629589365956,2.2319371466695577,1.4316766072145128
stroke_binary,Stroke,LBXSAL,Albumin (g/dL),systolic_bp,Systolic BP (mmHg),Difference,4676,223.0,-0.4949891609456534,3.3610192656780993e-18,1727.7927864313267,-0.4239562273038516,1.4828182424601925e-11,1753.2629589365956,0.4904815952987288,7.501583749738989e-18,1729.2244630385412,2.2319371466695577,1.4316766072145128
diabetes_binary,Diabetes,LBXIN,Insulin (uIU/mL),LBXSNASI,Sodium (mmol/L),Difference,2820,411.0,0.5260606597002131,9.619709868891026e-17,2248.990331226807,0.5215106817634677,2.0978030127324894e-16,2250.4219951974824,-0.06585421781872343,0.21701457128148272,2344.5214206207274,2.180734181512615,1.431663970675345
diabetes_binary,Diabetes,LBXSNASI,Sodium (mmol/L),LBXIN,Insulin (uIU/mL),Difference,2820,411.0,-0.5260606597002131,9.619709868891026e-17,2248.990331226807,-0.06585421781872343,0.21701457128148272,2344.5214206207274,0.5215106817634677,2.0978030127324894e-16,2250.4219951974824,2.180734181512615,1.431663970675345
stroke_binary,Stroke,LBXSNASI,Sodium (mmol/L),LBXSAL,Albumin (g/dL),Ratio,4909,239.0,0.38648559088633133,2.622244079161498e-13,1867.687649734896,0.1187939662714337,0.07688853850690835,1911.7056861338133,-0.4222020559166538,3.6940413301629324e-12,1869.1183549178645,14.087328328887514,1.4307051829684951
arthritis_binary,Arthritis,LBXSATSI,ALT Liver Enzyme (U/L),LBXSCA,Calcium (mg/dL),Ratio,4899,1524.0,-0.152123921078991,1.956844565062416e-05,6058.167494908681,-0.1463409422154447,3.742421882160794e-05,6059.592362260658,0.11341294061166805,0.0002526123687192499,6064.963436355742,1.912477847744348,1.4248673519769
heart_attack_binary,Heart Attack,LBXIN,Insulin (uIU/mL),LBXSATSI,ALT Liver Enzyme (U/L),Difference,2375,126.0,0.2045109675872027,0.0009007833044576099,979.4294452403296,0.1702003041576775,0.0017417943871364608,980.8486122523785,-0.0994006599006344,0.34423133037832454,988.204874179178,1.9336441722632174,1.419167012048888
heart_attack_binary,Heart Attack,LBXSATSI,ALT Liver Enzyme (U/L),LBXIN,Insulin (uIU/mL),Difference,2375,126.0,-0.2045109675872027,0.0009007833044576099,979.4294452403296,-0.0994006599006344,0.34423133037832454,988.204874179178,0.1702003041576775,0.0017417943871364608,980.8486122523785,1.9336441722632174,1.419167012048888
arthritis_binary,Arthritis,LBXWBCSI,WBC Count (10^3/uL),diastolic_bp,Diastolic BP (mmHg),Difference,4777,1487.0,0.11380797193348459,0.0004887598920239433,5915.74268693508,0.039260129403381964,0.3018694524379496,5927.182132501033,-0.10556271199306565,0.000689647802841768,5917.148503209242,1.4110155397284188,1.4058162741621345
arthritis_binary,Arthritis,diastolic_bp,Diastolic BP (mmHg),LBXWBCSI,WBC Count (10^3/uL),Difference,4777,1487.0,-0.11380797193348459,0.0004887598920239433,5915.74268693508,-0.10556271199306565,0.000689647802841768,5917.148503209242,0.039260129403381964,0.3018694524379496,5927.182132501033,1.4110155397284188,1.4058162741621345
depression_binary,Depression,BMXBMI,Body Mass Index (kg/m2),LBXSUA,Uric Acid (mg/dL),Ratio,780,400.0,0.22511752554945172,0.0032668337804810203,1075.628112401837,0.07079959986373338,0.326101246243655,1083.8272282285868,-0.2011963775928992,0.005693675639300524,1077.0334229907392,1.7428727697502155,1.405310588902239
heart_attack_binary,Heart Attack,LBDHDD,HDL Cholesterol (mg/dL),LBXIN,Insulin (uIU/mL),Difference,2377,126.0,-0.2634501636761762,5.062825667999675e-05,974.1747690409678,-0.39033047135704146,0.0004680720058968729,975.5766838844245,0.17080554256354055,0.001656225302028277,980.9720903281332,9.245272039592237,1.401914843456666
heart_attack_binary,Heart Attack,LBXIN,Insulin (uIU/mL),LBDHDD,HDL Cholesterol (mg/dL),Difference,2377,126.0,0.2634501636761762,5.062825667999675e-05,974.1747690409678,0.17080554256354055,0.001656225302028277,980.9720903281332,-0.39033047135704146,0.0004680720058968729,975.5766838844245,9.245272039592237,1.401914843456666
thyroid_binary,Thyroid Problem,LBXGLU,Fasting Glucose (mg/dL),LBXSATSI,ALT Liver Enzyme (U/L),Difference,2378,306.0,0.13813837500433113,0.009762555339292637,1823.5335507824384,0.0985801464919865,0.06805420964489796,1826.6012727574243,-0.15048900564521533,0.04027581056909941,1824.9336999948669,4.1255397966346035,1.4001492124284596
thyroid_binary,Thyroid Problem,LBXSATSI,ALT Liver Enzyme (U/L),LBXGLU,Fasting Glucose (mg/dL),Difference,2378,306.0,-0.13813837500433113,0.009762555339292637,1823.5335507824384,-0.15048900564521533,0.04027581056909941,1824.9336999948669,0.0985801464919865,0.06805420964489796,1826.6012727574243,4.1255397966346035,1.4001492124284596
high_cholesterol_binary,High Cholesterol,LBXSBU,BUN Kidney (mg/dL),LBXSCR,Creatinine Kidney (mg/dL),Difference,5386,1763.0,0.4674129570527785,1.578561882319183e-48,6571.881998121258,0.469173540771239,8.955402906860078e-48,6573.2685181995,0.2686091050014717,3.205309569579432e-10,6759.569608719699,5.673140221593991,1.3865200782420288
high_cholesterol_binary,High Cholesterol,LBXSCR,Creatinine Kidney (mg/dL),LBXSBU,BUN Kidney (mg/dL),Difference,5386,1763.0,-0.4674129570527785,1.578561882319183e-48,6571.881998121258,0.2686091050014717,3.205309569579432e-10,6759.569608719699,0.469173540771239,8.955402906860078e-48,6573.2685181995,5.673140221593991,1.3865200782420288
depression_binary,Depression,LBXSKSI,Potassium (mmol/L),LBXSUA,Uric Acid (mg/dL),Difference,790,410.0,0.20850036920624257,0.003964877083380144,1089.5984806872411,0.0695074605661482,0.3306470002501609,1097.084140766606,-0.19048068567959164,0.008315368951651216,1090.9744244104766,2.0972576896538198,1.375943723235423
depression_binary,Depression,LBXSUA,Uric Acid (mg/dL),LBXSKSI,Potassium (mmol/L),Difference,790,410.0,-0.20850036920624257,0.003964877083380144,1089.5984806872411,-0.19048068567959164,0.008315368951651216,1090.9744244104766,0.0695074605661482,0.3306470002501609,1097.084140766606,2.0972576896538198,1.375943723235423
high_cholesterol_binary,High Cholesterol,LBXSATSI,ALT Liver Enzyme (U/L),LBXHGB,Hemoglobin (g/dL),Ratio,5384,1761.0,0.07562220022687619,0.008041337547190443,6803.276624858589,0.067830014195771,0.016628146578219476,6804.645630081267,-0.007421178082647119,0.7982761245859549,6810.297008206693,2.0678334270433867,1.3690052226784246
depression_binary,Depression,LBXSAL,Albumin (g/dL),LBXGH,"Glycohemoglobin (HbA1c, %)",Difference,790,410.0,-0.23745546649674074,0.0023347799149389596,1087.949390434227,-0.12372698763196899,0.08581557740926647,1095.0516937070483,0.2210666891541065,0.004681290596469293,1089.3120537674617,2.005024356478448,1.36266333323465
depression_binary,Depression,LBXGH,"Glycohemoglobin (HbA1c, %)",LBXSAL,Albumin (g/dL),Difference,790,410.0,0.23745546649674074,0.0023347799149389596,1087.949390434227,0.2210666891541065,0.004681290596469293,1089.3120537674617,-0.12372698763196899,0.08581557740926647,1095.0516937070483,2.005024356478448,1.36266333323465
stroke_binary,Stroke,LBXSBU,BUN Kidney (mg/dL),LBXSUA,Uric Acid (mg/dL),Difference,4906,239.0,0.40341461323952815,2.6915059694284568e-18,1848.8873878360482,0.39709121319976304,4.3436337221500005e-18,1850.2414401556434,0.10130768221336021,0.11678676000693106,1912.1427605891672,1.6138302390881838,1.3540523195952119
stroke_binary,Stroke,LBXSUA,Uric Acid (mg/dL),LBXSBU,BUN Kidney (mg/dL),Difference,4906,239.0,-0.40341461323952815,2.6915059694284568e-18,1848.8873878360482,0.10130768221336021,0.11678676000693106,1912.1427605891672,0.39709121319976304,4.3436337221500005e-18,1850.2414401556434,1.6138302390881838,1.3540523195952119
hypertension_binary,Hypertension,LBXTR,Triglycerides (mg/dL),LBXSKSI,Potassium (mmol/L),Ratio,2595,929.0,0.2760185769579318,1.8269126874036273e-09,3348.0202126298273,0.2714086506969074,3.1538102190650345e-09,3349.3577235887456,-0.06171998831933266,0.13339566825976412,3386.951492817696,1.7263059372296374,1.3375109589183012
thyroid_binary,Thyroid Problem,LBXSUA,Uric Acid (mg/dL),LBXHSCRP,hs-CRP Inflammation (mg/L),Difference,4887,596.0,-0.09513896544399056,0.006371387063849788,3621.630062370986,-0.07616460155785322,0.08689858105305923,3625.277824619015,0.08601082905131745,0.014507583086349425,3622.933211769463,2.2769897576405436,1.303149398477217
thyroid_binary,Thyroid Problem,LBXHSCRP,hs-CRP Inflammation (mg/L),LBXSUA,Uric Acid (mg/dL),Difference,4887,596.0,0.09513896544399056,0.006371387063849788,3621.630062370986,0.08601082905131745,0.014507583086349425,3622.933211769463,-0.07616460155785322,0.08689858105305923,3625.277824619015,2.2769897576405436,1.303149398477217
stroke_binary,Stroke,LBDLDL,LDL Cholesterol (mg/dL),BMXBMI,Body Mass Index (kg/m2),Difference,2324,105.0,-0.26936794049342383,0.012653851940658576,853.0385784159073,-0.2404923995008875,0.025499994064243216,854.3372890733704,0.13389693367532413,0.14412318218929784,857.5563545784055,2.0151961777194667,1.2987106574630616
stroke_binary,Stroke,BMXBMI,Body Mass Index (kg/m2),LBDLDL,LDL Cholesterol (mg/dL),Difference,2324,105.0,0.26936794049342383,0.012653851940658576,853.0385784159073,0.13389693367532413,0.14412318218929784,857.5563545784055,-0.2404923995008875,0.025499994064243216,854.3372890733704,2.0151961777194667,1.2987106574630616
thyroid_binary,Thyroid Problem,LBXPLTSI,Platelet Count (10^3/uL),LBDHDD,HDL Cholesterol (mg/dL),Ratio,4921,604.0,-0.14566512604264467,0.002603998402174846,3659.0165483990777,-0.02242228317208535,0.6085491755611376,3668.3806427713707,0.12057709633811511,0.0032899719655855825,3660.3145330181624,1.2634308695572989,1.2979846190846729
thyroid_binary,Thyroid Problem,LBXSCR,Creatinine Kidney (mg/dL),LBXSUA,Uric Acid (mg/dL),Difference,4900,598.0,0.09307603978668104,0.03317774344633956,3634.981669323792,0.03091006135627621,0.41751982092266404,3638.9177076039214,-0.07954401050380282,0.07354521231233643,3636.278955287914,2.2167032676976874,1.2972859641217838
thyroid_binary,Thyroid Problem,LBXSUA,Uric Acid (mg/dL),LBXSCR,Creatinine Kidney (mg/dL),Difference,4900,598.0,-0.09307603978668104,0.03317774344633956,3634.981669323792,-0.07954401050380282,0.07354521231233643,3636.278955287914,0.03091006135627621,0.41751982092266404,3638.9177076039214,2.2167032676976874,1.2972859641217838
high_cholesterol_binary,High Cholesterol,LBDLDL,LDL Cholesterol (mg/dL),LBXSAL,Albumin (g/dL),Ratio,2556,846.0,0.3101798850242775,3.273523843709484e-13,3194.8497160264506,0.30703843284745025,5.790865090223208e-13,3196.1409802287744,-0.11164658929037258,0.007804362561858747,3242.3952213799794,1.7690004309426777,1.2912642023238732
thyroid_binary,Thyroid Problem,LBXSNASI,Sodium (mmol/L),LBXSATSI,ALT Liver Enzyme (U/L),Difference,4901,599.0,0.2734000992901675,6.60222011649448e-06,3618.7370454048723,0.05463442193345188,0.21287610460210282,3642.1689203980354,-0.2676274780153956,1.2281904262678293e-05,3620.0246093499136,1.8602688256324758,1.2875639450412564
thyroid_binary,Thyroid Problem,LBXSATSI,ALT Liver Enzyme (U/L),LBXSNASI,Sodium (mmol/L),Difference,4901,599.0,-0.2734000992901675,6.60222011649448e-06,3618.7370454048723,-0.2676274780153956,1.2281904262678293e-05,3620.0246093499136,0.05463442193345188,0.21287610460210282,3642.1689203980354,1.8602688256324758,1.2875639450412564
stroke_binary,Stroke,LBDHDD,HDL Cholesterol (mg/dL),LBDLDL,LDL Cholesterol (mg/dL),Ratio,2365,111.0,0.2272052939605608,0.0009031438445457375,890.7976193175808,0.07564533906279783,0.41292586710842627,899.157845381464,-0.286885349533942,0.006876745942167377,892.0830468253316,7.614231092530157,1.2854275077507964
diabetes_binary,Diabetes,LBXHGB,Hemoglobin (g/dL),LBXSKSI,Potassium (mmol/L),Ratio,5892,798.0,-0.27711046425055913,4.308076562089517e-13,4624.61790533528,-0.16850560376159518,6.00402561831137e-06,4657.252519517098,0.26867416847293396,5.518697486420296e-13,4625.901825134046,1.2810119334888512,1.2839197987659645
thyroid_binary,Thyroid Problem,LBXSNASI,Sodium (mmol/L),BMXWAIST,Waist Circumference (cm),Ratio,4648,558.0,-0.12132220737153084,0.008516617878791658,3408.863384207778,0.06562342098234081,0.14871135881840408,3413.7959097935604,0.10688949285217414,0.015904121673591093,3410.142086828762,1.8674222443625212,1.2787026209839496
liver_condition_binary,Liver Condition,systolic_bp,Systolic BP (mmHg),LBDHDD,HDL Cholesterol (mg/dL),Ratio,4686,256.0,0.22596644012037623,4.160528128038146e-05,1974.9001676621006,0.22556881132849674,0.0001109392308006761,1976.1686954504846,-0.16666352836068615,0.017210522949169242,1984.2222797726886,2.6664699140728643,1.2685277883840627
stroke_binary,Stroke,LBXHGB,Hemoglobin (g/dL),LBXGLU,Fasting Glucose (mg/dL),Ratio,2432,115.0,-0.3971343926671839,3.137483390012399e-06,910.007433700636,-0.39208252085903833,7.028407757012678e-06,911.273700928371,0.17985369328161696,0.011173075844283417,924.9746675658523,2.24014182174998,1.266267227734943
hypertension_binary,Hypertension,LBXWBCSI,WBC Count (10^3/uL),LBXIN,Insulin (uIU/mL),Ratio,2598,930.0,-0.2251864853837919,6.3752512315724795e-06,3369.549225924059,0.17911790990318333,1.7313753415557035e-05,3374.001555256853,0.21164690797454389,2.3783746030465515e-05,3370.808819355311,2.715775863045719,1.2595934312516874
hypertension_binary,Hypertension,LBXSATSI,ALT Liver Enzyme (U/L),LBXTC,Total Cholesterol (mg/dL),Ratio,5405,1899.0,0.06172922876988143,0.029761696415274826,7007.0121150663035,0.0528842647267334,0.058554135748503364,7008.268362696437,0.026406967781571453,0.3529430684135949,7010.969917076125,1.9674327340578333,1.2562476301336574
thyroid_binary,Thyroid Problem,LBXSASSI,AST Liver Enzyme (U/L),LBXSKSI,Potassium (mmol/L),Ratio,4887,597.0,-0.13930973990124507,0.018170299731031035,3625.4213367325333,-0.12242878708344664,0.030904886857603522,3626.6746437802194,0.0881951832375448,0.040895909519531745,3628.043698428718,1.7008462884530464,1.2533070476861212
depression_binary,Depression,LBXSAL,Albumin (g/dL),LBXGH,"Glycohemoglobin (HbA1c, %)",Ratio,790,410.0,-0.22821457225319136,0.0018610049890343376,1088.079742333871,-0.12372698763196899,0.08581557740926647,1095.0516937070483,0.2210666891541065,0.004681290596469293,1089.3120537674617,2.5154637542902996,1.2323114335906666
depression_binary,Depression,BMXBMI,Body Mass Index (kg/m2),BMXWAIST,Waist Circumference (cm),Difference,793,403.0,-0.15369481014122827,0.03191226934138961,1098.4793109664558,0.08011771519032415,0.2615988378463988,1101.8531335250732,0.1317917528784339,0.06552817941630593,1099.7039906757923,2.0533851326993258,1.224679709336442
depression_binary,Depression,BMXWAIST,Waist Circumference (cm),BMXBMI,Body Mass Index (kg/m2),Difference,793,403.0,0.15369481014122827,0.03191226934138961,1098.4793109664558,0.1317917528784339,0.06552817941630593,1099.7039906757923,0.08011771519032415,0.2615988378463988,1101.8531335250732,2.0533851326993258,1.224679709336442
liver_condition_binary,Liver Condition,LBXTR,Triglycerides (mg/dL),LBXSCR,Creatinine Kidney (mg/dL),Ratio,2375,132.0,0.13187173467714824,0.03394704741817753,1019.8572404869386,0.10079789896948681,0.08358342601418063,1021.0791208471394,-0.06195344486684246,0.608160639421333,1023.1538622860776,2.462170715012595,1.221880360200771
thyroid_binary,Thyroid Problem,diastolic_bp,Diastolic BP (mmHg),LBXGH,"Glycohemoglobin (HbA1c, %)",Difference,4768,581.0,-0.14584419996961479,0.0006449870175532905,3526.68893718093,-0.13802355341953995,0.0012751630305104652,3527.909901485549,0.09480243283827247,0.01713726924097691,3532.7589101215726,1.9770367399761002,1.220964304618974
thyroid_binary,Thyroid Problem,LBXGH,"Glycohemoglobin (HbA1c, %)",diastolic_bp,Diastolic BP (mmHg),Difference,4768,581.0,0.14584419996961479,0.0006449870175532905,3526.68893718093,0.09480243283827247,0.01713726924097691,3532.7589101215726,-0.13802355341953995,0.0012751630305104652,3527.909901485549,1.9770367399761002,1.220964304618974
stroke_binary,Stroke,diastolic_bp,Diastolic BP (mmHg),LBXIN,Insulin (uIU/mL),Difference,2266,106.0,-0.14938256073306871,0.019175284934448922,855.8180367510524,-0.1104271694801357,0.2483070838728585,858.881747109629,0.12080320947254414,0.042722907778477134,857.0230123057522,2.228019449229892,1.2049755546997858
stroke_binary,Stroke,LBXIN,Insulin (uIU/mL),diastolic_bp,Diastolic BP (mmHg),Difference,2266,106.0,0.14938256073306871,0.019175284934448922,855.8180367510524,0.12080320947254414,0.042722907778477134,857.0230123057522,-0.1104271694801357,0.2483070838728585,858.881747109629,2.228019449229892,1.2049755546997858
arthritis_binary,Arthritis,LBXSUA,Uric Acid (mg/dL),LBXTC,Total Cholesterol (mg/dL),Ratio,4896,1523.0,0.161931848704751,8.6321201176913e-08,6046.143402505693,0.16012014234643387,1.77094490031127e-07,6047.34793623998,-0.01382073186407816,0.6550006916331949,6074.3928543316815,2.0515758309268257,1.204533734286997
heart_attack_binary,Heart Attack,LBXSAPSI,Alkaline Phosphatase (U/L),LBXSAL,Albumin (g/dL),Ratio,4905,243.0,0.2153713206275919,4.642445890739672e-06,1919.7223672017285,0.21934138730326855,2.1179197451874168e-05,1920.9262070062023,-0.16778681465769957,0.008223635474655638,1931.3466103140584,4.562077394185789,1.2038398044737733
high_cholesterol_binary,High Cholesterol,LBXHGB,Hemoglobin (g/dL),LBXTC,Total Cholesterol (mg/dL),Difference,5411,1767.0,-0.36666284663408466,4.75170441286779e-35,6681.950000255098,-0.008171215713268567,0.7779338875439179,6840.324095707059,0.3651821164863301,8.170203323133744e-35,6683.15111314812,1.7194258340246362,1.2011128930225823
high_cholesterol_binary,High Cholesterol,LBXTC,Total Cholesterol (mg/dL),LBXHGB,Hemoglobin (g/dL),Difference,5411,1767.0,0.36666284663408466,4.75170441286779e-35,6681.950000255098,0.3651821164863301,8.170203323133744e-35,6683.15111314812,-0.008171215713268567,0.7779338875439179,6840.324095707059,1.7194258340246362,1.2011128930225823
liver_condition_binary,Liver Condition,LBDLDL,LDL Cholesterol (mg/dL),LBXPLTSI,Platelet Count (10^3/uL),Difference,2360,131.0,0.26266977730546537,0.006035880324970895,1008.2573485430935,0.08576574871438242,0.32536085518779645,1015.1420328111885,-0.24669734680280145,0.012353097976089349,1009.4530600353821,2.0466108191349726,1.1957114922886376
liver_condition_binary,Liver Condition,LBXPLTSI,Platelet Count (10^3/uL),LBDLDL,LDL Cholesterol (mg/dL),Difference,2360,131.0,-0.26266977730546537,0.006035880324970895,1008.2573485430935,-0.24669734680280145,0.012353097976089349,1009.4530600353821,0.08576574871438242,0.32536085518779645,1015.1420328111885,2.0466108191349726,1.1957114922886376
diabetes_binary,Diabetes,LBXSAPSI,Alkaline Phosphatase (U/L),LBXWBCSI,WBC Count (10^3/uL),Difference,5896,799.0,-0.12240881740890935,0.006284315186802545,4673.998306876466,-0.11266224121044272,0.01110351212894033,4675.181250031244,0.04400974019244467,0.1662533836069412,4680.0247751765355,1.7668611135638772,1.1829431547785134
diabetes_binary,Diabetes,LBXWBCSI,WBC Count (10^3/uL),LBXSAPSI,Alkaline Phosphatase (U/L),Difference,5896,799.0,0.12240881740890935,0.006284315186802545,4673.998306876466,0.04400974019244467,0.1662533836069412,4680.0247751765355,-0.11266224121044272,0.01110351212894033,4675.181250031244,1.7668611135638772,1.1829431547785134
thyroid_binary,Thyroid Problem,BMXWAIST,Waist Circumference (cm),LBXSUA,Uric Acid (mg/dL),Difference,4646,557.0,0.1167810427647918,0.008339937092516991,3404.5216699182574,0.10654728528479726,0.01633536546594642,3405.6918102053914,-0.08892857407366364,0.053614911729926745,3407.618597417677,1.9586916885264434,1.1701402871340179
thyroid_binary,Thyroid Problem,LBXSUA,Uric Acid (mg/dL),BMXWAIST,Waist Circumference (cm),Difference,4646,557.0,-0.1167810427647918,0.008339937092516991,3404.5216699182574,-0.08892857407366364,0.053614911729926745,3407.618597417677,0.10654728528479726,0.01633536546594642,3405.6918102053914,1.9586916885264434,1.1701402871340179
thyroid_binary,Thyroid Problem,LBXTC,Total Cholesterol (mg/dL),LBDHDD,HDL Cholesterol (mg/dL),Ratio,4923,604.0,-0.14623433557217644,0.003121126928540175,3659.7626994801085,0.045637950408754194,0.2881701413378549,3668.047998416735,0.11991423524715261,0.0034745269059939317,3660.9326505347385,1.1132283260325624,1.169951054630019
hypertension_binary,Hypertension,LBDHDD,HDL Cholesterol (mg/dL),LBXSATSI,ALT Liver Enzyme (U/L),Difference,5405,1899.0,-0.09012921033404883,0.0014651674563374076,7001.684320110451,-0.08661389985872747,0.002946624239732066,7002.845956780322,0.0528842647267334,0.058554135748503364,7008.268362696437,2.011117723770613,1.161636669870859
hypertension_binary,Hypertension,LBXSATSI,ALT Liver Enzyme (U/L),LBDHDD,HDL Cholesterol (mg/dL),Difference,5405,1899.0,0.09012921033404883,0.0014651674563374076,7001.684320110451,0.0528842647267334,0.058554135748503364,7008.268362696437,-0.08661389985872747,0.002946624239732066,7002.845956780322,2.011117723770613,1.161636669870859
high_cholesterol_binary,High Cholesterol,LBXSAL,Albumin (g/dL),LBXSNASI,Sodium (mmol/L),Ratio,5389,1763.0,-0.1449601970145913,6.055431503167676e-07,6792.231252392787,-0.1414511270766978,1.0763273398236167e-06,6793.36864785439,0.04248302232029768,0.14446071431614346,6815.07528991588,1.7774577076143554,1.137395461602864
arthritis_binary,Arthritis,LBXWBCSI,WBC Count (10^3/uL),LBXPLTSI,Platelet Count (10^3/uL),Difference,5014,1555.0,0.12009343083234043,0.00012767140138736537,6198.430300145714,0.04093407518416877,0.289204878214361,6211.768663333818,-0.11542671394866129,0.00023006325670922134,6199.567301011839,1.8019952331469347,1.1370008661251632
arthritis_binary,Arthritis,LBXPLTSI,Platelet Count (10^3/uL),LBXWBCSI,WBC Count (10^3/uL),Difference,5014,1555.0,-0.12009343083234043,0.00012767140138736537,6198.430300145714,-0.11542671394866129,0.00023006325670922134,6199.567301011839,0.04093407518416877,0.289204878214361,6211.768663333818,1.8019952331469347,1.1370008661251632
heart_attack_binary,Heart Attack,LBXGLU,Fasting Glucose (mg/dL),LBXHGB,Hemoglobin (g/dL),Ratio,2428,127.0,0.3568912888075296,7.840083102449265e-10,970.2252925384912,0.34454315285012155,1.0923544664685405e-09,971.3435453217513,0.002758235720646105,0.9758793715474912,1000.6987801355997,1.3932944998086636,1.1182527832601181
stroke_binary,Stroke,LBXHSCRP,hs-CRP Inflammation (mg/L),LBXTC,Total Cholesterol (mg/dL),Ratio,4898,236.0,0.1705835312259078,1.728707662737352e-05,1881.8224265445615,0.154891157248233,0.00014302562637431095,1884.4766723250837,-0.2516357267881918,0.0004304252914848398,1882.9386409433473,8.273557725071603,1.1162143987858144
thyroid_binary,Thyroid Problem,BMXBMI,Body Mass Index (kg/m2),LBXSUA,Uric Acid (mg/dL),Difference,4824,584.0,0.08832925711808993,0.03694295100508213,3560.2068211897395,0.07094020872066896,0.09637767256616848,3561.7397943588708,-0.07899238727713297,0.07884781133331199,3561.3166586584152,2.1343127494732386,1.109837468675778
thyroid_binary,Thyroid Problem,LBXSUA,Uric Acid (mg/dL),BMXBMI,Body Mass Index (kg/m2),Difference,4824,584.0,-0.08832925711808993,0.03694295100508213,3560.2068211897395,-0.07899238727713297,0.07884781133331199,3561.3166586584152,0.07094020872066896,0.09637767256616848,3561.7397943588708,2.1343127494732386,1.109837468675778
thyroid_binary,Thyroid Problem,diastolic_bp,Diastolic BP (mmHg),LBXSNASI,Sodium (mmol/L),Ratio,4672,570.0,-0.1324840256149458,0.002243419581737824,3460.5150982515815,-0.12436942459213211,0.004192857249884072,3461.62392204087,0.07242310085472325,0.10755279813236092,3467.067142068603,1.8689581226870418,1.1088237892886355
thyroid_binary,Thyroid Problem,LBXSATSI,ALT Liver Enzyme (U/L),LBXIN,Insulin (uIU/mL),Ratio,2375,305.0,-0.18454448111241673,0.031948782618457135,1819.3598641787794,-0.14780387834951048,0.043649961980786606,1820.4432564707154,0.0015606984993889528,0.9795885923070268,1825.0264782590702,1.3662480508903516,1.0833922919359793
thyroid_binary,Thyroid Problem,LBXSAL,Albumin (g/dL),LBXSNASI,Sodium (mmol/L),Ratio,4903,600.0,-0.192348772346362,6.799481173537913e-06,3628.1592717983513,-0.18618328046503071,1.1489180095019889e-05,3629.2423799532517,0.05366109975879812,0.2207495590895593,3646.6849834023924,1.6897142299229027,1.0831081549004011
liver_condition_binary,Liver Condition,LBXSBU,BUN Kidney (mg/dL),LBXSKSI,Potassium (mmol/L),Ratio,4896,270.0,0.18237968292229212,0.0005378567211364013,2082.915361488012,0.16985558653962926,0.0009388302679570099,2083.9959121960264,0.05303090495582472,0.3923873766434216,2092.8880992693676,1.7455025308104704,1.0805507080144707
liver_condition_binary,Liver Condition,LBXSUA,Uric Acid (mg/dL),LBXSCA,Calcium (mg/dL),Ratio,4899,270.0,0.22053506475250692,0.00018087559652301235,2080.477992541177,0.212682519739387,0.0003411692942585892,2081.5543199040458,-0.03555688431116777,0.5702172937890806,2093.63271181069,1.886209642521804,1.0763273628685965
thyroid_binary,Thyroid Problem,LBXSATSI,ALT Liver Enzyme (U/L),LBXSKSI,Potassium (mmol/L),Ratio,4899,599.0,-0.2768577270923004,8.926361142261562e-06,3618.5170116649538,-0.2671085679639208,1.271798505237551e-05,3619.5886056927447,0.08954390220037832,0.03755573459015168,3638.9157249138493,1.4247670298888793,1.0715940277909795
liver_condition_binary,Liver Condition,LBXPLTSI,Platelet Count (10^3/uL),LBXIN,Insulin (uIU/mL),Difference,2377,132.0,-0.24867808820510615,0.005816108404122958,1016.1296120442883,-0.24235620977116867,0.01308534440756629,1017.1911534610726,0.06877172597928337,0.29622285436440354,1022.799273127864,2.249845343028729,1.0615414167843937
liver_condition_binary,Liver Condition,LBXIN,Insulin (uIU/mL),LBXPLTSI,Platelet Count (10^3/uL),Difference,2377,132.0,0.24867808820510615,0.005816108404122958,1016.1296120442883,0.06877172597928337,0.29622285436440354,1022.799273127864,-0.24235620977116867,0.01308534440756629,1017.1911534610726,2.249845343028729,1.0615414167843937
high_cholesterol_binary,High Cholesterol,LBXSUA,Uric Acid (mg/dL),LBDHDD,HDL Cholesterol (mg/dL),Ratio,5382,1762.0,0.22034174323732258,1.5569421253561693e-14,6751.051736344217,0.22058959183613344,3.016543731877495e-14,6752.108782390273,-0.1263028418907309,2.8284035222551583e-05,6792.194750534431,1.9374796806833292,1.0570460460558024
liver_condition_binary,Liver Condition,LBXSUA,Uric Acid (mg/dL),LBDHDD,HDL Cholesterol (mg/dL),Ratio,4895,270.0,0.21310532707049512,0.00014376855458779416,2080.043884189453,0.21270608080085035,0.0003404407518869169,2081.0973013707567,-0.16324026439373535,0.016834399214469702,2087.4602024003925,2.3679778437156247,1.0534171813037574
hypertension_binary,Hypertension,LBXWBCSI,WBC Count (10^3/uL),LBXSKSI,Potassium (mmol/L),Ratio,5405,1899.0,0.2639484393677903,0.00020027057583512633,6995.401303448129,0.2576139657602871,0.0003986338006162636,6996.447008579382,-0.0010069332012860317,0.9718125486635755,7011.830266657263,1.990476129376293,1.0457051312532712
high_cholesterol_binary,High Cholesterol,LBXHGB,Hemoglobin (g/dL),LBXTR,Triglycerides (mg/dL),Difference,2589,865.0,-0.6427553467183934,7.569527994226276e-24,3174.765858431332,-0.017150831688583276,0.6803003933743166,3302.466348240818,0.6387997921868626,1.0889795641898092e-23,3175.8083302584573,1.4386360219823981,1.042471827125155
high_cholesterol_binary,High Cholesterol,LBXTR,Triglycerides (mg/dL),LBXHGB,Hemoglobin (g/dL),Difference,2589,865.0,0.6427553467183934,7.569527994226276e-24,3174.765858431332,0.6387997921868626,1.0889795641898092e-23,3175.8083302584573,-0.017150831688583276,0.6803003933743166,3302.466348240818,1.4386360219823981,1.042471827125155
high_cholesterol_binary,High Cholesterol,LBXSAL,Albumin (g/dL),LBXTC,Total Cholesterol (mg/dL),Difference,5385,1762.0,-0.3699343184620544,1.7761339573342948e-35,6651.989807500078,-0.14053396096346935,1.2713288145961654e-06,6789.079380056784,0.3686992920908408,2.838850640535444e-35,6653.016734841456,1.5983313808132604,1.0269273413778137
high_cholesterol_binary,High Cholesterol,LBXTC,Total Cholesterol (mg/dL),LBXSAL,Albumin (g/dL),Difference,5385,1762.0,0.3699343184620544,1.7761339573342948e-35,6651.989807500078,0.3686992920908408,2.838850640535444e-35,6653.016734841456,-0.14053396096346935,1.2713288145961654e-06,6789.079380056784,1.5983313808132604,1.0269273413778137
thyroid_binary,Thyroid Problem,LBXGLU,Fasting Glucose (mg/dL),LBXPLTSI,Platelet Count (10^3/uL),Ratio,2428,312.0,0.11544762520877018,0.027892038025334877,1861.9659806800632,0.1027478394865522,0.05337753096990881,1862.966168395762,-0.041526366730959864,0.4998089353003661,1865.9466841563562,1.9137192815177209,1.0001877156987575
stroke_binary,Stroke,LBXSKSI,Potassium (mmol/L),LBXGLU,Fasting Glucose (mg/dL),Ratio,2382,114.0,-0.21890108188495958,0.014822147395406382,913.7770233268594,0.023138466251136688,0.8089446751545648,919.4019462866776,0.17110700271100693,0.018048701632418895,914.7699208066849,1.2176846681481843,0.9928974798255013
liver_condition_binary,Liver Condition,LBXSKSI,Potassium (mmol/L),LBDHDD,HDL Cholesterol (mg/dL),Ratio,4895,270.0,0.15223727210627097,0.005153571925047257,2086.3684009706894,0.053018467144022675,0.3925141995211171,2092.7750108685455,-0.16468407341601082,0.0159777336368401,2087.3599135502245,3.1003222365415204,0.9915125795350832
heart_attack_binary,Heart Attack,LBXWBCSI,WBC Count (10^3/uL),LBXPLTSI,Platelet Count (10^3/uL),Difference,5018,246.0,0.5527144936447559,2.189584233198489e-13,1908.7751831786331,0.024147129245253834,0.5208187004673146,1967.0400994894785,-0.5570855737714707,4.781713804145191e-13,1909.7643034971638,2.183845559191018,0.9891203185306949
heart_attack_binary,Heart Attack,LBXPLTSI,Platelet Count (10^3/uL),LBXWBCSI,WBC Count (10^3/uL),Difference,5018,246.0,-0.5527144936447559,2.189584233198489e-13,1908.7751831786331,-0.5570855737714707,4.781713804145191e-13,1909.7643034971638,0.024147129245253834,0.5208187004673146,1967.0400994894785,2.183845559191018,0.9891203185306949
heart_attack_binary,Heart Attack,LBXTC,Total Cholesterol (mg/dL),LBXSCR,Creatinine Kidney (mg/dL),Difference,4902,243.0,-0.5064051305691354,1.517183226434159e-11,1888.298831821285,-0.5012166313911788,2.396304963938146e-11,1889.2842946242388,0.17088601571677178,3.2487858018640246e-06,1918.6740533035472,1.5794433540965187,0.9854628029538617
heart_attack_binary,Heart Attack,LBXSCR,Creatinine Kidney (mg/dL),LBXTC,Total Cholesterol (mg/dL),Difference,4902,243.0,0.5064051305691354,1.517183226434159e-11,1888.298831821285,0.17088601571677178,3.2487858018640246e-06,1918.6740533035472,-0.5012166313911788,2.396304963938146e-11,1889.2842946242388,1.5794433540965187,0.9854628029538617
high_cholesterol_binary,High Cholesterol,diastolic_bp,Diastolic BP (mmHg),LBXPLTSI,Platelet Count (10^3/uL),Difference,5248,1733.0,0.15907821387164778,1.4635468088573705e-07,6633.684645476462,0.025449095450578166,0.3872876632842367,6661.231863940045,-0.15637212408318138,2.398991501564649e-07,6634.656115979662,1.6391628112240597,0.9714705032001802
high_cholesterol_binary,High Cholesterol,LBXPLTSI,Platelet Count (10^3/uL),diastolic_bp,Diastolic BP (mmHg),Difference,5248,1733.0,-0.15907821387164778,1.4635468088573705e-07,6633.684645476462,-0.15637212408318138,2.398991501564649e-07,6634.656115979662,0.025449095450578166,0.3872876632842367,6661.231863940045,1.6391628112240597,0.9714705032001802
high_cholesterol_binary,High Cholesterol,LBXGLU,Fasting Glucose (mg/dL),LBXHGB,Hemoglobin (g/dL),Difference,2637,876.0,0.4679365522974276,8.991877968614978e-22,3240.936710542125,0.46569373000528563,1.2596812336011767e-21,3241.899206580013,-0.02886559573624052,0.48430928524738426,3356.3129025648213,1.40091006350168,0.9624960378878313
high_cholesterol_binary,High Cholesterol,LBXHGB,Hemoglobin (g/dL),LBXGLU,Fasting Glucose (mg/dL),Difference,2637,876.0,-0.4679365522974276,8.991877968614978e-22,3240.936710542125,-0.02886559573624052,0.48430928524738426,3356.3129025648213,0.46569373000528563,1.2596812336011767e-21,3241.899206580013,1.40091006350168,0.9624960378878313
liver_condition_binary,Liver Condition,LBXSNASI,Sodium (mmol/L),LBDHDD,HDL Cholesterol (mg/dL),Ratio,4898,270.0,0.15304317896200006,0.005575191034154419,2086.7794763967345,-0.01821245936305856,0.7706721836571333,2093.756797032681,-0.164184396161891,0.016257040419892285,2087.733940768655,2.9159611429096017,0.9544643719204942
high_cholesterol_binary,High Cholesterol,LBDHDD,HDL Cholesterol (mg/dL),LBXSNASI,Sodium (mmol/L),Ratio,5385,1762.0,-0.13085178571110198,1.4962074729770034e-05,6793.296683958211,-0.12745867109037884,2.3998503922944578e-05,6794.246479396611,0.04215487204288299,0.14770738631394711,6810.497278952758,1.6039556248970448,0.949795438399633
hypertension_binary,Hypertension,LBDHDD,HDL Cholesterol (mg/dL),LBXSNASI,Sodium (mmol/L),Difference,5407,1900.0,-0.08897474778445597,0.0022527014584599507,7005.303472354042,-0.08438654386055885,0.0037383390022219204,7006.248740546838,0.03291896319547842,0.24863272865074781,7013.456550241348,1.6594915354552213,0.945268192795993
hypertension_binary,Hypertension,LBXSNASI,Sodium (mmol/L),LBDHDD,HDL Cholesterol (mg/dL),Difference,5407,1900.0,0.08897474778445597,0.0022527014584599507,7005.303472354042,0.03291896319547842,0.24863272865074781,7013.456550241348,-0.08438654386055885,0.0037383390022219204,7006.248740546838,1.6594915354552213,0.945268192795993
thyroid_binary,Thyroid Problem,LBXSATSI,ALT Liver Enzyme (U/L),LBXSCA,Calcium (mg/dL),Ratio,4899,598.0,-0.2751492453567914,7.919433208565423e-06,3614.415324910143,-0.2692889489986479,1.1397742234984837e-05,3615.359220529488,0.09899046379817313,0.022731295529674865,3634.0881036893225,1.4392118646391736,0.9438956193448576
arthritis_binary,Arthritis,LBXSCR,Creatinine Kidney (mg/dL),LBXSNASI,Sodium (mmol/L),Ratio,4902,1524.0,0.18359898562034774,2.026870426920658e-06,6050.742096164674,0.1797453784366565,2.6950592680843796e-06,6051.684309208539,-0.01167193805121827,0.7051256407795565,6080.510525485036,1.3296652969469163,0.9422130438651948
hypertension_binary,Hypertension,LBXGLU,Fasting Glucose (mg/dL),LBXSKSI,Potassium (mmol/L),Ratio,2597,930.0,0.49853663290641603,1.2944038676984815e-22,3268.88834169614,0.49350359493026,3.362956792913426e-22,3269.8284978104903,-0.0619883557046376,0.13155152265932635,3389.87045798455,2.5980738136181105,0.9401561143504296
depression_binary,Depression,LBXSUA,Uric Acid (mg/dL),LBXSKSI,Potassium (mmol/L),Ratio,790,410.0,-0.20293018318859773,0.005051574610103248,1090.0428299496148,-0.19048068567959164,0.008315368951651216,1090.9744244104766,0.0695074605661482,0.3306470002501609,1097.084140766606,1.64609445439454,0.9315944608617883
hypertension_binary,Hypertension,LBXSKSI,Potassium (mmol/L),BMXWAIST,Waist Circumference (cm),Difference,5130,1775.0,-0.6565785510118344,1.7912254544952436e-90,6163.697528085773,-0.008709388374860919,0.766810580075844,6620.973208002786,0.6558931427187467,2.6201419139469985e-90,6164.612318556736,1.4627650067005877,0.9147904709625436
hypertension_binary,Hypertension,BMXWAIST,Waist Circumference (cm),LBXSKSI,Potassium (mmol/L),Difference,5130,1775.0,0.6565785510118344,1.7912254544952436e-90,6163.697528085773,0.6558931427187467,2.6201419139469985e-90,6164.612318556736,-0.008709388374860919,0.766810580075844,6620.973208002786,1.4627650067005877,0.9147904709625436
heart_attack_binary,Heart Attack,LBXSAL,Albumin (g/dL),LBXSBU,BUN Kidney (mg/dL),Difference,4904,243.0,-0.3993888738638052,1.2527337723226807e-18,1871.440624252698,-0.16742960025491221,0.008371478108057986,1931.2753850949969,0.3987690941534883,2.200067447388763e-18,1872.3525355862785,1.756213088523702,0.9119113335805196
heart_attack_binary,Heart Attack,LBXSBU,BUN Kidney (mg/dL),LBXSAL,Albumin (g/dL),Difference,4904,243.0,0.3993888738638052,1.2527337723226807e-18,1871.440624252698,0.3987690941534883,2.200067447388763e-18,1872.3525355862785,-0.16742960025491221,0.008371478108057986,1931.2753850949969,1.756213088523702,0.9119113335805196
thyroid_binary,Thyroid Problem,LBXSASSI,AST Liver Enzyme (U/L),LBXSNASI,Sodium (mmol/L),Difference,4888,597.0,-0.13274001906937813,0.019319451195903913,3625.9821867437936,-0.12309562552693615,0.03015547748846488,3626.8822967641627,0.05098641128242931,0.2456322999936631,3631.0978275358557,1.5608868586732116,0.9001100203690839
thyroid_binary,Thyroid Problem,LBXSNASI,Sodium (mmol/L),LBXSASSI,AST Liver Enzyme (U/L),Difference,4888,597.0,0.13274001906937813,0.019319451195903913,3625.9821867437936,0.05098641128242931,0.2456322999936631,3631.0978275358557,-0.12309562552693615,0.03015547748846488,3626.8822967641627,1.5608868586732116,0.9001100203690839
thyroid_binary,Thyroid Problem,LBXSKSI,Potassium (mmol/L),LBXSUA,Uric Acid (mg/dL),Difference,4897,598.0,0.10243324717410604,0.02205837731338272,3633.40968791008,0.09116648144572319,0.03432237496007405,3634.2991178590396,-0.07928608806860997,0.07448263611222855,3635.518840835295,1.555979139918457,0.889429948959787
thyroid_binary,Thyroid Problem,LBXSUA,Uric Acid (mg/dL),LBXSKSI,Potassium (mmol/L),Difference,4897,598.0,-0.10243324717410604,0.02205837731338272,3633.40968791008,-0.07928608806860997,0.07448263611222855,3635.518840835295,0.09116648144572319,0.03432237496007405,3634.2991178590396,1.555979139918457,0.889429948959787
thyroid_binary,Thyroid Problem,LBDHDD,HDL Cholesterol (mg/dL),LBXSATSI,ALT Liver Enzyme (U/L),Difference,4897,599.0,0.2288187429477767,1.3808692753874587e-06,3618.1947641501474,0.11764168925189307,0.004327055262473694,3634.8288190181097,-0.2669936741017909,1.276946450931123e-05,3619.078729701474,9.247410118331613,0.8839655513265825
thyroid_binary,Thyroid Problem,LBXSATSI,ALT Liver Enzyme (U/L),LBDHDD,HDL Cholesterol (mg/dL),Difference,4897,599.0,-0.2288187429477767,1.3808692753874587e-06,3618.1947641501474,-0.2669936741017909,1.276946450931123e-05,3619.078729701474,0.11764168925189307,0.004327055262473694,3634.8288190181097,9.247410118331613,0.8839655513265825
stroke_binary,Stroke,LBXHSCRP,hs-CRP Inflammation (mg/L),LBDHDD,HDL Cholesterol (mg/dL),Ratio,4898,236.0,0.15674066526677446,6.949744565596519e-05,1883.5941158903502,0.154891157248233,0.00014302562637431095,1884.4766723250837,-0.015899626261435332,0.8133986341589553,1895.8438031095357,2.057998319568952,0.8825564347334875
thyroid_binary,Thyroid Problem,LBXSUA,Uric Acid (mg/dL),LBXSKSI,Potassium (mmol/L),Ratio,4897,598.0,-0.10316781614999011,0.022618954154059862,3633.4168252866416,-0.07928608806860997,0.07448263611222855,3635.518840835295,0.09116648144572319,0.03432237496007405,3634.2991178590396,1.517416531564681,0.8822925723980006
depression_binary,Depression,LBXSCR,Creatinine Kidney (mg/dL),LBXGH,"Glycohemoglobin (HbA1c, %)",Difference,790,410.0,-0.23284458634668917,0.0031132663382972673,1088.4380078442668,-0.04823571808761262,0.5010092257807954,1097.5769499608814,0.2210666891541065,0.004681290596469293,1089.3120537674617,1.5036588867721552,0.8740459231948989
depression_binary,Depression,LBXGH,"Glycohemoglobin (HbA1c, %)",LBXSCR,Creatinine Kidney (mg/dL),Difference,790,410.0,0.23284458634668917,0.0031132663382972673,1088.4380078442668,0.2210666891541065,0.004681290596469293,1089.3120537674617,-0.04823571808761262,0.5010092257807954,1097.5769499608814,1.5036588867721552,0.8740459231948989
arthritis_binary,Arthritis,LBXSKSI,Potassium (mmol/L),LBXSATSI,ALT Liver Enzyme (U/L),Difference,4899,1524.0,0.14925636059388114,2.7773985435092454e-05,6058.91760219386,0.1258832497892235,4.342055436294665e-05,6061.689366770376,-0.14555086768687875,4.074742964115044e-05,6059.77983461605,1.4671077629955847,0.8622324221896633
arthritis_binary,Arthritis,LBXSATSI,ALT Liver Enzyme (U/L),LBXSKSI,Potassium (mmol/L),Difference,4899,1524.0,-0.14925636059388114,2.7773985435092454e-05,6058.91760219386,-0.14555086768687875,4.074742964115044e-05,6059.77983461605,0.1258832497892235,4.342055436294665e-05,6061.689366770376,1.4671077629955847,0.8622324221896633
heart_attack_binary,Heart Attack,LBDHDD,HDL Cholesterol (mg/dL),LBXSCA,Calcium (mg/dL),Ratio,4900,243.0,-0.3801596133559449,1.4868855769959054e-06,1911.7422584681274,-0.3725435608382727,2.1714648526206217e-06,1912.6019463191647,0.03156248751875165,0.630898320765283,1937.4238588930912,1.460411538195048,0.859687851037279
liver_condition_binary,Liver Condition,LBXSUA,Uric Acid (mg/dL),LBXSCA,Calcium (mg/dL),Difference,4899,270.0,0.21945543580699522,0.00020995882121935825,2080.701525253092,0.212682519739387,0.0003411692942585892,2081.5543199040458,-0.03555688431116777,0.5702172937890806,2093.63271181069,1.6249343193927843,0.8527946509539106
liver_condition_binary,Liver Condition,LBXSCA,Calcium (mg/dL),LBXSUA,Uric Acid (mg/dL),Difference,4899,270.0,-0.21945543580699522,0.00020995882121935825,2080.701525253092,-0.03555688431116777,0.5702172937890806,2093.63271181069,0.212682519739387,0.0003411692942585892,2081.5543199040458,1.6249343193927843,0.8527946509539106
depression_binary,Depression,LBXWBCSI,WBC Count (10^3/uL),LBXSAL,Albumin (g/dL),Difference,788,409.0,0.18764659338514464,0.01749089454105715,1089.130282631251,0.17361945658198724,0.027245299727127876,1089.9807270077727,-0.11757494693632459,0.10270580813608648,1092.5696501558114,1.557684752096228,0.8504443765216365
depression_binary,Depression,LBXSAL,Albumin (g/dL),LBXWBCSI,WBC Count (10^3/uL),Difference,788,409.0,-0.18764659338514464,0.01749089454105715,1089.130282631251,-0.11757494693632459,0.10270580813608648,1092.5696501558114,0.17361945658198724,0.027245299727127876,1089.9807270077727,1.557684752096228,0.8504443765216365
hypertension_binary,Hypertension,LBXSAL,Albumin (g/dL),LBXGLU,Fasting Glucose (mg/dL),Difference,2599,931.0,-0.49805896783557324,1.847684471941324e-22,3270.8735611348648,-0.19710367584710065,1.7888752872752912e-06,3371.9951462355643,0.49582123767539693,2.3517134427011816e-22,3271.7187052200175,1.2727895257085127,0.8451440851526968
hypertension_binary,Hypertension,LBXGLU,Fasting Glucose (mg/dL),LBXSAL,Albumin (g/dL),Difference,2599,931.0,0.49805896783557324,1.847684471941324e-22,3270.8735611348648,0.49582123767539693,2.3517134427011816e-22,3271.7187052200175,-0.19710367584710065,1.7888752872752912e-06,3371.9951462355643,1.2727895257085127,0.8451440851526968
heart_attack_binary,Heart Attack,LBXSBU,BUN Kidney (mg/dL),LBXSNASI,Sodium (mmol/L),Ratio,4904,243.0,0.40074706666027615,1.4727239341476642e-18,1871.5108602289572,0.3987690941534883,2.200067447388763e-18,1872.3525355862785,-0.03574117706989768,0.5853980446334168,1937.7644398645984,1.4938763446266985,0.8416753573212645
stroke_binary,Stroke,LBXGH,"Glycohemoglobin (HbA1c, %)",LBXSCA,Calcium (mg/dL),Ratio,4902,239.0,0.21396022127671024,1.5998482205189053e-05,1898.596333755886,0.20776339229130555,2.6838887236708405e-05,1899.4379410345873,-0.013806756285298892,0.835191066175228,1914.1169143069853,1.6775895920928865,0.8416072787013036
liver_condition_binary,Liver Condition,LBXSATSI,ALT Liver Enzyme (U/L),LBXSCA,Calcium (mg/dL),Ratio,4898,270.0,0.3130106866927707,1.1239522251104756e-14,2044.6851819812086,0.3097693326969904,2.065435129505853e-14,2045.5263441050913,-0.03583921826623545,0.56715919735871,2093.514181909615,1.8376538462769956,0.8411621238826683
arthritis_binary,Arthritis,LBXSATSI,ALT Liver Enzyme (U/L),LBXSCA,Calcium (mg/dL),Difference,4899,1524.0,-0.1499362006378136,2.5812452529615346e-05,6058.754239873796,-0.1463409422154447,3.742421882160794e-05,6059.592362260658,0.11341294061166805,0.0002526123687192499,6064.963436355742,1.449851337398881,0.838122386861869
arthritis_binary,Arthritis,LBXSCA,Calcium (mg/dL),LBXSATSI,ALT Liver Enzyme (U/L),Difference,4899,1524.0,0.1499362006378136,2.5812452529615346e-05,6058.754239873796,0.11341294061166805,0.0002526123687192499,6064.963436355742,-0.1463409422154447,3.742421882160794e-05,6059.592362260658,1.449851337398881,0.838122386861869
thyroid_binary,Thyroid Problem,LBXSNASI,Sodium (mmol/L),LBXSUA,Uric Acid (mg/dL),Difference,4900,598.0,0.08868443990947165,0.044076164897767174,3635.4417451341587,0.05607309643627586,0.20147977453044907,3637.883242343326,-0.07954401050380282,0.07354521231233643,3636.278955287914,1.6685937282184484,0.8372101537552226
thyroid_binary,Thyroid Problem,LBXSUA,Uric Acid (mg/dL),LBXSNASI,Sodium (mmol/L),Difference,4900,598.0,-0.08868443990947165,0.044076164897767174,3635.4417451341587,-0.07954401050380282,0.07354521231233643,3636.278955287914,0.05607309643627586,0.20147977453044907,3637.883242343326,1.6685937282184484,0.8372101537552226
diabetes_binary,Diabetes,LBXHGB,Hemoglobin (g/dL),LBXTR,Triglycerides (mg/dL),Difference,2832,411.0,-0.3914325444172643,1.7419089191156813e-11,2294.1790563445397,-0.12076661180627589,0.021028199417211374,2344.5554813199233,0.38775536797461985,2.4208702042508608e-11,2295.0066830867527,1.3897800152948694,0.8276267422129422
diabetes_binary,Diabetes,LBXTR,Triglycerides (mg/dL),LBXHGB,Hemoglobin (g/dL),Difference,2832,411.0,0.3914325444172643,1.7419089191156813e-11,2294.1790563445397,0.38775536797461985,2.4208702042508608e-11,2295.0066830867527,-0.12076661180627589,0.021028199417211374,2344.5554813199233,1.3897800152948694,0.8276267422129422
stroke_binary,Stroke,LBXPLTSI,Platelet Count (10^3/uL),BMXBMI,Body Mass Index (kg/m2),Difference,4942,231.0,-0.22324735788285785,0.0021359578914943223,1860.3037452275917,-0.21358197148535768,0.003283069370515223,1861.1283420109744,0.056223706299721135,0.3885371315008386,1869.4587711346653,1.5370477964892737,0.8245967833827308
stroke_binary,Stroke,BMXBMI,Body Mass Index (kg/m2),LBXPLTSI,Platelet Count (10^3/uL),Difference,4942,231.0,0.22324735788285785,0.0021359578914943223,1860.3037452275917,0.056223706299721135,0.3885371315008386,1869.4587711346653,-0.21358197148535768,0.003283069370515223,1861.1283420109744,1.5370477964892737,0.8245967833827308
stroke_binary,Stroke,LBXSCA,Calcium (mg/dL),BMXWAIST,Waist Circumference (cm),Ratio,4650,210.0,-0.23638517547292456,0.0014215527600140237,1704.7998441860152,0.01325700948407101,0.851044158025132,1715.2910810369249,0.21371258577906363,0.0015841625292523018,1705.6126746094412,1.1143888386081948,0.8128304234260213
high_cholesterol_binary,High Cholesterol,LBXSCA,Calcium (mg/dL),LBDHDD,HDL Cholesterol (mg/dL),Difference,5382,1762.0,0.1292083241434736,1.884333653431593e-05,6791.383493836154,0.10505163650622569,0.0003163373499543373,6797.1898505882145,-0.1263028418907309,2.8284035222551583e-05,6792.194750534431,1.501009928419154,0.8112566982763383
high_cholesterol_binary,High Cholesterol,LBDHDD,HDL Cholesterol (mg/dL),LBXSCA,Calcium (mg/dL),Difference,5382,1762.0,-0.1292083241434736,1.884333653431593e-05,6791.383493836154,-0.1263028418907309,2.8284035222551583e-05,6792.194750534431,0.10505163650622569,0.0003163373499543373,6797.1898505882145,1.501009928419154,0.8112566982763383
heart_attack_binary,Heart Attack,LBXIN,Insulin (uIU/mL),LBXSATSI,ALT Liver Enzyme (U/L),Ratio,2375,126.0,0.16870124846567378,0.0010591358905530064,980.03801570438,0.1702003041576775,0.0017417943871364608,980.8486122523785,-0.0994006599006344,0.34423133037832454,988.204874179178,1.644542879409948,0.8105965479985571
depression_binary,Depression,LBXSUA,Uric Acid (mg/dL),LBXSCA,Calcium (mg/dL),Ratio,790,410.0,-0.20136773380632184,0.005404685246719058,1090.1662540173418,-0.19048068567959164,0.008315368951651216,1090.9744244104766,0.08503985252701306,0.235221911261149,1096.6166813010407,1.538548235847611,0.8081703931347874
diabetes_binary,Diabetes,LBXHSCRP,hs-CRP Inflammation (mg/L),LBXSNASI,Sodium (mmol/L),Ratio,5884,797.0,0.25330010858348473,9.10824970288991e-16,4604.2256753817,0.250390713094557,1.2786837629232882e-15,4605.0294486453895,-0.10929766367180895,0.003906320058442507,4663.136329170987,1.4038742948797078,0.8037732636894361
liver_condition_binary,Liver Condition,LBXHSCRP,hs-CRP Inflammation (mg/L),LBDHDD,HDL Cholesterol (mg/dL),Difference,4891,270.0,0.1618395764150182,0.008006416903552587,2086.1916132864294,0.0635318327522514,0.19972880863456088,2091.6327862917383,-0.1634233556523423,0.016742923891126082,2086.994905101502,2.091188117333355,0.8032918150724981
liver_condition_binary,Liver Condition,LBDHDD,HDL Cholesterol (mg/dL),LBXHSCRP,hs-CRP Inflammation (mg/L),Difference,4891,270.0,-0.1618395764150182,0.008006416903552587,2086.1916132864294,-0.1634233556523423,0.016742923891126082,2086.994905101502,0.0635318327522514,0.19972880863456088,2091.6327862917383,2.091188117333355,0.8032918150724981
liver_condition_binary,Liver Condition,LBXGH,"Glycohemoglobin (HbA1c, %)",LBXSCA,Calcium (mg/dL),Ratio,4895,270.0,0.1739591528195035,0.00044638211345680596,2082.86145040916,0.16738574074388918,0.0007309212042005998,2083.6530847479753,-0.035098096722116875,0.5752162784609941,2093.1872823636127,1.6374338983708567,0.791634338815129
heart_attack_binary,Heart Attack,LBXSUA,Uric Acid (mg/dL),LBXSNASI,Sodium (mmol/L),Ratio,4904,243.0,0.3191478975742459,1.643954583549114e-07,1911.9042264914365,0.3143255746941225,2.4905934662096466e-07,1912.6830546138576,-0.03574117706989768,0.5853980446334168,1937.7644398645984,1.515001382114057,0.778828122421146
stroke_binary,Stroke,LBXGLU,Fasting Glucose (mg/dL),diastolic_bp,Diastolic BP (mmHg),Difference,2312,107.0,0.18185486089886183,0.016085652247636407,865.7115233660202,0.16602572687355382,0.02670829711962024,866.4748015688473,-0.0942611932456201,0.3256924761564456,869.6562963519552,1.6603801144305295,0.7632782028271095
stroke_binary,Stroke,diastolic_bp,Diastolic BP (mmHg),LBXGLU,Fasting Glucose (mg/dL),Difference,2312,107.0,-0.18185486089886183,0.016085652247636407,865.7115233660202,-0.0942611932456201,0.3256924761564456,869.6562963519552,0.16602572687355382,0.02670829711962024,866.4748015688473,1.6603801144305295,0.7632782028271095
arthritis_binary,Arthritis,LBXSUA,Uric Acid (mg/dL),LBXSNASI,Sodium (mmol/L),Ratio,4900,1524.0,0.16338097463739254,9.808714338256369e-08,6050.775038092132,0.1611801342431025,1.4548551414729376e-07,6051.537096930177,-0.011741846339748431,0.7034682195062347,6079.019025632121,1.4832271501665097,0.7620588380450499
thyroid_binary,Thyroid Problem,LBXSAL,Albumin (g/dL),systolic_bp,Systolic BP (mmHg),Difference,4672,570.0,-0.2768635169656699,1.6421988198965925e-11,3426.3522351156084,-0.1826734833794498,2.7542418097169013e-05,3452.3541489618415,0.2746234715204539,2.4666212634489456e-11,3427.1021454847073,1.5020235269711533,0.7499103690988704
thyroid_binary,Thyroid Problem,systolic_bp,Systolic BP (mmHg),LBXSAL,Albumin (g/dL),Difference,4672,570.0,0.2768635169656699,1.6421988198965925e-11,3426.3522351156084,0.2746234715204539,2.4666212634489456e-11,3427.1021454847073,-0.1826734833794498,2.7542418097169013e-05,3452.3541489618415,1.5020235269711533,0.7499103690988704
high_cholesterol_binary,High Cholesterol,LBXIN,Insulin (uIU/mL),LBDHDD,HDL Cholesterol (mg/dL),Difference,2579,863.0,0.13833595775402996,0.0011144485175239248,3280.636160696343,0.13506931890992063,0.0023432128220020458,3281.373701532091,-0.07455504698258365,0.0802754900848859,3288.6354908988096,2.1025761039264355,0.7375408357484048
high_cholesterol_binary,High Cholesterol,LBDHDD,HDL Cholesterol (mg/dL),LBXIN,Insulin (uIU/mL),Difference,2579,863.0,-0.13833595775402996,0.0011144485175239248,3280.636160696343,-0.07455504698258365,0.0802754900848859,3288.6354908988096,0.13506931890992063,0.0023432128220020458,3281.373701532091,2.1025761039264355,0.7375408357484048
liver_condition_binary,Liver Condition,LBXSUA,Uric Acid (mg/dL),LBXPLTSI,Platelet Count (10^3/uL),Difference,4896,269.0,0.315292100135854,5.526164105638093e-06,2065.9574220291624,0.218261106940529,0.00023871927166831727,2074.891304240289,-0.3097562498673294,7.895923775958241e-06,2066.6945623793426,1.4288254248371652,0.7371403501801979
liver_condition_binary,Liver Condition,LBXPLTSI,Platelet Count (10^3/uL),LBXSUA,Uric Acid (mg/dL),Difference,4896,269.0,-0.315292100135854,5.526164105638093e-06,2065.9574220291624,-0.3097562498673294,7.895923775958241e-06,2066.6945623793426,0.218261106940529,0.00023871927166831727,2074.891304240289,1.4288254248371652,0.7371403501801979
liver_condition_binary,Liver Condition,LBXSUA,Uric Acid (mg/dL),LBXSCR,Creatinine Kidney (mg/dL),Ratio,4899,270.0,0.21364569191077235,0.0001887884555800564,2080.8294468131503,0.212682519739387,0.0003411692942585892,2081.5543199040458,0.026786843679520556,0.6195414994144111,2093.7315648788117,1.8071512540866945,0.7248730908954713
stroke_binary,Stroke,LBDLDL,LDL Cholesterol (mg/dL),LBXWBCSI,WBC Count (10^3/uL),Difference,2365,111.0,-0.30088110529976253,0.004754210851577426,891.3582419788358,-0.286885349533942,0.006876745942167377,892.0830468253316,0.16656461644156156,0.0338332454954836,895.8755288794957,1.4464537137400424,0.7248048464957719
stroke_binary,Stroke,LBXWBCSI,WBC Count (10^3/uL),LBDLDL,LDL Cholesterol (mg/dL),Difference,2365,111.0,0.30088110529976253,0.004754210851577426,891.3582419788358,0.16656461644156156,0.0338332454954836,895.8755288794957,-0.286885349533942,0.006876745942167377,892.0830468253316,1.4464537137400424,0.7248048464957719
liver_condition_binary,Liver Condition,LBXSCA,Calcium (mg/dL),LBDHDD,HDL Cholesterol (mg/dL),Ratio,4895,270.0,0.1506252039617919,0.006802057110446287,2086.73845906293,-0.03521546506272456,0.5739369297553953,2093.1851765548276,-0.16324026439373535,0.016834399214469702,2087.4602024003925,2.4748982463872884,0.7217433374626125
stroke_binary,Stroke,LBXSASSI,AST Liver Enzyme (U/L),LBXIN,Insulin (uIU/mL),Difference,2371,114.0,-0.17026389182032334,0.006627208606769852,912.3789706607827,-0.08253799871734571,0.4854928492111491,917.8239190626978,0.1445609639288577,0.009692461080661855,913.0958627389524,1.462525424469176,0.7168920781697352
stroke_binary,Stroke,LBXIN,Insulin (uIU/mL),LBXSASSI,AST Liver Enzyme (U/L),Difference,2371,114.0,0.17026389182032334,0.006627208606769852,912.3789706607827,0.1445609639288577,0.009692461080661855,913.0958627389524,-0.08253799871734571,0.4854928492111491,917.8239190626978,1.462525424469176,0.7168920781697352
hypertension_binary,Hypertension,LBXHGB,Hemoglobin (g/dL),LBXTR,Triglycerides (mg/dL),Difference,2606,931.0,-0.2590099210148666,8.322266176351046e-07,3371.677886016202,-0.1114807359157643,0.006294508259548299,3393.8221948683777,0.2550807657149843,1.1082697144955415e-06,3372.3845856986127,1.3316922230207613,0.7066996824105445
hypertension_binary,Hypertension,LBXTR,Triglycerides (mg/dL),LBXHGB,Hemoglobin (g/dL),Difference,2606,931.0,0.2590099210148666,8.322266176351046e-07,3371.677886016202,0.2550807657149843,1.1082697144955415e-06,3372.3845856986127,-0.1114807359157643,0.006294508259548299,3393.8221948683777,1.3316922230207613,0.7066996824105445
thyroid_binary,Thyroid Problem,LBXSATSI,ALT Liver Enzyme (U/L),LBXSCA,Calcium (mg/dL),Difference,4899,598.0,-0.2743178141419866,8.755946865832037e-06,3614.654288886644,-0.2692889489986479,1.1397742234984837e-05,3615.359220529488,0.09899046379817313,0.022731295529674865,3634.0881036893225,1.301714413030733,0.704931642844258
thyroid_binary,Thyroid Problem,LBXSCA,Calcium (mg/dL),LBXSATSI,ALT Liver Enzyme (U/L),Difference,4899,598.0,0.2743178141419866,8.755946865832037e-06,3614.654288886644,0.09899046379817313,0.022731295529674865,3634.0881036893225,-0.2692889489986479,1.1397742234984837e-05,3615.359220529488,1.301714413030733,0.704931642844258
hypertension_binary,Hypertension,LBXHGB,Hemoglobin (g/dL),LBXSNASI,Sodium (mmol/L),Ratio,5408,1900.0,-0.11478840687218973,5.486990115706285e-05,6999.360832217695,-0.11226231583851326,7.921945111982463e-05,7000.062416041274,0.03383078330077742,0.23577088869177276,7014.247426579992,1.4437687958114265,0.7015838235793126
high_cholesterol_binary,High Cholesterol,LBXHGB,Hemoglobin (g/dL),LBDLDL,LDL Cholesterol (mg/dL),Difference,2565,848.0,-0.30552245019678975,6.837272142836095e-13,3206.544631614095,-0.02195087439677487,0.6004599853445081,3259.2535160723064,0.30348090322439425,9.524041515874848e-13,3207.237991562045,1.392959255812843,0.6933599479498298
high_cholesterol_binary,High Cholesterol,LBDLDL,LDL Cholesterol (mg/dL),LBXHGB,Hemoglobin (g/dL),Difference,2565,848.0,0.30552245019678975,6.837272142836095e-13,3206.544631614095,0.30348090322439425,9.524041515874848e-13,3207.237991562045,-0.02195087439677487,0.6004599853445081,3259.2535160723064,1.392959255812843,0.6933599479498298
liver_condition_binary,Liver Condition,LBXGLU,Fasting Glucose (mg/dL),diastolic_bp,Diastolic BP (mmHg),Difference,2306,129.0,0.23779191720987808,0.0002681098474947606,987.637000871966,0.22622745230545932,0.0003886041505067722,988.3291406701882,-0.07856829912315509,0.37400791958270596,997.8008754234727,1.4494213999892946,0.6921397982221151
liver_condition_binary,Liver Condition,diastolic_bp,Diastolic BP (mmHg),LBXGLU,Fasting Glucose (mg/dL),Difference,2306,129.0,-0.23779191720987808,0.0002681098474947606,987.637000871966,-0.07856829912315509,0.37400791958270596,997.8008754234727,0.22622745230545932,0.0003886041505067722,988.3291406701882,1.4494213999892946,0.6921397982221151
high_cholesterol_binary,High Cholesterol,LBXSATSI,ALT Liver Enzyme (U/L),LBDHDD,HDL Cholesterol (mg/dL),Difference,5383,1761.0,0.12404924399844215,1.7717720180258145e-05,6791.003539396859,0.06875869829981644,0.015222879522703466,6803.695791538064,-0.1257855834794326,3.047069485553214e-05,6791.694078219882,1.7197864367157076,0.6905388230225071
high_cholesterol_binary,High Cholesterol,LBDHDD,HDL Cholesterol (mg/dL),LBXSATSI,ALT Liver Enzyme (U/L),Difference,5383,1761.0,-0.12404924399844215,1.7717720180258145e-05,6791.003539396859,-0.1257855834794326,3.047069485553214e-05,6791.694078219882,0.06875869829981644,0.015222879522703466,6803.695791538064,1.7197864367157076,0.6905388230225071
heart_attack_binary,Heart Attack,BMXWAIST,Waist Circumference (cm),LBDHDD,HDL Cholesterol (mg/dL),Ratio,4668,217.0,0.3336686453538331,1.5473890184702716e-08,1730.2730951462595,0.35451847003055015,5.1074804964728827e-08,1730.951113170297,-0.3813708128747472,5.0432516093864916e-06,1736.2000783123685,3.3007087652218643,0.6780180240375557
liver_condition_binary,Liver Condition,LBDHDD,HDL Cholesterol (mg/dL),BMXBMI,Body Mass Index (kg/m2),Ratio,4846,263.0,-0.23103215468606994,0.0014736639415354714,2037.0379301928663,-0.22088718809062438,0.0018850812990697443,2037.7135713498797,0.10405345423380849,0.08104499605182507,2045.1743272294411,1.2791799038698064,0.6756411570133878
stroke_binary,Stroke,LBXTC,Total Cholesterol (mg/dL),LBXSNASI,Sodium (mmol/L),Difference,4905,238.0,-0.2583501454725535,0.0002920597438709363,1894.7761509180282,-0.25169499340647966,0.0004101158557164721,1895.451278407438,0.1153033110451905,0.08649045406490019,1905.5517106686002,1.4042190487495112,0.6751274894097605
stroke_binary,Stroke,LBXSNASI,Sodium (mmol/L),LBXTC,Total Cholesterol (mg/dL),Difference,4905,238.0,0.2583501454725535,0.0002920597438709363,1894.7761509180282,0.1153033110451905,0.08649045406490019,1905.5517106686002,-0.25169499340647966,0.0004101158557164721,1895.451278407438,1.4042190487495112,0.6751274894097605
depression_binary,Depression,LBXWBCSI,WBC Count (10^3/uL),LBXSCR,Creatinine Kidney (mg/dL),Ratio,788,409.0,0.17695842920238505,0.01623534166525355,1089.3096883422622,0.17361945658198724,0.027245299727127876,1089.9807270077727,-0.053401093122175836,0.45770688219249744,1094.7009468061935,1.6781476047059452,0.671038665510423
heart_attack_binary,Heart Attack,LBXSAL,Albumin (g/dL),LBXSASSI,AST Liver Enzyme (U/L),Ratio,4892,243.0,-0.18031116354947255,0.006597575007447445,1929.4223619903214,-0.16698426010443934,0.00856487810547654,1930.0929828571388,0.017603033323443394,0.7784196730322379,1936.7633576450837,1.2981857873246416,0.670620866817444
heart_attack_binary,Heart Attack,LBXSKSI,Potassium (mmol/L),LBXTC,Total Cholesterol (mg/dL),Difference,4900,243.0,0.5037646419253412,1.8150115150336795e-11,1888.5061770104094,0.33629488967844,4.470438088974274e-08,1909.031293774693,-0.500180614145574,2.4610880637193214e-11,1889.1714506661674,1.3559627822381355,0.6652736557580283
heart_attack_binary,Heart Attack,LBXTC,Total Cholesterol (mg/dL),LBXSKSI,Potassium (mmol/L),Difference,4900,243.0,-0.5037646419253412,1.8150115150336795e-11,1888.5061770104094,-0.500180614145574,2.4610880637193214e-11,1889.1714506661674,0.33629488967844,4.470438088974274e-08,1909.031293774693,1.3559627822381355,0.6652736557580283
stroke_binary,Stroke,LBXSATSI,ALT Liver Enzyme (U/L),BMXBMI,Body Mass Index (kg/m2),Ratio,4830,227.0,-0.3646769443443787,0.0006012505962216539,1820.0329300991566,-0.35694297137159475,0.0008132613618419796,1820.6947174135717,0.048826146263120644,0.4598716111718949,1834.798398724761,1.3526163083290597,0.6617873144150508
arthritis_binary,Arthritis,LBXTR,Triglycerides (mg/dL),LBXSASSI,AST Liver Enzyme (U/L),Difference,2367,751.0,0.11146058848690656,0.009899996977265412,2955.1050376474536,0.10572734714661447,0.014174151514409044,2955.7619787856725,-0.040224775547109404,0.39033594040062713,2961.041321716891,1.4317329133492567,0.6569411382188264
arthritis_binary,Arthritis,LBXSASSI,AST Liver Enzyme (U/L),LBXTR,Triglycerides (mg/dL),Difference,2367,751.0,-0.11146058848690656,0.009899996977265412,2955.1050376474536,-0.040224775547109404,0.39033594040062713,2961.041321716891,0.10572734714661447,0.014174151514409044,2955.7619787856725,1.4317329133492567,0.6569411382188264
liver_condition_binary,Liver Condition,BMXWAIST,Waist Circumference (cm),LBXSNASI,Sodium (mmol/L),Difference,4645,252.0,0.2221051263600626,0.0003447648167749541,1950.3152543220222,0.2162428471821549,0.0004949934652945041,1950.9711013520337,-0.05771726137382614,0.36948930668589297,1961.988226236214,1.4357423994850729,0.6558470300115005
liver_condition_binary,Liver Condition,LBXSNASI,Sodium (mmol/L),BMXWAIST,Waist Circumference (cm),Difference,4645,252.0,-0.2221051263600626,0.0003447648167749541,1950.3152543220222,-0.05771726137382614,0.36948930668589297,1961.988226236214,0.2162428471821549,0.0004949934652945041,1950.9711013520337,1.4357423994850729,0.6558470300115005
thyroid_binary,Thyroid Problem,LBXSUA,Uric Acid (mg/dL),LBXSAPSI,Alkaline Phosphatase (U/L),Difference,4899,598.0,-0.14020520323406185,0.000306610437196873,3626.713373680179,-0.07919938856668249,0.0747861901972993,3636.0464625066998,0.13666621368291298,0.0004360225705782197,3627.3684292503426,1.4220734772256034,0.6550555701637677
thyroid_binary,Thyroid Problem,LBXSAPSI,Alkaline Phosphatase (U/L),LBXSUA,Uric Acid (mg/dL),Difference,4899,598.0,0.14020520323406185,0.000306610437196873,3626.713373680179,0.13666621368291298,0.0004360225705782197,3627.3684292503426,-0.07919938856668249,0.0747861901972993,3636.0464625066998,1.4220734772256034,0.6550555701637677
high_cholesterol_binary,High Cholesterol,LBXIN,Insulin (uIU/mL),LBDHDD,HDL Cholesterol (mg/dL),Ratio,2579,863.0,0.13756231352505668,0.0015105599129628209,3280.71996131782,0.13506931890992063,0.0023432128220020458,3281.373701532091,-0.07455504698258365,0.0802754900848859,3288.6354908988096,1.551221372878918,0.6537402142712381
arthritis_binary,Arthritis,LBXGLU,Fasting Glucose (mg/dL),LBXSAL,Albumin (g/dL),Difference,2379,755.0,0.2950767792884585,2.825981112052688e-11,2929.621185804316,0.29290340919748387,3.706458265643719e-11,2930.2709630581485,-0.26392446666503994,3.406596010248589e-09,2941.423812492826,1.31156512328969,0.6497772538323261
arthritis_binary,Arthritis,LBXSAL,Albumin (g/dL),LBXGLU,Fasting Glucose (mg/dL),Difference,2379,755.0,-0.2950767792884585,2.825981112052688e-11,2929.621185804316,-0.26392446666503994,3.406596010248589e-09,2941.423812492826,0.29290340919748387,3.706458265643719e-11,2930.2709630581485,1.31156512328969,0.6497772538323261
thyroid_binary,Thyroid Problem,diastolic_bp,Diastolic BP (mmHg),LBXSKSI,Potassium (mmol/L),Ratio,4669,570.0,-0.13151306048303416,0.003184252156446165,3460.2054615386555,-0.12428533622282918,0.004222187221246545,3460.855102263935,0.08938159302747888,0.04281528313469278,3464.8193936833463,1.3259588166405716,0.6496407252793688
arthritis_binary,Arthritis,LBXIN,Insulin (uIU/mL),LBDLDL,LDL Cholesterol (mg/dL),Ratio,2352,744.0,0.13127410124799346,0.006211171844715515,2930.8539896263965,0.12521012463887346,0.006832047243975708,2931.503311868745,-0.06303179185082644,0.1597358517140537,2937.630373392255,1.099961072529081,0.6493222423487168
liver_condition_binary,Liver Condition,LBXSCR,Creatinine Kidney (mg/dL),LBXSBU,BUN Kidney (mg/dL),Difference,4899,270.0,-0.17632016359711877,0.0006736030754604572,2083.7294333479667,0.026786843679520556,0.6195414994144111,2093.7315648788117,0.1695864563758633,0.0009612282353252191,2084.3722428931446,1.4269950217613674,0.6428095451778972
liver_condition_binary,Liver Condition,LBXSBU,BUN Kidney (mg/dL),LBXSCR,Creatinine Kidney (mg/dL),Difference,4899,270.0,0.17632016359711877,0.0006736030754604572,2083.7294333479667,0.1695864563758633,0.0009612282353252191,2084.3722428931446,0.026786843679520556,0.6195414994144111,2093.7315648788117,1.4269950217613674,0.6428095451778972
high_cholesterol_binary,High Cholesterol,LBXSAPSI,Alkaline Phosphatase (U/L),LBXHGB,Hemoglobin (g/dL),Ratio,5384,1761.0,0.10907128875307176,0.00012869861590231584,6795.71874069218,0.10710430761828364,0.00019407719822373326,6796.3596460279605,-0.007421178082647119,0.7982761245859549,6810.297008206693,1.5079975558636989,0.6409053357801895
high_cholesterol_binary,High Cholesterol,LBXPLTSI,Platelet Count (10^3/uL),LBXSNASI,Sodium (mmol/L),Ratio,5386,1762.0,-0.1691596118235491,1.972116349819819e-08,6780.970834875699,-0.1674820402430403,2.7137147603295174e-08,6781.611368671463,0.04310374330543593,0.13881376661098171,6811.194217851138,1.376041915872486,0.6405337957639858
liver_condition_binary,Liver Condition,LBXSAL,Albumin (g/dL),LBXSATSI,ALT Liver Enzyme (U/L),Difference,4900,270.0,-0.31117093560906045,1.3976192286885107e-14,2045.0938803882163,-0.1417654776716184,0.019823795747678397,2088.7445133130523,0.30981963936323953,2.0300056876638725e-14,2045.7259681851933,1.4524740687553195,0.6320877969769754
liver_condition_binary,Liver Condition,LBXSATSI,ALT Liver Enzyme (U/L),LBXSAL,Albumin (g/dL),Difference,4900,270.0,0.31117093560906045,1.3976192286885107e-14,2045.0938803882163,0.30981963936323953,2.0300056876638725e-14,2045.7259681851933,-0.1417654776716184,0.019823795747678397,2088.7445133130523,1.4524740687553195,0.6320877969769754
arthritis_binary,Arthritis,LBXIN,Insulin (uIU/mL),LBXSASSI,AST Liver Enzyme (U/L),Difference,2366,750.0,0.14035027095425395,0.0025821437155245457,2949.585247702659,0.13365723561411136,0.003824415216904973,2950.2151355864244,-0.041276919102962405,0.3790992441982214,2958.706194519471,1.4811008364528881,0.62988788376515
arthritis_binary,Arthritis,LBXSASSI,AST Liver Enzyme (U/L),LBXIN,Insulin (uIU/mL),Difference,2366,750.0,-0.14035027095425395,0.0025821437155245457,2949.585247702659,-0.041276919102962405,0.3790992441982214,2958.706194519471,0.13365723561411136,0.003824415216904973,2950.2151355864244,1.4811008364528881,0.62988788376515
liver_condition_binary,Liver Condition,BMXWAIST,Waist Circumference (cm),LBXSNASI,Sodium (mmol/L),Ratio,4645,252.0,0.22154041122562151,0.0003470817760979877,1950.3441891124444,0.2162428471821549,0.0004949934652945041,1950.9711013520337,-0.05771726137382614,0.36948930668589297,1961.988226236214,1.4261580393513895,0.6269122395892737
heart_attack_binary,Heart Attack,BMXBMI,Body Mass Index (kg/m2),LBDLDL,LDL Cholesterol (mg/dL),Difference,2320,119.0,0.49777294016893625,3.7430564029336427e-06,919.4293712194883,0.06617616167321581,0.4639494001314002,942.1744798502785,-0.4934514584181541,5.378073819492151e-06,920.0533295268942,1.4368134595238944,0.6239583074059283
heart_attack_binary,Heart Attack,LBDLDL,LDL Cholesterol (mg/dL),BMXBMI,Body Mass Index (kg/m2),Difference,2320,119.0,-0.49777294016893625,3.7430564029336427e-06,919.4293712194883,-0.4934514584181541,5.378073819492151e-06,920.0533295268942,0.06617616167321581,0.4639494001314002,942.1744798502785,1.4368134595238944,0.6239583074059283
high_cholesterol_binary,High Cholesterol,LBXSNASI,Sodium (mmol/L),LBXPLTSI,Platelet Count (10^3/uL),Difference,5386,1762.0,0.16912989749019885,1.9958745472573368e-08,6780.991267851267,0.04310374330543593,0.13881376661098171,6811.194217851138,-0.1674820402430403,2.7137147603295174e-08,6781.611368671463,1.3596619908092982,0.6201008201960576
high_cholesterol_binary,High Cholesterol,LBXPLTSI,Platelet Count (10^3/uL),LBXSNASI,Sodium (mmol/L),Difference,5386,1762.0,-0.16912989749019885,1.9958745472573368e-08,6780.991267851267,-0.1674820402430403,2.7137147603295174e-08,6781.611368671463,0.04310374330543593,0.13881376661098171,6811.194217851138,1.3596619908092982,0.6201008201960576
heart_attack_binary,Heart Attack,LBXPLTSI,Platelet Count (10^3/uL),LBXSCR,Creatinine Kidney (mg/dL),Difference,4903,243.0,-0.5527285610123047,7.941148595637215e-13,1881.5900668680454,-0.5496145080662695,1.0563019946202657e-12,1882.2090532556258,0.171065644275504,3.1763182632079973e-06,1918.7216697191616,1.3301627364089208,0.6189863875804349
heart_attack_binary,Heart Attack,LBXSCR,Creatinine Kidney (mg/dL),LBXPLTSI,Platelet Count (10^3/uL),Difference,4903,243.0,0.5527285610123047,7.941148595637215e-13,1881.5900668680454,0.171065644275504,3.1763182632079973e-06,1918.7216697191616,-0.5496145080662695,1.0563019946202657e-12,1882.2090532556258,1.3301627364089208,0.6189863875804349
stroke_binary,Stroke,LBXTC,Total Cholesterol (mg/dL),LBXSNASI,Sodium (mmol/L),Ratio,4905,238.0,-0.2582339978810758,0.0003041006227335841,1894.8356939875625,-0.25169499340647966,0.0004101158557164721,1895.451278407438,0.1153033110451905,0.08649045406490019,1905.5517106686002,1.34861892760991,0.6155844198754039
stroke_binary,Stroke,LBXSCR,Creatinine Kidney (mg/dL),LBXSKSI,Potassium (mmol/L),Ratio,4905,239.0,0.24261256283794028,3.6705077957946474e-09,1876.408888062501,0.23950369294528304,1.1816686840627583e-08,1877.0136520097453,0.1061485957999952,0.10226614276964818,1911.827950577884,3.2193602351604125,0.604763947244237
arthritis_binary,Arthritis,LBXTC,Total Cholesterol (mg/dL),LBXIN,Insulin (uIU/mL),Ratio,2376,752.0,-0.1514543323686038,0.0037701066736807605,2960.739183037579,0.02948551297525148,0.5023715631281389,2969.7578499283127,0.13003588130897642,0.004611180123197714,2961.3274608737242,1.2230900932826423,0.5882778361451528
liver_condition_binary,Liver Condition,LBXSBU,BUN Kidney (mg/dL),LBXSAL,Albumin (g/dL),Difference,4899,270.0,0.17363878079538145,0.0006504189657743937,2083.784552166216,0.1695864563758633,0.0009612282353252191,2084.3722428931446,-0.14140308299992552,0.020158279577383875,2088.659315468346,1.4778600961931878,0.5876907269284857
liver_condition_binary,Liver Condition,LBXSAL,Albumin (g/dL),LBXSBU,BUN Kidney (mg/dL),Difference,4899,270.0,-0.17363878079538145,0.0006504189657743937,2083.784552166216,-0.14140308299992552,0.020158279577383875,2088.659315468346,0.1695864563758633,0.0009612282353252191,2084.3722428931446,1.4778600961931878,0.5876907269284857
stroke_binary,Stroke,LBXIN,Insulin (uIU/mL),LBXSKSI,Potassium (mmol/L),Ratio,2379,114.0,0.15155792334880253,0.00586389965227182,913.249011762655,0.14499880692810177,0.009361870319571893,913.8322351150855,0.02530600038310152,0.7914039424625453,919.096046142594,1.5965263518697617,0.5832233524305366
high_cholesterol_binary,High Cholesterol,LBXTR,Triglycerides (mg/dL),LBXPLTSI,Platelet Count (10^3/uL),Difference,2589,865.0,0.5840972391992463,1.4719072622733929e-24,3175.2288228856405,0.6387997921868626,1.0889795641898092e-23,3175.8083302584573,-0.16425026955446653,0.00014834798292518263,3287.815860952658,7.398425105314423,0.5795073728168063
high_cholesterol_binary,High Cholesterol,LBXPLTSI,Platelet Count (10^3/uL),LBXTR,Triglycerides (mg/dL),Difference,2589,865.0,-0.5840972391992463,1.4719072622733929e-24,3175.2288228856405,-0.16425026955446653,0.00014834798292518263,3287.815860952658,0.6387997921868626,1.0889795641898092e-23,3175.8083302584573,7.398425105314423,0.5795073728168063
liver_condition_binary,Liver Condition,LBXSASSI,AST Liver Enzyme (U/L),LBXSAL,Albumin (g/dL),Difference,4887,269.0,0.2753841262593101,8.653935392560346e-13,2042.3815944381759,0.2742846655424148,1.1955581020402399e-12,2042.9555687441243,-0.14209179224977153,0.019773375116247414,2081.582178175567,1.3815195605320125,0.5739743059484681
liver_condition_binary,Liver Condition,LBXSAL,Albumin (g/dL),LBXSASSI,AST Liver Enzyme (U/L),Difference,4887,269.0,-0.2753841262593101,8.653935392560346e-13,2042.3815944381759,-0.14209179224977153,0.019773375116247414,2081.582178175567,0.2742846655424148,1.1955581020402399e-12,2042.9555687441243,1.3815195605320125,0.5739743059484681
heart_attack_binary,Heart Attack,BMXWAIST,Waist Circumference (cm),LBXSNASI,Sodium (mmol/L),Ratio,4649,217.0,0.3572537849434215,3.738116245639474e-08,1728.6037788605947,0.3544314462478898,5.239337180934499e-08,1729.177631649497,-0.047498436053825664,0.4919263139336586,1757.2367911589008,1.4015982480604248,0.5738527889022862
heart_attack_binary,Heart Attack,LBXHGB,Hemoglobin (g/dL),diastolic_bp,Diastolic BP (mmHg),Difference,4781,231.0,0.2682526685199878,1.0096286299962519e-05,1836.4482396280473,-0.0024163289631014555,0.9714089701397048,1854.507567363185,-0.264001051568412,1.4065418955863987e-05,1837.0205681943253,1.3931279817130586,0.5723285662779745
heart_attack_binary,Heart Attack,diastolic_bp,Diastolic BP (mmHg),LBXHGB,Hemoglobin (g/dL),Difference,4781,231.0,-0.2682526685199878,1.0096286299962519e-05,1836.4482396280473,-0.264001051568412,1.4065418955863987e-05,1837.0205681943253,-0.0024163289631014555,0.9714089701397048,1854.507567363185,1.3931279817130586,0.5723285662779745
liver_condition_binary,Liver Condition,BMXBMI,Body Mass Index (kg/m2),LBDHDD,HDL Cholesterol (mg/dL),Difference,4846,263.0,0.22037776272831527,0.0012155846570357815,2037.1451599287643,0.10405345423380849,0.08104499605182507,2045.1743272294411,-0.22088718809062438,0.0018850812990697443,2037.7135713498797,1.550761017061978,0.5684114211153428
liver_condition_binary,Liver Condition,LBDHDD,HDL Cholesterol (mg/dL),BMXBMI,Body Mass Index (kg/m2),Difference,4846,263.0,-0.22037776272831527,0.0012155846570357815,2037.1451599287643,-0.22088718809062438,0.0018850812990697443,2037.7135713498797,0.10405345423380849,0.08104499605182507,2045.1743272294411,1.550761017061978,0.5684114211153428
stroke_binary,Stroke,LBDLDL,LDL Cholesterol (mg/dL),LBXWBCSI,WBC Count (10^3/uL),Ratio,2365,111.0,-0.3143988982379596,0.006449034977239035,891.5166091151891,-0.286885349533942,0.006876745942167377,892.0830468253316,0.16656461644156156,0.0338332454954836,895.8755288794957,1.0663217002912666,0.5664377101425089
arthritis_binary,Arthritis,LBXHSCRP,hs-CRP Inflammation (mg/L),LBXTC,Total Cholesterol (mg/dL),Ratio,4892,1519.0,0.18529311972814377,6.136767423518516e-09,6027.702224691186,0.1868557003273776,9.403987372882866e-09,6028.265833540032,-0.01146589430921684,0.711024444864877,6065.106222773522,1.532400810375031,0.5636088488463429
heart_attack_binary,Heart Attack,LBXSCR,Creatinine Kidney (mg/dL),LBDLDL,LDL Cholesterol (mg/dL),Difference,2352,125.0,0.5193505710525214,1.1290320352422779e-06,954.8699768201443,0.16468677258414205,0.0015459565591075532,971.7424491293375,-0.5133849588708161,1.4626566093282655e-06,955.432798050209,1.2954961096514817,0.5628212300647419
heart_attack_binary,Heart Attack,LBDLDL,LDL Cholesterol (mg/dL),LBXSCR,Creatinine Kidney (mg/dL),Difference,2352,125.0,-0.5193505710525214,1.1290320352422779e-06,954.8699768201443,-0.5133849588708161,1.4626566093282655e-06,955.432798050209,0.16468677258414205,0.0015459565591075532,971.7424491293375,1.2954961096514817,0.5628212300647419
liver_condition_binary,Liver Condition,LBXWBCSI,WBC Count (10^3/uL),LBXSAPSI,Alkaline Phosphatase (U/L),Difference,4897,269.0,-0.2939424842134037,1.3823529251545686e-08,2055.9926976722336,-0.032132066911921456,0.7912032253625558,2087.9339090058957,0.2883627543229678,1.8223670927356048e-08,2056.5532900359503,1.3183081249181252,0.5605923637167507
liver_condition_binary,Liver Condition,LBXSAPSI,Alkaline Phosphatase (U/L),LBXWBCSI,WBC Count (10^3/uL),Difference,4897,269.0,0.2939424842134037,1.3823529251545686e-08,2055.9926976722336,0.2883627543229678,1.8223670927356048e-08,2056.5532900359503,-0.032132066911921456,0.7912032253625558,2087.9339090058957,1.3183081249181252,0.5605923637167507
thyroid_binary,Thyroid Problem,LBXSATSI,ALT Liver Enzyme (U/L),LBXSKSI,Potassium (mmol/L),Difference,4899,599.0,-0.27107459002386486,1.0314106619920063e-05,3619.0319119729465,-0.2671085679639208,1.271798505237551e-05,3619.5886056927447,0.08954390220037832,0.03755573459015168,3638.9157249138493,1.2330670528277008,0.5566937197982043
thyroid_binary,Thyroid Problem,LBXSKSI,Potassium (mmol/L),LBXSATSI,ALT Liver Enzyme (U/L),Difference,4899,599.0,0.27107459002386486,1.0314106619920063e-05,3619.0319119729465,0.08954390220037832,0.03755573459015168,3638.9157249138493,-0.2671085679639208,1.271798505237551e-05,3619.5886056927447,1.2330670528277008,0.5566937197982043
stroke_binary,Stroke,LBXGLU,Fasting Glucose (mg/dL),LBXSASSI,AST Liver Enzyme (U/L),Difference,2374,114.0,0.18309465369187913,0.01374616936741109,913.5221862361209,0.16981322687100742,0.019314230843880804,914.0754826433183,-0.08188418381893635,0.4883781808538553,918.1270944050189,1.4050627725910512,0.553296407197422
stroke_binary,Stroke,LBXSASSI,AST Liver Enzyme (U/L),LBXGLU,Fasting Glucose (mg/dL),Difference,2374,114.0,-0.18309465369187913,0.01374616936741109,913.5221862361209,-0.08188418381893635,0.4883781808538553,918.1270944050189,0.16981322687100742,0.019314230843880804,914.0754826433183,1.4050627725910512,0.553296407197422
liver_condition_binary,Liver Condition,LBXPLTSI,Platelet Count (10^3/uL),LBXGH,"Glycohemoglobin (HbA1c, %)",Difference,5000,273.0,-0.3041684617105595,9.99241864790689e-06,2101.670554087369,-0.29992152168317954,1.3054881405771681e-05,2102.2226104662377,0.1688837506838487,0.000590251918519085,2112.2545073339816,1.3064786280252865,0.5520563788686559
liver_condition_binary,Liver Condition,LBXGH,"Glycohemoglobin (HbA1c, %)",LBXPLTSI,Platelet Count (10^3/uL),Difference,5000,273.0,0.3041684617105595,9.99241864790689e-06,2101.670554087369,0.1688837506838487,0.000590251918519085,2112.2545073339816,-0.29992152168317954,1.3054881405771681e-05,2102.2226104662377,1.3064786280252865,0.5520563788686559
high_cholesterol_binary,High Cholesterol,LBXWBCSI,WBC Count (10^3/uL),LBXSAPSI,Alkaline Phosphatase (U/L),Difference,5384,1761.0,-0.10960875942193396,0.00015002534001903384,6795.81159582068,-0.015369523217261292,0.6715052393261467,6810.148436443056,0.10710430761828364,0.00019407719822373326,6796.3596460279605,1.2936294508588384,0.5480502072805393
high_cholesterol_binary,High Cholesterol,LBXSAPSI,Alkaline Phosphatase (U/L),LBXWBCSI,WBC Count (10^3/uL),Difference,5384,1761.0,0.10960875942193396,0.00015002534001903384,6795.81159582068,0.10710430761828364,0.00019407719822373326,6796.3596460279605,-0.015369523217261292,0.6715052393261467,6810.148436443056,1.2936294508588384,0.5480502072805393
stroke_binary,Stroke,LBXPLTSI,Platelet Count (10^3/uL),LBXSNASI,Sodium (mmol/L),Ratio,4906,239.0,-0.2105786663302653,0.003116751557803969,1905.41976037332,-0.20400515940827382,0.004133018397726552,1905.9658447759127,0.11917181665377166,0.07595833315306331,1911.3861312780527,1.326066040579325,0.546084402592669
diabetes_binary,Diabetes,LBXSCA,Calcium (mg/dL),systolic_bp,Systolic BP (mmHg),Difference,5600,763.0,-0.4725264397406981,1.8793637502646088e-40,4289.459379285665,-0.07081927403636952,0.06913141575217735,4459.38562534491,0.4718361836385634,2.395324594154484e-40,4289.998309144645,1.2745401702130466,0.5389298589798273
diabetes_binary,Diabetes,systolic_bp,Systolic BP (mmHg),LBXSCA,Calcium (mg/dL),Difference,5600,763.0,0.4725264397406981,1.8793637502646088e-40,4289.459379285665,0.4718361836385634,2.395324594154484e-40,4289.998309144645,-0.07081927403636952,0.06913141575217735,4459.38562534491,1.2745401702130466,0.5389298589798273
arthritis_binary,Arthritis,LBXSBU,BUN Kidney (mg/dL),LBXSNASI,Sodium (mmol/L),Ratio,4900,1524.0,0.472497358373601,8.530793020245637e-44,5858.193214492618,0.4717808643119679,1.0551209089207991e-43,5858.730094092071,-0.011741846339748431,0.7034682195062347,6079.019025632121,1.2368380130859369,0.5368795994536413
high_cholesterol_binary,High Cholesterol,BMXWAIST,Waist Circumference (cm),LBXSAL,Albumin (g/dL),Difference,5110,1660.0,0.3905646251505472,2.3974850648183893e-37,6278.638974524463,0.38993626748515064,3.0751993771372924e-37,6279.16850691708,-0.14370632296463243,1.487044900897012e-06,6424.210574049176,1.282677177957828,0.529532392616602
high_cholesterol_binary,High Cholesterol,LBXSAL,Albumin (g/dL),BMXWAIST,Waist Circumference (cm),Difference,5110,1660.0,-0.3905646251505472,2.3974850648183893e-37,6278.638974524463,-0.14370632296463243,1.487044900897012e-06,6424.210574049176,0.38993626748515064,3.0751993771372924e-37,6279.16850691708,1.282677177957828,0.529532392616602
stroke_binary,Stroke,LBXTC,Total Cholesterol (mg/dL),BMXBMI,Body Mass Index (kg/m2),Difference,4852,227.0,-0.23294283741882674,0.0012792757594296592,1826.649732852931,-0.2272610946362658,0.0016890417272384217,1827.1779353906095,0.05022342960087101,0.446685294684958,1836.879668543524,1.3203108984035223,0.5282025376784532
stroke_binary,Stroke,BMXBMI,Body Mass Index (kg/m2),LBXTC,Total Cholesterol (mg/dL),Difference,4852,227.0,0.23294283741882674,0.0012792757594296592,1826.649732852931,0.05022342960087101,0.446685294684958,1836.879668543524,-0.2272610946362658,0.0016890417272384217,1827.1779353906095,1.3203108984035223,0.5282025376784532
liver_condition_binary,Liver Condition,LBXGLU,Fasting Glucose (mg/dL),LBXSCA,Calcium (mg/dL),Ratio,2375,132.0,0.2581720047586759,2.2196466434368338e-05,1008.9846704233804,0.2544011750386614,3.1401728042622526e-05,1009.5125589215677,-0.010638382181700124,0.9055213421960752,1023.4566714506279,1.4147174342129087,0.5278884981872807
heart_attack_binary,Heart Attack,LBXIN,Insulin (uIU/mL),LBXHGB,Hemoglobin (g/dL),Ratio,2379,126.0,0.17394041769851015,0.0012695544673007042,980.7337819827258,0.17034903933467202,0.0017155049125952718,981.2584001313448,-0.0040539460178264635,0.9646536424889214,989.6183152793378,1.3512653113991528,0.5246181486190835
stroke_binary,Stroke,LBXSNASI,Sodium (mmol/L),LBDLDL,LDL Cholesterol (mg/dL),Difference,2357,111.0,0.2979254689337688,0.005141591320812009,890.7433095362255,0.1385313024167326,0.15667907323829047,897.0214171424693,-0.28805713069294575,0.006710935420037957,891.2613700361511,1.305225367265888,0.518060499925582
stroke_binary,Stroke,LBDLDL,LDL Cholesterol (mg/dL),LBXSNASI,Sodium (mmol/L),Difference,2357,111.0,-0.2979254689337688,0.005141591320812009,890.7433095362255,-0.28805713069294575,0.006710935420037957,891.2613700361511,0.1385313024167326,0.15667907323829047,897.0214171424693,1.305225367265888,0.518060499925582
thyroid_binary,Thyroid Problem,LBDHDD,HDL Cholesterol (mg/dL),LBXSUA,Uric Acid (mg/dL),Difference,4896,598.0,0.12160020753736397,0.003275531738884589,3630.1244694275615,0.11762155261269812,0.004360953618847095,3630.638994042454,-0.07954226819246413,0.07357240000806146,3635.237837944304,1.3313727255569574,0.5145246148927072
thyroid_binary,Thyroid Problem,LBXSUA,Uric Acid (mg/dL),LBDHDD,HDL Cholesterol (mg/dL),Difference,4896,598.0,-0.12160020753736397,0.003275531738884589,3630.1244694275615,-0.07954226819246413,0.07357240000806146,3635.237837944304,0.11762155261269812,0.004360953618847095,3630.638994042454,1.3313727255569574,0.5145246148927072
liver_condition_binary,Liver Condition,LBXGLU,Fasting Glucose (mg/dL),LBXSNASI,Sodium (mmol/L),Difference,2378,132.0,0.2582402046380802,2.1569195295821744e-05,1009.3050491383316,0.25470598484462476,3.0314830935699226e-05,1009.8058122002587,-0.17859613133896168,0.044687844694124505,1019.8010624259562,1.4054687956565368,0.5007630619271595
liver_condition_binary,Liver Condition,LBXSNASI,Sodium (mmol/L),LBXGLU,Fasting Glucose (mg/dL),Difference,2378,132.0,-0.2582402046380802,2.1569195295821744e-05,1009.3050491383316,-0.17859613133896168,0.044687844694124505,1019.8010624259562,0.25470598484462476,3.0314830935699226e-05,1009.8058122002587,1.4054687956565368,0.5007630619271595
hypertension_binary,Hypertension,systolic_bp,Systolic BP (mmHg),LBXSKSI,Potassium (mmol/L),Difference,5146,1818.0,0.9789937656085989,1.1599274788522391e-151,5791.930216194174,0.9786533187844857,1.3955346731735e-151,5792.429759340432,-0.013090939082807014,0.6538174065562068,6687.999486074351,1.2031223491268581,0.49954314625756524
hypertension_binary,Hypertension,LBXSKSI,Potassium (mmol/L),systolic_bp,Systolic BP (mmHg),Difference,5146,1818.0,-0.9789937656085989,1.1599274788522391e-151,5791.930216194174,-0.013090939082807014,0.6538174065562068,6687.999486074351,0.9786533187844857,1.3955346731735e-151,5792.429759340432,1.2031223491268581,0.49954314625756524
hypertension_binary,Hypertension,LBXIN,Insulin (uIU/mL),LBXSKSI,Potassium (mmol/L),Ratio,2593,929.0,0.2143952132264197,2.2758975507005362e-05,3364.6766651632597,0.2120824337296999,2.3531498891374825e-05,3365.174063750454,-0.06540819487238989,0.11189015525589659,3384.9016870855116,1.0339436801156394,0.4973985871943114
heart_attack_binary,Heart Attack,LBXPLTSI,Platelet Count (10^3/uL),LBXSKSI,Potassium (mmol/L),Difference,4901,243.0,-0.5520157912599937,8.544045779011297e-13,1881.5403918386976,-0.5494847758339435,1.0679956337389232e-12,1882.032093597964,0.33663113448565335,4.306603731245496e-08,1909.0675472627977,1.249988192201037,0.4917017592663342
heart_attack_binary,Heart Attack,LBXSKSI,Potassium (mmol/L),LBXPLTSI,Platelet Count (10^3/uL),Difference,4901,243.0,0.5520157912599937,8.544045779011297e-13,1881.5403918386976,0.33663113448565335,4.306603731245496e-08,1909.0675472627977,-0.5494847758339435,1.0679956337389232e-12,1882.032093597964,1.249988192201037,0.4917017592663342
heart_attack_binary,Heart Attack,BMXBMI,Body Mass Index (kg/m2),LBXTC,Total Cholesterol (mg/dL),Difference,4850,236.0,0.5028768235319847,3.0519490254677e-11,1843.2628130085359,0.05667067376828655,0.3799166279765457,1890.3813331090453,-0.5017768861662659,4.126000349202882e-11,1843.7441713338899,1.3519230874344594,0.4813583253539946
heart_attack_binary,Heart Attack,LBXTC,Total Cholesterol (mg/dL),BMXBMI,Body Mass Index (kg/m2),Difference,4850,236.0,-0.5028768235319847,3.0519490254677e-11,1843.2628130085359,-0.5017768861662659,4.126000349202882e-11,1843.7441713338899,0.05667067376828655,0.3799166279765457,1890.3813331090453,1.3519230874344594,0.4813583253539946
arthritis_binary,Arthritis,LBDHDD,HDL Cholesterol (mg/dL),LBDLDL,LDL Cholesterol (mg/dL),Difference,2361,748.0,0.09845884004139395,0.02789639381394363,2947.750871469086,0.0916836332367022,0.03505192900030468,2948.226911888709,-0.06737695574275854,0.1322710343399584,2950.3458145784375,1.256503949366547,0.4760404196226773
arthritis_binary,Arthritis,LBDLDL,LDL Cholesterol (mg/dL),LBDHDD,HDL Cholesterol (mg/dL),Difference,2361,748.0,-0.09845884004139395,0.02789639381394363,2947.750871469086,-0.06737695574275854,0.1322710343399584,2950.3458145784375,0.0916836332367022,0.03505192900030468,2948.226911888709,1.256503949366547,0.4760404196226773
hypertension_binary,Hypertension,LBXSKSI,Potassium (mmol/L),LBXGLU,Fasting Glucose (mg/dL),Difference,2597,930.0,-0.49483369255536397,2.955075523882612e-22,3269.3548705996254,-0.0619883557046376,0.13155152265932635,3389.87045798455,0.49350359493026,3.362956792913426e-22,3269.8284978104903,1.138027358601958,0.4736272108648336
hypertension_binary,Hypertension,LBXGLU,Fasting Glucose (mg/dL),LBXSKSI,Potassium (mmol/L),Difference,2597,930.0,0.49483369255536397,2.955075523882612e-22,3269.3548705996254,0.49350359493026,3.362956792913426e-22,3269.8284978104903,-0.0619883557046376,0.13155152265932635,3389.87045798455,1.138027358601958,0.4736272108648336
stroke_binary,Stroke,LBXSBU,BUN Kidney (mg/dL),LBXSKSI,Potassium (mmol/L),Difference,4903,239.0,0.3990099636856581,3.2387724135300087e-18,1849.4024088745261,0.3972490086038435,4.174922270664278e-18,1849.8665183327894,0.10622383832392696,0.10201849043019177,1911.6243370867228,1.2890446556922286,0.4641094582632377
stroke_binary,Stroke,LBXSKSI,Potassium (mmol/L),LBXSBU,BUN Kidney (mg/dL),Difference,4903,239.0,-0.3990099636856581,3.2387724135300087e-18,1849.4024088745261,0.10622383832392696,0.10201849043019177,1911.6243370867228,0.3972490086038435,4.174922270664278e-18,1849.8665183327894,1.2890446556922286,0.4641094582632377
stroke_binary,Stroke,LBXPLTSI,Platelet Count (10^3/uL),LBXSKSI,Potassium (mmol/L),Ratio,4903,239.0,-0.20912574111646248,0.003252450834630391,1905.207220375191,-0.20395793485947844,0.004141584757951605,1905.6701545633287,0.10653827704092964,0.10099223042538077,1911.6085482671988,1.2733735169350395,0.46293418813775133
heart_attack_binary,Heart Attack,LBXPLTSI,Platelet Count (10^3/uL),LBXSCA,Calcium (mg/dL),Ratio,4901,243.0,-0.5561870232510139,1.0223507449714889e-12,1881.5495978621339,-0.5496320873136608,1.0536675218072901e-12,1881.9999175437192,0.03149982151857447,0.6315807361997802,1937.5264930475787,1.0306321259996485,0.45031968158536984
liver_condition_binary,Liver Condition,LBXGLU,Fasting Glucose (mg/dL),LBXSNASI,Sodium (mmol/L),Ratio,2378,132.0,0.2568082634128031,2.1925829316574087e-05,1009.3560837618127,0.25470598484462476,3.0314830935699226e-05,1009.8058122002587,-0.17859613133896168,0.044687844694124505,1019.8010624259562,1.382608178600741,0.4497284384460727
stroke_binary,Stroke,LBXSNASI,Sodium (mmol/L),LBXPLTSI,Platelet Count (10^3/uL),Difference,4906,239.0,0.20936787283304667,0.003282740208776369,1905.5220176584498,0.11917181665377166,0.07595833315306331,1911.3861312780527,-0.20400515940827382,0.004133018397726552,1905.9658447759127,1.2590147665895015,0.44382711746288805
stroke_binary,Stroke,LBXPLTSI,Platelet Count (10^3/uL),LBXSNASI,Sodium (mmol/L),Difference,4906,239.0,-0.20936787283304667,0.003282740208776369,1905.5220176584498,-0.20400515940827382,0.004133018397726552,1905.9658447759127,0.11917181665377166,0.07595833315306331,1911.3861312780527,1.2590147665895015,0.44382711746288805
diabetes_binary,Diabetes,LBXSKSI,Potassium (mmol/L),LBDLDL,LDL Cholesterol (mg/dL),Difference,2796,402.0,0.37381952246604355,6.73576902329187e-10,2265.3133179864726,0.1908244136208608,0.0003420063632732248,2293.811160374986,-0.37168937683474707,8.251707420502965e-10,2265.7566424716897,1.2250579543284628,0.4433244852170901
diabetes_binary,Diabetes,LBDLDL,LDL Cholesterol (mg/dL),LBXSKSI,Potassium (mmol/L),Difference,2796,402.0,-0.37381952246604355,6.73576902329187e-10,2265.3133179864726,-0.37168937683474707,8.251707420502965e-10,2265.7566424716897,0.1908244136208608,0.0003420063632732248,2293.811160374986,1.2250579543284628,0.4433244852170901
liver_condition_binary,Liver Condition,diastolic_bp,Diastolic BP (mmHg),LBXPLTSI,Platelet Count (10^3/uL),Difference,4775,261.0,0.29980365390333225,1.6552705093370145e-05,2009.1017819767203,0.032927091554436384,0.6079914535262229,2028.4623009432892,-0.2969059112529878,2.093755575626431e-05,2009.5450305365662,1.2649023611645465,0.44324855984586975
liver_condition_binary,Liver Condition,LBXPLTSI,Platelet Count (10^3/uL),diastolic_bp,Diastolic BP (mmHg),Difference,4775,261.0,-0.29980365390333225,1.6552705093370145e-05,2009.1017819767203,-0.2969059112529878,2.093755575626431e-05,2009.5450305365662,0.032927091554436384,0.6079914535262229,2028.4623009432892,1.2649023611645465,0.44324855984586975
stroke_binary,Stroke,LBXSUA,Uric Acid (mg/dL),LBXTC,Total Cholesterol (mg/dL),Difference,4902,238.0,0.2553906429550839,0.00033777907101093196,1894.7723578612688,0.09634215335680518,0.13709774371376696,1906.0403067211505,-0.25131965750917806,0.00041832031670006593,1895.1916578960538,1.2384435644520062,0.4193000347850102
stroke_binary,Stroke,LBXTC,Total Cholesterol (mg/dL),LBXSUA,Uric Acid (mg/dL),Difference,4902,238.0,-0.2553906429550839,0.00033777907101093196,1894.7723578612688,-0.25131965750917806,0.00041832031670006593,1895.1916578960538,0.09634215335680518,0.13709774371376696,1906.0403067211505,1.2384435644520062,0.4193000347850102
depression_binary,Depression,LBXGH,"Glycohemoglobin (HbA1c, %)",LBXSAL,Albumin (g/dL),Ratio,790,410.0,0.2270897943287198,0.0038584306780075814,1088.8954342464413,0.2210666891541065,0.004681290596469293,1089.3120537674617,-0.12372698763196899,0.08581557740926647,1095.0516937070483,1.213262848844707,0.41661952102049327
liver_condition_binary,Liver Condition,LBXSUA,Uric Acid (mg/dL),LBXSNASI,Sodium (mmol/L),Ratio,4899,270.0,0.2161907764860179,0.00027154132037311766,2081.1390627262253,0.212682519739387,0.0003411692942585892,2081.5543199040458,-0.01880153179918784,0.763452504776321,2093.864601287865,1.2564176007901766,0.41525717782042193
heart_attack_binary,Heart Attack,LBXTC,Total Cholesterol (mg/dL),LBXHGB,Hemoglobin (g/dL),Difference,4924,243.0,-0.5039355490620687,1.8165567765759738e-11,1890.9431249712575,-0.5017517954648616,2.187868134808501e-11,1891.3451147298201,0.0030882588216243827,0.9625897988998536,1940.0875439558513,1.2044039377246505,0.4019897585626495
heart_attack_binary,Heart Attack,LBXHGB,Hemoglobin (g/dL),LBXTC,Total Cholesterol (mg/dL),Difference,4924,243.0,0.5039355490620687,1.8165567765759738e-11,1890.9431249712575,0.0030882588216243827,0.9625897988998536,1940.0875439558513,-0.5017517954648616,2.187868134808501e-11,1891.3451147298201,1.2044039377246505,0.4019897585626495
liver_condition_binary,Liver Condition,BMXBMI,Body Mass Index (kg/m2),LBXGLU,Fasting Glucose (mg/dL),Difference,2385,131.0,-0.26403391782714675,1.1384635682108895e-05,1003.5213265545538,0.0012237190329242769,0.9891306709092771,1018.9293004151147,0.26192672343815254,1.499371399402725e-05,1003.9198647154819,1.317013070307561,0.39853816092818306
liver_condition_binary,Liver Condition,LBXGLU,Fasting Glucose (mg/dL),BMXBMI,Body Mass Index (kg/m2),Difference,2385,131.0,0.26403391782714675,1.1384635682108895e-05,1003.5213265545538,0.26192672343815254,1.499371399402725e-05,1003.9198647154819,0.0012237190329242769,0.9891306709092771,1018.9293004151147,1.317013070307561,0.39853816092818306
thyroid_binary,Thyroid Problem,LBXSCA,Calcium (mg/dL),LBXSUA,Uric Acid (mg/dL),Difference,4900,598.0,0.10498237015257893,0.018935460695642954,3633.920180483714,0.09927709405469445,0.022335939915001057,3634.318123754455,-0.07954401050380282,0.07354521231233643,3636.278955287914,1.1795825976465708,0.3979432707410524
thyroid_binary,Thyroid Problem,LBXSUA,Uric Acid (mg/dL),LBXSCA,Calcium (mg/dL),Difference,4900,598.0,-0.10498237015257893,0.018935460695642954,3633.920180483714,-0.07954401050380282,0.07354521231233643,3636.278955287914,0.09927709405469445,0.022335939915001057,3634.318123754455,1.1795825976465708,0.3979432707410524
liver_condition_binary,Liver Condition,LBXHGB,Hemoglobin (g/dL),LBDHDD,HDL Cholesterol (mg/dL),Difference,4919,269.0,0.1680834700317118,0.013773347080171437,2084.1166295605894,0.08751241850601245,0.17017781990549485,2088.619391395152,-0.16312657296851094,0.017085449665541288,2084.5083943234995,1.2404718741269551,0.3917647629100429
liver_condition_binary,Liver Condition,LBDHDD,HDL Cholesterol (mg/dL),LBXHGB,Hemoglobin (g/dL),Difference,4919,269.0,-0.1680834700317118,0.013773347080171437,2084.1166295605894,-0.16312657296851094,0.017085449665541288,2084.5083943234995,0.08751241850601245,0.17017781990549485,2088.619391395152,1.2404718741269551,0.3917647629100429
liver_condition_binary,Liver Condition,LBXGH,"Glycohemoglobin (HbA1c, %)",LBXSCA,Calcium (mg/dL),Difference,4895,270.0,0.17317670070239444,0.0006151500060882155,2083.262410298756,0.16738574074388918,0.0007309212042005998,2083.6530847479753,-0.035098096722116875,0.5752162784609941,2093.1872823636127,1.1881999463002235,0.3906744492192047
liver_condition_binary,Liver Condition,LBXSCA,Calcium (mg/dL),LBXGH,"Glycohemoglobin (HbA1c, %)",Difference,4895,270.0,-0.17317670070239444,0.0006151500060882155,2083.262410298756,-0.035098096722116875,0.5752162784609941,2093.1872823636127,0.16738574074388918,0.0007309212042005998,2083.6530847479753,1.1881999463002235,0.3906744492192047
stroke_binary,Stroke,LBXSKSI,Potassium (mmol/L),LBXSATSI,ALT Liver Enzyme (U/L),Difference,4905,239.0,0.36408933406280913,0.0004997072233826696,1898.585426973475,0.1061485957999952,0.10226614276964818,1911.827950577884,-0.3580556406924748,0.0005749176132766113,1898.9745177247687,1.1505089107674284,0.3890907512936792
stroke_binary,Stroke,LBXSATSI,ALT Liver Enzyme (U/L),LBXSKSI,Potassium (mmol/L),Difference,4905,239.0,-0.36408933406280913,0.0004997072233826696,1898.585426973475,-0.3580556406924748,0.0005749176132766113,1898.9745177247687,0.1061485957999952,0.10226614276964818,1911.827950577884,1.1505089107674284,0.3890907512936792
hypertension_binary,Hypertension,LBXPLTSI,Platelet Count (10^3/uL),LBXSNASI,Sodium (mmol/L),Difference,5408,1900.0,-0.12964173673031104,8.97707874515025e-06,6995.560614603977,-0.12836999909797306,1.094803579034735e-05,6995.949669733793,0.03383078330077742,0.23577088869177276,7014.247426579992,1.2195543897018708,0.38905512981546053
hypertension_binary,Hypertension,LBXSNASI,Sodium (mmol/L),LBXPLTSI,Platelet Count (10^3/uL),Difference,5408,1900.0,0.12964173673031104,8.97707874515025e-06,6995.560614603977,0.03383078330077742,0.23577088869177276,7014.247426579992,-0.12836999909797306,1.094803579034735e-05,6995.949669733793,1.2195543897018708,0.38905512981546053
stroke_binary,Stroke,LBXGLU,Fasting Glucose (mg/dL),LBXSASSI,AST Liver Enzyme (U/L),Ratio,2374,114.0,0.17822048103310392,0.014918906042173536,913.6899241908795,0.16981322687100742,0.019314230843880804,914.0754826433183,-0.08188418381893635,0.4883781808538553,918.1270944050189,1.2946144167194522,0.3855584524387723
diabetes_binary,Diabetes,LBXHSCRP,hs-CRP Inflammation (mg/L),LBXSCA,Calcium (mg/dL),Ratio,5881,797.0,0.24912242734115128,9.741611275882957e-16,4603.864045351755,0.2502685929711799,1.3295561246766335e-15,4604.242024577408,-0.059007522150138235,0.12148462685573436,4668.163948395793,1.3648215752235768,0.37797922565368935
heart_attack_binary,Heart Attack,LBXSNASI,Sodium (mmol/L),BMXWAIST,Waist Circumference (cm),Difference,4649,217.0,-0.35689151277950015,4.3007651401672673e-08,1728.8024481473649,-0.047498436053825664,0.4919263139336586,1757.2367911589008,0.3544314462478898,5.239337180934499e-08,1729.177631649497,1.2182337352024595,0.37518350213213125
heart_attack_binary,Heart Attack,BMXWAIST,Waist Circumference (cm),LBXSNASI,Sodium (mmol/L),Difference,4649,217.0,0.35689151277950015,4.3007651401672673e-08,1728.8024481473649,0.3544314462478898,5.239337180934499e-08,1729.177631649497,-0.047498436053825664,0.4919263139336586,1757.2367911589008,1.2182337352024595,0.37518350213213125
stroke_binary,Stroke,LBXSCA,Calcium (mg/dL),LBXHGB,Hemoglobin (g/dL),Difference,4903,239.0,0.3002964132508065,1.6589966290482466e-06,1892.1589756411986,-0.013994309976267159,0.8329838530181122,1914.215687508513,-0.2958289118383417,1.866823295666109e-06,1892.526327757334,1.125272506874888,0.3673521161354074
stroke_binary,Stroke,LBXHGB,Hemoglobin (g/dL),LBXSCA,Calcium (mg/dL),Difference,4903,239.0,-0.3002964132508065,1.6589966290482466e-06,1892.1589756411986,-0.2958289118383417,1.866823295666109e-06,1892.526327757334,-0.013994309976267159,0.8329838530181122,1914.215687508513,1.125272506874888,0.3673521161354074
diabetes_binary,Diabetes,LBXSCA,Calcium (mg/dL),LBXHSCRP,hs-CRP Inflammation (mg/L),Difference,5881,797.0,-0.25110180439380303,1.0802661726976507e-15,4603.874701623962,-0.059007522150138235,0.12148462685573436,4668.163948395793,0.2502685929711799,1.3295561246766335e-15,4604.242024577408,1.2307671556135593,0.36732295344609156
diabetes_binary,Diabetes,LBXHSCRP,hs-CRP Inflammation (mg/L),LBXSCA,Calcium (mg/dL),Difference,5881,797.0,0.25110180439380303,1.0802661726976507e-15,4603.874701623962,0.2502685929711799,1.3295561246766335e-15,4604.242024577408,-0.059007522150138235,0.12148462685573436,4668.163948395793,1.2307671556135593,0.36732295344609156
stroke_binary,Stroke,diastolic_bp,Diastolic BP (mmHg),LBDLDL,LDL Cholesterol (mg/dL),Ratio,2249,103.0,0.2221684514229539,0.004389386969878918,833.5188695683187,-0.10989238269786777,0.2571528207293331,839.1649896647923,-0.27340958230403545,0.012931546971447726,833.8854529868422,2.946094081061266,0.3665834185235326
high_cholesterol_binary,High Cholesterol,LBXSAL,Albumin (g/dL),LBDLDL,LDL Cholesterol (mg/dL),Difference,2556,846.0,-0.30808666799904344,4.887221774601732e-13,3195.784893895873,-0.11164658929037258,0.007804362561858747,3242.3952213799794,0.30703843284745025,5.790865090223208e-13,3196.1409802287744,1.184899183482443,0.3560863329012136
high_cholesterol_binary,High Cholesterol,LBDLDL,LDL Cholesterol (mg/dL),LBXSAL,Albumin (g/dL),Difference,2556,846.0,0.30808666799904344,4.887221774601732e-13,3195.784893895873,0.30703843284745025,5.790865090223208e-13,3196.1409802287744,-0.11164658929037258,0.007804362561858747,3242.3952213799794,1.184899183482443,0.3560863329012136
high_cholesterol_binary,High Cholesterol,LBXSATSI,ALT Liver Enzyme (U/L),LBXHGB,Hemoglobin (g/dL),Difference,5384,1761.0,0.06984011370192714,0.013729073826708777,6804.296201810548,0.067830014195771,0.016628146578219476,6804.645630081267,-0.007421178082647119,0.7982761245859549,6810.297008206693,1.211163024403787,0.34942827071881766
high_cholesterol_binary,High Cholesterol,LBXHGB,Hemoglobin (g/dL),LBXSATSI,ALT Liver Enzyme (U/L),Difference,5384,1761.0,-0.06984011370192714,0.013729073826708777,6804.296201810548,-0.007421178082647119,0.7982761245859549,6810.297008206693,0.067830014195771,0.016628146578219476,6804.645630081267,1.211163024403787,0.34942827071881766
high_cholesterol_binary,High Cholesterol,LBXGLU,Fasting Glucose (mg/dL),LBXSAL,Albumin (g/dL),Difference,2582,864.0,0.46240101789462185,5.021073192320661e-21,3184.3016320918487,0.4614731847671319,5.5657166309451974e-21,3184.6502478251573,-0.11343879126255198,0.006458502683848362,3288.134640936443,1.1084715194866162,0.34861573330863393
high_cholesterol_binary,High Cholesterol,LBXSAL,Albumin (g/dL),LBXGLU,Fasting Glucose (mg/dL),Difference,2582,864.0,-0.46240101789462185,5.021073192320661e-21,3184.3016320918487,-0.11343879126255198,0.006458502683848362,3288.134640936443,0.4614731847671319,5.5657166309451974e-21,3184.6502478251573,1.1084715194866162,0.34861573330863393
stroke_binary,Stroke,LBXWBCSI,WBC Count (10^3/uL),LBXPLTSI,Platelet Count (10^3/uL),Difference,5020,243.0,0.20100829500172407,0.004115992535749968,1941.158655644837,0.01891239133819132,0.652025816933036,1949.5552187902802,-0.19767421062403143,0.0050723797382331536,1941.504621383916,1.2323588281991198,0.34596573907901984
stroke_binary,Stroke,LBXPLTSI,Platelet Count (10^3/uL),LBXWBCSI,WBC Count (10^3/uL),Difference,5020,243.0,-0.20100829500172407,0.004115992535749968,1941.158655644837,-0.19767421062403143,0.0050723797382331536,1941.504621383916,0.01891239133819132,0.652025816933036,1949.5552187902802,1.2323588281991198,0.34596573907901984
heart_attack_binary,Heart Attack,LBDLDL,LDL Cholesterol (mg/dL),LBXSKSI,Potassium (mmol/L),Difference,2353,125.0,-0.5174341175892359,1.2264202979032275e-06,955.1595346157517,-0.5137276187756835,1.4360563484159105e-06,955.5046835577998,0.2882312779199582,0.0011020802637402888,970.6505227228716,1.1709332851642225,0.34514894204812663
heart_attack_binary,Heart Attack,LBXSKSI,Potassium (mmol/L),LBDLDL,LDL Cholesterol (mg/dL),Difference,2353,125.0,0.5174341175892359,1.2264202979032275e-06,955.1595346157517,0.2882312779199582,0.0011020802637402888,970.6505227228716,-0.5137276187756835,1.4360563484159105e-06,955.5046835577998,1.1709332851642225,0.34514894204812663
depression_binary,Depression,LBXSCR,Creatinine Kidney (mg/dL),LBXWBCSI,WBC Count (10^3/uL),Difference,788,409.0,-0.17916008492053082,0.022645871546919563,1089.636986533158,-0.053401093122175836,0.45770688219249744,1094.7009468061935,0.17361945658198724,0.027245299727127876,1089.9807270077727,1.2031022816092038,0.3437404746146058
depression_binary,Depression,LBXWBCSI,WBC Count (10^3/uL),LBXSCR,Creatinine Kidney (mg/dL),Difference,788,409.0,0.17916008492053082,0.022645871546919563,1089.636986533158,0.17361945658198724,0.027245299727127876,1089.9807270077727,-0.053401093122175836,0.45770688219249744,1094.7009468061935,1.2031022816092038,0.3437404746146058
stroke_binary,Stroke,LBDLDL,LDL Cholesterol (mg/dL),LBXSUA,Uric Acid (mg/dL),Difference,2354,111.0,-0.29372229124111365,0.00574813059487746,890.6736773004611,-0.2873634208514967,0.006845514784824697,891.0094015997832,0.12744478710287577,0.17613607342948967,896.9531525970282,1.1909114923250332,0.33572429932212344
stroke_binary,Stroke,LBXSUA,Uric Acid (mg/dL),LBDLDL,LDL Cholesterol (mg/dL),Difference,2354,111.0,0.29372229124111365,0.00574813059487746,890.6736773004611,0.12744478710287577,0.17613607342948967,896.9531525970282,-0.2873634208514967,0.006845514784824697,891.0094015997832,1.1909114923250332,0.33572429932212344
liver_condition_binary,Liver Condition,LBXPLTSI,Platelet Count (10^3/uL),LBXSKSI,Potassium (mmol/L),Ratio,4896,269.0,-0.31131632559181915,6.856951452790215e-06,2066.3878342916723,-0.30954672730496424,8.008031782949648e-06,2066.723547549243,0.048149581807418185,0.4386406654183197,2087.332566896391,1.1678705672753507,0.33571325757066006
depression_binary,Depression,diastolic_bp,Diastolic BP (mmHg),BMXWAIST,Waist Circumference (cm),Difference,772,392.0,-0.15085866858609923,0.037905333685451265,1069.6858613139027,-0.036336402375309725,0.6141601749081432,1073.7784142603796,0.14493571039461492,0.045998715805211775,1070.0186873075777,1.2135156542063865,0.33282599367498733
depression_binary,Depression,BMXWAIST,Waist Circumference (cm),diastolic_bp,Diastolic BP (mmHg),Difference,772,392.0,0.15085866858609923,0.037905333685451265,1069.6858613139027,0.14493571039461492,0.045998715805211775,1070.0186873075777,-0.036336402375309725,0.6141601749081432,1073.7784142603796,1.2135156542063865,0.33282599367498733
diabetes_binary,Diabetes,LBXSAL,Albumin (g/dL),LBXTR,Triglycerides (mg/dL),Difference,2822,410.0,-0.3893769414185722,2.2351183373807313e-11,2288.1123640374144,-0.34568145700478653,3.533867968618614e-11,2299.378885611077,0.38792984433877103,2.5484314622364387e-11,2288.4378556636575,1.1401774213095446,0.32549162624309247
diabetes_binary,Diabetes,LBXTR,Triglycerides (mg/dL),LBXSAL,Albumin (g/dL),Difference,2822,410.0,0.3893769414185722,2.2351183373807313e-11,2288.1123640374144,0.38792984433877103,2.5484314622364387e-11,2288.4378556636575,-0.34568145700478653,3.533867968618614e-11,2299.378885611077,1.1401774213095446,0.32549162624309247
stroke_binary,Stroke,LBXGLU,Fasting Glucose (mg/dL),LBXSCA,Calcium (mg/dL),Ratio,2381,114.0,0.1750348671526066,0.014922389801624449,914.4093612623852,0.17026014235453943,0.018858184370844196,914.7312984910027,-0.03369866288936256,0.7260325757794915,919.2392583361559,1.2637509555467648,0.32193722861745755
thyroid_binary,Thyroid Problem,LBXSCA,Calcium (mg/dL),diastolic_bp,Diastolic BP (mmHg),Difference,4669,568.0,0.12777696594676238,0.0032911286202381004,3452.5151280298155,0.09174362247534161,0.03964700775473168,3456.7677856519626,-0.12536740185143938,0.003944600630309814,3452.836293110395,1.1985555976309543,0.3211650805797035
thyroid_binary,Thyroid Problem,diastolic_bp,Diastolic BP (mmHg),LBXSCA,Calcium (mg/dL),Difference,4669,568.0,-0.12777696594676238,0.0032911286202381004,3452.5151280298155,-0.12536740185143938,0.003944600630309814,3452.836293110395,0.09174362247534161,0.03964700775473168,3456.7677856519626,1.1985555976309543,0.3211650805797035
hypertension_binary,Hypertension,LBDHDD,HDL Cholesterol (mg/dL),LBXSNASI,Sodium (mmol/L),Ratio,5407,1900.0,-0.08597091345658234,0.0031602314719680925,7005.933118666146,-0.08438654386055885,0.0037383390022219204,7006.248740546838,0.03291896319547842,0.24863272865074781,7013.456550241348,1.1829320210819243,0.3156218806925608
thyroid_binary,Thyroid Problem,LBXSKSI,Potassium (mmol/L),LBXSASSI,AST Liver Enzyme (U/L),Difference,4887,597.0,0.1265364785720052,0.02683411045208677,3626.360225498853,0.0881951832375448,0.040895909519531745,3628.043698428718,-0.12242878708344664,0.030904886857603522,3626.6746437802194,1.151701559579747,0.3144182813662155
thyroid_binary,Thyroid Problem,LBXSASSI,AST Liver Enzyme (U/L),LBXSKSI,Potassium (mmol/L),Difference,4887,597.0,-0.1265364785720052,0.02683411045208677,3626.360225498853,-0.12242878708344664,0.030904886857603522,3626.6746437802194,0.0881951832375448,0.040895909519531745,3628.043698428718,1.151701559579747,0.3144182813662155
liver_condition_binary,Liver Condition,LBDHDD,HDL Cholesterol (mg/dL),LBXSKSI,Potassium (mmol/L),Ratio,4895,270.0,-0.16975339015873486,0.013708373070065578,2087.0473549358967,-0.16468407341601082,0.0159777336368401,2087.3599135502245,0.053018467144022675,0.3925141995211171,2092.7750108685455,1.1655455797106975,0.31255861432782694
liver_condition_binary,Liver Condition,LBXGLU,Fasting Glucose (mg/dL),LBXSAL,Albumin (g/dL),Ratio,2378,132.0,0.2521417648758671,2.4247054735983355e-05,1009.4947303977115,0.25470598484462476,3.0314830935699226e-05,1009.8058122002587,-0.08629652109999802,0.32695249735571696,1022.8640812144866,1.2502479689094408,0.31108180254727813
heart_attack_binary,Heart Attack,LBXSAPSI,Alkaline Phosphatase (U/L),LBXHGB,Hemoglobin (g/dL),Ratio,4902,243.0,0.22304910647658474,8.254597380303059e-06,1920.2881333161617,0.21947847797151362,2.095612728433851e-05,1920.5990472985955,0.004043120988727969,0.9510509675319551,1937.8540405046992,2.5387219168730826,0.3109139824337035
hypertension_binary,Hypertension,LBXPLTSI,Platelet Count (10^3/uL),LBXSNASI,Sodium (mmol/L),Ratio,5408,1900.0,-0.12934857082449228,9.357597099834454e-06,6995.645058908098,-0.12836999909797306,1.094803579034735e-05,6995.949669733793,0.03383078330077742,0.23577088869177276,7014.247426579992,1.1699622962545622,0.30461082569490827
thyroid_binary,Thyroid Problem,LBXSAPSI,Alkaline Phosphatase (U/L),LBXSASSI,AST Liver Enzyme (U/L),Ratio,4888,597.0,0.1444519397100506,0.00035178276316395513,3620.286043595683,0.1366457961765141,0.0004413708370876248,3620.5809583767177,-0.12309562552693615,0.03015547748846488,3626.8822967641627,1.254668742487293,0.2949147810345494
high_cholesterol_binary,High Cholesterol,LBXSKSI,Potassium (mmol/L),LBXPLTSI,Platelet Count (10^3/uL),Difference,5383,1759.0,0.16854681358467707,2.2761194815926364e-08,6774.546055592478,0.132016151609385,5.463269698908616e-06,6785.9687255350245,-0.16776846488277058,2.6271849088311725e-08,6774.836463462451,1.1542385758206728,0.2904078699730235
high_cholesterol_binary,High Cholesterol,LBXPLTSI,Platelet Count (10^3/uL),LBXSKSI,Potassium (mmol/L),Difference,5383,1759.0,-0.16854681358467707,2.2761194815926364e-08,6774.546055592478,-0.16776846488277058,2.6271849088311725e-08,6774.836463462451,0.132016151609385,5.463269698908616e-06,6785.9687255350245,1.1542385758206728,0.2904078699730235
thyroid_binary,Thyroid Problem,diastolic_bp,Diastolic BP (mmHg),LBXSKSI,Potassium (mmol/L),Difference,4669,570.0,-0.12643844779678973,0.003594680429721841,3460.5701181676836,-0.12428533622282918,0.004222187221246545,3460.855102263935,0.08938159302747888,0.04281528313469278,3464.8193936833463,1.174565390107087,0.2849840962512644
thyroid_binary,Thyroid Problem,LBXSKSI,Potassium (mmol/L),diastolic_bp,Diastolic BP (mmHg),Difference,4669,570.0,0.12643844779678973,0.003594680429721841,3460.5701181676836,0.08938159302747888,0.04281528313469278,3464.8193936833463,-0.12428533622282918,0.004222187221246545,3460.855102263935,1.174565390107087,0.2849840962512644
heart_attack_binary,Heart Attack,LBXSCA,Calcium (mg/dL),LBDLDL,LDL Cholesterol (mg/dL),Difference,2350,125.0,0.5159697737879602,1.310096571904484e-06,954.9747646123858,0.20992659626722388,0.020436800474039923,975.3789042958647,-0.5129867611338824,1.4928672360569235e-06,955.2563321018711,1.1395093064679547,0.2815674894852691
heart_attack_binary,Heart Attack,LBDLDL,LDL Cholesterol (mg/dL),LBXSCA,Calcium (mg/dL),Difference,2350,125.0,-0.5159697737879602,1.310096571904484e-06,954.9747646123858,-0.5129867611338824,1.4928672360569235e-06,955.2563321018711,0.20992659626722388,0.020436800474039923,975.3789042958647,1.1395093064679547,0.2815674894852691
heart_attack_binary,Heart Attack,diastolic_bp,Diastolic BP (mmHg),BMXBMI,Body Mass Index (kg/m2),Difference,4923,234.0,-0.2615234203297778,2.136101673111777e-05,1869.3721494016213,-0.25783038286554405,2.235127399526226e-05,1869.6487384888528,0.052584663508726495,0.41900910211887465,1885.7493038393995,1.0463581521708154,0.276589087231514
heart_attack_binary,Heart Attack,BMXBMI,Body Mass Index (kg/m2),diastolic_bp,Diastolic BP (mmHg),Difference,4923,234.0,0.2615234203297778,2.136101673111777e-05,1869.3721494016213,0.052584663508726495,0.41900910211887465,1885.7493038393995,-0.25783038286554405,2.235127399526226e-05,1869.6487384888528,1.0463581521708154,0.276589087231514
heart_attack_binary,Heart Attack,LBXSAL,Albumin (g/dL),systolic_bp,Systolic BP (mmHg),Difference,4674,228.0,-0.3478015312340694,3.1062249417316734e-09,1793.8490606237112,-0.14112161176293478,0.03230002946060146,1821.515626432917,0.3465634026516151,3.648254606623156e-09,1794.1215074935083,1.1744978792776384,0.2724468697970224
heart_attack_binary,Heart Attack,systolic_bp,Systolic BP (mmHg),LBXSAL,Albumin (g/dL),Difference,4674,228.0,0.3478015312340694,3.1062249417316734e-09,1793.8490606237112,0.3465634026516151,3.648254606623156e-09,1794.1215074935083,-0.14112161176293478,0.03230002946060146,1821.515626432917,1.1744978792776384,0.2724468697970224
thyroid_binary,Thyroid Problem,LBXSATSI,ALT Liver Enzyme (U/L),LBXSNASI,Sodium (mmol/L),Ratio,4901,599.0,-0.27007918373598805,1.1193593858828423e-05,3619.75379468685,-0.2676274780153956,1.2281904262678293e-05,3620.0246093499136,0.05463442193345188,0.21287610460210282,3642.1689203980354,1.0972261829020638,0.27081466306344737
depression_binary,Depression,LBXWBCSI,WBC Count (10^3/uL),LBXSAL,Albumin (g/dL),Ratio,788,409.0,0.1769952528958983,0.02361482240622986,1089.7128442178766,0.17361945658198724,0.027245299727127876,1089.9807270077727,-0.11757494693632459,0.10270580813608648,1092.5696501558114,1.1537372273415978,0.26788278989602077
liver_condition_binary,Liver Condition,systolic_bp,Systolic BP (mmHg),LBXSNASI,Sodium (mmol/L),Ratio,4668,256.0,0.2283036079554791,9.527010940685735e-05,1973.848257430288,0.22575196743942919,0.00010895686809195454,1974.1140130501258,0.008199217044502247,0.898608806919256,1988.1743898242887,1.1436626741620184,0.2657556198378188
hypertension_binary,Hypertension,LBXSKSI,Potassium (mmol/L),LBXIN,Insulin (uIU/mL),Difference,2593,929.0,-0.21362028511677078,2.143917490687757e-05,3364.9122459151718,-0.06540819487238989,0.11189015525589659,3384.9016870855116,0.2120824337296999,2.3531498891374825e-05,3365.174063750454,1.0975934938534435,0.2618178352822724
hypertension_binary,Hypertension,LBXIN,Insulin (uIU/mL),LBXSKSI,Potassium (mmol/L),Difference,2593,929.0,0.21362028511677078,2.143917490687757e-05,3364.9122459151718,0.2120824337296999,2.3531498891374825e-05,3365.174063750454,-0.06540819487238989,0.11189015525589659,3384.9016870855116,1.0975934938534435,0.2618178352822724
high_cholesterol_binary,High Cholesterol,LBXPLTSI,Platelet Count (10^3/uL),LBXSCA,Calcium (mg/dL),Difference,5383,1762.0,-0.1684861865567729,2.2716023056039187e-08,6778.870922615459,-0.16780388585154127,2.5673653450676543e-08,6779.121179584861,0.1040709187080572,0.000359266245274716,6798.223092484337,1.1302001845719667,0.25025696940247144
high_cholesterol_binary,High Cholesterol,LBXSCA,Calcium (mg/dL),LBXPLTSI,Platelet Count (10^3/uL),Difference,5383,1762.0,0.1684861865567729,2.2716023056039187e-08,6778.870922615459,0.1040709187080572,0.000359266245274716,6798.223092484337,-0.16780388585154127,2.5673653450676543e-08,6779.121179584861,1.1302001845719667,0.25025696940247144
arthritis_binary,Arthritis,diastolic_bp,Diastolic BP (mmHg),LBXSCA,Calcium (mg/dL),Ratio,4667,1456.0,-0.1187413432751689,0.00017023703473240058,5783.195664756731,-0.09970182280374328,0.001526984182041523,5787.331149053669,0.11816862972946977,0.0001970583824184219,5783.439748894321,1.1575529539044334,0.24408413759010728
high_cholesterol_binary,High Cholesterol,LBXSAL,Albumin (g/dL),LBXTR,Triglycerides (mg/dL),Difference,2580,863.0,-0.643736790590688,7.145892950071936e-24,3164.606284904161,-0.11265408717689714,0.00686062215748704,3285.2393537443695,0.6430172453237801,7.89833987139596e-24,3164.8489204835046,1.1052978160436127,0.24263557934364144
high_cholesterol_binary,High Cholesterol,LBXTR,Triglycerides (mg/dL),LBXSAL,Albumin (g/dL),Difference,2580,863.0,0.643736790590688,7.145892950071936e-24,3164.606284904161,0.6430172453237801,7.89833987139596e-24,3164.8489204835046,-0.11265408717689714,0.00686062215748704,3285.2393537443695,1.1052978160436127,0.24263557934364144
thyroid_binary,Thyroid Problem,LBXSBU,BUN Kidney (mg/dL),LBDLDL,LDL Cholesterol (mg/dL),Ratio,2350,300.0,0.1439968321612489,0.005024303829532078,1791.8314480343797,0.148314089398538,0.006285566056517207,1792.0692502295456,0.006427509006999196,0.917048904738317,1798.9817389297516,1.2510322364606266,0.2378021951658411
thyroid_binary,Thyroid Problem,LBXSCR,Creatinine Kidney (mg/dL),LBXSATSI,ALT Liver Enzyme (U/L),Difference,4901,599.0,0.269147408446057,1.1150099480846588e-05,3619.788281105803,0.031246707617809014,0.4115236508236555,3643.107773984603,-0.2676274780153956,1.2281904262678293e-05,3620.0246093499136,1.1015062496774934,0.23632824411060938
thyroid_binary,Thyroid Problem,LBXSATSI,ALT Liver Enzyme (U/L),LBXSCR,Creatinine Kidney (mg/dL),Difference,4901,599.0,-0.269147408446057,1.1150099480846588e-05,3619.788281105803,-0.2676274780153956,1.2281904262678293e-05,3620.0246093499136,0.031246707617809014,0.4115236508236555,3643.107773984603,1.1015062496774934,0.23632824411060938
heart_attack_binary,Heart Attack,LBXSAPSI,Alkaline Phosphatase (U/L),LBXSNASI,Sodium (mmol/L),Difference,4905,243.0,0.2205775812132303,1.8510315113122862e-05,1920.691516151921,0.21934138730326855,2.1179197451874168e-05,1920.9262070062023,-0.036192901897020555,0.5806461661511692,1937.8585021813183,1.1441835172681207,0.2346908542813253
heart_attack_binary,Heart Attack,LBXSNASI,Sodium (mmol/L),LBXSAPSI,Alkaline Phosphatase (U/L),Difference,4905,243.0,-0.2205775812132303,1.8510315113122862e-05,1920.691516151921,-0.036192901897020555,0.5806461661511692,1937.8585021813183,0.21934138730326855,2.1179197451874168e-05,1920.9262070062023,1.1441835172681207,0.2346908542813253
stroke_binary,Stroke,LBDLDL,LDL Cholesterol (mg/dL),LBDHDD,HDL Cholesterol (mg/dL),Difference,2365,111.0,-0.2822817866474317,0.005272493186513771,891.8487918519858,-0.286885349533942,0.006876745942167377,892.0830468253316,0.07564533906279783,0.41292586710842627,899.157845381464,1.3042683411629699,0.23425497334585543
stroke_binary,Stroke,LBDHDD,HDL Cholesterol (mg/dL),LBDLDL,LDL Cholesterol (mg/dL),Difference,2365,111.0,0.2822817866474317,0.005272493186513771,891.8487918519858,0.07564533906279783,0.41292586710842627,899.157845381464,-0.286885349533942,0.006876745942167377,892.0830468253316,1.3042683411629699,0.23425497334585543
liver_condition_binary,Liver Condition,LBXHGB,Hemoglobin (g/dL),LBXSATSI,ALT Liver Enzyme (U/L),Difference,4897,269.0,-0.3096763170584454,1.2622598529877149e-14,2038.9160418561721,0.08858980627373099,0.16512197010804075,2086.0931359074975,0.31164867499827054,1.4582378320545933e-14,2039.1409905961268,1.1552596152076031,0.22494873995469788
liver_condition_binary,Liver Condition,LBXSATSI,ALT Liver Enzyme (U/L),LBXHGB,Hemoglobin (g/dL),Difference,4897,269.0,0.3096763170584454,1.2622598529877149e-14,2038.9160418561721,0.31164867499827054,1.4582378320545933e-14,2039.1409905961268,0.08858980627373099,0.16512197010804075,2086.0931359074975,1.1552596152076031,0.22494873995469788
high_cholesterol_binary,High Cholesterol,LBXSAL,Albumin (g/dL),LBXIN,Insulin (uIU/mL),Difference,2578,863.0,-0.1404323250371611,0.0016826494762932583,3279.8052207869496,-0.11294884206614121,0.006727101303005578,3283.5742220266693,0.1388792808209066,0.0018587304687617784,3280.029494409033,1.104645082026479,0.22427362208327395
high_cholesterol_binary,High Cholesterol,LBXIN,Insulin (uIU/mL),LBXSAL,Albumin (g/dL),Difference,2578,863.0,0.1404323250371611,0.0016826494762932583,3279.8052207869496,0.1388792808209066,0.0018587304687617784,3280.029494409033,-0.11294884206614121,0.006727101303005578,3283.5742220266693,1.104645082026479,0.22427362208327395
diabetes_binary,Diabetes,LBXTR,Triglycerides (mg/dL),LBXSNASI,Sodium (mmol/L),Difference,2822,410.0,0.38882419828419473,2.2769743966619757e-11,2288.214137634797,0.38792984433877103,2.5484314622364387e-11,2288.4378556636575,-0.06746542202344732,0.20641632056106385,2341.5376134028684,1.119218321458694,0.2237180288602758
diabetes_binary,Diabetes,LBXSNASI,Sodium (mmol/L),LBXTR,Triglycerides (mg/dL),Difference,2822,410.0,-0.38882419828419473,2.2769743966619757e-11,2288.214137634797,-0.06746542202344732,0.20641632056106385,2341.5376134028684,0.38792984433877103,2.5484314622364387e-11,2288.4378556636575,1.119218321458694,0.2237180288602758
heart_attack_binary,Heart Attack,LBXSCR,Creatinine Kidney (mg/dL),LBXSBU,BUN Kidney (mg/dL),Difference,4904,243.0,-0.406560484680803,2.0883281629814226e-18,1872.128931904741,0.17092058802046167,3.2254023669251264e-06,1918.862084936135,0.3987690941534883,2.200067447388763e-18,1872.3525355862785,1.0535065735300024,0.22360368153749732
heart_attack_binary,Heart Attack,LBXSBU,BUN Kidney (mg/dL),LBXSCR,Creatinine Kidney (mg/dL),Difference,4904,243.0,0.406560484680803,2.0883281629814226e-18,1872.128931904741,0.3987690941534883,2.200067447388763e-18,1872.3525355862785,0.17092058802046167,3.2254023669251264e-06,1918.862084936135,1.0535065735300024,0.22360368153749732
stroke_binary,Stroke,LBXSATSI,ALT Liver Enzyme (U/L),LBXSNASI,Sodium (mmol/L),Ratio,4907,239.0,-0.3628139714575346,0.0005246477805292878,1898.9101779977304,-0.3585413425314376,0.0005657596240607205,1899.1337472168136,0.11816116367264431,0.0784548724711497,1911.5392544862134,1.0783608452321236,0.22356921908317418
stroke_binary,Stroke,LBDLDL,LDL Cholesterol (mg/dL),LBXSNASI,Sodium (mmol/L),Ratio,2357,111.0,-0.2927680092346319,0.006011430647258153,891.038675614881,-0.28805713069294575,0.006710935420037957,891.2613700361511,0.1385313024167326,0.15667907323829047,897.0214171424693,1.1163624457846573,0.22269442127014827
hypertension_binary,Hypertension,LBXSCA,Calcium (mg/dL),LBXPLTSI,Platelet Count (10^3/uL),Difference,5405,1899.0,0.1290313625513322,9.952633587654173e-06,6991.937913882306,0.1154543422639873,5.661273572987979e-05,6995.514918666297,-0.12830526418774502,1.1113797310340184e-05,6992.156013956561,1.116668991424178,0.2181000742548349
hypertension_binary,Hypertension,LBXPLTSI,Platelet Count (10^3/uL),LBXSCA,Calcium (mg/dL),Difference,5405,1899.0,-0.1290313625513322,9.952633587654173e-06,6991.937913882306,-0.12830526418774502,1.1113797310340184e-05,6992.156013956561,0.1154543422639873,5.661273572987979e-05,6995.514918666297,1.116668991424178,0.2181000742548349
heart_attack_binary,Heart Attack,LBDHDD,HDL Cholesterol (mg/dL),LBXSCA,Calcium (mg/dL),Difference,4900,243.0,-0.3744405351806798,1.9787254771989297e-06,1912.3877184615576,-0.3725435608382727,2.1714648526206217e-06,1912.6019463191647,0.03156248751875165,0.630898320765283,1937.4238588930912,1.0974058188680789,0.21422785760705665
heart_attack_binary,Heart Attack,LBXSCA,Calcium (mg/dL),LBDHDD,HDL Cholesterol (mg/dL),Difference,4900,243.0,0.3744405351806798,1.9787254771989297e-06,1912.3877184615576,0.03156248751875165,0.630898320765283,1937.4238588930912,-0.3725435608382727,2.1714648526206217e-06,1912.6019463191647,1.0974058188680789,0.21422785760705665
heart_attack_binary,Heart Attack,LBXSCA,Calcium (mg/dL),LBXTC,Total Cholesterol (mg/dL),Difference,4900,243.0,0.5023081756320538,2.212011740356261e-11,1888.9000050007285,0.03156248751875165,0.630898320765283,1937.4238588930912,-0.5010952582996173,2.425747411225612e-11,1889.1061207420494,1.0966250164815705,0.20611574132090027
heart_attack_binary,Heart Attack,LBXTC,Total Cholesterol (mg/dL),LBXSCA,Calcium (mg/dL),Difference,4900,243.0,-0.5023081756320538,2.212011740356261e-11,1888.9000050007285,-0.5010952582996173,2.425747411225612e-11,1889.1061207420494,0.03156248751875165,0.630898320765283,1937.4238588930912,1.0966250164815705,0.20611574132090027
liver_condition_binary,Liver Condition,LBXSCA,Calcium (mg/dL),LBXSATSI,ALT Liver Enzyme (U/L),Difference,4898,270.0,-0.31023696928952615,1.820807246022862e-14,2045.3222833168538,-0.03583921826623545,0.56715919735871,2093.514181909615,0.3097693326969904,2.065435129505853e-14,2045.5263441050913,1.134351334561813,0.2040607882374843
liver_condition_binary,Liver Condition,LBXSATSI,ALT Liver Enzyme (U/L),LBXSCA,Calcium (mg/dL),Difference,4898,270.0,0.31023696928952615,1.820807246022862e-14,2045.3222833168538,0.3097693326969904,2.065435129505853e-14,2045.5263441050913,-0.03583921826623545,0.56715919735871,2093.514181909615,1.134351334561813,0.2040607882374843
liver_condition_binary,Liver Condition,LBXPLTSI,Platelet Count (10^3/uL),LBXSCA,Calcium (mg/dL),Ratio,4896,269.0,-0.312714790158269,7.476712780048219e-06,2066.49233383532,-0.3097562498673294,7.895923775958241e-06,2066.6945623793426,-0.03457282369641551,0.58160002990155,2087.6251501203365,1.056068891268459,0.20222854402254598
hypertension_binary,Hypertension,LBXSAL,Albumin (g/dL),LBXTR,Triglycerides (mg/dL),Difference,2597,930.0,-0.25714457937528895,9.878450545718595e-07,3362.959979032991,-0.1963917363789205,1.963595905369592e-06,3369.239270449146,0.25608572706298355,1.0723218832500439e-06,3363.1573368682452,1.0855162743258326,0.1973578352540244
hypertension_binary,Hypertension,LBXTR,Triglycerides (mg/dL),LBXSAL,Albumin (g/dL),Difference,2597,930.0,0.25714457937528895,9.878450545718595e-07,3362.959979032991,0.25608572706298355,1.0723218832500439e-06,3363.1573368682452,-0.1963917363789205,1.963595905369592e-06,3369.239270449146,1.0855162743258326,0.1973578352540244
diabetes_binary,Diabetes,LBXSCA,Calcium (mg/dL),LBDLDL,LDL Cholesterol (mg/dL),Difference,2793,402.0,0.3718437374984902,8.167611595625656e-10,2264.801110380531,0.07786709033870365,0.14843770640381893,2303.5460850300315,-0.3709149890671321,8.952777594485164e-10,2264.998436417603,1.0961316524012994,0.197326037071889
diabetes_binary,Diabetes,LBDLDL,LDL Cholesterol (mg/dL),LBXSCA,Calcium (mg/dL),Difference,2793,402.0,-0.3718437374984902,8.167611595625656e-10,2264.801110380531,-0.3709149890671321,8.952777594485164e-10,2264.998436417603,0.07786709033870365,0.14843770640381893,2303.5460850300315,1.0961316524012994,0.197326037071889
high_cholesterol_binary,High Cholesterol,LBXSATSI,ALT Liver Enzyme (U/L),LBXWBCSI,WBC Count (10^3/uL),Difference,5384,1761.0,0.07048429822280486,0.01585360951861636,6804.454121978064,0.067830014195771,0.016628146578219476,6804.645630081267,-0.015369523217261292,0.6715052393261467,6810.148436443056,1.0488555655854652,0.1915081032029775
high_cholesterol_binary,High Cholesterol,LBXWBCSI,WBC Count (10^3/uL),LBXSATSI,ALT Liver Enzyme (U/L),Difference,5384,1761.0,-0.07048429822280486,0.01585360951861636,6804.454121978064,-0.015369523217261292,0.6715052393261467,6810.148436443056,0.067830014195771,0.016628146578219476,6804.645630081267,1.0488555655854652,0.1915081032029775
thyroid_binary,Thyroid Problem,diastolic_bp,Diastolic BP (mmHg),LBXSCR,Creatinine Kidney (mg/dL),Difference,4671,569.0,-0.12699309151776952,0.0034515042355338114,3457.0732673994644,-0.12559908232739764,0.0038501634381280345,3457.2645296967053,0.03515795796857837,0.3607117633853375,3464.6994960536335,1.1155030315449015,0.19126229724088262
thyroid_binary,Thyroid Problem,LBXSCR,Creatinine Kidney (mg/dL),diastolic_bp,Diastolic BP (mmHg),Difference,4671,569.0,0.12699309151776952,0.0034515042355338114,3457.0732673994644,0.03515795796857837,0.3607117633853375,3464.6994960536335,-0.12559908232739764,0.0038501634381280345,3457.2645296967053,1.1155030315449015,0.19126229724088262
stroke_binary,Stroke,LBXSATSI,ALT Liver Enzyme (U/L),BMXBMI,Body Mass Index (kg/m2),Difference,4830,227.0,-0.3228007826634552,0.0003499154694770452,1820.5089831175974,-0.35694297137159475,0.0008132613618419796,1820.6947174135717,0.048826146263120644,0.4598716111718949,1834.798398724761,2.324165213551184,0.18573429597427094
stroke_binary,Stroke,BMXBMI,Body Mass Index (kg/m2),LBXSATSI,ALT Liver Enzyme (U/L),Difference,4830,227.0,0.3228007826634552,0.0003499154694770452,1820.5089831175974,0.048826146263120644,0.4598716111718949,1834.798398724761,-0.35694297137159475,0.0008132613618419796,1820.6947174135717,2.324165213551184,0.18573429597427094
liver_condition_binary,Liver Condition,LBXSBU,BUN Kidney (mg/dL),LBXSNASI,Sodium (mmol/L),Ratio,4899,270.0,0.1709257535925204,0.0008525358530896702,2084.1893035040403,0.1695864563758633,0.0009612282353252191,2084.3722428931446,-0.01880153179918784,0.763452504776321,2093.864601287865,1.1274930336849032,0.18293938910437646
heart_attack_binary,Heart Attack,LBXSCR,Creatinine Kidney (mg/dL),LBXSNASI,Sodium (mmol/L),Ratio,4906,243.0,0.17145321889364487,2.8223505593544064e-06,1918.8671744610701,0.1709695196702488,3.200615679684623e-06,1919.048990558962,-0.03569657169238687,0.5858647438130349,1937.9684184968341,1.1340248535308606,0.1818160978918968
liver_condition_binary,Liver Condition,LBXSCA,Calcium (mg/dL),LBXSBU,BUN Kidney (mg/dL),Difference,4899,270.0,-0.17046765571497252,0.0008421686461231688,2084.191438434642,-0.03555688431116777,0.5702172937890806,2093.63271181069,0.1695864563758633,0.0009612282353252191,2084.3722428931446,1.1413726214459872,0.18080445850273463
liver_condition_binary,Liver Condition,LBXSBU,BUN Kidney (mg/dL),LBXSCA,Calcium (mg/dL),Difference,4899,270.0,0.17046765571497252,0.0008421686461231688,2084.191438434642,0.1695864563758633,0.0009612282353252191,2084.3722428931446,-0.03555688431116777,0.5702172937890806,2093.63271181069,1.1413726214459872,0.18080445850273463
stroke_binary,Stroke,LBXPLTSI,Platelet Count (10^3/uL),LBXSUA,Uric Acid (mg/dL),Difference,4903,239.0,-0.20634749333369598,0.003730405347870083,1905.4706123887972,-0.20418986532514555,0.004099835071338497,1905.6507976173716,0.10080800432288765,0.11866146018482233,1911.8673419469662,1.0990320592584781,0.18018522857437347
stroke_binary,Stroke,LBXSUA,Uric Acid (mg/dL),LBXPLTSI,Platelet Count (10^3/uL),Difference,4903,239.0,0.20634749333369598,0.003730405347870083,1905.4706123887972,0.10080800432288765,0.11866146018482233,1911.8673419469662,-0.20418986532514555,0.004099835071338497,1905.6507976173716,1.0990320592584781,0.18018522857437347
liver_condition_binary,Liver Condition,systolic_bp,Systolic BP (mmHg),LBXSAL,Albumin (g/dL),Difference,4668,256.0,0.22703840653413832,9.817314536612456e-05,1973.9361564628684,0.22575196743942919,0.00010895686809195454,1974.1140130501258,-0.11690803708808109,0.06277254373944012,1984.78168337981,1.1098439159264322,0.1778565872573381
liver_condition_binary,Liver Condition,LBXSAL,Albumin (g/dL),systolic_bp,Systolic BP (mmHg),Difference,4668,256.0,-0.22703840653413832,9.817314536612456e-05,1973.9361564628684,-0.11690803708808109,0.06277254373944012,1984.78168337981,0.22575196743942919,0.00010895686809195454,1974.1140130501258,1.1098439159264322,0.1778565872573381
high_cholesterol_binary,High Cholesterol,LBXTR,Triglycerides (mg/dL),diastolic_bp,Diastolic BP (mmHg),Difference,2459,825.0,0.6238438139290298,1.2142842621372474e-21,3027.8247195057565,0.6212644885484291,1.4524332374485628e-21,3028.0016942607135,0.019871629027741436,0.6424597505950396,3141.5024102562825,1.1961229200913404,0.1769747549569729
high_cholesterol_binary,High Cholesterol,diastolic_bp,Diastolic BP (mmHg),LBXTR,Triglycerides (mg/dL),Difference,2459,825.0,-0.6238438139290298,1.2142842621372474e-21,3027.8247195057565,0.019871629027741436,0.6424597505950396,3141.5024102562825,0.6212644885484291,1.4524332374485628e-21,3028.0016942607135,1.1961229200913404,0.1769747549569729
arthritis_binary,Arthritis,LBXSCA,Calcium (mg/dL),LBXPLTSI,Platelet Count (10^3/uL),Difference,4897,1523.0,0.12086051321962721,0.00013779703176788942,6060.517214604546,0.11444044977545201,0.00022302166833570647,6061.646439527931,-0.12014848585419469,0.0001503693959879504,6060.687348810904,1.0912382803806568,0.17013420635794319
arthritis_binary,Arthritis,LBXPLTSI,Platelet Count (10^3/uL),LBXSCA,Calcium (mg/dL),Difference,4897,1523.0,-0.12086051321962721,0.00013779703176788942,6060.517214604546,-0.12014848585419469,0.0001503693959879504,6060.687348810904,0.11444044977545201,0.00022302166833570647,6061.646439527931,1.0912382803806568,0.17013420635794319
heart_attack_binary,Heart Attack,systolic_bp,Systolic BP (mmHg),LBXSAL,Albumin (g/dL),Ratio,4674,228.0,0.34060815393199073,2.4154034021179513e-09,1793.955071433002,0.3465634026516151,3.648254606623156e-09,1794.1215074935083,-0.14112161176293478,0.03230002946060146,1821.515626432917,1.5104121338175547,0.16643606050615745
heart_attack_binary,Heart Attack,LBXHGB,Hemoglobin (g/dL),LBDLDL,LDL Cholesterol (mg/dL),Difference,2361,125.0,0.5137513324169974,1.4142588589933513e-06,956.3531810535253,-0.01425264373639606,0.8763896629653505,981.8696125247523,-0.5117386826015218,1.5159561726286198e-06,956.5142598469433,1.0719085569014255,0.161078793418028
heart_attack_binary,Heart Attack,LBDLDL,LDL Cholesterol (mg/dL),LBXHGB,Hemoglobin (g/dL),Difference,2361,125.0,-0.5137513324169974,1.4142588589933513e-06,956.3531810535253,-0.5117386826015218,1.5159561726286198e-06,956.5142598469433,-0.01425264373639606,0.8763896629653505,981.8696125247523,1.0719085569014255,0.161078793418028
arthritis_binary,Arthritis,LBXSATSI,ALT Liver Enzyme (U/L),LBXSKSI,Potassium (mmol/L),Ratio,4899,1524.0,-0.14685390737554768,3.927662252554358e-05,6059.618971851991,-0.14555086768687875,4.074742964115044e-05,6059.77983461605,0.1258832497892235,4.342055436294665e-05,6061.689366770376,1.0374473929027455,0.1608627640589475
high_cholesterol_binary,High Cholesterol,LBXIN,Insulin (uIU/mL),LBXHGB,Hemoglobin (g/dL),Ratio,2581,864.0,0.13922749984937527,0.001847354212790213,3283.7864824160242,0.13809239690886302,0.0019383560390595605,3283.9468946843385,-0.01205383199659747,0.7724370664393927,3294.6622106535906,1.0492606267056386,0.16041226831430322
liver_condition_binary,Liver Condition,LBDHDD,HDL Cholesterol (mg/dL),LBXHGB,Hemoglobin (g/dL),Ratio,4919,269.0,-0.1656583585764295,0.015887772390679504,2084.350805129192,-0.16312657296851094,0.017085449665541288,2084.5083943234995,0.08751241850601245,0.17017781990549485,2088.619391395152,1.0753835871644533,0.1575891943075476
thyroid_binary,Thyroid Problem,LBXSCR,Creatinine Kidney (mg/dL),LBXSASSI,AST Liver Enzyme (U/L),Difference,4888,597.0,0.1250944641660876,0.028064805542832794,3626.7255613914454,0.031122615579594254,0.4143900144241416,3631.839182105955,-0.12309562552693615,0.03015547748846488,3626.8822967641627,1.0744944390382922,0.1567353727173213
thyroid_binary,Thyroid Problem,LBXSASSI,AST Liver Enzyme (U/L),LBXSCR,Creatinine Kidney (mg/dL),Difference,4888,597.0,-0.1250944641660876,0.028064805542832794,3626.7255613914454,-0.12309562552693615,0.03015547748846488,3626.8822967641627,0.031122615579594254,0.4143900144241416,3631.839182105955,1.0744944390382922,0.1567353727173213
arthritis_binary,Arthritis,LBXSAPSI,Alkaline Phosphatase (U/L),LBXSNASI,Sodium (mmol/L),Difference,4901,1524.0,0.21154878773772803,2.0917312248707787e-11,6033.08811248438,0.21119789767754407,2.2342009536828204e-11,6033.242885871554,-0.012347041303036058,0.6889433191995367,6079.748685380275,1.0681109155507507,0.1547733871739183
arthritis_binary,Arthritis,LBXSNASI,Sodium (mmol/L),LBXSAPSI,Alkaline Phosphatase (U/L),Difference,4901,1524.0,-0.21154878773772803,2.0917312248707787e-11,6033.08811248438,-0.012347041303036058,0.6889433191995367,6079.748685380275,0.21119789767754407,2.2342009536828204e-11,6033.242885871554,1.0681109155507507,0.1547733871739183
heart_attack_binary,Heart Attack,LBXSAL,Albumin (g/dL),LBXSAPSI,Alkaline Phosphatase (U/L),Difference,4905,243.0,-0.22023343841668516,1.9419891533240375e-05,1920.774097045352,-0.16778681465769957,0.008223635474655638,1931.3466103140584,0.21934138730326855,2.1179197451874168e-05,1920.9262070062023,1.09059298377761,0.15210996085033912
heart_attack_binary,Heart Attack,LBXSAPSI,Alkaline Phosphatase (U/L),LBXSAL,Albumin (g/dL),Difference,4905,243.0,0.22023343841668516,1.9419891533240375e-05,1920.774097045352,0.21934138730326855,2.1179197451874168e-05,1920.9262070062023,-0.16778681465769957,0.008223635474655638,1931.3466103140584,1.09059298377761,0.15210996085033912
high_cholesterol_binary,High Cholesterol,BMXWAIST,Waist Circumference (cm),LBXHGB,Hemoglobin (g/dL),Difference,5227,1693.0,0.39782496752867397,2.039818937093812e-39,6408.765208037398,0.39784746608893234,2.220569953560796e-39,6408.914972132041,0.002337137855798728,0.9369931275624701,6587.616968604777,1.088611304258458,0.14976409464270546
high_cholesterol_binary,High Cholesterol,LBXHGB,Hemoglobin (g/dL),BMXWAIST,Waist Circumference (cm),Difference,5227,1693.0,-0.39782496752867397,2.039818937093812e-39,6408.765208037398,0.002337137855798728,0.9369931275624701,6587.616968604777,0.39784746608893234,2.220569953560796e-39,6408.914972132041,1.088611304258458,0.14976409464270546
liver_condition_binary,Liver Condition,BMXWAIST,Waist Circumference (cm),LBXSCA,Calcium (mg/dL),Ratio,4643,252.0,0.21685769387997397,0.0004559214151341782,1950.6230519263004,0.21608007471909524,0.0005003498688710511,1950.7670262509293,-0.048757846895993995,0.4519315327509791,1962.000574975898,1.0974476132554503,0.14397432462897086
liver_condition_binary,Liver Condition,LBXSAPSI,Alkaline Phosphatase (U/L),LBXSAL,Albumin (g/dL),Difference,4900,270.0,0.2921116968643332,1.0904717391895144e-08,2061.646391380519,0.2915751510481414,1.1920846189544353e-08,2061.789370587992,-0.1417654776716184,0.019823795747678397,2088.7445133130523,1.0931824971827735,0.14297920747276294
liver_condition_binary,Liver Condition,LBXSAL,Albumin (g/dL),LBXSAPSI,Alkaline Phosphatase (U/L),Difference,4900,270.0,-0.2921116968643332,1.0904717391895144e-08,2061.646391380519,-0.1417654776716184,0.019823795747678397,2088.7445133130523,0.2915751510481414,1.1920846189544353e-08,2061.789370587992,1.0931824971827735,0.14297920747276294
liver_condition_binary,Liver Condition,LBXSCA,Calcium (mg/dL),LBXSASSI,AST Liver Enzyme (U/L),Difference,4887,269.0,-0.27451541057385775,1.108139875847941e-12,2042.8129624210528,-0.03262381925926192,0.6030981464600143,2086.64031095752,0.2742846655424148,1.1955581020402399e-12,2042.9555687441243,1.0788873571807955,0.14260632307150445
liver_condition_binary,Liver Condition,LBXSASSI,AST Liver Enzyme (U/L),LBXSCA,Calcium (mg/dL),Difference,4887,269.0,0.27451541057385775,1.108139875847941e-12,2042.8129624210528,0.2742846655424148,1.1955581020402399e-12,2042.9555687441243,-0.03262381925926192,0.6030981464600143,2086.64031095752,1.0788873571807955,0.14260632307150445
liver_condition_binary,Liver Condition,LBXSAPSI,Alkaline Phosphatase (U/L),LBXSNASI,Sodium (mmol/L),Ratio,4900,270.0,0.29149352666429174,1.0999166199197087e-08,2061.6494978592355,0.2915751510481414,1.1920846189544353e-08,2061.789370587992,-0.01924852426734973,0.7579895828048253,2093.973611497607,1.0837954417321694,0.1398727287564725
stroke_binary,Stroke,diastolic_bp,Diastolic BP (mmHg),LBXSAPSI,Alkaline Phosphatase (U/L),Difference,4674,223.0,-0.27395208750911215,6.342411625848541e-07,1771.7170039467148,-0.06341499762492939,0.34612546150825685,1795.3105716735301,0.26831372677819826,7.385902255191717e-07,1771.8564766106258,1.1645258445684008,0.1394726639109649
stroke_binary,Stroke,LBXSAPSI,Alkaline Phosphatase (U/L),diastolic_bp,Diastolic BP (mmHg),Difference,4674,223.0,0.27395208750911215,6.342411625848541e-07,1771.7170039467148,0.26831372677819826,7.385902255191717e-07,1771.8564766106258,-0.06341499762492939,0.34612546150825685,1795.3105716735301,1.1645258445684008,0.1394726639109649
arthritis_binary,Arthritis,LBXSAPSI,Alkaline Phosphatase (U/L),LBXSNASI,Sodium (mmol/L),Ratio,4901,1524.0,0.2116401162359757,2.1743253814923235e-11,6033.1058842379025,0.21119789767754407,2.2342009536828204e-11,6033.242885871554,-0.012347041303036058,0.6889433191995367,6079.748685380275,1.0275375400113307,0.13700163365137996
stroke_binary,Stroke,LBXSCA,Calcium (mg/dL),systolic_bp,Systolic BP (mmHg),Difference,4673,223.0,-0.49011914575450516,7.200126061155612e-18,1728.8993973779875,-0.02522976761895544,0.7133814908270697,1795.953414937056,0.49018946390104307,7.938578687990978e-18,1729.029095935878,1.1025610691483985,0.12969855789060603
stroke_binary,Stroke,systolic_bp,Systolic BP (mmHg),LBXSCA,Calcium (mg/dL),Difference,4673,223.0,0.49011914575450516,7.200126061155612e-18,1728.8993973779875,0.49018946390104307,7.938578687990978e-18,1729.029095935878,-0.02522976761895544,0.7133814908270697,1795.953414937056,1.1025610691483985,0.12969855789060603
diabetes_binary,Diabetes,LBXSATSI,ALT Liver Enzyme (U/L),LBXSCA,Calcium (mg/dL),Difference,5896,800.0,0.07094093473233015,0.034253669491957316,4681.875685045341,0.06991300964421383,0.037179686561014565,4682.004601564311,-0.05944169067023617,0.11810155019958674,4683.605230006213,1.0854220033197983,0.1289165189700725
diabetes_binary,Diabetes,LBXSCA,Calcium (mg/dL),LBXSATSI,ALT Liver Enzyme (U/L),Difference,5896,800.0,-0.07094093473233015,0.034253669491957316,4681.875685045341,-0.05944169067023617,0.11810155019958674,4683.605230006213,0.06991300964421383,0.037179686561014565,4682.004601564311,1.0854220033197983,0.1289165189700725
stroke_binary,Stroke,LBXWBCSI,WBC Count (10^3/uL),LBXTC,Total Cholesterol (mg/dL),Difference,4926,239.0,0.24577990441611622,0.00037336626469939926,1903.6033534299745,0.019775154412384113,0.6348257731248726,1916.3820461987352,-0.24865894006583486,0.0004606517359998473,1903.7297853437562,1.2337797480731754,0.1264319137817438
stroke_binary,Stroke,LBXTC,Total Cholesterol (mg/dL),LBXWBCSI,WBC Count (10^3/uL),Difference,4926,239.0,-0.24577990441611622,0.00037336626469939926,1903.6033534299745,-0.24865894006583486,0.0004606517359998473,1903.7297853437562,0.019775154412384113,0.6348257731248726,1916.3820461987352,1.2337797480731754,0.1264319137817438
heart_attack_binary,Heart Attack,LBXHSCRP,hs-CRP Inflammation (mg/L),LBDLDL,LDL Cholesterol (mg/dL),Difference,2347,125.0,0.5080848561804182,9.42278412314284e-07,954.5100728987732,0.0504232977084227,0.5169879288000045,979.9895016276182,-0.515994053582082,1.297380675562314e-06,954.6307763254689,1.376854928020563,0.12070342669574075
heart_attack_binary,Heart Attack,LBDLDL,LDL Cholesterol (mg/dL),LBXHSCRP,hs-CRP Inflammation (mg/L),Difference,2347,125.0,-0.5080848561804182,9.42278412314284e-07,954.5100728987732,-0.515994053582082,1.297380675562314e-06,954.6307763254689,0.0504232977084227,0.5169879288000045,979.9895016276182,1.376854928020563,0.12070342669574075
heart_attack_binary,Heart Attack,LBXSAL,Albumin (g/dL),BMXWAIST,Waist Circumference (cm),Difference,4649,217.0,-0.3550796970338107,4.910126622139725e-08,1729.060201994283,-0.1369416737462161,0.042655970937597106,1753.6785086239433,0.3544314462478898,5.239337180934499e-08,1729.177631649497,1.0670472645879163,0.11742965521398219
heart_attack_binary,Heart Attack,BMXWAIST,Waist Circumference (cm),LBXSAL,Albumin (g/dL),Difference,4649,217.0,0.3550796970338107,4.910126622139725e-08,1729.060201994283,0.3544314462478898,5.239337180934499e-08,1729.177631649497,-0.1369416737462161,0.042655970937597106,1753.6785086239433,1.0670472645879163,0.11742965521398219
liver_condition_binary,Liver Condition,LBXPLTSI,Platelet Count (10^3/uL),LBXHGB,Hemoglobin (g/dL),Difference,5013,274.0,-0.29012394491165494,2.3500516887679704e-05,2110.5836972847783,-0.2888084520354244,2.456153567184613e-05,2110.700050906111,0.08301980545435812,0.18871815468833875,2127.8476428581926,1.0451487424399024,0.11635362133256422
liver_condition_binary,Liver Condition,LBXHGB,Hemoglobin (g/dL),LBXPLTSI,Platelet Count (10^3/uL),Difference,5013,274.0,0.29012394491165494,2.3500516887679704e-05,2110.5836972847783,0.08301980545435812,0.18871815468833875,2127.8476428581926,-0.2888084520354244,2.456153567184613e-05,2110.700050906111,1.0451487424399024,0.11635362133256422
heart_attack_binary,Heart Attack,diastolic_bp,Diastolic BP (mmHg),LBXSCA,Calcium (mg/dL),Difference,4671,228.0,-0.28488199681089094,2.80070698825441e-06,1805.4416945041053,-0.2841080979099392,2.9899963824690042e-06,1805.554479649016,0.04239048079146178,0.5314163860954475,1825.3153481469199,1.0675862898219755,0.1127851449107311
heart_attack_binary,Heart Attack,LBXSCA,Calcium (mg/dL),diastolic_bp,Diastolic BP (mmHg),Difference,4671,228.0,0.28488199681089094,2.80070698825441e-06,1805.4416945041053,0.04239048079146178,0.5314163860954475,1825.3153481469199,-0.2841080979099392,2.9899963824690042e-06,1805.554479649016,1.0675862898219755,0.1127851449107311
arthritis_binary,Arthritis,LBXHSCRP,hs-CRP Inflammation (mg/L),LBXSCA,Calcium (mg/dL),Ratio,4887,1517.0,0.1859870388098786,8.252929481433144e-09,6021.249689072722,0.18693944384699607,9.415306016784903e-09,6021.361349953942,0.11426453141439429,0.00023298474718440505,6044.726103695353,1.140844113349907,0.11166088122081419
liver_condition_binary,Liver Condition,BMXWAIST,Waist Circumference (cm),LBXSAL,Albumin (g/dL),Difference,4645,252.0,0.21719651123728861,0.00046537292717923685,1950.8611382646154,0.2162428471821549,0.0004949934652945041,1950.9711013520337,-0.11105522962184868,0.07979209214071459,1959.7653094822092,1.063649035827688,0.10996308741823668
liver_condition_binary,Liver Condition,LBXSAL,Albumin (g/dL),BMXWAIST,Waist Circumference (cm),Difference,4645,252.0,-0.21719651123728861,0.00046537292717923685,1950.8611382646154,-0.11105522962184868,0.07979209214071459,1959.7653094822092,0.2162428471821549,0.0004949934652945041,1950.9711013520337,1.063649035827688,0.10996308741823668
thyroid_binary,Thyroid Problem,LBXSASSI,AST Liver Enzyme (U/L),LBXSNASI,Sodium (mmol/L),Ratio,4888,597.0,-0.124755367070204,0.028968950345808243,3626.7786654532188,-0.12309562552693615,0.03015547748846488,3626.8822967641627,0.05098641128242931,0.2456322999936631,3631.0978275358557,1.0409585824992904,0.10363131094391065
depression_binary,Depression,LBXSUA,Uric Acid (mg/dL),BMXBMI,Body Mass Index (kg/m2),Ratio,780,400.0,-0.20315773941739493,0.005534466213787806,1076.9306227693453,-0.2011963775928992,0.005693675639300524,1077.0334229907392,0.07079959986373338,0.326101246243655,1083.8272282285868,1.0287668980824356,0.10280022139386347
hypertension_binary,Hypertension,LBXTR,Triglycerides (mg/dL),LBXSKSI,Potassium (mmol/L),Difference,2595,929.0,0.2717929352187944,3.031074797432389e-09,3349.260100802734,0.2714086506969074,3.1538102190650345e-09,3349.3577235887456,-0.06171998831933266,0.13339566825976412,3386.951492817696,1.0404923764126883,0.09762278601147045
hypertension_binary,Hypertension,LBXSKSI,Potassium (mmol/L),LBXTR,Triglycerides (mg/dL),Difference,2595,929.0,-0.2717929352187944,3.031074797432389e-09,3349.260100802734,-0.06171998831933266,0.13339566825976412,3386.951492817696,0.2714086506969074,3.1538102190650345e-09,3349.3577235887456,1.0404923764126883,0.09762278601147045
stroke_binary,Stroke,LBXTC,Total Cholesterol (mg/dL),LBXSKSI,Potassium (mmol/L),Difference,4902,238.0,-0.2515109385509582,0.00040831336981159426,1895.1524432362912,-0.25062292105246065,0.0004279004781996128,1895.24407337726,0.10753740540932497,0.09844198164905639,1905.5224191371317,1.0479707740088366,0.09163014096884581
stroke_binary,Stroke,LBXSKSI,Potassium (mmol/L),LBXTC,Total Cholesterol (mg/dL),Difference,4902,238.0,0.2515109385509582,0.00040831336981159426,1895.1524432362912,0.10753740540932497,0.09844198164905639,1905.5224191371317,-0.25062292105246065,0.0004279004781996128,1895.24407337726,1.0479707740088366,0.09163014096884581
liver_condition_binary,Liver Condition,LBXSBU,BUN Kidney (mg/dL),LBXSCA,Calcium (mg/dL),Ratio,4899,270.0,0.16743420264779824,0.0008319980534593749,2084.283129033042,0.1695864563758633,0.0009612282353252191,2084.3722428931446,-0.03555688431116777,0.5702172937890806,2093.63271181069,1.1553251012169037,0.08911386010277056
liver_condition_binary,Liver Condition,BMXWAIST,Waist Circumference (cm),LBXSCR,Creatinine Kidney (mg/dL),Difference,4644,252.0,0.21690032419773375,0.00047091110386558916,1950.7749021990205,0.2162585877675933,0.0004945583705664127,1950.8579142341064,-0.01636226399427399,0.8172012827400895,1962.6213779238324,1.0502159887645655,0.08301203508585786
liver_condition_binary,Liver Condition,LBXSCR,Creatinine Kidney (mg/dL),BMXWAIST,Waist Circumference (cm),Difference,4644,252.0,-0.21690032419773375,0.00047091110386558916,1950.7749021990205,-0.01636226399427399,0.8172012827400895,1962.6213779238324,0.2162585877675933,0.0004945583705664127,1950.8579142341064,1.0502159887645655,0.08301203508585786
diabetes_binary,Diabetes,LBXSCR,Creatinine Kidney (mg/dL),LBXSBU,BUN Kidney (mg/dL),Difference,5897,800.0,-0.5964488664475952,7.357402711704038e-62,4379.9052618133765,0.382453641304207,9.457335767592241e-16,4590.141256857838,0.5968912154788165,7.350462093049586e-61,4379.985031150027,9.990566482593904,0.07976933665031538
diabetes_binary,Diabetes,LBXSBU,BUN Kidney (mg/dL),LBXSCR,Creatinine Kidney (mg/dL),Difference,5897,800.0,0.5964488664475952,7.357402711704038e-62,4379.9052618133765,0.5968912154788165,7.350462093049586e-61,4379.985031150027,0.382453641304207,9.457335767592241e-16,4590.141256857838,9.990566482593904,0.07976933665031538
liver_condition_binary,Liver Condition,LBXSKSI,Potassium (mmol/L),LBDHDD,HDL Cholesterol (mg/dL),Difference,4895,270.0,0.1657610561822851,0.015326329886498487,2087.281561310473,0.053018467144022675,0.3925141995211171,2092.7750108685455,-0.16468407341601082,0.0159777336368401,2087.3599135502245,1.0425022660457972,0.0783522397514389
liver_condition_binary,Liver Condition,LBDHDD,HDL Cholesterol (mg/dL),LBXSKSI,Potassium (mmol/L),Difference,4895,270.0,-0.1657610561822851,0.015326329886498487,2087.281561310473,-0.16468407341601082,0.0159777336368401,2087.3599135502245,0.053018467144022675,0.3925141995211171,2092.7750108685455,1.0425022660457972,0.0783522397514389
heart_attack_binary,Heart Attack,LBXHGB,Hemoglobin (g/dL),LBXGLU,Fasting Glucose (mg/dL),Difference,2428,127.0,-0.34491167866958294,1.0462712774546896e-09,971.2664442315347,0.002758235720646105,0.9758793715474912,1000.6987801355997,0.34454315285012155,1.0923544664685405e-09,971.3435453217513,1.044045163053658,0.07710109021661538
heart_attack_binary,Heart Attack,LBXGLU,Fasting Glucose (mg/dL),LBXHGB,Hemoglobin (g/dL),Difference,2428,127.0,0.34491167866958294,1.0462712774546896e-09,971.2664442315347,0.34454315285012155,1.0923544664685405e-09,971.3435453217513,0.002758235720646105,0.9758793715474912,1000.6987801355997,1.044045163053658,0.07710109021661538
high_cholesterol_binary,High Cholesterol,LBXSAPSI,Alkaline Phosphatase (U/L),LBXHGB,Hemoglobin (g/dL),Difference,5384,1761.0,0.10735499774836503,0.0001866335015848459,6796.288670358335,0.10710430761828364,0.00019407719822373326,6796.3596460279605,-0.007421178082647119,0.7982761245859549,6810.297008206693,1.0398840324790422,0.07097566962511337
high_cholesterol_binary,High Cholesterol,LBXHGB,Hemoglobin (g/dL),LBXSAPSI,Alkaline Phosphatase (U/L),Difference,5384,1761.0,-0.10735499774836503,0.0001866335015848459,6796.288670358335,-0.007421178082647119,0.7982761245859549,6810.297008206693,0.10710430761828364,0.00019407719822373326,6796.3596460279605,1.0398840324790422,0.07097566962511337
liver_condition_binary,Liver Condition,LBXSCA,Calcium (mg/dL),BMXWAIST,Waist Circumference (cm),Difference,4643,252.0,-0.2167035329440498,0.0004810888616900972,1950.6963460488432,-0.048757846895993995,0.4519315327509791,1962.000574975898,0.21608007471909524,0.0005003498688710511,1950.7670262509293,1.040036277525297,0.07068020208612324
liver_condition_binary,Liver Condition,BMXWAIST,Waist Circumference (cm),LBXSCA,Calcium (mg/dL),Difference,4643,252.0,0.2167035329440498,0.0004810888616900972,1950.6963460488432,0.21608007471909524,0.0005003498688710511,1950.7670262509293,-0.048757846895993995,0.4519315327509791,1962.000574975898,1.040036277525297,0.07068020208612324
heart_attack_binary,Heart Attack,LBXPLTSI,Platelet Count (10^3/uL),LBXSCA,Calcium (mg/dL),Difference,4901,243.0,-0.5501337630160249,1.0274914054975016e-12,1881.9299102101963,-0.5496320873136608,1.0536675218072901e-12,1881.9999175437192,0.03149982151857447,0.6315807361997802,1937.5264930475787,1.02547575207903,0.0700073335228808
heart_attack_binary,Heart Attack,LBXSCA,Calcium (mg/dL),LBXPLTSI,Platelet Count (10^3/uL),Difference,4901,243.0,0.5501337630160249,1.0274914054975016e-12,1881.9299102101963,0.03149982151857447,0.6315807361997802,1937.5264930475787,-0.5496320873136608,1.0536675218072901e-12,1881.9999175437192,1.02547575207903,0.0700073335228808
liver_condition_binary,Liver Condition,LBXSAPSI,Alkaline Phosphatase (U/L),LBXSCA,Calcium (mg/dL),Difference,4898,270.0,0.29168024177086566,1.1728960475971675e-08,2061.5307760733426,0.29142858714919223,1.2150496781873873e-08,2061.597743586798,-0.03583921826623545,0.56715919735871,2093.514181909615,1.0359397839873168,0.06696751345543817
liver_condition_binary,Liver Condition,LBXSCA,Calcium (mg/dL),LBXSAPSI,Alkaline Phosphatase (U/L),Difference,4898,270.0,-0.29168024177086566,1.1728960475971675e-08,2061.5307760733426,-0.03583921826623545,0.56715919735871,2093.514181909615,0.29142858714919223,1.2150496781873873e-08,2061.597743586798,1.0359397839873168,0.06696751345543817
stroke_binary,Stroke,LBXIN,Insulin (uIU/mL),LBXSCA,Calcium (mg/dL),Ratio,2378,114.0,0.14493192940054878,0.008930144221532389,913.6801452330699,0.1448944525067134,0.009428716621570143,913.7446683144072,-0.03308139965512811,0.7308475322630603,918.9491489427361,1.0558302741444638,0.06452308133737006
high_cholesterol_binary,High Cholesterol,LBXHGB,Hemoglobin (g/dL),LBXIN,Insulin (uIU/mL),Difference,2581,864.0,-0.13846063256749788,0.0018816587787288952,3283.887952599587,-0.01205383199659747,0.7724370664393927,3294.6622106535906,0.13809239690886302,0.0019383560390595605,3283.9468946843385,1.0301315312699604,0.0589420847513793
high_cholesterol_binary,High Cholesterol,LBXIN,Insulin (uIU/mL),LBXHGB,Hemoglobin (g/dL),Difference,2581,864.0,0.13846063256749788,0.0018816587787288952,3283.887952599587,0.13809239690886302,0.0019383560390595605,3283.9468946843385,-0.01205383199659747,0.7724370664393927,3294.6622106535906,1.0301315312699604,0.0589420847513793
arthritis_binary,Arthritis,LBXIN,Insulin (uIU/mL),LBXSNASI,Sodium (mmol/L),Difference,2376,753.0,0.13373884503644212,0.0037044179594181163,2962.3996625530754,0.1332707465482737,0.003842105536134672,2962.4582042028933,-0.012194981585875678,0.7821163878758997,2971.668148638979,1.037168477808099,0.058541649817925645
arthritis_binary,Arthritis,LBXSNASI,Sodium (mmol/L),LBXIN,Insulin (uIU/mL),Difference,2376,753.0,-0.13373884503644212,0.0037044179594181163,2962.3996625530754,-0.012194981585875678,0.7821163878758997,2971.668148638979,0.1332707465482737,0.003842105536134672,2962.4582042028933,1.037168477808099,0.058541649817925645
stroke_binary,Stroke,LBXSKSI,Potassium (mmol/L),LBXPLTSI,Platelet Count (10^3/uL),Difference,4903,239.0,0.2046040906895063,0.004025896672609556,1905.6162188572903,0.10653827704092964,0.10099223042538077,1911.6085482671988,-0.20395793485947844,0.004141584757951605,1905.6701545633287,1.0287359797704547,0.05393570603837361
stroke_binary,Stroke,LBXPLTSI,Platelet Count (10^3/uL),LBXSKSI,Potassium (mmol/L),Difference,4903,239.0,-0.2046040906895063,0.004025896672609556,1905.6162188572903,-0.20395793485947844,0.004141584757951605,1905.6701545633287,0.10653827704092964,0.10099223042538077,1911.6085482671988,1.0287359797704547,0.05393570603837361
liver_condition_binary,Liver Condition,LBXSNASI,Sodium (mmol/L),LBXSAPSI,Alkaline Phosphatase (U/L),Difference,4900,270.0,-0.2916237934549743,1.1434254621580044e-08,2061.7369806712713,-0.01924852426734973,0.7579895828048253,2093.973611497607,0.2915751510481414,1.1920846189544353e-08,2061.789370587992,1.0425556001740557,0.05238991672058546
liver_condition_binary,Liver Condition,LBXSAPSI,Alkaline Phosphatase (U/L),LBXSNASI,Sodium (mmol/L),Difference,4900,270.0,0.2916237934549743,1.1434254621580044e-08,2061.7369806712713,0.2915751510481414,1.1920846189544353e-08,2061.789370587992,-0.01924852426734973,0.7579895828048253,2093.973611497607,1.0425556001740557,0.05238991672058546
liver_condition_binary,Liver Condition,systolic_bp,Systolic BP (mmHg),LBXSCA,Calcium (mg/dL),Difference,4665,256.0,0.2256389508003669,0.00010865622379126111,1973.7771668114358,0.22537118477783324,0.00011227603730673658,1973.8271375650882,-0.01685750752407238,0.793221543778117,1987.783387315287,1.0333143688338504,0.049970753652360145
liver_condition_binary,Liver Condition,LBXSCA,Calcium (mg/dL),systolic_bp,Systolic BP (mmHg),Difference,4665,256.0,-0.2256389508003669,0.00010865622379126111,1973.7771668114358,-0.01685750752407238,0.793221543778117,1987.783387315287,0.22537118477783324,0.00011227603730673658,1973.8271375650882,1.0333143688338504,0.049970753652360145
heart_attack_binary,Heart Attack,LBXGLU,Fasting Glucose (mg/dL),LBXSAL,Albumin (g/dL),Difference,2380,126.0,0.32496996163779907,2.0224015295324368e-08,964.8180356069868,0.324783667506717,2.0867706801244005e-08,964.8650586016365,-0.11668079694693596,0.19115875935135807,988.0501113333976,1.0318280764981647,0.047022994649751126
heart_attack_binary,Heart Attack,LBXSAL,Albumin (g/dL),LBXGLU,Fasting Glucose (mg/dL),Difference,2380,126.0,-0.32496996163779907,2.0224015295324368e-08,964.8180356069868,-0.11668079694693596,0.19115875935135807,988.0501113333976,0.324783667506717,2.0867706801244005e-08,964.8650586016365,1.0318280764981647,0.047022994649751126
heart_attack_binary,Heart Attack,LBXSAL,Albumin (g/dL),LBXIN,Insulin (uIU/mL),Difference,2377,126.0,-0.17083598108204956,0.0016784639614438016,981.0035808470161,-0.11724452480398484,0.18895665047478738,987.7069756748613,0.1703168465361738,0.0017242240081144498,981.0488973842471,1.027263049860949,0.04531653723097406
heart_attack_binary,Heart Attack,LBXIN,Insulin (uIU/mL),LBXSAL,Albumin (g/dL),Difference,2377,126.0,0.17083598108204956,0.0016784639614438016,981.0035808470161,0.1703168465361738,0.0017242240081144498,981.0488973842471,-0.11724452480398484,0.18895665047478738,987.7069756748613,1.027263049860949,0.04531653723097406
stroke_binary,Stroke,LBXGLU,Fasting Glucose (mg/dL),LBXPLTSI,Platelet Count (10^3/uL),Ratio,2432,115.0,0.17807296938999562,0.010478860291115834,924.9305300313181,0.17985369328161696,0.011173075844283417,924.9746675658523,-0.1722637705941817,0.09150294082070373,927.3567191146494,1.0662491467470132,0.04413753453422942
depression_binary,Depression,LBXWBCSI,WBC Count (10^3/uL),LBXSNASI,Sodium (mmol/L),Ratio,788,409.0,0.17435229785731424,0.026676580461856295,1089.9399848911753,0.17361945658198724,0.027245299727127876,1089.9807270077727,-0.027380015533859003,0.7012504947783482,1095.110324530307,1.0213190467228275,0.04074211659735738
liver_condition_binary,Liver Condition,LBXSCR,Creatinine Kidney (mg/dL),LBXGLU,Fasting Glucose (mg/dL),Difference,2377,132.0,-0.25477557149080104,3.0016775156142354e-05,1009.6778425791197,-0.061171450981332164,0.6116549673821421,1023.3891123826355,0.25457312619398886,3.0750551457500414e-05,1009.7119423809199,1.0244455407864794,0.034099801800266505
liver_condition_binary,Liver Condition,LBXGLU,Fasting Glucose (mg/dL),LBXSCR,Creatinine Kidney (mg/dL),Difference,2377,132.0,0.25477557149080104,3.0016775156142354e-05,1009.6778425791197,0.25457312619398886,3.0750551457500414e-05,1009.7119423809199,-0.061171450981332164,0.6116549673821421,1023.3891123826355,1.0244455407864794,0.034099801800266505
liver_condition_binary,Liver Condition,LBDHDD,HDL Cholesterol (mg/dL),LBXSCR,Creatinine Kidney (mg/dL),Difference,4897,270.0,-0.16392986182861055,0.016299279829559008,2087.6299622240467,-0.16356722053206196,0.016626164852816726,2087.663640958236,0.026671378469748003,0.6213016722934362,2093.5068953212913,1.020055181988158,0.03367873418937961
liver_condition_binary,Liver Condition,LBXSCR,Creatinine Kidney (mg/dL),LBDHDD,HDL Cholesterol (mg/dL),Difference,4897,270.0,0.16392986182861055,0.016299279829559008,2087.6299622240467,0.026671378469748003,0.6213016722934362,2093.5068953212913,-0.16356722053206196,0.016626164852816726,2087.663640958236,1.020055181988158,0.03367873418937961
liver_condition_binary,Liver Condition,LBXPLTSI,Platelet Count (10^3/uL),LBXSKSI,Potassium (mmol/L),Difference,4896,269.0,-0.30975026380787724,7.87436883051315e-06,2066.6911768639125,-0.30954672730496424,8.008031782949648e-06,2066.723547549243,0.048149581807418185,0.4386406654183197,2087.332566896391,1.0169744338007836,0.03237068533053389
liver_condition_binary,Liver Condition,LBXSKSI,Potassium (mmol/L),LBXPLTSI,Platelet Count (10^3/uL),Difference,4896,269.0,0.30975026380787724,7.87436883051315e-06,2066.6911768639125,0.048149581807418185,0.4386406654183197,2087.332566896391,-0.30954672730496424,8.008031782949648e-06,2066.723547549243,1.0169744338007836,0.03237068533053389
liver_condition_binary,Liver Condition,LBXSAL,Albumin (g/dL),LBXGLU,Fasting Glucose (mg/dL),Difference,2378,132.0,-0.254880822831331,2.9703176529140643e-05,1009.7767404057231,-0.08629652109999802,0.32695249735571696,1022.8640812144866,0.25470598484462476,3.0314830935699226e-05,1009.8058122002587,1.0205922220459658,0.02907179453563913
liver_condition_binary,Liver Condition,LBXGLU,Fasting Glucose (mg/dL),LBXSAL,Albumin (g/dL),Difference,2378,132.0,0.254880822831331,2.9703176529140643e-05,1009.7767404057231,0.25470598484462476,3.0314830935699226e-05,1009.8058122002587,-0.08629652109999802,0.32695249735571696,1022.8640812144866,1.0205922220459658,0.02907179453563913
stroke_binary,Stroke,LBXHSCRP,hs-CRP Inflammation (mg/L),LBXSCA,Calcium (mg/dL),Ratio,4893,237.0,0.15674503425225894,0.00011622780037427307,1889.7940667962023,0.1553947494190723,0.0001331235588977752,1889.8224012250585,-0.005226926719222922,0.9374546908068078,1901.3597715437627,1.145367618324488,0.028334428856169325
stroke_binary,Stroke,LBXSASSI,AST Liver Enzyme (U/L),LBXSATSI,ALT Liver Enzyme (U/L),Ratio,4894,239.0,0.22818044422525394,2.8772321735659617e-05,1897.9527127103545,-0.09532343591163704,0.2545157775741651,1911.85413825244,-0.3565850131836298,0.0005988995992230947,1897.9794365241196,20.815129370697782,0.026723813765102022
thyroid_binary,Thyroid Problem,LBXHSCRP,hs-CRP Inflammation (mg/L),LBXTC,Total Cholesterol (mg/dL),Ratio,4892,598.0,0.08603577010407787,0.014991436261978207,3632.1981335521796,0.08522833845045528,0.015427568762293406,3632.2201405663927,0.04856351731460412,0.2603265609604012,3636.179588383362,1.0290921091677743,0.022007014213158982
stroke_binary,Stroke,LBXSCA,Calcium (mg/dL),LBXSAPSI,Alkaline Phosphatase (U/L),Difference,4905,239.0,-0.28370530498713664,5.699850539694787e-08,1885.5029460323685,-0.014535347811602328,0.826628894199495,1914.4120352400237,0.2836770948058409,5.753488046531186e-08,1885.521909697664,1.009410335668077,0.018963665295359533
stroke_binary,Stroke,LBXSAPSI,Alkaline Phosphatase (U/L),LBXSCA,Calcium (mg/dL),Difference,4905,239.0,0.28370530498713664,5.699850539694787e-08,1885.5029460323685,0.2836770948058409,5.753488046531186e-08,1885.521909697664,-0.014535347811602328,0.826628894199495,1914.4120352400237,1.009410335668077,0.018963665295359533
stroke_binary,Stroke,LBXTC,Total Cholesterol (mg/dL),LBXSCA,Calcium (mg/dL),Difference,4902,238.0,-0.25152065848930055,0.0004147691710146972,1895.1739409025845,-0.25131965750917806,0.00041832031670006593,1895.1916578960538,-0.01777912514503543,0.7892053819915004,1908.1424071272913,1.0085617397182176,0.017716993469321096
stroke_binary,Stroke,LBXSCA,Calcium (mg/dL),LBXTC,Total Cholesterol (mg/dL),Difference,4902,238.0,0.25152065848930055,0.0004147691710146972,1895.1739409025845,-0.01777912514503543,0.7892053819915004,1908.1424071272913,-0.25131965750917806,0.00041832031670006593,1895.1916578960538,1.0085617397182176,0.017716993469321096
liver_condition_binary,Liver Condition,LBXSCA,Calcium (mg/dL),LBXGLU,Fasting Glucose (mg/dL),Difference,2375,132.0,-0.25448718881993887,3.1063184713176263e-05,1009.4970945378595,-0.010638382181700124,0.9055213421960752,1023.4566714506279,0.2544011750386614,3.1401728042622526e-05,1009.5125589215677,1.010898538980218,0.015464383708149398
liver_condition_binary,Liver Condition,LBXGLU,Fasting Glucose (mg/dL),LBXSCA,Calcium (mg/dL),Difference,2375,132.0,0.25448718881993887,3.1063184713176263e-05,1009.4970945378595,0.2544011750386614,3.1401728042622526e-05,1009.5125589215677,-0.010638382181700124,0.9055213421960752,1023.4566714506279,1.010898538980218,0.015464383708149398
stroke_binary,Stroke,LBXGLU,Fasting Glucose (mg/dL),LBXSCA,Calcium (mg/dL),Difference,2381,114.0,0.1704760220574652,0.018650086317177638,914.7162450580117,0.17026014235453943,0.018858184370844196,914.7312984910027,-0.03369866288936256,0.7260325757794915,919.2392583361559,1.0111580209403583,0.015053432990953297
stroke_binary,Stroke,LBXSCA,Calcium (mg/dL),LBXGLU,Fasting Glucose (mg/dL),Difference,2381,114.0,-0.1704760220574652,0.018650086317177638,914.7162450580117,-0.03369866288936256,0.7260325757794915,919.2392583361559,0.17026014235453943,0.018858184370844196,914.7312984910027,1.0111580209403583,0.015053432990953297
liver_condition_binary,Liver Condition,systolic_bp,Systolic BP (mmHg),LBXSCR,Creatinine Kidney (mg/dL),Difference,4667,256.0,0.22594280308394554,0.00010824854864227134,1973.9854510150935,0.225762550361458,0.00010889876391596969,1974.0001466789645,0.025415605649282434,0.6493314807287369,1987.8893063092219,1.0060066881436638,0.014695663870952558
liver_condition_binary,Liver Condition,LBXSCR,Creatinine Kidney (mg/dL),systolic_bp,Systolic BP (mmHg),Difference,4667,256.0,-0.22594280308394554,0.00010824854864227134,1973.9854510150935,0.025415605649282434,0.6493314807287369,1987.8893063092219,0.225762550361458,0.00010889876391596969,1974.0001466789645,1.0060066881436638,0.014695663870952558
depression_binary,Depression,LBXSCR,Creatinine Kidney (mg/dL),LBXSUA,Uric Acid (mg/dL),Difference,790,410.0,0.19079777701661574,0.0082792255005655,1090.9599800806866,-0.04823571808761262,0.5010092257807954,1097.5769499608814,-0.19048068567959164,0.008315368951651216,1090.9744244104766,1.004365559445536,0.014444329789967014
depression_binary,Depression,LBXSUA,Uric Acid (mg/dL),LBXSCR,Creatinine Kidney (mg/dL),Difference,790,410.0,-0.19079777701661574,0.0082792255005655,1090.9599800806866,-0.19048068567959164,0.008315368951651216,1090.9744244104766,-0.04823571808761262,0.5010092257807954,1097.5769499608814,1.004365559445536,0.014444329789967014
stroke_binary,Stroke,LBDLDL,LDL Cholesterol (mg/dL),LBXSKSI,Potassium (mmol/L),Difference,2357,111.0,-0.28829568670574285,0.006660443887717384,891.2475232159154,-0.28805713069294575,0.006710935420037957,891.2613700361511,0.03572577489377769,0.7120103165188159,898.899179872346,1.0075808058999918,0.013846820235698942
stroke_binary,Stroke,LBXSKSI,Potassium (mmol/L),LBDLDL,LDL Cholesterol (mg/dL),Difference,2357,111.0,0.28829568670574285,0.006660443887717384,891.2475232159154,0.03572577489377769,0.7120103165188159,898.899179872346,-0.28805713069294575,0.006710935420037957,891.2613700361511,1.0075808058999918,0.013846820235698942
stroke_binary,Stroke,LBXSCA,Calcium (mg/dL),LBXIN,Insulin (uIU/mL),Difference,2378,114.0,-0.14504140146846292,0.009355549358767767,913.733058397979,-0.03308139965512811,0.7308475322630603,918.9491489427361,0.1448944525067134,0.009428716621570143,913.7446683144072,1.0078207339832808,0.011609916428255929
stroke_binary,Stroke,LBXIN,Insulin (uIU/mL),LBXSCA,Calcium (mg/dL),Difference,2378,114.0,0.14504140146846292,0.009355549358767767,913.733058397979,0.1448944525067134,0.009428716621570143,913.7446683144072,-0.03308139965512811,0.7308475322630603,918.9491489427361,1.0078207339832808,0.011609916428255929
liver_condition_binary,Liver Condition,LBXGLU,Fasting Glucose (mg/dL),LBXGH,"Glycohemoglobin (HbA1c, %)",Difference,2423,135.0,0.25631955189370437,1.9994760823139856e-05,1031.33806670567,0.25635266285435926,2.0177374074239148e-05,1031.3487126420698,0.23416133499817582,0.0003414996075335666,1035.256670385859,1.009133055039496,0.010645936399896527
liver_condition_binary,Liver Condition,LBXGH,"Glycohemoglobin (HbA1c, %)",LBXGLU,Fasting Glucose (mg/dL),Difference,2423,135.0,-0.25631955189370437,1.9994760823139856e-05,1031.33806670567,0.23416133499817582,0.0003414996075335666,1035.256670385859,0.25635266285435926,2.0177374074239148e-05,1031.3487126420698,1.009133055039496,0.010645936399896527
hypertension_binary,Hypertension,LBXSKSI,Potassium (mmol/L),LBXSAPSI,Alkaline Phosphatase (U/L),Difference,5407,1899.0,-0.15895762086690415,3.8385148148197675e-08,6982.396369732825,-0.0006871145077274305,0.9807609330929934,7013.561927666399,0.15894106732799596,3.8517870155557805e-08,6982.40352489219,1.0034576395757995,0.007155159364629071
hypertension_binary,Hypertension,LBXSAPSI,Alkaline Phosphatase (U/L),LBXSKSI,Potassium (mmol/L),Difference,5407,1899.0,0.15895762086690415,3.8385148148197675e-08,6982.396369732825,0.15894106732799596,3.8517870155557805e-08,6982.40352489219,-0.0006871145077274305,0.9807609330929934,7013.561927666399,1.0034576395757995,0.007155159364629071
