outcome_name,marker1_name,marker2_name,combination_type,beta_comp,p_comp,aic_comp,beta_A,p_A,aic_A,beta_B,p_B,aic_B,aic_gain,p_comp_fdr,p_comp_bonferroni,survives_fdr,survives_bonferroni
Diabetes,Sodium (mmol/L),"Glycohemoglobin (HbA1c, %)",Ratio,-1.9057544787041616,1.1664108772288764e-170,2439.2194577154073,-0.16795230146790027,1.1814810752671705e-05,3957.2399801841307,1.8702224049897511,4.9158781160811637e-144,2569.480716389412,130.2612586740047,5.598772210698606e-167,1.1197544421397213e-166,True,True
Diabetes,Total Cholesterol (mg/dL),Triglycerides (mg/dL),Ratio,-1.0175728022782393,2.233734140132352e-25,1840.4201780402993,-0.4174665305084671,2.809634903150508e-11,1938.0767137079145,0.353735357514664,9.667563795633988e-09,1947.4607266226953,97.65653566761512,1.772218821923188e-23,2.1443847745270576e-21,True,True
Diabetes,LDL Cholesterol (mg/dL),Triglycerides (mg/dL),Ratio,-1.0306507818912853,3.427043680179533e-26,1799.2890140509453,-0.4192358999349048,1.4394243669393046e-11,1900.3012717258098,0.4069089666404807,1.506271365758534e-14,1893.3158102267312,94.02679617578588,2.7646738932540773e-24,3.289961932972352e-22,True,True
High Cholesterol,AST Liver Enzyme (U/L),ALT Liver Enzyme (U/L),Ratio,-0.41279252091966384,3.217501694220689e-25,5632.427635666569,0.014189148283145051,0.6626852042263007,5753.071332024798,0.173391897683348,1.1426425044904593e-07,5725.000873856071,92.57323818950226,2.5112208345137087e-23,3.0888016264518613e-21,True,True
Diabetes,Body Mass Index (kg/m2),HDL Cholesterol (mg/dL),Ratio,0.6309567298499756,6.527732906321532e-54,3718.6616419707384,0.5441637880796635,2.6099680157505867e-37,3805.368488377196,-0.6037687813234637,3.6887560336171774e-32,3804.8877438042546,86.22610183351617,2.5066494360274683e-51,6.266623590068671e-50,True,True
Diabetes,Calcium (mg/dL),"Glycohemoglobin (HbA1c, %)",Ratio,-1.914200902746808,4.856551830032149e-171,2483.890787442556,-0.024238131714067714,0.5390480751508111,3975.632932602914,1.8703190071437978,5.360724029483612e-144,2569.377339931403,85.48655248884734,4.662289756830863e-167,4.662289756830863e-167,True,True
Diabetes,HDL Cholesterol (mg/dL),Body Mass Index (kg/m2),Difference,-0.7450969637089477,1.7310555468338794e-48,3719.593930541837,-0.6037687813234637,3.6887560336171774e-32,3804.8877438042546,0.5441637880796635,2.6099680157505867e-37,3805.368488377196,85.29381326241764,4.15453331240131e-46,1.6618133249605243e-44,True,True
Diabetes,Body Mass Index (kg/m2),HDL Cholesterol (mg/dL),Difference,0.7450969637089477,1.7310555468338794e-48,3719.593930541837,0.5441637880796635,2.6099680157505867e-37,3805.368488377196,-0.6037687813234637,3.6887560336171774e-32,3804.8877438042546,85.29381326241764,4.15453331240131e-46,1.6618133249605243e-44,True,True
Diabetes,Body Mass Index (kg/m2),Total Cholesterol (mg/dL),Ratio,0.5791125626704559,2.65029336660452e-54,3721.4955250436733,0.5441637880796635,2.6099680157505867e-37,3805.368488377196,-0.37641353456153165,5.982121468945033e-18,3886.9457063989066,83.87296333352288,1.1564916508819725e-51,2.5442816319403395e-50,True,True
Diabetes,HDL Cholesterol (mg/dL),Body Mass Index (kg/m2),Ratio,-0.9320171313075121,1.7230034971773662e-43,3722.896074339531,-0.6037687813234637,3.6887560336171774e-32,3804.8877438042546,0.5441637880796635,2.6099680157505867e-37,3805.368488377196,81.9916694647236,3.1246046980435353e-41,1.6540833572902716e-39,True,True
Diabetes,Total Cholesterol (mg/dL),Body Mass Index (kg/m2),Ratio,-0.7364280295764442,4.00508825579863e-46,3728.000580253985,-0.37641353456153165,5.982121468945033e-18,3886.9457063989066,0.5441637880796635,2.6099680157505867e-37,3805.368488377196,77.36790812321124,8.180605799078052e-44,3.844884725566685e-42,True,True
Diabetes,AST Liver Enzyme (U/L),ALT Liver Enzyme (U/L),Ratio,-0.4834547363357638,3.98342918426249e-18,3884.426063976013,-0.026486950271388233,0.5654986942302027,3971.4304741765723,0.14162686323032403,0.00018414481213138232,3959.7244504728164,75.29838649680323,1.931359604490904e-16,3.82409201689199e-14,True,True
Diabetes,Albumin (g/dL),Fasting Glucose (mg/dL),Ratio,-1.6805886576426343,8.285407324414936e-86,1363.1402756651382,-0.22516348922641183,0.0002489163904380663,1970.5746111833005,1.542371148496051,3.462445963491252e-62,1438.0589535851786,74.91867792004041,1.5907982062876676e-82,7.953991031438338e-82,True,True
High Cholesterol,ALT Liver Enzyme (U/L),AST Liver Enzyme (U/L),Ratio,0.3521285055904603,3.5347212660779334e-24,5650.300396591259,0.173391897683348,1.1426425044904593e-07,5725.000873856071,0.014189148283145051,0.6626852042263007,5753.071332024798,74.70047726481152,2.7146659323478527e-22,3.393332415434816e-20,True,True
Diabetes,HDL Cholesterol (mg/dL),Waist Circumference (cm),Difference,-0.8497901093093513,3.1059435299333595e-54,3453.7247337890217,-0.6059536047653187,1.0744665635401547e-30,3570.7873578612152,0.7312435769192435,7.121154410929251e-44,3527.716979572856,73.99224578383428,1.2423774119733438e-51,2.9817057887360253e-50,True,True
Diabetes,Waist Circumference (cm),HDL Cholesterol (mg/dL),Difference,0.8497901093093513,3.1059435299333595e-54,3453.7247337890217,0.7312435769192435,7.121154410929251e-44,3527.716979572856,-0.6059536047653187,1.0744665635401547e-30,3570.7873578612152,73.99224578383428,1.2423774119733438e-51,2.9817057887360253e-50,True,True
Diabetes,ALT Liver Enzyme (U/L),AST Liver Enzyme (U/L),Ratio,0.4061396512210381,2.0547656946688567e-20,3888.808179993992,0.14162686323032403,0.00018414481213138232,3959.7244504728164,-0.026486950271388233,0.5654986942302027,3971.4304741765723,70.91627047882457,1.2176389301741372e-18,1.9725750668821024e-16,True,True
Diabetes,Sodium (mmol/L),Fasting Glucose (mg/dL),Ratio,-1.5248633415663164,6.827397776417297e-86,1374.128235589073,-0.16579266014140745,0.002669258089814418,1974.7853825374195,1.542371148496051,3.462445963491252e-62,1438.0589535851786,63.930717996105614,1.5907982062876676e-82,6.554301865360605e-82,True,True
Diabetes,Hemoglobin (g/dL),WBC Count (10^3/uL),Ratio,-0.405487468954243,6.828365421220228e-18,4052.6518858600957,-0.1850274449117394,1.2719275801576506e-05,4115.766207505252,0.03568162945752427,0.2736615995302778,4132.952411657822,63.11432164515645,3.2133484335154015e-16,6.555230804371419e-14,True,True
High Cholesterol,HDL Cholesterol (mg/dL),Total Cholesterol (mg/dL),Difference,-0.41878735569975756,6.5110240565676e-37,5620.450741395287,-0.2560737696126787,5.967392466436252e-13,5735.231407500218,0.331722121291193,1.2914143295553243e-24,5681.931916000676,61.48117460538924,7.912130499120122e-35,6.250583094304895e-33,True,True
High Cholesterol,Total Cholesterol (mg/dL),HDL Cholesterol (mg/dL),Difference,0.41878735569975756,6.5110240565676e-37,5620.450741395287,0.331722121291193,1.2914143295553243e-24,5681.931916000676,-0.2560737696126787,5.967392466436252e-13,5735.231407500218,61.48117460538924,7.912130499120122e-35,6.250583094304895e-33,True,True
Diabetes,Calcium (mg/dL),WBC Count (10^3/uL),Ratio,-0.34635692050681394,8.276712451263741e-14,3911.706149049279,-0.022967651859264703,0.5607724732838446,3972.265140221539,0.03893013181911421,0.2741249359524067,3970.9099797466124,59.203830697333615,2.817604238728082e-12,7.945643953213191e-10,True,True
Diabetes,LDL Cholesterol (mg/dL),Triglycerides (mg/dL),Difference,-0.5700491776831436,2.0576595265892228e-26,1834.6699722080907,-0.4192358999349048,1.4394243669393046e-11,1900.3012717258098,0.4069089666404807,1.506271365758534e-14,1893.3158102267312,58.64583801864046,1.6740280894285204e-24,1.9753531455256538e-22,True,True
Diabetes,Triglycerides (mg/dL),LDL Cholesterol (mg/dL),Difference,0.5700491776831436,2.0576595265892228e-26,1834.6699722080907,0.4069089666404807,1.506271365758534e-14,1893.3158102267312,-0.4192358999349048,1.4394243669393046e-11,1900.3012717258098,58.64583801864046,1.6740280894285204e-24,1.9753531455256538e-22,True,True
High Cholesterol,Total Cholesterol (mg/dL),HDL Cholesterol (mg/dL),Ratio,0.43704689393940027,1.6355070324551224e-34,5623.575177112261,0.331722121291193,1.2914143295553243e-24,5681.931916000676,-0.2560737696126787,5.967392466436252e-13,5735.231407500218,58.35673888841484,1.8691508942344254e-32,1.5700867511569174e-30,True,True
Diabetes,Triglycerides (mg/dL),Total Cholesterol (mg/dL),Ratio,0.5856375803295272,1.853549040225517e-21,1880.3376280919952,0.353735357514664,9.667563795633988e-09,1947.4607266226953,-0.4174665305084671,2.809634903150508e-11,1938.0767137079145,57.739085615919294,1.1333803048512715e-19,1.7794070786164963e-17,True,True
Hypertension,Potassium (mmol/L),"Glycohemoglobin (HbA1c, %)",Ratio,-0.3565084786154369,5.943058751228851e-27,5625.142954053769,-0.1705148215601973,1.294449523831263e-07,5716.812572849764,0.2515340912493016,2.0456630936430054e-14,5682.2653599750965,57.1224059213273,4.9183934492928425e-25,5.705336401179698e-23,True,True
Diabetes,Insulin (uIU/mL),HDL Cholesterol (mg/dL),Difference,0.805460047991198,2.4858782760109855e-27,1821.8087625688006,0.6449480781308538,5.336511418593407e-17,1877.1530746123585,-0.6733343444491906,3.062679909869396e-19,1884.9065375235405,55.34431204355792,2.075167952148301e-25,2.386443144970546e-23,True,True
Diabetes,HDL Cholesterol (mg/dL),Insulin (uIU/mL),Difference,-0.805460047991198,2.4858782760109855e-27,1821.8087625688006,-0.6733343444491906,3.062679909869396e-19,1884.9065375235405,0.6449480781308538,5.336511418593407e-17,1877.1530746123585,55.34431204355792,2.075167952148301e-25,2.386443144970546e-23,True,True
Diabetes,Triglycerides (mg/dL),LDL Cholesterol (mg/dL),Ratio,0.5514609695671674,1.3720860989716265e-23,1838.9194545585367,0.4069089666404807,1.506271365758534e-14,1893.3158102267312,-0.4192358999349048,1.4394243669393046e-11,1900.3012717258098,54.396355668194474,1.037167444891938e-21,1.3172026550127613e-19,True,True
Diabetes,Waist Circumference (cm),HDL Cholesterol (mg/dL),Ratio,0.680120130131476,6.093897908858577e-53,3474.404735001048,0.7312435769192435,7.121154410929251e-44,3527.716979572856,-0.6059536047653187,1.0744665635401547e-30,3570.7873578612152,53.31224457180815,2.1667192564830497e-50,5.850141992504234e-49,True,True
Hypertension,Potassium (mmol/L),Body Mass Index (kg/m2),Ratio,-0.6234772807140744,1.8223098973547886e-59,5347.756998895177,-0.165773368901781,3.573325669443097e-07,5617.412365451608,0.5260140113605285,5.775955989613849e-51,5400.130466097044,52.37346720186633,1.1662783343070646e-56,1.7494175014605972e-55,True,True
Diabetes,Total Cholesterol (mg/dL),WBC Count (10^3/uL),Ratio,-0.5053243849517746,5.834325662289074e-26,3924.476978618879,-0.3709778989449614,7.63018026406131e-18,3975.7057976499054,0.038399137431156645,0.2701902040925609,4053.68811979867,51.22881903102643,4.667460529831259e-24,5.600952635797511e-22,True,True
Diabetes,Calcium (mg/dL),Fasting Glucose (mg/dL),Ratio,-1.5308368312865153,4.3620739403254155e-85,1387.8014924930167,0.12754816043375886,0.026661801512457055,1978.3685008081757,1.5424261756514541,3.7806172273911152e-62,1437.8676232835046,50.06613079048793,6.979318304520664e-82,4.187590982712399e-81,True,True
Diabetes,Diastolic BP (mmHg),WBC Count (10^3/uL),Ratio,-0.32162062003238373,1.7430596358755956e-12,3869.128538900805,-0.09355968501976873,0.03790605095815769,3918.754096927284,0.037664184470327766,0.2744014077835797,3921.3415073050737,49.62555802647921,4.921580148354623e-11,1.673337250440572e-08,True,True
Diabetes,Waist Circumference (cm),Total Cholesterol (mg/dL),Ratio,0.6097831460950282,5.392032970654488e-53,3478.9293831874184,0.7312435769192435,7.121154410929251e-44,3527.716979572856,-0.36634360043826975,3.115648295391767e-16,3653.6383701885616,48.78759638543761,1.9909044814724261e-50,5.176351651828308e-49,True,True
High Cholesterol,HDL Cholesterol (mg/dL),Total Cholesterol (mg/dL),Ratio,-0.4312233368178484,1.3550193728511393e-33,5633.160536461312,-0.2560737696126787,5.967392466436252e-13,5735.231407500218,0.331722121291193,1.2914143295553243e-24,5681.931916000676,48.77137953936381,1.5303748211024633e-31,1.3008185979370938e-29,True,True
Hypertension,Total Cholesterol (mg/dL),hs-CRP Inflammation (mg/L),Ratio,-0.4074110580674454,1.0384096735009117e-21,5632.881904008784,-0.0968714740569419,0.002780250825836791,5731.632296182274,0.27320752066677384,3.94914072908191e-12,5679.976499115966,47.09459510718261,6.735630314600508e-20,9.968732865608753e-18,True,True
Hypertension,Potassium (mmol/L),hs-CRP Inflammation (mg/L),Ratio,-0.42314030233306893,1.1080814592016054e-21,5627.0852936888505,-0.17114727961092469,1.2069142491127786e-07,5705.3826244677675,0.2735558448064386,3.961038103503908e-12,5672.9444143973,45.859120708449154,7.139316784117726e-20,1.0637582008335412e-17,True,True
Hypertension,HDL Cholesterol (mg/dL),hs-CRP Inflammation (mg/L),Ratio,-0.4149104589394318,5.404992041196207e-21,5635.237621992541,-0.21995355621254473,3.740695604337366e-10,5699.8403242867935,0.27320752066677384,3.94914072908191e-12,5679.976499115966,44.73887712342548,3.2633914210995967e-19,5.188792359548359e-17,True,True
Diabetes,Triglycerides (mg/dL),Total Cholesterol (mg/dL),Difference,0.5938530869330235,1.909005773157089e-18,1893.358822870528,0.353735357514664,9.667563795633988e-09,1947.4607266226953,-0.4174665305084671,2.809634903150508e-11,1938.0767137079145,44.71789083738645,9.595002838904739e-17,1.8326455422308052e-14,True,True
Diabetes,Total Cholesterol (mg/dL),Triglycerides (mg/dL),Difference,-0.5938530869330235,1.909005773157089e-18,1893.358822870528,-0.4174665305084671,2.809634903150508e-11,1938.0767137079145,0.353735357514664,9.667563795633988e-09,1947.4607266226953,44.71789083738645,9.595002838904739e-17,1.8326455422308052e-14,True,True
Diabetes,Diastolic BP (mmHg),Triglycerides (mg/dL),Ratio,-0.7060715931885505,3.688676013860977e-15,1817.878664188907,-0.13603409962576007,0.01836181622672515,1888.7095751620059,0.33099590632737663,1.869094890496786e-07,1861.467631399872,43.588967210965166,1.3672312638249182e-13,3.541128973306538e-11,True,True
Diabetes,Sodium (mmol/L),WBC Count (10^3/uL),Ratio,-0.34955218511771563,3.8755404168538483e-14,3910.2238374056033,-0.16913349286965385,1.0350646397281252e-05,3953.5753352388506,0.03905091409193705,0.2736451406161279,3971.41132830941,43.35149783324732,1.3529159273380708e-12,3.7205188001796944e-10,True,True
Diabetes,Hemoglobin (g/dL),Fasting Glucose (mg/dL),Ratio,-1.5737693829016137,2.0410937080687175e-88,1410.6813725850966,-0.12419264656401334,0.04538088714599222,2013.9246864874785,1.5656109024885811,3.989413064233724e-64,1452.2424514938434,41.56107890874682,6.531499865819896e-85,1.959449959745969e-84,True,True
Hypertension,Body Mass Index (kg/m2),Potassium (mmol/L),Ratio,0.5690882135432086,2.6152323563143977e-58,5360.166928924864,0.5260140113605285,5.775955989613849e-51,5400.130466097044,-0.165773368901781,3.573325669443097e-07,5617.412365451608,39.96353717217971,1.3947905900343455e-55,2.510623062061822e-54,True,True
Diabetes,Systolic BP (mmHg),WBC Count (10^3/uL),Ratio,-0.26777806991626185,7.138809236855958e-10,3881.627395510256,0.015687438641791656,0.7180643400870892,3922.8925237471904,0.037664184470327766,0.2744014077835797,3921.3415073050737,39.714111794817654,1.561106347922943e-08,6.85325686738172e-06,True,True
Diabetes,Hemoglobin (g/dL),Body Mass Index (kg/m2),Ratio,-0.857914674681196,4.628814378217814e-43,3826.9275695170627,-0.1959878043620332,5.1126621076805995e-06,4017.9861261737196,0.5732845702179254,1.1054361811642598e-39,3865.5989372680124,38.671367750949685,7.795897900156319e-41,4.443661803089101e-39,True,True
High Cholesterol,AST Liver Enzyme (U/L),ALT Liver Enzyme (U/L),Difference,-0.29218527531931393,3.3175021793617673e-15,5686.369823604026,0.014189148283145051,0.6626852042263007,5753.071332024798,0.173391897683348,1.1426425044904593e-07,5725.000873856071,38.63105025204459,1.2344194155764716e-13,3.1848020921872966e-11,True,True
High Cholesterol,ALT Liver Enzyme (U/L),AST Liver Enzyme (U/L),Difference,0.29218527531931393,3.3175021793617673e-15,5686.369823604026,0.173391897683348,1.1426425044904593e-07,5725.000873856071,0.014189148283145051,0.6626852042263007,5753.071332024798,38.63105025204459,1.2344194155764716e-13,3.1848020921872966e-11,True,True
Hypertension,"Glycohemoglobin (HbA1c, %)",Potassium (mmol/L),Ratio,0.318525339651301,6.135732504183767e-22,5643.767440915115,0.2515340912493016,2.0456630936430054e-14,5682.2653599750965,-0.1705148215601973,1.294449523831263e-07,5716.812572849764,38.49791905998154,4.090488336122511e-20,5.890303204016416e-18,True,True
Hypertension,BUN Kidney (mg/dL),HDL Cholesterol (mg/dL),Ratio,0.31856409539392627,5.092752883411259e-18,5662.781336383572,0.2327233420431656,1.553419355755871e-10,5701.064469180177,-0.22040427744585703,3.402576125659283e-10,5703.934102486688,38.28313279660506,2.43235958610687e-16,4.8890427680748085e-14,True,True
Diabetes,LDL Cholesterol (mg/dL),WBC Count (10^3/uL),Ratio,-0.6015329654132433,2.520505375182929e-17,1862.4214418173992,-0.4192358999349048,1.4394243669393046e-11,1900.3012717258098,0.33819249923113015,1.709854563259809e-09,1913.7635498924858,37.87982990841056,1.0612654211296542e-15,2.419685160175612e-13,True,True
Diabetes,Albumin (g/dL),WBC Count (10^3/uL),Ratio,-0.4132048432002657,5.867857552243744e-18,3891.002994038567,-0.2885737275389153,2.1132310012804783e-11,3928.57125128145,0.039040674654318326,0.2736653648479367,3971.4419503180734,37.56825724288274,2.7886847773039576e-16,5.633143250153995e-14,True,True
Hypertension,Creatinine Kidney (mg/dL),Potassium (mmol/L),Ratio,0.5836749450424241,2.1539783636618837e-20,5624.728526329407,0.48836008854145635,1.6004822439926257e-13,5662.22254159592,-0.16974378992547678,1.469888064187069e-07,5717.620410640071,37.49401526651309,1.2686007540585327e-18,2.0678192291154085e-16,True,True
Diabetes,BUN Kidney (mg/dL),HDL Cholesterol (mg/dL),Difference,0.6478011809745706,4.038935666026649e-39,3775.104399481409,0.24918582161968042,1.0458634416729423e-11,3926.6843483383163,-0.6117079698817207,7.522741515819667e-32,3812.4612806481323,37.35688116672327,5.7020268226258585e-37,3.8773782393855834e-35,True,True
Diabetes,HDL Cholesterol (mg/dL),BUN Kidney (mg/dL),Difference,-0.6478011809745706,4.038935666026649e-39,3775.104399481409,-0.6117079698817207,7.522741515819667e-32,3812.4612806481323,0.24918582161968042,1.0458634416729423e-11,3926.6843483383163,37.35688116672327,5.7020268226258585e-37,3.8773782393855834e-35,True,True
Hypertension,Diastolic BP (mmHg),Potassium (mmol/L),Ratio,0.37559781852157204,4.5381168024927124e-29,5358.762387522237,0.3218516868958257,1.7030660949902965e-21,5396.09296891699,-0.18227582989262114,3.5642581387985135e-08,5459.362271526071,37.3305813947527,4.1099925758424564e-27,4.3565921303930035e-25,True,True
High Cholesterol,HDL Cholesterol (mg/dL),ALT Liver Enzyme (U/L),Ratio,-0.36461352083343346,4.625291181113263e-20,5671.355196024769,-0.2554085668501814,7.947158576226647e-13,5708.286808079307,0.1736978371829601,1.0613152588858963e-07,5733.837401928227,36.931612054538164,2.7074875206516663e-18,4.4402795338687324e-16,True,True
Hypertension,Sodium (mmol/L),hs-CRP Inflammation (mg/L),Ratio,-0.40181203351696143,6.67759535608824e-20,5639.773022600502,-0.019492357357724092,0.5388438195061804,5736.143436853416,0.27314866208721256,4.122460511361173e-12,5675.951259077878,36.17823647737532,3.838617689727372e-18,6.41049154184471e-16,True,True
Diabetes,Hemoglobin (g/dL),Triglycerides (mg/dL),Ratio,-0.7312401818765865,6.938709001472473e-15,1912.175998223092,-0.12129431955973581,0.05260653053547307,1982.784920352174,0.353735357514664,9.667563795633988e-09,1947.4607266226953,35.28472839960341,2.561984862082144e-13,6.661160641413574e-11,True,True
Hypertension,Uric Acid (mg/dL),Potassium (mmol/L),Ratio,0.49188023221980176,4.777455999861845e-42,5545.724939850998,0.45924655636370115,1.2520638217765112e-35,5580.999592927298,-0.1695591743306227,1.5189730701633516e-07,5717.183960585586,35.27465307629973,7.5186192784711e-40,4.586357759867371e-38,True,True
Hypertension,Albumin (g/dL),hs-CRP Inflammation (mg/L),Ratio,-0.4086747619796239,1.1952899936312277e-19,5640.738689781652,-0.09191548887415844,0.00747932800581572,5729.384231359443,0.27314866208721256,4.122460511361173e-12,5675.951259077878,35.21256929622541,6.7898129815738375e-18,1.1474783938859785e-15,True,True
Hypertension,LDL Cholesterol (mg/dL),Insulin (uIU/mL),Ratio,-0.38918717863073177,7.835777523719205e-11,2765.723857166614,-0.10343513792583733,0.021927626374976607,2813.3410240761395,0.22446601030915267,0.00011325526380674348,2800.9170252853764,35.193168118762514,1.8573694871038115e-09,7.522346422770437e-07,True,True
Diabetes,WBC Count (10^3/uL),LDL Cholesterol (mg/dL),Ratio,0.47320068563113743,3.629612128528684e-18,1866.4660724720563,0.33819249923113015,1.709854563259809e-09,1913.7635498924858,-0.4192358999349048,1.4394243669393046e-11,1900.3012717258098,33.835199253753444,1.7687449966434198e-16,3.4844276433875366e-14,True,True
Hypertension,Hemoglobin (g/dL),hs-CRP Inflammation (mg/L),Ratio,-0.4013307621400173,1.8289946138453354e-19,5644.901345763338,-0.07045062384894298,0.058344573923843616,5736.136875506685,0.2745161903933974,3.375682443966249e-12,5678.600085175198,33.698739411859606,1.0268039937377322e-17,1.755834829291522e-15,True,True
Diabetes,Albumin (g/dL),Triglycerides (mg/dL),Ratio,-0.7478810398700064,2.0345646931152402e-14,1908.9720316371752,-0.2247443313545618,0.0002582282358973701,1967.6769554689427,0.35190589139348155,1.1876985770358793e-08,1942.3088209485763,33.33678931140116,7.26090002003952e-13,1.9531821053906305e-10,True,True
High Cholesterol,"Glycohemoglobin (HbA1c, %)",HDL Cholesterol (mg/dL),Ratio,0.3252392759764831,2.327507040036291e-23,5683.285885763307,0.26428645251896726,3.716326917665723e-16,5716.505515865888,-0.25645038369923967,5.611390778475556e-13,5732.693003477705,33.219630102580595,1.718774429565261e-21,2.2344067584348396e-19,True,True
Hypertension,Albumin (g/dL),Calcium (mg/dL),Difference,-0.23814465560593823,1.9345371168778816e-12,5696.893442515047,-0.09741034786983636,0.004529845065087955,5739.825291669546,0.13646081368390373,2.3206998298779554e-05,5729.723809302263,32.83036678721601,5.383059803486279e-11,1.8571556322027663e-08,True,True
Hypertension,Calcium (mg/dL),Albumin (g/dL),Difference,0.23814465560593823,1.9345371168778816e-12,5696.893442515047,0.13646081368390373,2.3206998298779554e-05,5729.723809302263,-0.09741034786983636,0.004529845065087955,5739.825291669546,32.83036678721601,5.383059803486279e-11,1.8571556322027663e-08,True,True
Hypertension,Diastolic BP (mmHg),HDL Cholesterol (mg/dL),Ratio,0.39420818174564815,5.670232803948684e-28,5393.032053688088,0.32222173403208526,1.1963496759713112e-21,5425.754900121603,-0.22465322744345717,3.075722364167241e-10,5479.2419163610775,32.72284643351486,4.903985127739402e-26,5.4434234917907366e-24,True,True
Hypertension,Waist Circumference (cm),Potassium (mmol/L),Ratio,0.6040186926572123,1.0730512953884096e-61,5143.788001340822,0.5829598895525457,2.353513991046155e-56,5176.285056216157,-0.17154056287884434,2.2936136468839324e-07,5416.52683638514,32.49705487533447,7.9240711044067164e-59,1.0301292435728731e-57,True,True
Hypertension,Calcium (mg/dL),hs-CRP Inflammation (mg/L),Ratio,-0.3940227602682946,3.794562662327661e-19,5641.978966474582,0.13826543440976352,1.8605613221189944e-05,5716.051142786547,0.2733798144389099,4.025736667297185e-12,5673.9883391562125,32.00937268163034,2.09355181369802e-17,3.6427801558345545e-15,True,True
Hypertension,HDL Cholesterol (mg/dL),Diastolic BP (mmHg),Difference,-0.3951659125549981,7.5847867941604664e-28,5394.1729005155785,-0.22465322744345717,3.075722364167241e-10,5479.2419163610775,0.32222173403208526,1.1963496759713112e-21,5425.754900121603,31.58199960602451,6.443712674684999e-26,7.281395322394048e-24,True,True
Hypertension,Diastolic BP (mmHg),HDL Cholesterol (mg/dL),Difference,0.3951659125549981,7.5847867941604664e-28,5394.1729005155785,0.32222173403208526,1.1963496759713112e-21,5425.754900121603,-0.22465322744345717,3.075722364167241e-10,5479.2419163610775,31.58199960602451,6.443712674684999e-26,7.281395322394048e-24,True,True
Hypertension,WBC Count (10^3/uL),HDL Cholesterol (mg/dL),Ratio,0.6307739128354454,4.4254009136857354e-17,5702.417250635268,0.5206329469705152,3.334829591829452e-09,5738.743523330424,-0.22316164942084576,1.845424128112751e-10,5733.547245193993,31.12999455872523,1.855189902680483e-15,4.248384877138306e-13,True,True
Hypertension,Calcium (mg/dL),Potassium (mmol/L),Ratio,0.2446751327500279,3.3331323424588545e-14,5686.285453281665,0.1364231649698594,2.344261338003562e-05,5726.849182978032,-0.1695591743306227,1.5189730701633516e-07,5717.183960585586,30.89850730392118,1.1763996502795958e-12,3.1998070487605004e-10,True,True
High Cholesterol,HDL Cholesterol (mg/dL),Body Mass Index (kg/m2),Ratio,-0.32456525549316756,9.199922894884543e-19,5614.216302113493,-0.2558733182717355,9.86704010457139e-13,5644.887222885924,0.22633785324972316,4.45547790459952e-12,5650.56819429046,30.67092077243069,4.774014042750898e-17,8.831925979089161e-15,True,True
High Cholesterol,Sodium (mmol/L),ALT Liver Enzyme (U/L),Ratio,-0.2820859001450543,9.333346860352847e-14,5706.322716898726,-0.003353886276587485,0.9152128040238074,5765.191736016351,0.17323916682357599,1.133648058766689e-07,5736.941700910455,30.61898401172948,3.1328716734051513e-12,8.960012985938733e-10,True,True
Hypertension,Potassium (mmol/L),Fasting Glucose (mg/dL),Ratio,-0.3639090887324742,1.1180568253948993e-14,2783.827634841814,-0.18534087158537907,5.698641553101268e-05,2829.665468475042,0.2529045742840186,7.530636590081443e-08,2814.441146575028,30.61351173321418,4.019979596925481e-13,1.0733345523791033e-10,True,True
High Cholesterol,Hemoglobin (g/dL),ALT Liver Enzyme (U/L),Ratio,-0.2753867050115454,1.0940131683460756e-13,5704.139946687687,0.08908562631436359,0.01742182663480603,5756.881057387445,0.17277087057485024,1.2252452961588764e-07,5734.470789971968,30.33084328428049,3.646710561153586e-12,1.0502526416122326e-09,True,True
Liver Condition,HDL Cholesterol (mg/dL),AST Liver Enzyme (U/L),Ratio,-0.6727719303833569,1.0947075081463973e-16,1974.1496805414636,-0.18513662919699533,0.011178202353466728,2043.741771377874,0.29121137208162395,3.0615654234479725e-13,2004.4380406834362,30.28836014197259,4.5103828661825814e-15,1.0509192078205414e-12,True,True
High Cholesterol,Albumin (g/dL),ALT Liver Enzyme (U/L),Ratio,-0.28613832178082915,1.1350329665337538e-13,5706.719614671101,0.06482523665876157,0.0617349530536767,5761.693781196096,0.17323916682357599,1.133648058766689e-07,5736.941700910455,30.222086239354212,3.770351722741881e-12,1.0896316478724036e-09,True,True
High Cholesterol,Body Mass Index (kg/m2),HDL Cholesterol (mg/dL),Ratio,0.2993109281731594,8.981552846528813e-20,5614.950068309102,0.22633785324972316,4.45547790459952e-12,5650.56819429046,-0.2558733182717355,9.86704010457139e-13,5644.887222885924,29.93715457682174,5.132315912302178e-18,8.622290732667661e-16,True,True
High Cholesterol,Waist Circumference (cm),HDL Cholesterol (mg/dL),Ratio,0.310314308113701,2.681775955350439e-19,5381.192581834202,0.2518600289073973,5.40409813333094e-13,5410.9524680358445,-0.25679677895206593,2.380777249118375e-12,5411.259294215262,29.759886201642075,1.49680518438164e-17,2.5745049171364213e-15,True,True
Diabetes,Sodium (mmol/L),Triglycerides (mg/dL),Ratio,-0.6922568121933443,6.86540579274224e-14,1912.6227625890983,-0.16763629630989352,0.002411894741475992,1971.6306626585185,0.35190589139348155,1.1876985770358793e-08,1942.3088209485763,29.68605835947801,2.345476712111228e-12,6.590789561032551e-10,True,True
Liver Condition,Albumin (g/dL),AST Liver Enzyme (U/L),Ratio,-0.5800343165534158,6.551466262866353e-18,1975.2108113051645,-0.11487588951954068,0.07689079596084385,2047.8867709466306,0.2911877137808746,3.0448811035387775e-13,2004.8349260179743,29.624114712809842,3.098230350912167e-16,6.289407612351698e-14,True,True
Hypertension,Creatinine Kidney (mg/dL),Potassium (mmol/L),Difference,0.4058921080934884,1.1855371292814004e-21,5632.679999013404,0.48836008854145635,1.6004822439926257e-13,5662.22254159592,-0.16974378992547678,1.469888064187069e-07,5717.620410640071,29.542542582516035,7.537189696093672e-20,1.1381156441101443e-17,True,True
Hypertension,Potassium (mmol/L),Creatinine Kidney (mg/dL),Difference,-0.4058921080934884,1.1855371292814004e-21,5632.679999013404,-0.16974378992547678,1.469888064187069e-07,5717.620410640071,0.48836008854145635,1.6004822439926257e-13,5662.22254159592,29.542542582516035,7.537189696093672e-20,1.1381156441101443e-17,True,True
Hypertension,Total Cholesterol (mg/dL),Insulin (uIU/mL),Ratio,-0.3768430917997269,3.926348206689814e-10,2797.688595203493,-0.07970552957270363,0.08030073274372625,2844.770403469116,0.2428004872714459,3.633610688209705e-05,2827.169332634187,29.480737430693807,8.76580064749354e-09,3.7692942784222216e-06,True,True
Diabetes,AST Liver Enzyme (U/L),ALT Liver Enzyme (U/L),Difference,-0.2845315641808615,1.0668506145621947e-10,3930.4862161232586,-0.026486950271388233,0.5654986942302027,3971.4304741765723,0.14162686323032403,0.00018414481213138232,3959.7244504728164,29.238234349557843,2.5040992420041734e-09,1.0241765899797069e-06,True,True
Diabetes,ALT Liver Enzyme (U/L),AST Liver Enzyme (U/L),Difference,0.2845315641808615,1.0668506145621947e-10,3930.4862161232586,0.14162686323032403,0.00018414481213138232,3959.7244504728164,-0.026486950271388233,0.5654986942302027,3971.4304741765723,29.238234349557843,2.5040992420041734e-09,1.0241765899797069e-06,True,True
Hypertension,Potassium (mmol/L),Waist Circumference (cm),Ratio,-0.6527821410533365,1.2259959022568059e-59,5147.234879137087,-0.17154056287884434,2.2936136468839324e-07,5416.52683638514,0.5829598895525457,2.353513991046155e-56,5176.285056216157,29.050177079069726,8.406829044046669e-57,1.1769560661665336e-55,True,True
Diabetes,Potassium (mmol/L),WBC Count (10^3/uL),Ratio,-0.2725074291220651,1.4820833755078855e-09,3931.291396755226,0.12722245753782857,0.00092719262662048,3959.673037165387,0.03889407872983165,0.2741198812769753,3968.970871581526,28.381640410161253,3.161777867750156e-08,1.4228000404875701e-05,True,True
Hypertension,"Glycohemoglobin (HbA1c, %)",HDL Cholesterol (mg/dL),Ratio,0.3063025422889006,9.151713658887818e-21,5685.042505398116,0.2519230879953023,1.5877995778091612e-14,5713.388234739201,-0.22145687998446822,2.4753270286982854e-10,5734.9163951510845,28.345729341084734,5.456922430144289e-19,8.785645112532306e-17,True,True
Hypertension,Creatinine Kidney (mg/dL),HDL Cholesterol (mg/dL),Ratio,0.5087301483218848,3.2951455504859017e-19,5634.104795290752,0.4878602017198506,1.6601987086402584e-13,5662.305663683192,-0.22054746073837062,3.3114206873732407e-10,5704.379269132844,28.200868392439588,1.8285200742580727e-17,3.1633397284664657e-15,True,True
Hypertension,Potassium (mmol/L),Insulin (uIU/mL),Ratio,-0.3983309929286474,1.801897120633016e-09,2795.1352356224766,-0.18700237484639304,4.98513696119058e-05,2827.5596805466507,0.2449838521379822,3.183987929783138e-05,2823.1832927511,28.04805712862344,3.818589924520299e-08,1.7298212358076954e-05,True,True
Hypertension,Hemoglobin (g/dL),Insulin (uIU/mL),Ratio,-0.3869446930876669,8.40692913667031e-10,2800.3795940720593,-0.05217537943996067,0.3245221578383062,2848.4967693133494,0.24523546815365532,3.077542608474605e-05,2828.3889214202004,28.00932734814114,1.8177144079287155e-08,8.070651971203498e-06,True,True
Diabetes,HDL Cholesterol (mg/dL),hs-CRP Inflammation (mg/L),Difference,-0.5695483881179497,2.1509925538580286e-37,3837.6259508781613,-0.59882251099977,3.3450247772582336e-32,3865.42693349387,0.21965625286768048,6.713829594831394e-12,3977.6920651026894,27.800982615708563,2.6817569502645554e-35,2.0649528517037074e-33,True,True
Diabetes,hs-CRP Inflammation (mg/L),HDL Cholesterol (mg/dL),Difference,0.5695483881179497,2.1509925538580286e-37,3837.6259508781613,0.21965625286768048,6.713829594831394e-12,3977.6920651026894,-0.59882251099977,3.3450247772582336e-32,3865.42693349387,27.800982615708563,2.6817569502645554e-35,2.0649528517037074e-33,True,True
Diabetes,Total Cholesterol (mg/dL),hs-CRP Inflammation (mg/L),Difference,-0.4308252914144957,1.403489759391726e-23,3919.306732521389,-0.37538890056757657,4.753725889361998e-18,3947.1045429333117,0.21965625286768048,6.713829594831394e-12,3977.6920651026894,27.797810411922455,1.0444574953612843e-21,1.347350169016057e-19,True,True
Diabetes,hs-CRP Inflammation (mg/L),Total Cholesterol (mg/dL),Difference,0.4308252914144957,1.403489759391726e-23,3919.306732521389,0.21965625286768048,6.713829594831394e-12,3977.6920651026894,-0.37538890056757657,4.753725889361998e-18,3947.1045429333117,27.797810411922455,1.0444574953612843e-21,1.347350169016057e-19,True,True
Hypertension,BUN Kidney (mg/dL),Potassium (mmol/L),Ratio,0.29625814195354555,2.8989058356833993e-16,5672.9552664296325,0.233899664415581,1.302889946009911e-10,5700.695596656802,-0.1695591743306227,1.5189730701633516e-07,5717.183960585586,27.74033022716958,1.179215933159349e-14,2.7829496022560634e-12,True,True
Diabetes,Uric Acid (mg/dL),WBC Count (10^3/uL),Ratio,-0.23130516002123175,1.6286371711810705e-07,3943.2523993876403,0.051229989327919966,0.22620926036376943,3971.146136636379,0.03893013181911421,0.2741249359524067,3970.9099797466124,27.657580358972154,2.862474839040566e-06,0.0015634916843338276,True,True
Hypertension,Sodium (mmol/L),Body Mass Index (kg/m2),Ratio,-0.598686108342597,3.723146196748286e-55,5375.232714660932,-0.028421525403461288,0.3746773268215039,5645.610120511443,0.5262605955104136,5.0395033608177155e-51,5402.694967162129,27.462252501196417,1.7020096899420736e-52,3.5742203488783546e-51,True,True
Stroke,Albumin (g/dL),Creatinine Kidney (mg/dL),Ratio,-0.5846650902178334,4.1969311260509064e-13,1687.6885537301523,-0.36472451992657984,8.44674050674683e-08,1715.0229238659322,0.19983532039503693,7.194676817361846e-08,1717.8532942116908,27.334370135779864,1.259079337815272e-11,4.02905388100887e-09,True,True
High Cholesterol,Calcium (mg/dL),ALT Liver Enzyme (U/L),Ratio,-0.2743113219070753,4.5018722290915654e-13,5709.173330382226,0.11613965229430769,0.00028692750794727774,5751.426507934279,0.1731515249098374,1.1524676838519115e-07,5736.4745279392555,27.30119755702981,1.3421730869341314e-11,4.321797339927903e-09,True,True
Hypertension,Sodium (mmol/L),Insulin (uIU/mL),Ratio,-0.37497326607149556,1.6555772334092556e-09,2798.1122121832323,-0.05957630739398938,0.18695867379057474,2843.939971096776,0.24498606723201574,3.1749559849896115e-05,2824.6858137060417,26.57360152280944,3.52406683829908e-08,1.5893541440728852e-05,True,True
High Cholesterol,Waist Circumference (cm),HDL Cholesterol (mg/dL),Difference,0.3121431932363833,2.5880160627399516e-18,5384.614114287006,0.2518600289073973,5.40409813333094e-13,5410.9524680358445,-0.25679677895206593,2.380777249118375e-12,5411.259294215262,26.338353748838927,1.26759970419916e-16,2.4844954202303536e-14,True,True
High Cholesterol,HDL Cholesterol (mg/dL),Waist Circumference (cm),Difference,-0.3121431932363833,2.5880160627399516e-18,5384.614114287006,-0.25679677895206593,2.380777249118375e-12,5411.259294215262,0.2518600289073973,5.40409813333094e-13,5410.9524680358445,26.338353748838927,1.26759970419916e-16,2.4844954202303536e-14,True,True
High Cholesterol,Potassium (mmol/L),ALT Liver Enzyme (U/L),Ratio,-0.2637335518762571,8.108732378813594e-13,5708.721076703431,0.0047258109549978815,0.8822710195568921,5762.917540935985,0.1728031590409203,1.2168166849000496e-07,5734.827848170931,26.10677146750004,2.3589039647457724e-11,7.78438308366105e-09,True,True
High Cholesterol,HDL Cholesterol (mg/dL),"Glycohemoglobin (HbA1c, %)",Ratio,-0.34084067676818475,1.7290599747728398e-21,5690.730673923234,-0.25645038369923967,5.611390778475556e-13,5732.693003477705,0.26428645251896726,3.716326917665723e-16,5716.505515865888,25.774841942654348,1.0640369075525168e-19,1.6598975757819263e-17,True,True
High Cholesterol,Diastolic BP (mmHg),ALT Liver Enzyme (U/L),Ratio,-0.26429737605106024,1.539120912581217e-12,5432.8986885355735,0.03259836666912378,0.3207688703439444,5484.720256578622,0.17382847196332926,2.1228634979107874e-07,5458.655369025442,25.756680489868813,4.3844393948901135e-11,1.4775560760779683e-08,True,True
Diabetes,Calcium (mg/dL),Triglycerides (mg/dL),Ratio,-0.6756319542367208,3.5040412199532293e-13,1916.45085786246,0.12534677223255092,0.02953524422597032,1975.5819638177759,0.3514057459236193,1.25225403425465e-08,1941.857218022269,25.406360159809083,1.0721401051613483e-11,3.3638795711551e-09,True,True
Diabetes,Alkaline Phosphatase (U/L),AST Liver Enzyme (U/L),Ratio,0.2815710319766811,1.6862794972523458e-09,3938.9069906566283,0.15790120163617172,0.0037421174618068953,3964.248031321866,-0.026486950271388233,0.5654986942302027,3971.4304741765723,25.34104066523787,3.5814785782350707e-08,1.618828317362252e-05,True,True
Diabetes,Body Mass Index (kg/m2),LDL Cholesterol (mg/dL),Ratio,0.5824888330924484,2.5172065326708317e-25,1781.791990400748,0.5915474266415175,3.625346649285087e-23,1807.0909058218313,-0.419879980321839,2.319256251493248e-11,1858.190319998096,25.298915421083166,1.9807526814459003e-23,2.4165182713639984e-21,True,True
High Cholesterol,HDL Cholesterol (mg/dL),Waist Circumference (cm),Ratio,-0.32545298633606834,1.8888078842477056e-17,5385.695225444274,-0.25679677895206593,2.380777249118375e-12,5411.259294215262,0.2518600289073973,5.40409813333094e-13,5410.9524680358445,25.257242591570503,8.131190891828688e-16,1.8132555688777973e-13,True,True
Hypertension,Potassium (mmol/L),Uric Acid (mg/dL),Difference,-0.48171840989712117,1.8291524408347316e-40,5555.956906798321,-0.1695591743306227,1.5189730701633516e-07,5717.183960585586,0.45924655636370115,1.2520638217765112e-35,5580.999592927298,25.04268612897704,2.6605853684868825e-38,1.7559863432013424e-36,True,True
Hypertension,Uric Acid (mg/dL),Potassium (mmol/L),Difference,0.48171840989712117,1.8291524408347316e-40,5555.956906798321,0.45924655636370115,1.2520638217765112e-35,5580.999592927298,-0.1695591743306227,1.5189730701633516e-07,5717.183960585586,25.04268612897704,2.6605853684868825e-38,1.7559863432013424e-36,True,True
Diabetes,Potassium (mmol/L),AST Liver Enzyme (U/L),Ratio,0.24414767141849028,1.471623399796158e-09,3933.4729438435843,0.13160597735690016,0.0006154120958195995,3958.343283181902,-0.028802834935811216,0.5343457114002225,3969.697369418496,24.870339338317535,3.146455375956151e-08,1.4127584638043117e-05,True,True
Diabetes,Systolic BP (mmHg),AST Liver Enzyme (U/L),Ratio,0.19844895407017382,4.397746174244473e-07,3767.1352080484057,0.018644171754251985,0.6663074556214166,3792.272348888404,-0.035714628758981806,0.45658241531886146,3791.8742589248604,24.739050876454712,7.107358446313369e-06,0.004221836327274694,True,True
Liver Condition,Calcium (mg/dL),AST Liver Enzyme (U/L),Ratio,-0.5700577629215442,1.2449774069257862e-16,1980.3709455415024,-0.06175619792928837,0.3189440976341673,2049.977163326138,0.2911877137808746,3.0448811035387775e-13,2004.8349260179743,24.46398047647199,5.1075996181570715e-15,1.1951783106487548e-12,True,True
Hypertension,LDL Cholesterol (mg/dL),hs-CRP Inflammation (mg/L),Ratio,-0.39146278192811873,2.3226259877401068e-10,2765.4672547535315,-0.101154843437667,0.02512594045087776,2808.5205114122323,0.23252480117518606,1.1988941336014221e-05,2789.901980149926,24.434725396394697,5.271207915438541e-09,2.2297209482305024e-06,True,True
Diabetes,Potassium (mmol/L),Total Cholesterol (mg/dL),Ratio,0.4050266000437159,6.514364794913319e-25,3863.30169292124,0.12940766015469865,0.0007568965549735447,3959.924579061957,-0.3874870271998555,1.3054680378618675e-18,3887.6761738542436,24.374480933003724,5.0433791960619244e-23,6.2537902031167864e-21,True,True
Hypertension,Albumin (g/dL),Insulin (uIU/mL),Ratio,-0.3622798915151544,3.023652661922804e-09,2800.507247541949,-0.01565411539388262,0.7509105551922177,2845.5834183399725,0.24498606723201574,3.1749559849896115e-05,2824.6858137060417,24.1785661640929,6.33778723896483e-08,2.9027065554458917e-05,True,True
Diabetes,LDL Cholesterol (mg/dL),Body Mass Index (kg/m2),Ratio,-0.722558605136612,5.274831987015201e-24,1782.9630436335506,-0.419879980321839,2.319256251493248e-11,1858.190319998096,0.5915474266415175,3.625346649285087e-23,1807.0909058218313,24.127862188280687,4.018919609154439e-22,5.063838707534593e-20,True,True
Hypertension,BUN Kidney (mg/dL),HDL Cholesterol (mg/dL),Difference,0.28638051052157415,9.542819095239809e-16,5676.949459214169,0.2327233420431656,1.553419355755871e-10,5701.064469180177,-0.22040427744585703,3.402576125659283e-10,5703.934102486688,24.115009966008074,3.8012889342034094e-14,9.161106331430216e-12,True,True
Hypertension,HDL Cholesterol (mg/dL),BUN Kidney (mg/dL),Difference,-0.28638051052157415,9.542819095239809e-16,5676.949459214169,-0.22040427744585703,3.402576125659283e-10,5703.934102486688,0.2327233420431656,1.553419355755871e-10,5701.064469180177,24.115009966008074,3.8012889342034094e-14,9.161106331430216e-12,True,True
Diabetes,Systolic BP (mmHg),Triglycerides (mg/dL),Ratio,-0.5446636786510238,4.729527949353282e-12,1837.3812394429324,0.06455912510133906,0.2804159183496303,1893.135958872451,0.33099590632737663,1.869094890496786e-07,1861.467631399872,24.08639195693968,1.243930638734014e-10,4.5403468313791505e-08,True,True
Diabetes,Calcium (mg/dL),AST Liver Enzyme (U/L),Ratio,0.20716389714772976,8.334552102592773e-07,3947.462949146934,-0.023423514513575574,0.5528957006337615,3971.4212988478043,-0.026486950271388233,0.5654986942302027,3971.4304741765723,23.958349700870258,1.2700269870617558e-05,0.008001170018489063,True,True
Diabetes,Uric Acid (mg/dL),AST Liver Enzyme (U/L),Ratio,0.1878551580649074,3.992600023905098e-07,3946.402993303792,0.05093143222993562,0.22896220243351773,3970.3332101351857,-0.026486950271388233,0.5654986942302027,3971.4304741765723,23.930216831393864,6.47448652525151e-06,0.0038328960229488942,True,True
Hypertension,Sodium (mmol/L),"Glycohemoglobin (HbA1c, %)",Ratio,-0.30942447317588806,5.072642182318463e-20,5661.088306953558,-0.02208357682834164,0.48575336956257875,5747.322560075456,0.2521493158800957,1.782436415721373e-14,5684.8512981916365,23.76299123807894,2.9335762018227253e-18,4.869736495025725e-16,True,True
Hypertension,Potassium (mmol/L),"Glycohemoglobin (HbA1c, %)",Difference,-0.2943671909040492,4.5772530932492205e-19,5658.511955970878,-0.1705148215601973,1.294449523831263e-07,5716.812572849764,0.2515340912493016,2.0456630936430054e-14,5682.2653599750965,23.753404004218282,2.4966835054086657e-17,4.3941629695192515e-15,True,True
Hypertension,"Glycohemoglobin (HbA1c, %)",Potassium (mmol/L),Difference,0.2943671909040492,4.5772530932492205e-19,5658.511955970878,0.2515340912493016,2.0456630936430054e-14,5682.2653599750965,-0.1705148215601973,1.294449523831263e-07,5716.812572849764,23.753404004218282,2.4966835054086657e-17,4.3941629695192515e-15,True,True
Diabetes,BUN Kidney (mg/dL),Total Cholesterol (mg/dL),Ratio,0.3723070722243009,4.510660626935903e-22,3865.7470046634407,0.24918582161968042,1.0458634416729423e-11,3926.6843483383163,-0.388005984757823,1.2484194904599466e-18,3889.466870222098,23.719865558657148,3.1152764042147244e-20,4.330234201858467e-18,True,True
Diabetes,Sodium (mmol/L),Body Mass Index (kg/m2),Ratio,-0.6944551602653353,7.663161511887858e-38,3700.442808729872,-0.17432642345799704,7.418747805135982e-06,3865.129323763052,0.5261714356661946,4.450787884642736e-37,3723.6174261089764,23.174617379104347,1.0077582262208689e-35,7.3566350514123435e-34,True,True
Diabetes,Platelet Count (10^3/uL),AST Liver Enzyme (U/L),Ratio,0.24065027349843654,3.2863961144476145e-09,3934.349835064774,0.13686936051449847,0.0011927875338870754,3957.230932825194,-0.02526650465468173,0.5827596746514827,3967.2500144129745,22.881097760419834,6.858565804064586e-08,3.15494026986971e-05,True,True
Diabetes,Albumin (g/dL),Body Mass Index (kg/m2),Ratio,-0.7207420749632175,7.639849066213019e-38,3700.9489190232994,-0.2926008059462088,1.7407958467660885e-11,3840.4001021402346,0.526148617650047,4.440026899595437e-37,3723.6428327811877,22.693913757888367,1.0077582262208689e-35,7.334255103564498e-34,True,True
Diabetes,BUN Kidney (mg/dL),AST Liver Enzyme (U/L),Ratio,0.2964968193203787,2.852532929276009e-15,3902.6388744238816,0.24935872150949612,1.0463385028916117e-11,3925.19990089968,-0.026486950271388233,0.5654986942302027,3971.4304741765723,22.56102647579837,1.0866792111527654e-13,2.738431612104969e-11,True,True
Hypertension,Systolic BP (mmHg),HDL Cholesterol (mg/dL),Difference,0.5849666249469151,1.3819964498028382e-50,5271.205787609066,0.569662273712974,1.505148977562672e-46,5293.729813273927,-0.22465322744345717,3.075722364167241e-10,5479.2419163610775,22.524025664861256,3.7906188337449273e-48,1.3267165918107247e-46,True,True
Hypertension,HDL Cholesterol (mg/dL),Systolic BP (mmHg),Difference,-0.5849666249469151,1.3819964498028382e-50,5271.205787609066,-0.22465322744345717,3.075722364167241e-10,5479.2419163610775,0.569662273712974,1.505148977562672e-46,5293.729813273927,22.524025664861256,3.7906188337449273e-48,1.3267165918107247e-46,True,True
High Cholesterol,HDL Cholesterol (mg/dL),Body Mass Index (kg/m2),Difference,-0.29852070338839604,1.7269095219177525e-17,5622.6549856426245,-0.2558733182717355,9.86704010457139e-13,5644.887222885924,0.22633785324972316,4.45547790459952e-12,5650.56819429046,22.232237243299096,7.467716851536227e-16,1.6578331410410424e-13,True,True
High Cholesterol,Body Mass Index (kg/m2),HDL Cholesterol (mg/dL),Difference,0.29852070338839604,1.7269095219177525e-17,5622.6549856426245,0.22633785324972316,4.45547790459952e-12,5650.56819429046,-0.2558733182717355,9.86704010457139e-13,5644.887222885924,22.232237243299096,7.467716851536227e-16,1.6578331410410424e-13,True,True
Diabetes,Sodium (mmol/L),Body Mass Index (kg/m2),Difference,-0.5621590098209803,3.9178391795973213e-41,3701.988539325958,-0.17432642345799704,7.418747805135982e-06,3865.129323763052,0.5261714356661946,4.450787884642736e-37,3723.6174261089764,21.628886783018515,5.97004065462449e-39,3.7611256124134285e-37,True,True
Diabetes,Body Mass Index (kg/m2),Sodium (mmol/L),Difference,0.5621590098209803,3.9178391795973213e-41,3701.988539325958,0.5261714356661946,4.450787884642736e-37,3723.6174261089764,-0.17432642345799704,7.418747805135982e-06,3865.129323763052,21.628886783018515,5.97004065462449e-39,3.7611256124134285e-37,True,True
Hypertension,ALT Liver Enzyme (U/L),AST Liver Enzyme (U/L),Ratio,0.23953884741227324,5.191043767945793e-12,5689.059490242484,0.16565479611022038,4.181178055595763e-07,5710.636346779598,0.09563880667753528,0.002303859626537359,5727.061161298447,21.57685653711451,1.3541853307684677e-10,4.983402017227961e-08,True,True
Liver Condition,Sodium (mmol/L),AST Liver Enzyme (U/L),Ratio,-0.5593801180484409,6.174518027212295e-16,1983.5313149656763,-0.03818278631494067,0.5312850632878754,2050.579514324634,0.2911877137808746,3.0448811035387775e-13,2004.8349260179743,21.303611052298038,2.4905618933293292e-14,5.927537306123803e-12,True,True
Diabetes,WBC Count (10^3/uL),AST Liver Enzyme (U/L),Ratio,0.2589849218349806,5.313708482810727e-06,3944.611997281964,0.0385501912947774,0.2757379871526291,3965.897074992784,-0.02526650465468173,0.5827596746514827,3967.2500144129745,21.285077710820133,7.361474870237709e-05,0.05101160143498298,True,False
High Cholesterol,Sodium (mmol/L),Body Mass Index (kg/m2),Ratio,-0.28750609041832637,4.096829418846457e-16,5608.985446872799,-0.0016748608153670831,0.9579698975800881,5677.243797234748,0.22522742690105632,6.121014477999738e-12,5630.031489018935,21.046042146135733,1.6594752076340078e-14,3.9329562420925985e-12,True,True
Diabetes,Platelet Count (10^3/uL),WBC Count (10^3/uL),Ratio,-0.2615939207696555,1.5802028283087243e-07,4105.214958363584,0.13668258565133,0.0026126573057100606,4125.749737119176,0.03568162945752427,0.2736615995302778,4132.952411657822,20.534778755592015,2.7885932264271605e-06,0.0015169947151763754,True,True
Hypertension,HDL Cholesterol (mg/dL),ALT Liver Enzyme (U/L),Difference,-0.2722801993499765,7.787151701565498e-15,5682.86803080915,-0.2211266273229888,3.0012855893027046e-10,5703.314894663202,0.16617669237951183,3.778490184435619e-07,5718.806511184561,20.446863854052026,2.842458415780562e-13,7.475665633502878e-11,True,True
Hypertension,ALT Liver Enzyme (U/L),HDL Cholesterol (mg/dL),Difference,0.2722801993499765,7.787151701565498e-15,5682.86803080915,0.16617669237951183,3.778490184435619e-07,5718.806511184561,-0.2211266273229888,3.0012855893027046e-10,5703.314894663202,20.446863854052026,2.842458415780562e-13,7.475665633502878e-11,True,True
Stroke,Total Cholesterol (mg/dL),Creatinine Kidney (mg/dL),Ratio,-0.5594181272785701,1.475040334962804e-10,1692.3544396239859,-0.23606447869590136,0.0008372822606413907,1725.9238377347986,0.2006279547468825,6.600881361341531e-08,1712.5249889891988,20.17054936521299,3.4039392345295478e-09,1.416038721564292e-06,True,True
Diabetes,BUN Kidney (mg/dL),Albumin (g/dL),Ratio,0.2926563854412373,1.5493479227747238e-15,3910.1866608774535,0.2487982957347035,1.0937254248510415e-11,3930.354460639639,-0.29074342140210957,1.4474157125718921e-11,3931.4977212321855,20.167799762185496,6.095795105998913e-14,1.4873740058637347e-11,True,True
High Cholesterol,ALT Liver Enzyme (U/L),HDL Cholesterol (mg/dL),Difference,0.2983288496422478,2.4969494477844428e-17,5688.185116903291,0.1736978371829601,1.0613152588858963e-07,5733.837401928227,-0.2554085668501814,7.947158576226647e-13,5708.286808079307,20.101691176016175,1.0559786210894559e-15,2.397071469873065e-13,True,True
High Cholesterol,HDL Cholesterol (mg/dL),ALT Liver Enzyme (U/L),Difference,-0.2983288496422478,2.4969494477844428e-17,5688.185116903291,-0.2554085668501814,7.947158576226647e-13,5708.286808079307,0.1736978371829601,1.0613152588858963e-07,5733.837401928227,20.101691176016175,1.0559786210894559e-15,2.397071469873065e-13,True,True
Hypertension,HDL Cholesterol (mg/dL),Insulin (uIU/mL),Ratio,-0.3389901561819496,2.3129909700955035e-08,2807.1616072026195,-0.1584218582260995,0.001123398856741944,2836.93970161181,0.2428004872714459,3.633610688209705e-05,2827.169332634187,20.00772543156745,4.414455927021239e-07,0.00022204713312916834,True,True
High Cholesterol,Systolic BP (mmHg),ALT Liver Enzyme (U/L),Ratio,-0.241998385679437,3.239245254828007e-11,5438.858691449594,0.03385505966053627,0.3458227406310769,5484.815938042651,0.17382847196332926,2.1228634979107874e-07,5458.655369025442,19.796677575848662,7.813254886017304e-10,3.1096754446348867e-07,True,True
Diabetes,Insulin (uIU/mL),LDL Cholesterol (mg/dL),Difference,0.6276870986202786,2.0194091441956901e-22,1830.8871419448155,0.6151917451727741,5.519364615915813e-16,1850.6826224916033,-0.4235705681731867,1.0454766989997342e-11,1893.9880076594184,19.795480546787758,1.4360242803169352e-20,1.9386327784278627e-18,True,True
Diabetes,LDL Cholesterol (mg/dL),Insulin (uIU/mL),Difference,-0.6276870986202786,2.0194091441956901e-22,1830.8871419448155,-0.4235705681731867,1.0454766989997342e-11,1893.9880076594184,0.6151917451727741,5.519364615915813e-16,1850.6826224916033,19.795480546787758,1.4360242803169352e-20,1.9386327784278627e-18,True,True
Hypertension,Platelet Count (10^3/uL),hs-CRP Inflammation (mg/L),Ratio,-0.3797480444072408,8.169552421525109e-17,5658.827103159103,0.12920679346114605,0.0001324774992863686,5725.139311791587,0.2745161903933974,3.375682443966249e-12,5678.600085175198,19.77298201609483,3.380504450286252e-15,7.842770324664105e-13,True,True
Hypertension,Calcium (mg/dL),Insulin (uIU/mL),Ratio,-0.35761673260778387,7.280052638052283e-09,2800.0342620038027,0.23217490005915323,9.980405455907335e-07,2819.1902366629924,0.24565513307579728,3.0752852693251483e-05,2822.6632281549555,19.155974659189724,1.480688672146227e-07,6.988850532530193e-05,True,True
Hypertension,Calcium (mg/dL),HDL Cholesterol (mg/dL),Ratio,0.2606255318488898,2.511908607014627e-14,5685.110500612558,0.13668473276023885,2.265429543028745e-05,5726.754943387281,-0.22040427744585703,3.402576125659283e-10,5703.934102486688,18.823601874129963,8.931230602718673e-13,2.411432262734042e-10,True,True
Hypertension,hs-CRP Inflammation (mg/L),HDL Cholesterol (mg/dL),Difference,0.2991938096205207,7.845471651715196e-18,5661.203963916374,0.27320752066677384,3.94914072908191e-12,5679.976499115966,-0.21995355621254473,3.740695604337366e-10,5699.8403242867935,18.772535199592312,3.620986916176244e-16,7.531652785646588e-14,True,True
Hypertension,HDL Cholesterol (mg/dL),hs-CRP Inflammation (mg/L),Difference,-0.2991938096205207,7.845471651715196e-18,5661.203963916374,-0.21995355621254473,3.740695604337366e-10,5699.8403242867935,0.27320752066677384,3.94914072908191e-12,5679.976499115966,18.772535199592312,3.620986916176244e-16,7.531652785646588e-14,True,True
High Cholesterol,Sodium (mmol/L),"Glycohemoglobin (HbA1c, %)",Ratio,-0.31384384486478345,6.496818018574305e-21,5675.7621094781,-0.004530965640536933,0.8856139841905211,5766.220459648096,0.2665910463642495,2.599436356238211e-16,5694.523630312846,18.76152083474608,3.898090811144583e-19,6.236945297831333e-17,True,True
Liver Condition,Hemoglobin (g/dL),AST Liver Enzyme (U/L),Ratio,-0.5348083358668438,1.7272552790566739e-15,1979.9220590535172,0.10500124433587577,0.15233608825946718,2043.1011271673947,0.29266515756385775,2.365558350112572e-13,1998.600434968117,18.678375914599883,6.717729345379935e-14,1.6581650678944068e-11,True,True
Hypertension,WBC Count (10^3/uL),Potassium (mmol/L),Ratio,0.6270303530807199,4.373035314089683e-13,5689.1513958617725,0.5174185471843004,4.714547425933323e-09,5707.779043552347,-0.16968271000845006,1.4925808836229243e-07,5716.333401028638,18.627647690574122,1.3078236453352322e-11,4.198113901526096e-09,True,True
Diabetes,Body Mass Index (kg/m2),Hemoglobin (g/dL),Difference,0.5902795281238976,1.7250421770448684e-43,3847.1611836317647,0.5732845702179254,1.1054361811642598e-39,3865.5989372680124,-0.1959878043620332,5.1126621076805995e-06,4017.9861261737196,18.437753636247635,3.1246046980435353e-41,1.6560404899630736e-39,True,True
Diabetes,Hemoglobin (g/dL),Body Mass Index (kg/m2),Difference,-0.5902795281238976,1.7250421770448684e-43,3847.1611836317647,-0.1959878043620332,5.1126621076805995e-06,4017.9861261737196,0.5732845702179254,1.1054361811642598e-39,3865.5989372680124,18.437753636247635,3.1246046980435353e-41,1.6560404899630736e-39,True,True
Diabetes,BUN Kidney (mg/dL),Sodium (mmol/L),Difference,0.2952673546070832,1.827350388798524e-15,3911.9396473787274,0.2487982957347035,1.0937254248510415e-11,3930.354460639639,-0.16820639184114264,1.1475802820373863e-05,3957.4778553676474,18.414813260911615,7.04520631825937e-14,1.7542563732465833e-11,True,True
Diabetes,Sodium (mmol/L),BUN Kidney (mg/dL),Difference,-0.2952673546070832,1.827350388798524e-15,3911.9396473787274,-0.16820639184114264,1.1475802820373863e-05,3957.4778553676474,0.2487982957347035,1.0937254248510415e-11,3930.354460639639,18.414813260911615,7.04520631825937e-14,1.7542563732465833e-11,True,True
Heart Attack,Waist Circumference (cm),Total Cholesterol (mg/dL),Ratio,0.4060102624749403,9.587387875881464e-12,1480.4866569303117,0.29203404646677567,0.0001469514005525374,1509.815812214591,-0.37848336266089305,1.249516473418828e-06,1498.638091080896,18.151434150584237,2.4233999626747364e-10,9.203892360846205e-08,True,True
Hypertension,Albumin (g/dL),"Glycohemoglobin (HbA1c, %)",Ratio,-0.31779444612824237,5.055653572546863e-19,5666.707832237748,-0.09705665225258453,0.004676391335641831,5739.826670959889,0.2521493158800957,1.782436415721373e-14,5684.8512981916365,18.143465953888153,2.7420493952796548e-17,4.853427429644988e-15,True,True
Hypertension,Potassium (mmol/L),Calcium (mg/dL),Difference,-0.21513575773310617,1.9837547105905493e-11,5699.134444780923,-0.1695591743306227,1.5189730701633516e-07,5717.183960585586,0.1364231649698594,2.344261338003562e-05,5726.849182978032,18.049515804662406,4.8335140156521e-10,1.9044045221669273e-07,True,True
Hypertension,Calcium (mg/dL),Potassium (mmol/L),Difference,0.21513575773310617,1.9837547105905493e-11,5699.134444780923,0.1364231649698594,2.344261338003562e-05,5726.849182978032,-0.1695591743306227,1.5189730701633516e-07,5717.183960585586,18.049515804662406,4.8335140156521e-10,1.9044045221669273e-07,True,True
Hypertension,AST Liver Enzyme (U/L),ALT Liver Enzyme (U/L),Ratio,-0.23642170611203225,1.2559638542275943e-10,5692.593913587178,0.09563880667753528,0.002303859626537359,5727.061161298447,0.16565479611022038,4.181178055595763e-07,5710.636346779598,18.042433192420503,2.912379951832103e-09,1.2057253000584906e-06,True,True
Hypertension,Systolic BP (mmHg),Potassium (mmol/L),Ratio,0.5620758308683246,1.1540455375038177e-50,5241.512734588018,0.5771922243936755,3.1415035593018506e-47,5259.262318520843,-0.18227582989262114,3.5642581387985135e-08,5459.362271526071,17.749583932824862,3.357223381829288e-48,1.1078837160036649e-46,True,True
Diabetes,BUN Kidney (mg/dL),Total Cholesterol (mg/dL),Difference,0.4222505503808344,4.805516813518465e-22,3872.028082583509,0.24918582161968042,1.0458634416729423e-11,3926.6843483383163,-0.388005984757823,1.2484194904599466e-18,3889.466870222098,17.43878763858902,3.2718412347359764e-20,4.6132961409777264e-18,True,True
Diabetes,Total Cholesterol (mg/dL),BUN Kidney (mg/dL),Difference,-0.4222505503808344,4.805516813518465e-22,3872.028082583509,-0.388005984757823,1.2484194904599466e-18,3889.466870222098,0.24918582161968042,1.0458634416729423e-11,3926.6843483383163,17.43878763858902,3.2718412347359764e-20,4.6132961409777264e-18,True,True
High Cholesterol,Sodium (mmol/L),Insulin (uIU/mL),Ratio,-0.26421384224678435,4.455856956313722e-06,2774.683561734609,-0.03207409943403855,0.4800106091238946,2800.521947017051,0.1469617797386299,0.00492288769069833,2792.0770291046565,17.393467370047347,6.226525004455856e-05,0.04277622678061173,True,True
High Cholesterol,Uric Acid (mg/dL),Insulin (uIU/mL),Ratio,-0.2897154274859288,1.3896193269223046e-05,2773.04774024679,0.05824421353640786,0.24513159504735516,2797.8663028553283,0.14610434603271952,0.005160971707860692,2790.3745427488248,17.326802502034752,0.00018051888414687584,0.13340345538454124,True,False
Stroke,Hemoglobin (g/dL),Creatinine Kidney (mg/dL),Ratio,-0.4738210810428072,1.7138787895457435e-10,1699.9534197437279,-0.24212839685764065,0.000601208361655473,1730.860459222637,0.2000614227207602,7.035820946767649e-08,1717.2782534779667,17.324833734238837,3.917437233247414e-09,1.6453236379639138e-06,True,True
Hypertension,Hemoglobin (g/dL),ALT Liver Enzyme (U/L),Ratio,-0.23351211963935567,1.4837915184920214e-10,5702.044755134381,-0.07020390628806995,0.0591511727720945,5741.237332697257,0.16521986935763575,4.3571375230216464e-07,5719.3201369143735,17.27538177999213,3.415922920269402e-09,1.4244398577523405e-06,True,True
Stroke,Potassium (mmol/L),Creatinine Kidney (mg/dL),Ratio,-0.5164439686514769,2.45626858496994e-10,1700.1691260964126,-0.050589802864770286,0.4331849761811176,1741.5936615604442,0.19977115803507722,7.277299491691662e-08,1717.3940477806245,17.22492168421195,5.54827727428504e-09,2.3580178415711424e-06,True,True
Liver Condition,Potassium (mmol/L),AST Liver Enzyme (U/L),Ratio,-0.5423140848153104,9.212949710462282e-15,1987.5668318553871,-0.029238970494002665,0.6400741500284668,2050.5405157790888,0.2915417667655502,2.8467554037721286e-13,2004.4944595929278,16.92762773754066,3.3501635310771936e-13,8.84443172204379e-11,True,True
Diabetes,Platelet Count (10^3/uL),Triglycerides (mg/dL),Ratio,-0.655997781338484,2.0198425841122878e-11,1930.835767275475,0.05076496448399684,0.38658984467466406,1985.7661162523377,0.353735357514664,9.667563795633988e-09,1947.4607266226953,16.624959347220283,4.908984508222269e-10,1.9390488807477962e-07,True,True
Hypertension,"Glycohemoglobin (HbA1c, %)",hs-CRP Inflammation (mg/L),Ratio,-0.339843926165354,6.688845224711398e-17,5661.698509342338,0.25058209348115257,2.3204023548485455e-14,5678.154534070522,0.27340694582660074,3.854815130321072e-12,5679.728243601056,16.456024728183365,2.7797798336462954e-15,6.421291415722942e-13,True,True
Hypertension,HDL Cholesterol (mg/dL),ALT Liver Enzyme (U/L),Ratio,-0.2855894692134389,1.230381591566163e-13,5686.955577068698,-0.2211266273229888,3.0012855893027046e-10,5703.314894663202,0.16617669237951183,3.778490184435619e-07,5718.806511184561,16.35931759450341,4.017572543889512e-12,1.1811663279035167e-09,True,True
Stroke,Calcium (mg/dL),Creatinine Kidney (mg/dL),Ratio,-0.5175844802068845,2.9694485872047753e-10,1701.4781959087545,-0.10263187328655861,0.11568853598094742,1740.1737409004863,0.19985221173865267,7.203076042048545e-08,1717.8159868948048,16.337790986050322,6.6604454292443554e-09,2.8506706437165844e-06,True,True
Diabetes,Body Mass Index (kg/m2),Albumin (g/dL),Ratio,0.5480666458610254,1.2647286066684915e-40,3707.3434069037908,0.526148617650047,4.440026899595437e-37,3723.6428327811877,-0.2926008059462088,1.7407958467660885e-11,3840.4001021402346,16.29942587739697,1.897092910002737e-38,1.2141394624017519e-36,True,True
Hypertension,Total Cholesterol (mg/dL),ALT Liver Enzyme (U/L),Ratio,-0.22633839380279885,1.8932541001607644e-10,5702.716876708664,-0.09752804051214244,0.0025899110947490995,5735.432901028028,0.16617669237951183,3.778490184435619e-07,5718.806511184561,16.089634475896673,4.317158993240698e-09,1.8175239361543338e-06,True,True
Diabetes,Calcium (mg/dL),Total Cholesterol (mg/dL),Ratio,0.39881782596217485,2.3885853473320013e-23,3873.385861732245,-0.02496338394786167,0.5272250406913781,3972.8357382546264,-0.388005984757823,1.2484194904599466e-18,3889.466870222098,16.081008489853048,1.750413689647879e-21,2.2930419334387213e-19,True,True
Liver Condition,Uric Acid (mg/dL),Creatinine Kidney (mg/dL),Ratio,0.27371027548395965,2.1341293227657456e-06,2037.2888888500345,0.1487637343520369,0.021973174915277064,2053.1912576993655,-0.09529463374587797,0.3060259572988149,2056.971639109608,15.90236884933097,3.0948098940409606e-05,0.02048764149855116,True,True
Diabetes,Total Cholesterol (mg/dL),ALT Liver Enzyme (U/L),Difference,-0.41150693992067816,2.2212910932261133e-22,3873.6802462339724,-0.38715706932343147,1.3497072703929266e-18,3889.528995299521,0.14098936856556007,0.00019874842277189386,3961.141983704745,15.848749065548418,1.5565251456182985e-20,2.132439449497069e-18,True,True
Diabetes,ALT Liver Enzyme (U/L),Total Cholesterol (mg/dL),Difference,0.41150693992067816,2.2212910932261133e-22,3873.6802462339724,0.14098936856556007,0.00019874842277189386,3961.141983704745,-0.38715706932343147,1.3497072703929266e-18,3889.528995299521,15.848749065548418,1.5565251456182985e-20,2.132439449497069e-18,True,True
High Cholesterol,Calcium (mg/dL),Insulin (uIU/mL),Ratio,-0.25526135818541673,8.709072906323805e-06,2774.5487899854397,0.12061537373632318,0.01009627229897642,2792.5412835578845,0.14610434603271952,0.005160971707860692,2790.3745427488248,15.825752763385026,0.00011579930734170155,0.08360709990070853,True,False
Heart Attack,"Glycohemoglobin (HbA1c, %)",Total Cholesterol (mg/dL),Ratio,0.33913583361217164,8.801330376660497e-12,1644.2926733580523,0.2166518478310406,2.8813629597062155e-05,1671.3078056798877,-0.3646897364462066,7.502919845373e-07,1660.108784206353,15.816110848300696,2.2591650164690047e-10,8.449277161594076e-08,True,True
Diabetes,Sodium (mmol/L),Waist Circumference (cm),Difference,-0.6707371926441856,3.43172135553207e-45,3476.8794694342787,-0.16726936915964744,2.7444540320539264e-05,3664.1846550488517,0.644828655214492,3.598281658745052e-42,3492.5074662642846,15.62799683000594,6.723372451654668e-43,3.2944525013107873e-41,True,True
Diabetes,Waist Circumference (cm),Sodium (mmol/L),Difference,0.6707371926441856,3.43172135553207e-45,3476.8794694342787,0.644828655214492,3.598281658745052e-42,3492.5074662642846,-0.16726936915964744,2.7444540320539264e-05,3664.1846550488517,15.62799683000594,6.723372451654668e-43,3.2944525013107873e-41,True,True
Heart Attack,LDL Cholesterol (mg/dL),Triglycerides (mg/dL),Ratio,-0.681467705590793,2.270190242115197e-06,835.1741000853015,-0.34860224353910557,0.0007225754081224855,850.7099754568181,0.16674867195612555,0.06171550022186063,859.7198537799281,15.535875371516681,3.282202759684622e-05,0.021793826324305893,True,True
Heart Attack,Total Cholesterol (mg/dL),"Glycohemoglobin (HbA1c, %)",Ratio,-0.4538425626195303,4.358125102927471e-10,1644.8439344941983,-0.3646897364462066,7.502919845373e-07,1660.108784206353,0.2166518478310406,2.8813629597062155e-05,1671.3078056798877,15.264849712154728,9.684722450949936e-09,4.183800098810372e-06,True,True
Hypertension,Potassium (mmol/L),WBC Count (10^3/uL),Ratio,-0.23883535737681055,1.908193771577964e-12,5692.624070984408,-0.16968271000845006,1.4925808836229243e-07,5716.333401028638,0.5174185471843004,4.714547425933323e-09,5707.779043552347,15.154972567938785,5.3464948584721104e-11,1.8318660207148453e-08,True,True
Hypertension,Alkaline Phosphatase (U/L),hs-CRP Inflammation (mg/L),Ratio,-0.38886422509672175,1.0266886774255163e-15,5658.522433289493,0.11892907298990282,0.00022958651726115217,5720.904668091151,0.2736209564376862,3.898825181264985e-12,5673.54339918055,15.02096589105713,4.07281458813428e-14,9.856211303284956e-12,True,True
High Cholesterol,Potassium (mmol/L),Insulin (uIU/mL),Ratio,-0.25591208705792035,1.6288651146885584e-05,2774.0017399166254,0.034148069200176975,0.45837053292688035,2797.482634866422,0.14777584649409528,0.004731350829836003,2789.003672631767,15.00193271514172,0.0002071139748478167,0.1563710510101016,True,False
Hypertension,Platelet Count (10^3/uL),Insulin (uIU/mL),Ratio,-0.3056179279530703,6.830243316413672e-08,2813.631546845872,0.0952091575709837,0.04421832586401707,2845.4183631189735,0.24523546815365532,3.077542608474605e-05,2828.3889214202004,14.757374574328423,1.2487639420265681e-06,0.0006557033583757125,True,True
Hypertension,Triglycerides (mg/dL),Total Cholesterol (mg/dL),Ratio,0.2590129178043861,4.690062511085889e-07,2829.9525568163544,0.18251140407193994,0.000590502625621222,2844.696691330392,-0.0770369039087781,0.09008281294449151,2855.7142247258944,14.744134514037341,7.52919734221146e-06,0.004502460010642453,True,True
Diabetes,Body Mass Index (kg/m2),Hemoglobin (g/dL),Ratio,0.5650173799771768,7.541535325181116e-43,3850.921259827498,0.5732845702179254,1.1054361811642598e-39,3865.5989372680124,-0.1959878043620332,5.1126621076805995e-06,4017.9861261737196,14.677677440514344,1.2482541227885986e-40,7.239873912173872e-39,True,True
High Cholesterol,Hemoglobin (g/dL),Insulin (uIU/mL),Ratio,-0.24794412971454136,1.3629109581888749e-05,2780.241659732128,0.10349131601498097,0.055092168090721864,2799.794845482228,0.14631597806950375,0.005065381952254511,2794.621620540066,14.379960807938005,0.00017728923033351218,0.13083945198613198,True,False
Diabetes,BUN Kidney (mg/dL),LDL Cholesterol (mg/dL),Ratio,0.40719804449270186,3.4755860040822947e-13,1880.0340266941184,0.28293348301122867,1.484943984127645e-07,1915.0890814820687,-0.4194213581476904,1.5608028504185325e-11,1894.3256328643736,14.291606170255136,1.0694110781791676e-11,3.336562563919003e-09,True,True
Stroke,Sodium (mmol/L),Creatinine Kidney (mg/dL),Ratio,-0.5113622758704816,8.149497623902636e-10,1703.6036968947863,0.058605807856341875,0.3639882234072431,1741.8601363344128,0.19983532039503693,7.194676817361846e-08,1717.8532942116908,14.249597316904556,1.766031087798314e-08,7.823517718946531e-06,True,True
Diabetes,Insulin (uIU/mL),HDL Cholesterol (mg/dL),Ratio,0.6679709360857857,4.900617190752492e-20,1863.0013569273988,0.6449480781308538,5.336511418593407e-17,1877.1530746123585,-0.6733343444491906,3.062679909869396e-19,1884.9065375235405,14.151717684959749,2.8512681837105407e-18,4.704592503122392e-16,True,True
Hypertension,HDL Cholesterol (mg/dL),"Glycohemoglobin (HbA1c, %)",Ratio,-0.30137007361694224,1.0423847154049724e-17,5699.246274873973,-0.22145687998446822,2.4753270286982854e-10,5734.9163951510845,0.2519230879953023,1.5877995778091612e-14,5713.388234739201,14.141959865228273,4.765187270422732e-16,1.0006893267887735e-13,True,True
Hypertension,Sodium (mmol/L),Systolic BP (mmHg),Ratio,-0.6121568935835667,6.152760478390281e-51,5247.2016684229,-0.011648543380927828,0.7193466933268552,5492.801884355729,0.5782524674370472,2.2048225477901493e-47,5261.327051268263,14.125382845362765,1.8458281435170844e-48,5.90665005925467e-47,True,True
Hypertension,HDL Cholesterol (mg/dL),Creatinine Kidney (mg/dL),Ratio,-0.3932925297369925,2.5843645758116874e-21,5648.229028839874,-0.22054746073837062,3.3114206873732407e-10,5704.379269132844,0.4878602017198506,1.6601987086402584e-13,5662.305663683192,14.076634843317152,1.570246830872924e-19,2.48098999277922e-17,True,True
High Cholesterol,Systolic BP (mmHg),Insulin (uIU/mL),Ratio,-0.2408104390273987,3.632316154906702e-05,2640.931379504599,0.05958809957543383,0.24696866253363325,2661.0548471349944,0.1377493185878104,0.009860626124388448,2654.959041942036,14.027662437436902,0.0004389305006395549,0.3487023508710434,True,False
Hypertension,Calcium (mg/dL),Albumin (g/dL),Ratio,0.1909642941933093,1.518761163516856e-08,5715.711270690757,0.13646081368390373,2.3206998298779554e-05,5729.723809302263,-0.09741034786983636,0.004529845065087955,5739.825291669546,14.012538611505988,2.9755320754615954e-07,0.00014580107169761817,True,True
Diabetes,Triglycerides (mg/dL),Creatinine Kidney (mg/dL),Ratio,0.3697390308639035,6.376138705879818e-11,1928.0066441892845,0.3514924809219792,1.2350631858925666e-08,1941.9666645100097,0.09643960814114967,0.034939665815460624,1975.8577762341024,13.960020320725107,1.5188816768348948e-09,6.121093157644625e-07,True,True
Diabetes,HDL Cholesterol (mg/dL),Fasting Glucose (mg/dL),Difference,-1.5406323802610074,7.151715727195054e-66,1427.6537119857321,-0.6756128196808484,2.0291626379646765e-19,1889.41138105771,1.5370210826166457,3.7798770095258936e-62,1441.6039989987594,13.950287013027264,8.582058872634064e-63,6.865647098107252e-62,True,True
Diabetes,Fasting Glucose (mg/dL),HDL Cholesterol (mg/dL),Difference,1.5406323802610074,7.151715727195054e-66,1427.6537119857321,1.5370210826166457,3.7798770095258936e-62,1441.6039989987594,-0.6756128196808484,2.0291626379646765e-19,1889.41138105771,13.950287013027264,8.582058872634064e-63,6.865647098107252e-62,True,True
Diabetes,Triglycerides (mg/dL),Hemoglobin (g/dL),Ratio,0.40287015843632057,1.0229892859538796e-11,1933.5741714380379,0.353735357514664,9.667563795633988e-09,1947.4607266226953,-0.12129431955973581,0.05260653053547307,1982.784920352174,13.886555184657482,2.570863127004514e-10,9.820697145157244e-08,True,True
Stroke,Systolic BP (mmHg),Total Cholesterol (mg/dL),Ratio,0.2870284121293546,5.232445134778002e-07,1622.6528874465525,0.2069757396190231,0.0018305843203447274,1636.8509245106748,-0.22330902480965767,0.0021590830728028805,1636.4164720870149,13.76358464046234,8.344098553798806e-06,0.005023147329386882,True,True
Hypertension,Potassium (mmol/L),Creatinine Kidney (mg/dL),Ratio,-0.37924054799568924,1.4521071847033618e-21,5648.558438400563,-0.16974378992547678,1.469888064187069e-07,5717.620410640071,0.48836008854145635,1.6004822439926257e-13,5662.22254159592,13.664103195356802,9.111260766766191e-20,1.3940228973152274e-17,True,True
Hypertension,Albumin (g/dL),Calcium (mg/dL),Ratio,-0.19363387879638227,1.8845300321924676e-08,5716.066068927465,-0.09741034786983636,0.004529845065087955,5739.825291669546,0.13646081368390373,2.3206998298779554e-05,5729.723809302263,13.657740374798777,3.625548759328194e-07,0.0001809148830904769,True,True
Hypertension,Total Cholesterol (mg/dL),Triglycerides (mg/dL),Ratio,-0.262362459633997,3.308772281012216e-07,2831.093430719651,-0.0770369039087781,0.09008281294449151,2855.7142247258944,0.18251140407193994,0.000590502625621222,2844.696691330392,13.603260610740563,5.463261128720128e-06,0.0031764213897717275,True,True
High Cholesterol,Albumin (g/dL),Insulin (uIU/mL),Ratio,-0.240793097135094,1.631541367186134e-05,2778.5637142487008,0.08985959967537611,0.0746958083441784,2797.816949701113,0.1469617797386299,0.00492288769069833,2792.0770291046565,13.513314855955741,0.00020717985615062017,0.15662797124986885,True,False
High Cholesterol,LDL Cholesterol (mg/dL),HDL Cholesterol (mg/dL),Difference,0.38208452522233977,1.728415779488379e-15,2707.0954332053625,0.33440393231725274,7.65134624787203e-13,2720.5847090799252,-0.18620628552617485,0.0001995532805707812,2759.6695521260017,13.489275874562736,6.717729345379935e-14,1.6592791483088438e-11,True,True
High Cholesterol,HDL Cholesterol (mg/dL),LDL Cholesterol (mg/dL),Difference,-0.38208452522233977,1.728415779488379e-15,2707.0954332053625,-0.18620628552617485,0.0001995532805707812,2759.6695521260017,0.33440393231725274,7.65134624787203e-13,2720.5847090799252,13.489275874562736,6.717729345379935e-14,1.6592791483088438e-11,True,True
Hypertension,Albumin (g/dL),ALT Liver Enzyme (U/L),Ratio,-0.23135267718623403,9.058872209565714e-10,5708.455675288988,-0.0980861199375237,0.004262141783628995,5739.357096362436,0.16569867861193166,4.036819877125976e-07,5721.870225704206,13.4145504152184,1.9542735553220415e-08,8.696517321183085e-06,True,True
Diabetes,AST Liver Enzyme (U/L),WBC Count (10^3/uL),Ratio,-0.22671967697147388,0.000552812981137957,3952.6250858669055,-0.02526650465468173,0.5827596746514827,3967.2500144129745,0.0385501912947774,0.2757379871526291,3965.897074992784,13.271989125878463,0.005355201431810683,1.0,True,False
High Cholesterol,Calcium (mg/dL),HDL Cholesterol (mg/dL),Ratio,0.2766651917761249,6.571527858787559e-16,5696.4756067358885,0.11529111257243368,0.00031770157404103106,5750.897059398714,-0.25620386171637743,6.798874099212087e-13,5709.6928455253055,13.217238789417024,2.6396095165004422e-14,6.308666744436057e-12,True,True
Hypertension,HDL Cholesterol (mg/dL),Alkaline Phosphatase (U/L),Ratio,-0.26199680117686036,7.920972490229856e-13,5690.110870666544,-0.2211266273229888,3.0012855893027046e-10,5703.314894663202,0.12209389356286984,0.00015275332645127494,5730.448834742396,13.20402399665818,2.3112868056597755e-11,7.604133590620661e-09,True,True
High Cholesterol,Diastolic BP (mmHg),Insulin (uIU/mL),Ratio,-0.23921077688336131,4.206918320951892e-05,2641.7585869522486,0.026337696608864074,0.5771726370431121,2662.0858292770095,0.1377493185878104,0.009860626124388448,2654.959041942036,13.200454989787431,0.0005035712703383811,0.4038641588113816,True,False
Hypertension,Potassium (mmol/L),Calcium (mg/dL),Ratio,-0.20371414203834556,2.1677399286217198e-10,5704.061982025861,-0.1695591743306227,1.5189730701633516e-07,5717.183960585586,0.1364231649698594,2.344261338003562e-05,5726.849182978032,13.121978559724994,4.931351496390642e-09,2.081030331476851e-06,True,True
Diabetes,Waist Circumference (cm),Sodium (mmol/L),Ratio,0.6661074941881714,8.98660802523797e-45,3479.460201480647,0.644828655214492,3.598281658745052e-42,3492.5074662642846,-0.16726936915964744,2.7444540320539264e-05,3664.1846550488517,13.04726478363773,1.7254287408456903e-42,8.627143704228451e-41,True,True
High Cholesterol,Sodium (mmol/L),Waist Circumference (cm),Ratio,-0.3014674091817069,2.227514423682994e-15,5378.843747091762,-0.009613515920112477,0.7671719571708245,5443.279349238335,0.25086682847300207,7.233087888419302e-13,5391.884726764229,13.040979672466165,8.553655386942697e-14,2.1384138467356745e-11,True,True
Hypertension,BUN Kidney (mg/dL),Total Cholesterol (mg/dL),Ratio,0.26754544086260773,1.514302222839362e-12,5688.032762987368,0.2327233420431656,1.553419355755871e-10,5701.064469180177,-0.09883253305630657,0.0022653536893039576,5735.540501964345,13.031706192808997,4.326577779541034e-11,1.4537301339257876e-08,True,True
High Cholesterol,Platelet Count (10^3/uL),Insulin (uIU/mL),Ratio,-0.2319700759496144,1.872144591343513e-05,2781.6814240268013,-0.001940406619825526,0.9676396795187967,2803.501243451379,0.14631597806950375,0.005065381952254511,2794.621620540066,12.94019651326471,0.000234323182228132,0.17972588076897725,True,False
Diabetes,LDL Cholesterol (mg/dL),hs-CRP Inflammation (mg/L),Difference,-0.4703996154501071,4.562563480982928e-14,1876.6042866047949,-0.42034510120062746,1.5066330081051836e-11,1889.5268024685809,0.1779624255400117,7.382288961346843e-05,1924.2771883534076,12.922515863785975,1.5755614898358315e-12,4.380060941743611e-10,True,True
Diabetes,hs-CRP Inflammation (mg/L),LDL Cholesterol (mg/dL),Difference,0.4703996154501071,4.562563480982928e-14,1876.6042866047949,0.1779624255400117,7.382288961346843e-05,1924.2771883534076,-0.42034510120062746,1.5066330081051836e-11,1889.5268024685809,12.922515863785975,1.5755614898358315e-12,4.380060941743611e-10,True,True
Diabetes,BUN Kidney (mg/dL),Hemoglobin (g/dL),Ratio,0.26731329244128504,1.4574066572098213e-13,3913.895685434792,0.24748877839607553,1.4039187526857225e-11,3926.6603045158363,-0.21833577958558495,7.781374868596505e-07,3948.430891930432,12.764619081044202,4.695001311816874e-12,1.3991103909214286e-09,True,True
Arthritis,Total Cholesterol (mg/dL),hs-CRP Inflammation (mg/L),Ratio,-0.24459396521718296,3.769381538528026e-09,5020.981691740496,-0.06634652096514548,0.053488793218695686,5056.178502850183,0.1674295587598332,1.7728952506690907e-06,5033.743835117417,12.762143376920903,7.832481119019275e-08,3.618606276986905e-05,True,True
Heart Attack,Platelet Count (10^3/uL),WBC Count (10^3/uL),Ratio,-0.37434195449067936,1.1592256752827805e-05,1687.8367864212007,-0.22810089146521054,0.0033399994871196386,1700.236113108742,0.023812272961626472,0.5043772263848071,1708.9744837557946,12.399326687541361,0.00015307519233445245,0.11128566482714693,True,False
Diabetes,Triglycerides (mg/dL),AST Liver Enzyme (U/L),Ratio,0.44215540368123213,4.863882282150594e-17,1901.6872059865177,0.423960969319388,1.8860469622952027e-14,1914.0218341765972,-0.0053694326289209235,0.9319693640065835,1977.3004382984059,12.334628190079457,2.0301421699411173e-15,4.66932699086457e-13,True,True
High Cholesterol,WBC Count (10^3/uL),Insulin (uIU/mL),Ratio,-0.2282062326568138,1.9957547472581825e-05,2782.315471470884,0.10619861611316658,0.02241777419332685,2798.212273617391,0.14631597806950375,0.005065381952254511,2794.621620540066,12.306149069182084,0.00024721607191843293,0.19159245573678552,True,False
Diabetes,hs-CRP Inflammation (mg/L),Sodium (mmol/L),Difference,0.26141163589450256,3.436426287838165e-14,3903.2148040550665,0.22789875312579677,8.483160797680952e-12,3915.3968869071614,-0.16135350970820939,2.7019911972528477e-05,3947.778127373933,12.182082852094936,1.2040033709214009e-12,3.2989692363246383e-10,True,True
Diabetes,Sodium (mmol/L),hs-CRP Inflammation (mg/L),Difference,-0.26141163589450256,3.436426287838165e-14,3903.2148040550665,-0.16135350970820939,2.7019911972528477e-05,3947.778127373933,0.22789875312579677,8.483160797680952e-12,3915.3968869071614,12.182082852094936,1.2040033709214009e-12,3.2989692363246383e-10,True,True
High Cholesterol,Potassium (mmol/L),Body Mass Index (kg/m2),Ratio,-0.26570132250359463,2.855079331569243e-14,5613.281123249619,0.006765824122498112,0.8334829152546681,5672.717131703833,0.22573485021653167,5.592795181215546e-12,5625.369034543293,12.087911293674551,1.0113934163492522e-12,2.7408761583064733e-10,True,True
Heart Attack,WBC Count (10^3/uL),LDL Cholesterol (mg/dL),Ratio,0.3353775283171031,2.8538098975904435e-07,838.6539533739449,0.24902047712552136,0.0034902666505179075,853.785457588948,-0.34860224353910557,0.0007225754081224855,850.7099754568181,12.056022082873255,4.814863799098112e-06,0.0027396575016868257,True,True
Liver Condition,Platelet Count (10^3/uL),Alkaline Phosphatase (U/L),Ratio,-0.47674842595854533,9.219583930778178e-09,2015.297763833502,-0.2129220465222574,0.003064223251775512,2043.3555304332806,0.2570678937562713,4.09576766726503e-07,2027.1407247738898,11.842960940387911,1.8555137470748535e-07,8.850800573547052e-05,True,True
Liver Condition,Waist Circumference (cm),Creatinine Kidney (mg/dL),Ratio,0.2957641413822585,9.36326784827561e-06,1912.4866953810022,0.1717402836832701,0.009122038231267792,1924.2739974554588,-0.25427498996169606,0.04795356090287304,1925.599089067055,11.787302074456647,0.00012432554819287114,0.08988737134344585,True,False
Diabetes,LDL Cholesterol (mg/dL),ALT Liver Enzyme (U/L),Difference,-0.4491347338798967,4.6174599464285417e-14,1882.7459316159598,-0.4194628085642768,1.5445680091317366e-11,1894.4372735974903,0.17961622200552152,0.0004680909865564935,1934.1588297078672,11.691341981530513,1.5831291244897857e-12,4.4327615485714e-10,True,True
Diabetes,ALT Liver Enzyme (U/L),LDL Cholesterol (mg/dL),Difference,0.4491347338798967,4.6174599464285417e-14,1882.7459316159598,0.17961622200552152,0.0004680909865564935,1934.1588297078672,-0.4194628085642768,1.5445680091317366e-11,1894.4372735974903,11.691341981530513,1.5831291244897857e-12,4.4327615485714e-10,True,True
Diabetes,LDL Cholesterol (mg/dL),BUN Kidney (mg/dL),Difference,-0.4624975458881698,9.034891907699161e-14,1882.682547172946,-0.4194213581476904,1.5608028504185325e-11,1894.3256328643736,0.28293348301122867,1.484943984127645e-07,1915.0890814820687,11.643085691427586,3.0433320110144544e-12,8.673496231391195e-10,True,True
Diabetes,BUN Kidney (mg/dL),LDL Cholesterol (mg/dL),Difference,0.4624975458881698,9.034891907699161e-14,1882.682547172946,0.28293348301122867,1.484943984127645e-07,1915.0890814820687,-0.4194213581476904,1.5608028504185325e-11,1894.3256328643736,11.643085691427586,3.0433320110144544e-12,8.673496231391195e-10,True,True
Heart Attack,Alkaline Phosphatase (U/L),LDL Cholesterol (mg/dL),Ratio,0.31892089080704245,2.071586749681649e-07,837.0086829585649,0.22589973384865136,0.00251184074242222,852.9682728230237,-0.35441689168236185,0.0006102038881485324,848.4900811877055,11.48139822914061,3.596244628742103e-06,0.001988723279694383,True,True
Stroke,Creatinine Kidney (mg/dL),Albumin (g/dL),Difference,0.27200939989353284,8.755995323464902e-11,1703.5523636658163,0.19983532039503693,7.194676817361846e-08,1717.8532942116908,-0.36472451992657984,8.44674050674683e-08,1715.0229238659322,11.47056020011587,2.0652961942325075e-09,8.405755510526306e-07,True,True
Stroke,Albumin (g/dL),Creatinine Kidney (mg/dL),Difference,-0.27200939989353284,8.755995323464902e-11,1703.5523636658163,-0.36472451992657984,8.44674050674683e-08,1715.0229238659322,0.19983532039503693,7.194676817361846e-08,1717.8532942116908,11.47056020011587,2.0652961942325075e-09,8.405755510526306e-07,True,True
Hypertension,Sodium (mmol/L),Potassium (mmol/L),Ratio,0.20084469167895305,4.3448137961362774e-10,5707.407774073708,-0.022818974761699494,0.4714979342857981,5746.34590061334,-0.17045296545947555,1.3019920956182777e-07,5718.774346628419,11.366572554710729,9.677543490233936e-09,4.171021244290826e-06,True,True
High Cholesterol,Fasting Glucose (mg/dL),HDL Cholesterol (mg/dL),Ratio,0.2853895298609762,6.573592957803163e-10,2773.784394682346,0.2410981610943195,1.5911671984181376e-07,2785.039105001674,-0.21116497243144733,2.409198552301849e-05,2795.873275714479,11.254710319328296,1.4507239631013879e-08,6.310649239491037e-06,True,True
Hypertension,Sodium (mmol/L),Fasting Glucose (mg/dL),Ratio,-0.3060453210035995,1.1975065354866457e-10,2804.5339879101048,-0.05897889865012496,0.1912899383416201,2845.8141165867064,0.2538554682295562,6.839348485821408e-08,2815.7294160980327,11.195428187927973,2.7835503004047937e-09,1.1496062740671797e-06,True,True
Stroke,Systolic BP (mmHg),Hemoglobin (g/dL),Ratio,0.28541124622868375,1.3686500038161827e-06,1654.9633115819647,0.2113620375459398,0.0013179676831592856,1666.068808063206,-0.22255544324757295,0.0020610246456101056,1666.8838587421583,11.105496481241289,2.0339071264141414e-05,0.013139040036635354,True,True
Diabetes,Hemoglobin (g/dL),Waist Circumference (cm),Difference,-0.8282509917968364,5.306279055769875e-49,3568.3096495937216,-0.18547449786141118,3.114274895944523e-05,3774.5592758495445,0.8183879450217119,1.0084636150467222e-46,3579.4117464432456,11.10209684952406,1.3405336561944945e-46,5.09402789353908e-45,True,True
Diabetes,Waist Circumference (cm),Hemoglobin (g/dL),Difference,0.8282509917968364,5.306279055769875e-49,3568.3096495937216,0.8183879450217119,1.0084636150467222e-46,3579.4117464432456,-0.18547449786141118,3.114274895944523e-05,3774.5592758495445,11.10209684952406,1.3405336561944945e-46,5.09402789353908e-45,True,True
Hypertension,Fasting Glucose (mg/dL),HDL Cholesterol (mg/dL),Ratio,0.29551373709400525,2.962312528134185e-10,2815.536731036581,0.2542058871712096,6.087140322253266e-08,2826.564996382278,-0.16153583717680786,0.0008824109121394918,2847.230242912361,11.028265345697037,6.6600000632525e-09,2.8438200270088177e-06,True,True
Hypertension,Total Cholesterol (mg/dL),Alkaline Phosphatase (U/L),Ratio,-0.16655039434153587,8.108254738030644e-07,5719.433110312522,-0.09752804051214244,0.0025899110947490995,5735.432901028028,0.12209389356286984,0.00015275332645127494,5730.448834742396,11.015724429873444,1.2375078773464894e-05,0.007783924548509419,True,True
Heart Attack,HDL Cholesterol (mg/dL),"Glycohemoglobin (HbA1c, %)",Ratio,-0.45694876748830066,9.623848327556139e-08,1654.779950251018,-0.3672659567795599,1.6366424604764233e-05,1665.7944366989034,0.2166518478310406,2.8813629597062155e-05,1671.3078056798877,11.014486447885474,1.7268961484960546e-06,0.0009238894394453894,True,True
High Cholesterol,Albumin (g/dL),HDL Cholesterol (mg/dL),Ratio,0.28200200875017606,1.073790862366417e-15,5699.833159973784,0.06455889953989036,0.06282213044698362,5762.207533812771,-0.25754180697322776,5.194929518073584e-13,5710.830523312794,10.997363339010008,4.242136740213005e-14,1.0308392278717603e-11,True,True
Heart Attack,Total Cholesterol (mg/dL),Waist Circumference (cm),Ratio,-0.48192722053060194,1.0986310762974621e-08,1487.7324963695967,-0.37848336266089305,1.249516473418828e-06,1498.638091080896,0.29203404646677567,0.0001469514005525374,1509.815812214591,10.905594711299273,2.192694040011567e-07,0.00010546858332455637,True,True
Heart Attack,Total Cholesterol (mg/dL),Alkaline Phosphatase (U/L),Difference,-0.3878540898901695,7.41648412590196e-10,1645.803322949631,-0.36525005482698025,7.004074103279457e-07,1656.6552946629633,0.19503399953274167,0.00015944939238459534,1671.1611917238445,10.851971713332432,1.6144727348902227e-08,7.119824760865882e-06,True,True
Heart Attack,Alkaline Phosphatase (U/L),Total Cholesterol (mg/dL),Difference,0.3878540898901695,7.41648412590196e-10,1645.803322949631,0.19503399953274167,0.00015944939238459534,1671.1611917238445,-0.36525005482698025,7.004074103279457e-07,1656.6552946629633,10.851971713332432,1.6144727348902227e-08,7.119824760865882e-06,True,True
Stroke,Alkaline Phosphatase (U/L),Total Cholesterol (mg/dL),Ratio,0.2835153759758797,1.6637884616988863e-08,1708.833055972842,0.23035564176914997,3.0114848903868064e-06,1719.6375973114154,-0.23539746519205895,0.0008526141839218717,1725.9026420018258,10.804541338573472,3.253028356885806e-07,0.00015972369232309308,True,True
Arthritis,Total Cholesterol (mg/dL),Creatinine Kidney (mg/dL),Ratio,-0.14892819272763147,0.00012854454038054242,5047.402707850799,-0.07066391161280948,0.03958965076269313,5058.096599962728,0.07085545561866362,0.033878038263926075,5057.976106288712,10.573398437913056,0.0014144722470371784,1.0,True,False
Hypertension,Platelet Count (10^3/uL),Total Cholesterol (mg/dL),Difference,0.16217079269921458,1.1800043488159975e-06,5752.041006666537,0.12293234138925867,0.00026595637244130504,5762.536768322239,-0.09950837414585949,0.0020501631293707106,5766.232269885209,10.495761655702154,1.7661782258158456e-05,0.011328041748633576,True,True
Hypertension,Total Cholesterol (mg/dL),Platelet Count (10^3/uL),Difference,-0.16217079269921458,1.1800043488159975e-06,5752.041006666537,-0.09950837414585949,0.0020501631293707106,5766.232269885209,0.12293234138925867,0.00026595637244130504,5762.536768322239,10.495761655702154,1.7661782258158456e-05,0.011328041748633576,True,True
Liver Condition,Platelet Count (10^3/uL),Triglycerides (mg/dL),Ratio,-0.4310395315148166,0.0011933190985823313,996.7118108214563,-0.14165647773151877,0.1541201940143209,1007.1595647935235,0.0868947385687049,0.14587811763077208,1007.5625614955957,10.447753972067176,0.01074336453183969,1.0,True,False
Stroke,BUN Kidney (mg/dL),Total Cholesterol (mg/dL),Ratio,0.23538065135105454,3.6438851384259534e-07,1715.1841178417963,0.19378791326086062,0.00025877301826025893,1725.5537816949059,-0.23608529613829396,0.0008374165434685406,1725.8858264978003,10.369663853109614,5.939099716279992e-06,0.0034981297328889153,True,True
Stroke,Total Cholesterol (mg/dL),Alkaline Phosphatase (U/L),Difference,-0.33808346506857784,7.59088038860523e-08,1709.272682801608,-0.23539746519205895,0.0008526141839218717,1725.9026420018258,0.23035564176914997,3.0114848903868064e-06,1719.6375973114154,10.364914509807477,1.3723625561320189e-06,0.0007287245173061021,True,True
Stroke,Alkaline Phosphatase (U/L),Total Cholesterol (mg/dL),Difference,0.33808346506857784,7.59088038860523e-08,1709.272682801608,0.23035564176914997,3.0114848903868064e-06,1719.6375973114154,-0.23539746519205895,0.0008526141839218717,1725.9026420018258,10.364914509807477,1.3723625561320189e-06,0.0007287245173061021,True,True
Hypertension,Alkaline Phosphatase (U/L),Total Cholesterol (mg/dL),Ratio,0.16375612757667826,7.016760741651024e-07,5720.122123142739,0.12209389356286984,0.00015275332645127494,5730.448834742396,-0.09752804051214244,0.0025899110947490995,5735.432901028028,10.326711599656846,1.0829727189686469e-05,0.006736090311984983,True,True
Hypertension,AST Liver Enzyme (U/L),HDL Cholesterol (mg/dL),Difference,0.24061721867158192,1.9102580588082643e-12,5682.960436568666,0.09622855729657347,0.0021686836620707743,5724.0270979755205,-0.21784822008234977,5.424183582708415e-10,5693.244223641423,10.28378707275624,5.3464948584721104e-11,1.8338477364559336e-08,True,True
Hypertension,HDL Cholesterol (mg/dL),AST Liver Enzyme (U/L),Difference,-0.24061721867158192,1.9102580588082643e-12,5682.960436568666,-0.21784822008234977,5.424183582708415e-10,5693.244223641423,0.09622855729657347,0.0021686836620707743,5724.0270979755205,10.28378707275624,5.3464948584721104e-11,1.8338477364559336e-08,True,True
Liver Condition,AST Liver Enzyme (U/L),HDL Cholesterol (mg/dL),Difference,0.43434032841491554,3.1996171341662918e-15,1994.1640401795712,0.29121137208162395,3.0615654234479725e-13,2004.4380406834362,-0.18513662919699533,0.011178202353466728,2043.741771377874,10.274000503864954,1.1998564253123594e-13,3.07163244879964e-11,True,True
Liver Condition,HDL Cholesterol (mg/dL),AST Liver Enzyme (U/L),Difference,-0.43434032841491554,3.1996171341662918e-15,1994.1640401795712,-0.18513662919699533,0.011178202353466728,2043.741771377874,0.29121137208162395,3.0615654234479725e-13,2004.4380406834362,10.274000503864954,1.1998564253123594e-13,3.07163244879964e-11,True,True
Diabetes,Creatinine Kidney (mg/dL),AST Liver Enzyme (U/L),Ratio,0.17456983451917094,3.3410845395936476e-05,3949.0775854968515,0.11169689016609403,0.00033999697623034967,3959.3211907481345,-0.026486950271388233,0.5654986942302027,3971.4304741765723,10.243605251283043,0.0004054919289519471,0.32074411580099016,True,False
Stroke,Uric Acid (mg/dL),Creatinine Kidney (mg/dL),Ratio,-0.4469542821636302,1.08979790506408e-08,1707.5978296176013,-0.010951741064404023,0.8776104453187488,1742.6284869002013,0.19985221173865267,7.203076042048545e-08,1717.8159868948048,10.218157277203545,2.17959581012816e-07,0.00010462059888615169,True,True
Heart Attack,Hemoglobin (g/dL),hs-CRP Inflammation (mg/L),Ratio,-0.29167369639188256,0.00258314552516547,1670.7007489008718,-0.05135289114747362,0.4796814136216644,1680.8967162497167,0.04348582129160894,0.44228151136792104,1680.8555927632806,10.154843862408825,0.021322611385716693,1.0,True,False
Liver Condition,Body Mass Index (kg/m2),Creatinine Kidney (mg/dL),Ratio,0.2618489022899558,9.161608285171378e-05,1998.2479071170008,0.13156678957738951,0.033957139534635764,2008.210407766179,-0.1707821398133399,0.12967501331088618,2009.3781815332454,9.96250064917831,0.001055839610295861,0.8795143953764523,True,False
Heart Attack,LDL Cholesterol (mg/dL),Fasting Glucose (mg/dL),Difference,-0.37194710686233856,8.464456736427219e-07,840.8438794434794,-0.34860224353910557,0.0007225754081224855,850.7099754568181,0.2468390642681361,0.0001325270012557409,850.8207946473867,9.866096013338733,1.2837090785102891e-05,0.00812587846697013,True,True
Heart Attack,Fasting Glucose (mg/dL),LDL Cholesterol (mg/dL),Difference,0.37194710686233856,8.464456736427219e-07,840.8438794434794,0.2468390642681361,0.0001325270012557409,850.8207946473867,-0.34860224353910557,0.0007225754081224855,850.7099754568181,9.866096013338733,1.2837090785102891e-05,0.00812587846697013,True,True
High Cholesterol,Alkaline Phosphatase (U/L),Insulin (uIU/mL),Ratio,-0.2190555022427796,7.797859187968378e-05,2778.779182105983,0.06591495407391688,0.15398949843858947,2795.4878043392164,0.14687986616975363,0.004964424977131831,2788.587697554415,9.80851544843199,0.0009062887191827654,0.7485944820449643,True,False
Heart Attack,ALT Liver Enzyme (U/L),hs-CRP Inflammation (mg/L),Ratio,-0.33062830419326755,0.004555212656425196,1670.904498273173,0.015170975872203873,0.8549645088819885,1681.104359487322,0.04336589034546781,0.443821621978855,1680.6036573745816,9.699159101408668,0.03558180756849624,1.0,True,False
Hypertension,Potassium (mmol/L),WBC Count (10^3/uL),Difference,-0.5760175224352594,3.875079164206211e-11,5698.151932197269,-0.16968271000845006,1.4925808836229243e-07,5716.333401028638,0.5174185471843004,4.714547425933323e-09,5707.779043552347,9.627111355077432,9.300189994094906e-10,3.720075997637962e-07,True,True
Hypertension,WBC Count (10^3/uL),Potassium (mmol/L),Difference,0.5760175224352594,3.875079164206211e-11,5698.151932197269,0.5174185471843004,4.714547425933323e-09,5707.779043552347,-0.16968271000845006,1.4925808836229243e-07,5716.333401028638,9.627111355077432,9.300189994094906e-10,3.720075997637962e-07,True,True
Heart Attack,LDL Cholesterol (mg/dL),Fasting Glucose (mg/dL),Ratio,-0.48247510859775344,8.036087993700204e-06,841.1339071932154,-0.34860224353910557,0.0007225754081224855,850.7099754568181,0.2468390642681361,0.0001325270012557409,850.8207946473867,9.576068263602792,0.00010789712550982092,0.07714644473952195,True,False
Heart Attack,Diastolic BP (mmHg),Creatinine Kidney (mg/dL),Ratio,-0.33742739125039084,6.211760423545497e-05,1564.3360890334566,-0.17100303554104215,0.008056356992473876,1573.8907506531546,0.0747713742586327,0.10796641248587063,1578.5993588565523,9.554661619697981,0.0007307953439465289,0.5963290006603676,True,False
Heart Attack,Calcium (mg/dL),hs-CRP Inflammation (mg/L),Ratio,-0.2800595608317377,0.00336579176697868,1671.1424893771423,-0.01849230998544145,0.7791412873105619,1681.128788122849,0.04334764257956438,0.4441086741636434,1680.6744403552277,9.531950978085433,0.027172693657621736,1.0,True,False
Heart Attack,Total Cholesterol (mg/dL),Waist Circumference (cm),Difference,-0.43897633142476405,1.1917542952617441e-08,1489.1523086062896,-0.37848336266089305,1.249516473418828e-06,1498.638091080896,0.29203404646677567,0.0001469514005525374,1509.815812214591,9.485782474606367,2.3540825585417167e-07,0.00011440841234512744,True,True
Heart Attack,Waist Circumference (cm),Total Cholesterol (mg/dL),Difference,0.43897633142476405,1.1917542952617441e-08,1489.1523086062896,0.29203404646677567,0.0001469514005525374,1509.815812214591,-0.37848336266089305,1.249516473418828e-06,1498.638091080896,9.485782474606367,2.3540825585417167e-07,0.00011440841234512744,True,True
Heart Attack,Sodium (mmol/L),hs-CRP Inflammation (mg/L),Ratio,-0.28952936928813494,0.0025794344449686507,1670.631646413598,-0.0714013412648526,0.2566409670258486,1680.0183350231378,0.04340094396980462,0.4433699773785792,1680.7590354412114,9.38668860953976,0.021310301782873534,1.0,True,False
Heart Attack,Hemoglobin (g/dL),Triglycerides (mg/dL),Ratio,-0.3861081680038535,0.003368281817976028,860.4415185342398,-0.026954579809285544,0.7872082798284015,870.1689288573232,0.054758240669665455,0.45288967231678,869.7618743372652,9.32035580302545,0.027172693657621736,1.0,True,False
Hypertension,Fasting Glucose (mg/dL),Potassium (mmol/L),Ratio,0.2889169483202749,1.3743327735115623e-09,2805.1281641425776,0.2529045742840186,7.530636590081443e-08,2814.441146575028,-0.18534087158537907,5.698641553101268e-05,2829.665468475042,9.312982432450553,2.944998800381919e-08,1.3193594625710999e-05,True,True
Hypertension,Sodium (mmol/L),HDL Cholesterol (mg/dL),Ratio,0.23650498528181302,3.13336371754618e-12,5697.128701581489,-0.02220690277243345,0.48340540788208775,5746.346707236478,-0.21862251521539905,4.545461219636486e-10,5706.435246195657,9.30654461416816,8.497257539108286e-11,3.008029168844333e-08,True,True
Diabetes,Potassium (mmol/L),Hemoglobin (g/dL),Ratio,0.21920371898078744,4.682510770475258e-09,3936.960618990057,0.12722245753782857,0.00092719262662048,3959.673037165387,-0.21944650530900547,6.860009318547477e-07,3946.250542011361,9.289923021304276,9.625718072069054e-08,4.495210339656248e-05,True,True
High Cholesterol,HDL Cholesterol (mg/dL),Calcium (mg/dL),Ratio,-0.2795294593543452,9.428312385185683e-15,5700.404950005284,-0.25620386171637743,6.798874099212087e-13,5709.6928455253055,0.11529111257243368,0.00031770157404103106,5750.897059398714,9.287895520021266,3.4155395810483984e-13,9.051179889778256e-11,True,True
Heart Attack,Total Cholesterol (mg/dL),Triglycerides (mg/dL),Ratio,-0.6238285414302865,1.2529076409023233e-05,846.6289103995251,-0.3811918844588805,0.00026247040910569957,855.888940969546,0.054758240669665455,0.45288967231678,869.7618743372652,9.260030570020831,0.00016386802932782428,0.12027913352662303,True,False
Arthritis,LDL Cholesterol (mg/dL),hs-CRP Inflammation (mg/L),Ratio,-0.2986147617745962,3.033479712317783e-06,2414.7673100707393,-0.03674875390004158,0.4463567838644309,2439.7467157129004,0.19185454376353855,0.00019294931160210977,2423.9889933084537,9.221683237714387,4.307900183173183e-05,0.029121405238250717,True,True
High Cholesterol,Hemoglobin (g/dL),HDL Cholesterol (mg/dL),Ratio,0.28518452054405036,2.3211220134673795e-15,5722.899731563468,0.09012097588673137,0.015835034230306664,5781.28394498239,-0.2573602752060675,4.766039109969522e-13,5732.111987008113,9.212255444645052,8.877598139158105e-14,2.2282771329286843e-11,True,True
Diabetes,Body Mass Index (kg/m2),Sodium (mmol/L),Ratio,0.5415657279201578,6.603649899631441e-39,3714.4072089360875,0.5261714356661946,4.450787884642736e-37,3723.6174261089764,-0.17432642345799704,7.418747805135982e-06,3865.129323763052,9.21021717288886,9.187686816878527e-37,6.339503903646184e-35,True,True
Hypertension,HDL Cholesterol (mg/dL),WBC Count (10^3/uL),Difference,-0.25806396785574426,3.317760287712457e-12,5724.34781099682,-0.22316164942084576,1.845424128112751e-10,5733.547245193993,0.5206329469705152,3.334829591829452e-09,5738.743523330424,9.199434197173105,8.855145325897652e-11,3.185049876203959e-08,True,True
Hypertension,WBC Count (10^3/uL),HDL Cholesterol (mg/dL),Difference,0.25806396785574426,3.317760287712457e-12,5724.34781099682,0.5206329469705152,3.334829591829452e-09,5738.743523330424,-0.22316164942084576,1.845424128112751e-10,5733.547245193993,9.199434197173105,8.855145325897652e-11,3.185049876203959e-08,True,True
Hypertension,HDL Cholesterol (mg/dL),WBC Count (10^3/uL),Ratio,-0.24461919211305239,3.1221663191076606e-12,5724.350156783872,-0.22316164942084576,1.845424128112751e-10,5733.547245193993,0.5206329469705152,3.334829591829452e-09,5738.743523330424,9.197088410121069,8.490877241765875e-11,2.997279666343354e-08,True,True
Diabetes,Sodium (mmol/L),Total Cholesterol (mg/dL),Ratio,0.3798183399079959,7.293839718706131e-22,3880.6611294824747,-0.16912504771786233,1.0346030815594138e-05,3954.2067796420324,-0.3883431033561863,1.1649216423791701e-18,3889.8263719138195,9.165242431344723,4.829024917212335e-20,7.002086129957885e-18,True,True
High Cholesterol,HDL Cholesterol (mg/dL),Fasting Glucose (mg/dL),Difference,-0.27739626513349724,2.0265865026515447e-09,2776.074643159526,-0.21116497243144733,2.409198552301849e-05,2795.873275714479,0.2410981610943195,1.5911671984181376e-07,2785.039105001674,8.964461842148012,4.258430921494562e-08,1.945523042545483e-05,True,True
High Cholesterol,Fasting Glucose (mg/dL),HDL Cholesterol (mg/dL),Difference,0.27739626513349724,2.0265865026515447e-09,2776.074643159526,0.2410981610943195,1.5911671984181376e-07,2785.039105001674,-0.21116497243144733,2.409198552301849e-05,2795.873275714479,8.964461842148012,4.258430921494562e-08,1.945523042545483e-05,True,True
Heart Attack,Total Cholesterol (mg/dL),Fasting Glucose (mg/dL),Difference,-0.393737266962547,5.691150423489294e-07,846.9281686720606,-0.3811918844588805,0.00026247040910569957,855.888940969546,0.24147011730337067,0.0002549623379216744,859.0396107711837,8.960772297485391,9.000830982783727e-06,0.005463504406549723,True,True
Heart Attack,Fasting Glucose (mg/dL),Total Cholesterol (mg/dL),Difference,0.393737266962547,5.691150423489294e-07,846.9281686720606,0.24147011730337067,0.0002549623379216744,859.0396107711837,-0.3811918844588805,0.00026247040910569957,855.888940969546,8.960772297485391,9.000830982783727e-06,0.005463504406549723,True,True
Hypertension,HDL Cholesterol (mg/dL),Calcium (mg/dL),Ratio,-0.24508340349830612,4.941826327701525e-12,5694.983951582146,-0.22040427744585703,3.402576125659283e-10,5703.934102486688,0.13668473276023885,2.265429543028745e-05,5726.754943387281,8.95015090454217,1.2926848159655214e-10,4.7441532745934634e-08,True,True
High Cholesterol,Creatinine Kidney (mg/dL),Insulin (uIU/mL),Ratio,-0.22091822583553325,0.0002583041291846229,2782.0098459427154,0.01113970737905677,0.8010579734173858,2799.6902026662037,0.1463287297101855,0.00509496790556346,2790.884127406553,8.874281463837633,0.002640808988468988,1.0,True,False
Arthritis,Albumin (g/dL),Creatinine Kidney (mg/dL),Ratio,-0.17221410005744012,1.2640814607032585e-05,5045.489798851065,-0.11694708659569039,0.0011261677921758895,5054.328854930053,0.07076658471811469,0.03405394075096332,5060.529629414041,8.839056078988506,0.00016510451731634396,0.12135182022751281,True,False
Hypertension,Triglycerides (mg/dL),LDL Cholesterol (mg/dL),Difference,0.22982771488740864,3.3177929562956614e-07,2803.1925950039727,0.18985173205928807,3.0276102677587234e-05,2812.030999432626,-0.0996169974818828,0.026907983305755417,2824.4207730042826,8.83840442865312,5.463261128720128e-06,0.003185081238043835,True,True
Hypertension,LDL Cholesterol (mg/dL),Triglycerides (mg/dL),Difference,-0.22982771488740864,3.3177929562956614e-07,2803.1925950039727,-0.0996169974818828,0.026907983305755417,2824.4207730042826,0.18985173205928807,3.0276102677587234e-05,2812.030999432626,8.83840442865312,5.463261128720128e-06,0.003185081238043835,True,True
Arthritis,AST Liver Enzyme (U/L),ALT Liver Enzyme (U/L),Ratio,-0.11228991956594879,0.0024949541309648854,5039.2204406677965,-0.01922847585047861,0.6002006308964822,5048.3127278527145,0.02851414926071721,0.4563248906415538,5048.044041711833,8.823601044036877,0.02071934226406825,1.0,True,False
Hypertension,LDL Cholesterol (mg/dL),Triglycerides (mg/dL),Ratio,-0.25328868686583544,6.033183382416675e-07,2803.218216723078,-0.0996169974818828,0.026907983305755417,2824.4207730042826,0.18985173205928807,3.0276102677587234e-05,2812.030999432626,8.812782709547719,9.49484597888526e-06,0.005791856047120008,True,True
Stroke,Systolic BP (mmHg),Total Cholesterol (mg/dL),Difference,0.303456173724691,2.19100592358918e-05,1627.6211103832088,0.2069757396190231,0.0018305843203447274,1636.8509245106748,-0.22330902480965767,0.0021590830728028805,1636.4164720870149,8.795361703806066,0.0002700084321753033,0.2103365686645613,True,False
Stroke,Total Cholesterol (mg/dL),Systolic BP (mmHg),Difference,-0.303456173724691,2.19100592358918e-05,1627.6211103832088,-0.22330902480965767,0.0021590830728028805,1636.4164720870149,0.2069757396190231,0.0018305843203447274,1636.8509245106748,8.795361703806066,0.0002700084321753033,0.2103365686645613,True,False
Heart Attack,Albumin (g/dL),Creatinine Kidney (mg/dL),Ratio,-0.26965084899418196,0.0010115118532607417,1672.2156047332971,-0.10922115226041204,0.1255468913118729,1680.923102410372,0.07633882681806035,0.08855798740435938,1680.9138490579212,8.698244324624056,0.009256924491232717,1.0,True,False
Heart Attack,Total Cholesterol (mg/dL),Fasting Glucose (mg/dL),Ratio,-0.475295056417407,3.017184222304642e-06,847.2016544033559,-0.3811918844588805,0.00026247040910569957,855.888940969546,0.24147011730337067,0.0002549623379216744,859.0396107711837,8.687286566190096,4.291106449499935e-05,0.028964968534124565,True,True
Hypertension,Hemoglobin (g/dL),Triglycerides (mg/dL),Ratio,-0.2529241038369225,3.7878580324432185e-06,2836.0372863242947,-0.04379054261387092,0.40743297709209136,2857.9183152106557,0.18251140407193994,0.000590502625621222,2844.696691330392,8.659405006097131,5.324075711779633e-05,0.0363634371114549,True,True
Heart Attack,Albumin (g/dL),Triglycerides (mg/dL),Ratio,-0.38522048963799327,0.004301258783365034,859.1472632868683,-0.08484658291102343,0.40035642061053645,867.7593340857272,0.052730052348285796,0.473911874474789,868.0208237499577,8.612070798858895,0.03376294711390378,1.0,True,False
Heart Attack,Platelet Count (10^3/uL),Creatinine Kidney (mg/dL),Ratio,-0.40662757483276685,9.904611414555447e-05,1666.4905359423062,-0.2152325222248707,0.006038795549799599,1675.030724409803,0.07647858571094171,0.08780872436447554,1680.5579979562822,8.540188467496819,0.0011333047625713027,0.950842695797323,True,False
Heart Attack,Albumin (g/dL),hs-CRP Inflammation (mg/L),Ratio,-0.29827718709469014,0.0023569243367884698,1670.3946016813504,-0.11044546921112283,0.12107584277400871,1678.9129915293563,0.04340094396980462,0.4433699773785792,1680.7590354412114,8.518389848005882,0.01981729739365808,1.0,True,False
Thyroid Problem,Hemoglobin (g/dL),WBC Count (10^3/uL),Ratio,-0.14158713564001574,0.0034619412805647043,3356.791213502893,-0.030600843388690294,0.5471412114448564,3365.2498075082676,0.006634489414580483,0.8276270861390356,3365.5648996116747,8.458594005374835,0.02788140628642715,1.0,True,False
Heart Attack,Hemoglobin (g/dL),WBC Count (10^3/uL),Ratio,-0.213690534164373,0.003935751097855474,1700.5319712230416,-0.04228533543576544,0.5571953630136806,1708.9673936954352,0.023812272961626472,0.5043772263848071,1708.9744837557946,8.435422472393611,0.03114856598467647,1.0,True,False
Diabetes,Potassium (mmol/L),Triglycerides (mg/dL),Ratio,-0.6650047696728885,7.259844095672406e-13,1916.6162748398829,0.09632657363278485,0.07783776325614368,1975.8795643259725,0.37691143025786755,1.482555551803298e-12,1925.0404049403267,8.42413010044379,2.1248324182455822e-11,6.96945033184551e-09,True,True
Heart Attack,Fasting Glucose (mg/dL),Total Cholesterol (mg/dL),Ratio,0.32328123822591326,2.837037808994501e-07,847.4706227819877,0.24147011730337067,0.0002549623379216744,859.0396107711837,-0.3811918844588805,0.00026247040910569957,855.888940969546,8.41831818755827,4.794993479990705e-06,0.002723556296634721,True,True
Liver Condition,Platelet Count (10^3/uL),Uric Acid (mg/dL),Ratio,-0.35757088620536215,7.238717702989519e-05,2034.9851519719487,-0.21303577807858265,0.0030534671381106594,2043.3497812443895,0.15400841998462142,0.017755548081522573,2047.0457354932087,8.36462927244088,0.0008423235145296894,0.6949168994869938,True,False
Arthritis,Uric Acid (mg/dL),HDL Cholesterol (mg/dL),Ratio,0.17856982591882045,3.128242454361065e-06,5040.291362189691,0.13590585969241573,0.00026815445190628913,5048.628547659338,-0.1316105235444296,0.0004003818864022052,5049.110042899078,8.337185469647011,4.435912490674479e-05,0.030031127561866225,True,True
Arthritis,Albumin (g/dL),hs-CRP Inflammation (mg/L),Ratio,-0.23599425237615573,2.5712130298321825e-08,5016.558821006407,-0.11021194815316106,0.002195173135416221,5041.472424334837,0.1668646784767275,1.9095536528032675e-06,5024.8191707355545,8.260349729147492,4.897548628251776e-07,0.0002468364508638895,True,True
Diabetes,Insulin (uIU/mL),Total Cholesterol (mg/dL),Difference,0.6255126529614097,1.5502888588563605e-22,1868.9225667997214,0.6449480781308538,5.336511418593407e-17,1877.1530746123585,-0.42058568967553156,2.258219935865451e-11,1931.9645924794145,8.230507812637143,1.1190054921068466e-20,1.488277304502106e-18,True,True
Diabetes,Total Cholesterol (mg/dL),Insulin (uIU/mL),Difference,-0.6255126529614097,1.5502888588563605e-22,1868.9225667997214,-0.42058568967553156,2.258219935865451e-11,1931.9645924794145,0.6449480781308538,5.336511418593407e-17,1877.1530746123585,8.230507812637143,1.1190054921068466e-20,1.488277304502106e-18,True,True
High Cholesterol,Calcium (mg/dL),Body Mass Index (kg/m2),Ratio,-0.2590075638429069,2.2096610314318774e-13,5620.33743415553,0.11418370610674822,0.0004114646822701245,5662.938116345612,0.22478166889334344,6.7648203156476416e-12,5628.514207009442,8.176772853911643,7.070915300582008e-12,2.121274590174602e-09,True,True
Hypertension,BUN Kidney (mg/dL),Albumin (g/dL),Ratio,0.2582725420974317,8.071974133849581e-12,5695.661221542387,0.23314562621099683,1.438835152583186e-10,5703.817363844193,-0.09741034786983636,0.004529845065087955,5739.825291669546,8.15614230180654,2.0775054071033774e-10,7.749095168495598e-08,True,True
Stroke,WBC Count (10^3/uL),LDL Cholesterol (mg/dL),Ratio,0.2578101687109539,0.00015284579242092936,809.4872801432317,0.166238039249968,0.0374133764275411,817.6326549689533,-0.19711803007384973,0.05113759824052027,817.7979701216217,8.145374825721547,0.0016486737160010358,1.0,True,False
Arthritis,Sodium (mmol/L),hs-CRP Inflammation (mg/L),Ratio,-0.23212709900657472,2.622588897887881e-08,5016.68471947959,-0.08512826588340414,0.011742767684023795,5044.443340540243,0.1668646784767275,1.9095536528032675e-06,5024.8191707355545,8.13445125596445,4.975662731170683e-07,0.00025176853419723655,True,True
Liver Condition,Albumin (g/dL),Triglycerides (mg/dL),Ratio,-0.3512638996298185,0.003461157376822333,998.2360882332107,-0.08918844294465612,0.3444800820903593,1007.1474960117714,0.08600070503272177,0.15133069218193373,1006.3630631970314,8.126974963820658,0.02788140628642715,1.0,True,False
Diabetes,Calcium (mg/dL),Albumin (g/dL),Ratio,0.293632201529831,1.3571022271210714e-13,3923.3809615641517,-0.024319260476926497,0.5376575076142476,3976.435305399932,-0.29074342140210957,1.4474157125718921e-11,3931.4977212321855,8.116759668033865,4.41633267130925e-12,1.3028181380362286e-09,True,True
Liver Condition,Hemoglobin (g/dL),Creatinine Kidney (mg/dL),Ratio,0.20708225087698093,0.0013999600450464113,2042.711868645592,0.0982428786457925,0.17902436467375538,2050.7951682560433,-0.10901297699141842,0.2607575520718797,2050.993605248692,8.083299610451377,0.01245322482957017,1.0,True,False
Heart Attack,Total Cholesterol (mg/dL),Creatinine Kidney (mg/dL),Ratio,-0.521513827717622,1.7243612571680622e-08,1648.5936233660173,-0.3661187215151896,6.827255619578025e-07,1656.6721287337741,0.076256221968445,0.08911010432280653,1680.705089951721,8.078505367756861,3.357782569739026e-07,0.00016553868068813396,True,True
Heart Attack,AST Liver Enzyme (U/L),hs-CRP Inflammation (mg/L),Ratio,-0.27379542581752214,0.00821025513036619,1671.2253560339816,0.019534073498664224,0.7945641589297734,1679.7368227373545,0.04322085405645726,0.44571280840055727,1679.2728382927444,8.047482258762784,0.059040036892520915,1.0,False,False
Hypertension,Body Mass Index (kg/m2),Potassium (mmol/L),Difference,0.5353479274337604,1.9468857428051244e-52,5392.137081151024,0.5260140113605285,5.775955989613849e-51,5400.130466097044,-0.165773368901781,3.573325669443097e-07,5617.412365451608,7.993384946019432,6.230034376976397e-50,1.8690103130929194e-48,True,True
Hypertension,Potassium (mmol/L),Body Mass Index (kg/m2),Difference,-0.5353479274337604,1.9468857428051244e-52,5392.137081151024,-0.165773368901781,3.573325669443097e-07,5617.412365451608,0.5260140113605285,5.775955989613849e-51,5400.130466097044,7.993384946019432,6.230034376976397e-50,1.8690103130929194e-48,True,True
Hypertension,Potassium (mmol/L),ALT Liver Enzyme (U/L),Ratio,-0.212327681781512,4.028568525519738e-09,5709.634189905416,-0.16974378992547678,1.469888064187069e-07,5717.620410640071,0.16504413322225847,4.462997744822755e-07,5720.04488014597,7.986220734655035,8.352971456801184e-08,3.867425784498948e-05,True,True
Thyroid Problem,Calcium (mg/dL),WBC Count (10^3/uL),Ratio,-0.13210192509278354,0.005168067373314407,3274.922957304275,0.016386659608434103,0.7094301587909584,3282.868112850535,0.007393703623907053,0.8094613927380744,3282.9509924339827,7.945155546260139,0.040010844180498634,1.0,True,False
Hypertension,Triglycerides (mg/dL),Total Cholesterol (mg/dL),Difference,0.2357309669416522,1.7319411172252917e-05,2836.759634184593,0.18251140407193994,0.000590502625621222,2844.696691330392,-0.0770369039087781,0.09008281294449151,2855.7142247258944,7.937057145798917,0.0002184840305566728,0.16626634725362802,True,False
Hypertension,Total Cholesterol (mg/dL),Triglycerides (mg/dL),Difference,-0.2357309669416522,1.7319411172252917e-05,2836.759634184593,-0.0770369039087781,0.09008281294449151,2855.7142247258944,0.18251140407193994,0.000590502625621222,2844.696691330392,7.937057145798917,0.0002184840305566728,0.16626634725362802,True,False
Heart Attack,Sodium (mmol/L),Creatinine Kidney (mg/dL),Ratio,-0.2730981203347474,0.0015265511730770983,1673.0029507922131,-0.0657524765126389,0.2940612353138161,1682.1561591527238,0.07633882681806035,0.08855798740435938,1680.9138490579212,7.910898265708056,0.013432530945499673,1.0,True,False
Arthritis,HDL Cholesterol (mg/dL),BUN Kidney (mg/dL),Difference,-0.16936850384317062,5.278065267247218e-06,5040.62572384239,-0.1316105235444296,0.0004003818864022052,5049.110042899078,0.13051933735858298,0.0002709505792061794,5048.47459654953,7.848872707140799,7.343395154430913e-05,0.05066942656557329,True,False
Arthritis,BUN Kidney (mg/dL),HDL Cholesterol (mg/dL),Difference,0.16936850384317062,5.278065267247218e-06,5040.62572384239,0.13051933735858298,0.0002709505792061794,5048.47459654953,-0.1316105235444296,0.0004003818864022052,5049.110042899078,7.848872707140799,7.343395154430913e-05,0.05066942656557329,True,False
Heart Attack,Alkaline Phosphatase (U/L),LDL Cholesterol (mg/dL),Difference,0.3961469016959837,5.314064671952846e-06,840.6430972653699,0.22589973384865136,0.00251184074242222,852.9682728230237,-0.35441689168236185,0.0006102038881485324,848.4900811877055,7.846983922335653,7.361474870237709e-05,0.05101502085074732,True,False
Heart Attack,LDL Cholesterol (mg/dL),Alkaline Phosphatase (U/L),Difference,-0.3961469016959837,5.314064671952846e-06,840.6430972653699,-0.35441689168236185,0.0006102038881485324,848.4900811877055,0.22589973384865136,0.00251184074242222,852.9682728230237,7.846983922335653,7.361474870237709e-05,0.05101502085074732,True,False
Heart Attack,Diastolic BP (mmHg),Triglycerides (mg/dL),Ratio,-0.42290085464624966,0.0017199236823752003,801.6994028382218,-0.17067615736788402,0.054980621933331204,809.5455616032996,0.05094997543551801,0.5009754952187335,812.720426604554,7.846158765077803,0.014888428630118956,1.0,True,False
Thyroid Problem,"Glycohemoglobin (HbA1c, %)",WBC Count (10^3/uL),Ratio,-0.12996623047572176,0.006300696370189674,3346.241312725235,-0.009318086377000115,0.8374414836616204,3353.976650901611,0.006893495621835346,0.8208873030740884,3353.96965775344,7.72834502820524,0.04720126472653418,1.0,True,False
High Cholesterol,BUN Kidney (mg/dL),Insulin (uIU/mL),Ratio,-0.19957413517468348,0.00016049504256956699,2782.651296175485,0.09029411828539632,0.061866147407106525,2795.665949588558,0.14610434603271952,0.005160971707860692,2790.3745427488248,7.723246573339566,0.0017176726963967035,1.0,True,False
Hypertension,Platelet Count (10^3/uL),Total Cholesterol (mg/dL),Ratio,0.1531526421672123,4.885086704097187e-06,5754.815182215353,0.12293234138925867,0.00026595637244130504,5762.536768322239,-0.09950837414585949,0.0020501631293707106,5766.232269885209,7.721586106886207,6.816400052228632e-05,0.04689683235933299,True,True
Liver Condition,Calcium (mg/dL),Triglycerides (mg/dL),Ratio,-0.3406684333715325,0.00415265989892653,998.4303522291104,-0.049710116002868225,0.5810424244687145,1007.5004202045789,0.08580410298697748,0.15267280155533772,1006.1492968426035,7.718944613493022,0.032676668057126795,1.0,True,False
Arthritis,Potassium (mmol/L),hs-CRP Inflammation (mg/L),Ratio,-0.22915694459482813,3.219027317713933e-08,5013.457312684812,-0.005410719000483629,0.8743074462799781,5047.0832328712695,0.16677848229594977,1.9499785459338606e-06,5021.155731906451,7.698419221639597,6.047487720167075e-07,0.00030902662250053756,True,True
Heart Attack,Diastolic BP (mmHg),Waist Circumference (cm),Difference,-0.31172471681223207,7.087703984444632e-06,1529.463282196588,-0.17757332799973874,0.006833001597669031,1542.155229397185,0.26858102681220913,0.00042919045924295804,1537.152030137433,7.688747940845133,9.587355431152273e-05,0.06804195825066847,True,False
Heart Attack,Waist Circumference (cm),Diastolic BP (mmHg),Difference,0.31172471681223207,7.087703984444632e-06,1529.463282196588,0.26858102681220913,0.00042919045924295804,1537.152030137433,-0.17757332799973874,0.006833001597669031,1542.155229397185,7.688747940845133,9.587355431152273e-05,0.06804195825066847,True,False
Heart Attack,Albumin (g/dL),WBC Count (10^3/uL),Ratio,-0.23008288881292363,0.002162126248659083,1673.019814032562,-0.10858471945137747,0.1279178436278257,1680.6759446889764,0.023944092904920913,0.503734135818527,1682.633843327761,7.6561306564144616,0.018368506183298404,1.0,True,False
Thyroid Problem,Platelet Count (10^3/uL),WBC Count (10^3/uL),Ratio,-0.13180424414026898,0.00658510059664256,3357.939849566628,-0.006264909201441638,0.8931612408127131,3365.5925126831958,0.006634489414580483,0.8276270861390356,3365.5648996116747,7.625050045046919,0.048967440532740956,1.0,True,False
Hypertension,Total Cholesterol (mg/dL),Alkaline Phosphatase (U/L),Difference,-0.15123358385505004,3.3507985759790568e-06,5722.850515712982,-0.09752804051214244,0.0025899110947490995,5735.432901028028,0.12209389356286984,0.00015275332645127494,5730.448834742396,7.5983190294136875,4.723592706225983e-05,0.03216766632939894,True,True
Hypertension,Alkaline Phosphatase (U/L),Total Cholesterol (mg/dL),Difference,0.15123358385505004,3.3507985759790568e-06,5722.850515712982,0.12209389356286984,0.00015275332645127494,5730.448834742396,-0.09752804051214244,0.0025899110947490995,5735.432901028028,7.5983190294136875,4.723592706225983e-05,0.03216766632939894,True,True
Liver Condition,Platelet Count (10^3/uL),Waist Circumference (cm),Ratio,-0.2926434470370587,0.00019422794126237587,1952.5004084550133,-0.18966615798017783,0.009696691807815664,1960.3862071958788,0.17784414176303984,0.006302471332465874,1960.0967107375218,7.596302282508532,0.0020535112732585994,1.0,True,False
Heart Attack,HDL Cholesterol (mg/dL),Fasting Glucose (mg/dL),Ratio,-0.5255248953543632,5.8031282548159085e-06,847.578993645632,-0.44184773505543834,0.0002607917913190371,855.1705615594178,0.24147011730337067,0.0002549623379216744,859.0396107711837,7.591567913785866,7.95857589231896e-05,0.05571003124623272,True,False
High Cholesterol,HDL Cholesterol (mg/dL),Fasting Glucose (mg/dL),Ratio,-0.2969523827108481,3.106100393978573e-09,2777.4784339874395,-0.21116497243144733,2.409198552301849e-05,2795.873275714479,0.2410981610943195,1.5911671984181376e-07,2785.039105001674,7.560671014234686,6.496419124661068e-08,2.98185637821943e-05,True,True
Diabetes,Hemoglobin (g/dL),BUN Kidney (mg/dL),Difference,-0.2609956327957902,4.1913355044259896e-13,3919.2078143008366,-0.21833577958558495,7.781374868596505e-07,3948.430891930432,0.24748877839607553,1.4039187526857225e-11,3926.6603045158363,7.452490214999671,1.259079337815272e-11,4.02368208424895e-09,True,True
Diabetes,BUN Kidney (mg/dL),Hemoglobin (g/dL),Difference,0.2609956327957902,4.1913355044259896e-13,3919.2078143008366,0.24748877839607553,1.4039187526857225e-11,3926.6603045158363,-0.21833577958558495,7.781374868596505e-07,3948.430891930432,7.452490214999671,1.259079337815272e-11,4.02368208424895e-09,True,True
Heart Attack,Systolic BP (mmHg),hs-CRP Inflammation (mg/L),Ratio,-0.23334396062864074,0.008014387877443133,1571.2405472444595,0.009413557947389723,0.8949019993403476,1579.331491831544,0.04952796111794943,0.3879172859941926,1578.6812905029321,7.440743258472594,0.05784821325071735,1.0,False,False
Diabetes,Uric Acid (mg/dL),Body Mass Index (kg/m2),Difference,-0.5393009087027586,1.1137939926397722e-38,3715.835752015959,0.04993636887257663,0.24271074442444485,3883.4661151185587,0.5259501820743074,4.830200872108721e-37,3723.2707766344815,7.435024618522675,1.5059749759636357e-36,1.0692422329341814e-34,True,True
Diabetes,Body Mass Index (kg/m2),Uric Acid (mg/dL),Difference,0.5393009087027586,1.1137939926397722e-38,3715.835752015959,0.5259501820743074,4.830200872108721e-37,3723.2707766344815,0.04993636887257663,0.24271074442444485,3883.4661151185587,7.435024618522675,1.5059749759636357e-36,1.0692422329341814e-34,True,True
Liver Condition,Platelet Count (10^3/uL),Body Mass Index (kg/m2),Ratio,-0.27899455078687196,0.000156936732977719,2033.5717675697701,-0.19981991993488055,0.005495867559534554,2040.9843182876539,0.13381949111980773,0.02940420477894145,2044.5276970310247,7.412550717883732,0.0016871138147660722,1.0,True,False
Thyroid Problem,Albumin (g/dL),WBC Count (10^3/uL),Ratio,-0.1274352897634992,0.007168677538068279,3284.6840264654447,-0.008837098105761465,0.8531214229706379,3292.088678614105,0.006880573746148044,0.8229603178452565,3292.0747264737374,7.390700008292697,0.05269472003480511,1.0,False,False
Heart Attack,Calcium (mg/dL),WBC Count (10^3/uL),Ratio,-0.1984447178405054,0.00695036984319807,1675.1857212159039,-0.020072771670979674,0.7609274397590944,1682.7927134071788,0.023922046952633533,0.5043869507330665,1682.5486066167819,7.362885400877985,0.05132580807284729,1.0,False,False
Heart Attack,Calcium (mg/dL),Creatinine Kidney (mg/dL),Ratio,-0.26124796498218555,0.0020634167436716943,1673.5560122097443,-0.020694910530959294,0.753722972552199,1683.1323397049662,0.07634526952510673,0.08856776084975855,1680.8972881858756,7.341275976131328,0.017592185381215156,1.0,True,False
Heart Attack,Sodium (mmol/L),Triglycerides (mg/dL),Ratio,-0.3391118070540953,0.0086332156154077,860.6822627411237,-0.030613717100746476,0.7328647948704395,868.3436983737042,0.052730052348285796,0.473911874474789,868.0208237499577,7.338561008833949,0.06166582582434071,1.0,False,False
High Cholesterol,HDL Cholesterol (mg/dL),Albumin (g/dL),Ratio,-0.28320622233500475,1.910668488758745e-14,5703.512071471143,-0.25754180697322776,5.194929518073584e-13,5710.830523312794,0.06455889953989036,0.06282213044698362,5762.207533812771,7.31845184165104,6.844185631374609e-13,1.8342417492083952e-10,True,True
Liver Condition,Body Mass Index (kg/m2),Triglycerides (mg/dL),Ratio,-0.34228423273608305,0.00543788976057814,973.85088027438,0.01546872721461767,0.872117919721153,982.7805574148281,0.08661011952581928,0.15003798958234818,981.1259170300575,7.275036755677547,0.04177739886557976,1.0,True,False
Thyroid Problem,Sodium (mmol/L),WBC Count (10^3/uL),Ratio,-0.125102446485544,0.00777858359174369,3284.802699768843,0.0024582992261361425,0.9554340927320752,3292.1197987228616,0.006880573746148044,0.8229603178452565,3292.0747264737374,7.272026704894415,0.05661440673293361,1.0,False,False
Liver Condition,LDL Cholesterol (mg/dL),Platelet Count (10^3/uL),Ratio,0.239570609745058,0.0011987101426520312,991.4523215365998,0.10618824136134823,0.21368035488637027,999.3638897750542,-0.14405998147631932,0.14922164650105116,998.7046908178288,7.252369281228994,0.010764843189391487,1.0,True,False
Diabetes,Diastolic BP (mmHg),ALT Liver Enzyme (U/L),Difference,-0.16824290224881283,8.413232489643479e-06,3779.498948225216,-0.09902920060442208,0.015076340089825483,3791.4268338419247,0.13648992480231123,0.00045773186267256957,3786.7394340541323,7.240485828916462,0.0001120208486831864,0.0807670319005774,True,False
Diabetes,ALT Liver Enzyme (U/L),Diastolic BP (mmHg),Difference,0.16824290224881283,8.413232489643479e-06,3779.498948225216,0.13648992480231123,0.00045773186267256957,3786.7394340541323,-0.09902920060442208,0.015076340089825483,3791.4268338419247,7.240485828916462,0.0001120208486831864,0.0807670319005774,True,False
Heart Attack,HDL Cholesterol (mg/dL),Alkaline Phosphatase (U/L),Ratio,-0.46209673853169303,1.0161008503542893e-06,1655.544306815221,-0.36536969894263593,1.8400815572063318e-05,1662.7423951796393,0.19503399953274167,0.00015944939238459534,1671.1611917238445,7.198088364418254,1.536152466677351e-05,0.009754568163401178,True,True
Arthritis,hs-CRP Inflammation (mg/L),WBC Count (10^3/uL),Ratio,0.18847198871961618,4.329299824568221e-08,5024.094241234745,0.16687549107802582,1.894648264641766e-06,5031.237481855742,0.14054974975239284,0.11820367604534213,5053.71490865769,7.143240620996949,8.023412802288596e-07,0.00041561278315854923,True,True
Liver Condition,Systolic BP (mmHg),Creatinine Kidney (mg/dL),Ratio,0.19514422866406358,0.002925701915541557,1944.9796339966128,0.07984236521043228,0.23635788197586916,1952.0761005854006,-0.09951300361221989,0.302848045326062,1952.0940432008774,7.0964665887877345,0.023822509235961783,1.0,True,False
Liver Condition,HDL Cholesterol (mg/dL),Uric Acid (mg/dL),Ratio,-0.2977813920217855,0.00047485249387209426,2044.210280284382,-0.1816689588921028,0.012528129925743703,2051.2981030779856,0.14898072111233282,0.021785180640593624,2052.774321832573,7.087822793603664,0.004642142506285239,1.0,True,False
Thyroid Problem,Total Cholesterol (mg/dL),WBC Count (10^3/uL),Ratio,-0.12917815298391164,0.005418006260280287,3303.5083609865105,-0.04467007954215867,0.3224783882212141,3310.57789770232,0.006782240488811225,0.8251275805903984,3311.5161912355734,7.0695367158095905,0.04167697123292528,1.0,True,False
Heart Attack,LDL Cholesterol (mg/dL),Creatinine Kidney (mg/dL),Ratio,-0.5375404352937971,2.8180973128978547e-05,841.42556258065,-0.35441689168236185,0.0006102038881485324,848.4900811877055,0.064623118858183,0.2890684131023008,860.2481199116356,7.064518607055561,0.00034375774083633296,0.2705373420381941,True,False
Arthritis,Sodium (mmol/L),Waist Circumference (cm),Difference,-0.44130550883547454,6.489844775185852e-32,4646.320056150287,-0.09313581168522717,0.007306658179152683,4781.2095716656395,0.4298876815422087,1.739679301841857e-30,4653.383678770283,7.06362261999584,6.558158930714124e-30,6.230250984178418e-28,True,True
Arthritis,Waist Circumference (cm),Sodium (mmol/L),Difference,0.44130550883547454,6.489844775185852e-32,4646.320056150287,0.4298876815422087,1.739679301841857e-30,4653.383678770283,-0.09313581168522717,0.007306658179152683,4781.2095716656395,7.06362261999584,6.558158930714124e-30,6.230250984178418e-28,True,True
Arthritis,Albumin (g/dL),Insulin (uIU/mL),Ratio,-0.2032609544493553,0.0007157378097790945,2463.9154798421628,-0.12010266376457926,0.02081949296804198,2472.118075554649,0.12947420974454327,0.016011767375361377,2470.963134649746,7.047654807583058,0.006743384247529515,1.0,True,False
Hypertension,BUN Kidney (mg/dL),LDL Cholesterol (mg/dL),Ratio,0.282515700165386,4.854449781374276e-07,2784.599946299234,0.24619172282023802,4.4471474776293585e-06,2791.637761796051,-0.10321028082849892,0.022286453843476512,2809.5105614294735,7.037815496817075,7.780086460967121e-06,0.004660271790119306,True,True
Diabetes,Albumin (g/dL),Calcium (mg/dL),Ratio,-0.30829211416189767,4.610808626771396e-13,3924.4743403348734,-0.29074342140210957,1.4474157125718921e-11,3931.4977212321855,-0.024319260476926497,0.5376575076142476,3976.435305399932,7.023380897312109,1.3703951336534181e-11,4.42637628170054e-09,True,True
Hypertension,Platelet Count (10^3/uL),HDL Cholesterol (mg/dL),Ratio,0.23068342228349908,6.829861282638691e-12,5726.5246706560865,0.12293234138925867,0.00026595637244130504,5762.536768322239,-0.22316164942084576,1.845424128112751e-10,5733.547245193993,7.022574537906621,1.767295641868772e-10,6.556666831333143e-08,True,True
Heart Attack,Potassium (mmol/L),hs-CRP Inflammation (mg/L),Ratio,-0.2511692586488828,0.005962379036850242,1671.9189722386927,0.08323999161968051,0.18599160944636084,1678.9179028560952,0.04316926575658683,0.44614747890707107,1680.126562594317,6.998930617402493,0.045069951774616,1.0,True,False
Liver Condition,HDL Cholesterol (mg/dL),Alkaline Phosphatase (U/L),Ratio,-0.45050922042128705,1.0203048571041136e-07,2024.868148329076,-0.1821918253581593,0.012289421598959299,2051.2607923505493,0.26005548606500534,2.978577022892222e-07,2031.8571346002418,6.988986271165913,1.8240086830911527e-06,0.000979492662819949,True,True
Stroke,Total Cholesterol (mg/dL),Alkaline Phosphatase (U/L),Ratio,-0.38589785356608625,2.3447785088258537e-06,1712.6584224568608,-0.23539746519205895,0.0008526141839218717,1725.9026420018258,0.23035564176914997,3.0114848903868064e-06,1719.6375973114154,6.979174854554685,3.3798609136228515e-05,0.022509873684728194,True,True
Heart Attack,Diastolic BP (mmHg),Waist Circumference (cm),Ratio,-0.3170982314283047,1.3439364721045577e-05,1530.203608999394,-0.17757332799973874,0.006833001597669031,1542.155229397185,0.26858102681220913,0.00042919045924295804,1537.152030137433,6.948421138039066,0.0001750582107490333,0.12901790132203753,True,False
Hypertension,Hemoglobin (g/dL),WBC Count (10^3/uL),Ratio,-0.2268751894332148,2.6116428966014967e-11,5846.020997952497,-0.05544314387953072,0.13066693175695138,5889.732259200502,0.5243918982175751,1.2126088169190195e-09,5852.96620722887,6.945209276373134,6.331255506912719e-10,2.507177180737437e-07,True,True
Heart Attack,Sodium (mmol/L),WBC Count (10^3/uL),Ratio,-0.20138893591905058,0.006036052943199471,1674.9577962666156,-0.06547480163121433,0.2960869352724751,1681.889247565593,0.023944092904920913,0.503734135818527,1682.633843327761,6.931451298977436,0.045483601455820186,1.0,True,False
Liver Condition,Diastolic BP (mmHg),Triglycerides (mg/dL),Ratio,-0.3260583845824599,0.005781458817204247,953.0752225540841,-0.07132806793012104,0.42080583969564944,961.0629381462187,0.08818775768907643,0.14703273059076508,960.0049168717314,6.929694317647318,0.04393114478293786,1.0,True,False
Liver Condition,Hemoglobin (g/dL),Triglycerides (mg/dL),Ratio,-0.32161934493975436,0.005765214944447522,1000.6544461549715,0.03660049846489699,0.7201393896886074,1009.1439596316711,0.0868947385687049,0.14587811763077208,1007.5625614955957,6.908115340624136,0.04385583475966419,1.0,True,False
Heart Attack,Alkaline Phosphatase (U/L),Total Cholesterol (mg/dL),Ratio,0.30292403194552064,1.9452330472863844e-09,1649.787727441087,0.19503399953274167,0.00015944939238459534,1671.1611917238445,-0.36525005482698025,7.004074103279457e-07,1656.6552946629633,6.867567221876243,4.1132681176099754e-08,1.867423725394929e-05,True,True
Stroke,BUN Kidney (mg/dL),LDL Cholesterol (mg/dL),Ratio,0.29085093672975937,2.2475074887958083e-06,800.2542777506055,0.27439228010044336,0.0001050542598989065,807.1134480747007,-0.19986470656000369,0.04833211066868232,816.3264380732484,6.859170324095203,3.2543094860391796e-05,0.02157607189243976,True,True
Arthritis,Calcium (mg/dL),hs-CRP Inflammation (mg/L),Ratio,-0.22759440481770363,4.683393059126804e-08,5016.003344210685,0.024723385727390253,0.4651050043232986,5048.370622845121,0.16708011332637462,1.8718613942555155e-06,5022.8568031148025,6.85345890411736,8.662923577575591e-07,0.00044960573367617315,True,True
Heart Attack,Uric Acid (mg/dL),hs-CRP Inflammation (mg/L),Ratio,-0.23457537284785945,0.006760119375511098,1672.7556717146927,0.08961668429355138,0.19542657689232712,1679.5547083883393,0.04334764257956438,0.4441086741636434,1680.6744403552277,6.799036673646697,0.050116184800689446,1.0,False,False
Hypertension,Sodium (mmol/L),Triglycerides (mg/dL),Ratio,-0.238892798533376,1.1071810372221106e-05,2825.5408278520176,-0.05920079342357187,0.18973489758060713,2844.188170587286,0.18077594412088308,0.0006750743358910527,2832.3003154877297,6.759487635712048,0.0001464041040954857,0.10628937957332261,True,False
Arthritis,BUN Kidney (mg/dL),Sodium (mmol/L),Difference,0.1578355168411346,8.370583557430944e-06,5044.205919144352,0.1307849381281174,0.0002627676659462141,5050.9600212286105,-0.09018883288746582,0.007508583965770161,5057.309054254121,6.754102084258193,0.00011176300716458562,0.08035760215133705,True,False
Arthritis,Sodium (mmol/L),BUN Kidney (mg/dL),Difference,-0.1578355168411346,8.370583557430944e-06,5044.205919144352,-0.09018883288746582,0.007508583965770161,5057.309054254121,0.1307849381281174,0.0002627676659462141,5050.9600212286105,6.754102084258193,0.00011176300716458562,0.08035760215133705,True,False
Liver Condition,"Glycohemoglobin (HbA1c, %)",Creatinine Kidney (mg/dL),Ratio,0.17866566538320355,0.0010385209818755971,2048.696151700227,0.09399821669016706,0.0896875985521091,2055.439318327091,-0.09405217117328162,0.3109931288205149,2056.7825606127262,6.743166626863967,0.009467997555561,1.0,True,False
Liver Condition,WBC Count (10^3/uL),Triglycerides (mg/dL),Ratio,-0.31719414894729275,0.006734537143877407,1000.8463523820769,0.02174878603528651,0.7976972323492326,1009.2087362229822,0.0868947385687049,0.14587811763077208,1007.5625614955957,6.716209113518744,0.050001203852454074,1.0,False,False
Hypertension,Hemoglobin (g/dL),Fasting Glucose (mg/dL),Ratio,-0.30265156365445867,2.4535544235194174e-10,2865.130937180171,-0.027687820050896147,0.597557186807389,2905.822970330023,0.2602496005231122,2.2851495556276685e-08,2871.8359114016594,6.7049742214885555,5.54827727428504e-09,2.3554122465786405e-06,True,True
Liver Condition,Systolic BP (mmHg),Triglycerides (mg/dL),Ratio,-0.30423452242583743,0.006613407664400044,953.3371167395151,-0.021250518538874663,0.8311808598106858,961.6543651309629,0.08818775768907643,0.14703273059076508,960.0049168717314,6.667800132216371,0.04913987119058856,1.0,True,False
High Cholesterol,HDL Cholesterol (mg/dL),Insulin (uIU/mL),Ratio,-0.26138253565497144,6.014857709270273e-06,2775.9494187411174,-0.21512465866522226,1.824505621690657e-05,2782.5953514385865,0.14373515438192494,0.005816463261182921,2793.2002002605914,6.645932697469107,8.23718031512049e-05,0.057742634008994626,True,False
Arthritis,Calcium (mg/dL),Creatinine Kidney (mg/dL),Ratio,-0.1334525902814085,0.0010024616836150284,5053.49935117512,0.022649990450549523,0.5026588555468916,5064.039983692783,0.07075645418395493,0.034097294051011015,5060.120905619988,6.621554444867797,0.00918285511708423,1.0,True,False
Heart Attack,LDL Cholesterol (mg/dL),"Glycohemoglobin (HbA1c, %)",Ratio,-0.49792265683074566,4.296231349755076e-06,839.5254799391585,-0.3487963926216089,0.0007183096351499945,850.6699177965529,0.3056298934643907,6.116396679632313e-06,846.1203060319557,6.594826092797234,6.012218798491069e-05,0.04124382095764873,True,True
Liver Condition,Fasting Glucose (mg/dL),Creatinine Kidney (mg/dL),Ratio,0.27104048361770045,1.3073707246870125e-05,992.9367620128955,0.20897673803966915,0.0012747397990032403,999.5119741949201,-0.4597616441191745,0.0192167902087297,1001.2084356147977,6.575212182024529,0.0001705266162635234,0.1255075895699532,True,False
Heart Attack,Hemoglobin (g/dL),Creatinine Kidney (mg/dL),Ratio,-0.2228391685933713,0.003085980663420492,1673.9907423416298,-0.05324490509200259,0.46329444045206103,1682.3681516842694,0.07647858571094171,0.08780872436447554,1680.5579979562822,6.5672556146523675,0.02502146483854453,1.0,True,False
Diabetes,Sodium (mmol/L),Insulin (uIU/mL),Difference,-0.6742129184836653,2.4314108355340222e-18,1870.3477909144315,-0.16552867115691897,0.002706363509659872,1973.4203278988603,0.6507851467077904,2.622518283011896e-17,1876.8918745195308,6.544083605099331,1.2031723722230213e-16,2.3341544021126614e-14,True,True
Diabetes,Insulin (uIU/mL),Sodium (mmol/L),Difference,0.6742129184836653,2.4314108355340222e-18,1870.3477909144315,0.6507851467077904,2.622518283011896e-17,1876.8918745195308,-0.16552867115691897,0.002706363509659872,1973.4203278988603,6.544083605099331,1.2031723722230213e-16,2.3341544021126614e-14,True,True
Arthritis,Albumin (g/dL),Calcium (mg/dL),Ratio,-0.15017968707983145,3.58103295023189e-05,5047.401518554365,-0.11691926256747451,0.0011304154247740983,5053.924916994201,0.022649990450549523,0.5026588555468916,5064.039983692783,6.5233984398364555,0.0004335172297884759,0.34377916322226143,True,False
Arthritis,HDL Cholesterol (mg/dL),Insulin (uIU/mL),Ratio,-0.19286738172024678,0.001094242491664174,2466.3362999260708,-0.0795021028444543,0.1250530568578132,2476.7414283181915,0.1272176658717442,0.017669927361669543,2472.845754312736,6.509454386665311,0.009947659015128854,1.0,True,False
Heart Attack,Fasting Glucose (mg/dL),LDL Cholesterol (mg/dL),Ratio,0.269026471141536,6.265093001260619e-06,844.2189910717295,0.2468390642681361,0.0001325270012557409,850.8207946473867,-0.34860224353910557,0.0007225754081224855,850.7099754568181,6.490984385088609,8.555461281949068e-05,0.06014489281210195,True,False
Arthritis,BUN Kidney (mg/dL),HDL Cholesterol (mg/dL),Ratio,0.15832016826758175,9.70554962423721e-06,5041.984106177239,0.13051933735858298,0.0002709505792061794,5048.47459654953,-0.1316105235444296,0.0004003818864022052,5049.110042899078,6.490490372291788,0.00012869237070811768,0.09317327639267721,True,False
Heart Attack,Platelet Count (10^3/uL),"Glycohemoglobin (HbA1c, %)",Ratio,-0.39849812396763323,2.498102742145225e-06,1680.0099994122083,-0.22456747687726764,0.0039052094776443258,1694.98072374327,0.23011555360570787,6.430803116972705e-06,1686.468417324674,6.45841791246562,3.595470213582333e-05,0.02398178632459416,True,True
Arthritis,Potassium (mmol/L),Creatinine Kidney (mg/dL),Ratio,-0.1278627180767289,0.0011161025166490856,5050.3974998781405,-0.0009000781778541577,0.978980574163654,5061.186710544956,0.07066972252743986,0.03436616052770787,5056.8314667159475,6.43396683780702,0.010108098263991718,1.0,True,False
Arthritis,Uric Acid (mg/dL),Albumin (g/dL),Ratio,0.15934376494544483,8.054434665078457e-06,5044.471080450516,0.13723212083113207,0.00023227547781448532,5050.902071711889,-0.11691926256747451,0.0011304154247740983,5053.924916994201,6.430991261373492,0.00010799242009043742,0.07732257278475319,True,False
Hypertension,BUN Kidney (mg/dL),Hemoglobin (g/dL),Ratio,0.2580820692519857,2.7010687850480308e-11,5694.1779457648445,0.2347113589988517,1.1400297386957804e-10,5700.587024068815,-0.0708142144484805,0.05698641098080507,5741.533236539645,6.409078303970091,6.531551722030503e-10,2.5930260336461096e-07,True,True
Stroke,Total Cholesterol (mg/dL),Systolic BP (mmHg),Ratio,-0.3092394357475058,9.301568111206889e-05,1630.0711641390842,-0.22330902480965767,0.0021590830728028805,1636.4164720870149,0.2069757396190231,0.0018305843203447274,1636.8509245106748,6.345307947930678,0.0010706840991317283,0.8929505386758614,True,False
Diabetes,Potassium (mmol/L),Hemoglobin (g/dL),Difference,0.23648110296363184,2.6614131590013053e-08,3939.9474411678216,0.12722245753782857,0.00092719262662048,3959.673037165387,-0.21944650530900547,6.860009318547477e-07,3946.250542011361,6.303100843539596,5.029442190238687e-07,0.0002554956632641253,True,True
Diabetes,Hemoglobin (g/dL),Potassium (mmol/L),Difference,-0.23648110296363184,2.6614131590013053e-08,3939.9474411678216,-0.21944650530900547,6.860009318547477e-07,3946.250542011361,0.12722245753782857,0.00092719262662048,3959.673037165387,6.303100843539596,5.029442190238687e-07,0.0002554956632641253,True,True
Hypertension,Albumin (g/dL),WBC Count (10^3/uL),Ratio,-0.21915739682375038,1.072350364903676e-10,5704.1221939666675,-0.09836859351821162,0.004154317808919283,5738.853311109004,0.5191883696911245,4.145058070827284e-09,5710.417159136408,6.294965169740863,2.510869147091534e-09,1.029456350307529e-06,True,True
High Cholesterol,Body Mass Index (kg/m2),Insulin (uIU/mL),Ratio,-0.21976781660295758,2.7423992163010747e-05,2739.0233491669565,0.17645273756173296,0.0001619886170108719,2745.2717738021156,0.16446706946696346,0.002324460865264943,2748.744061496368,6.248424635159154,0.000334949522601658,0.2632703247649032,True,False
Arthritis,ALT Liver Enzyme (U/L),AST Liver Enzyme (U/L),Ratio,0.10193413941541993,0.008788120896024588,5041.796405048988,0.02851414926071721,0.4563248906415538,5048.044041711833,-0.01922847585047861,0.6002006308964822,5048.3127278527145,6.247636662845252,0.06253962980121278,1.0,False,False
Heart Attack,Diastolic BP (mmHg),hs-CRP Inflammation (mg/L),Ratio,-0.34177520758971663,0.0010271271366833576,1566.3289963592374,-0.17080241223006706,0.008116032020933814,1572.5649224006393,0.04952796111794943,0.3879172859941926,1578.6812905029321,6.235926041401854,0.00937834655921331,1.0,True,False
Liver Condition,ALT Liver Enzyme (U/L),Platelet Count (10^3/uL),Ratio,0.363283536254351,7.077637316243655e-18,1984.6117315471663,0.37408902095860197,1.3225478725789232e-17,1990.8405183724547,-0.2129220465222574,0.003064223251775512,2043.3555304332806,6.228786825288353,3.2983164192203443e-16,6.79453182359391e-14,True,True
Thyroid Problem,Systolic BP (mmHg),WBC Count (10^3/uL),Ratio,-0.11691659975627457,0.013330730224204683,3195.279759033978,-0.018292076713133036,0.7032255790400821,3201.473924902713,0.005783909485143185,0.8537954604906846,3201.5866468947556,6.194165868735126,0.0906338598812783,1.0,False,False
Diabetes,Triglycerides (mg/dL),Albumin (g/dL),Ratio,0.3955891864789147,9.869799287141311e-10,1936.1277095265223,0.35190589139348155,1.1876985770358793e-08,1942.3088209485763,-0.2247443313545618,0.0002582282358973701,1967.6769554689427,6.181111422054073,2.124441102164946e-08,9.475007315655658e-06,True,True
Hypertension,Platelet Count (10^3/uL),Potassium (mmol/L),Ratio,0.19989859530492898,5.812771714394329e-09,5710.165254083402,0.12956558824691555,0.00012680799710534796,5729.490481536791,-0.16968271000845006,1.4925808836229243e-07,5716.333401028638,6.168146945236003,1.1872895416635225e-07,5.5802608458185554e-05,True,True
Stroke,BUN Kidney (mg/dL),Hemoglobin (g/dL),Ratio,0.20470313626676495,7.033592761933757e-06,1724.1432487422985,0.19237804614216736,0.00028501843830150127,1730.3028032632617,-0.2421894019305698,0.0006001094908194564,1730.8188711122257,6.159554520963184,9.550564429216983e-05,0.06752249051456406,True,False
Heart Attack,Calcium (mg/dL),Total Cholesterol (mg/dL),Ratio,0.33731235148592287,4.725199764751377e-09,1650.4984716806405,-0.020446503341573292,0.7565903245424793,1682.9184312850314,-0.3661622724203976,6.826588057723387e-07,1656.6551709686864,6.156699288045957,9.69271746615667e-08,4.5361917741613215e-05,True,True
Arthritis,Systolic BP (mmHg),hs-CRP Inflammation (mg/L),Ratio,-0.2154291484312778,7.369211252385109e-08,4818.260744751615,-0.002170152643841023,0.9537342573069634,4849.7477981042575,0.1683075429277828,2.7971765204732894e-06,4824.393581555435,6.1328368038202825,1.339856591342747e-06,0.0007074442802289705,True,True
Stroke,Alkaline Phosphatase (U/L),Hemoglobin (g/dL),Ratio,0.2615535532027743,7.198845126098187e-08,1717.958666636011,0.23086453287990805,2.76166857537846e-06,1724.0878413855694,-0.24192320378833496,0.0006070344607153035,1730.8162835119242,6.129174749558388,1.3113645770501441e-06,0.0006910891321054259,True,True
Liver Condition,Fasting Glucose (mg/dL),Platelet Count (10^3/uL),Ratio,0.26671376026190013,1.937635547203632e-05,1016.9155471594124,0.21589457595961387,0.0006670620864602197,1023.0375786585198,-0.11050888105711403,0.25456661787277035,1031.2794067768402,6.122031499107379,0.0002412379445539943,0.18601301253154867,True,False
Arthritis,Hemoglobin (g/dL),hs-CRP Inflammation (mg/L),Ratio,-0.22822863700540935,6.842185765687238e-08,5025.116109898299,-0.024489811232708283,0.5289640312696073,5056.86162134551,0.16687549107802582,1.894648264641766e-06,5031.237481855742,6.121371957442534,1.2487639420265681e-06,0.0006568498335059749,True,True
Heart Attack,HDL Cholesterol (mg/dL),Creatinine Kidney (mg/dL),Ratio,-0.4908568629284296,1.1332986340490088e-06,1656.7598386791715,-0.3649796464823979,1.8740393706466263e-05,1662.8697939574147,0.076256221968445,0.08911010432280653,1680.705089951721,6.109955278243206,1.7079539853799817e-05,0.010879666886870485,True,True
Heart Attack,Systolic BP (mmHg),Creatinine Kidney (mg/dL),Ratio,-0.2286576538176669,0.004958479422571022,1572.501591893872,0.013134117768142689,0.8536164715874824,1580.6523452883,0.0747713742586327,0.10796641248587063,1578.5993588565523,6.097766962680225,0.038419211022342054,1.0,True,False
Arthritis,HDL Cholesterol (mg/dL),Creatinine Kidney (mg/dL),Ratio,-0.17704507101040162,1.902345452725317e-05,5043.468990518999,-0.1317474219630885,0.0003946952143465371,5049.493699036719,0.07085545561866362,0.033878038263926075,5057.976106288712,6.024708517719773,0.00023779318159066463,0.18262516346163044,True,False
Diabetes,Hemoglobin (g/dL),hs-CRP Inflammation (mg/L),Difference,-0.23113301573961623,4.046901451004561e-13,3979.3360773545746,-0.18920056102735594,1.0980963475038334e-05,4016.7631057119665,0.21659925327068175,5.5095742761431155e-12,3985.354241775987,6.018164421412166,1.2255600608720437e-11,3.8850253929643784e-09,True,True
Diabetes,hs-CRP Inflammation (mg/L),Hemoglobin (g/dL),Difference,0.23113301573961623,4.046901451004561e-13,3979.3360773545746,0.21659925327068175,5.5095742761431155e-12,3985.354241775987,-0.18920056102735594,1.0980963475038334e-05,4016.7631057119665,6.018164421412166,1.2255600608720437e-11,3.8850253929643784e-09,True,True
Heart Attack,HDL Cholesterol (mg/dL),Waist Circumference (cm),Ratio,-0.4644970103611618,3.717530542186003e-06,1499.377178712272,-0.3685500256247671,4.1724006629919957e-05,1505.3241874672367,0.29203404646677567,0.0001469514005525374,1509.815812214591,5.9470087549646,5.232887566713435e-05,0.03568829320498563,True,True
Diabetes,Uric Acid (mg/dL),Triglycerides (mg/dL),Ratio,-0.5007124037600543,1.134329100624189e-09,1935.912480448097,0.09078947621772429,0.12718864230872043,1978.0156699827637,0.3514057459236193,1.25225403425465e-08,1941.857218022269,5.944737574171995,2.436143034897587e-08,1.0889559365992214e-05,True,True
Heart Attack,Waist Circumference (cm),HDL Cholesterol (mg/dL),Difference,0.4058427557236028,1.1811316885143468e-06,1499.397306576346,0.29203404646677567,0.0001469514005525374,1509.815812214591,-0.3685500256247671,4.1724006629919957e-05,1505.3241874672367,5.926880890890743,1.7661782258158456e-05,0.01133886420973773,True,True
Heart Attack,HDL Cholesterol (mg/dL),Waist Circumference (cm),Difference,-0.4058427557236028,1.1811316885143468e-06,1499.397306576346,-0.3685500256247671,4.1724006629919957e-05,1505.3241874672367,0.29203404646677567,0.0001469514005525374,1509.815812214591,5.926880890890743,1.7661782258158456e-05,0.01133886420973773,True,True
Stroke,Waist Circumference (cm),Total Cholesterol (mg/dL),Ratio,0.2471475486802276,9.101226263605046e-05,1550.8241193356012,0.16143213196888437,0.03601564786494286,1560.8819363327257,-0.21226648849608307,0.004346052896395562,1556.7357107319006,5.9115913962994,0.0010501414919544282,0.8737177213060844,True,False
Arthritis,Sodium (mmol/L),Creatinine Kidney (mg/dL),Ratio,-0.14717468668876468,0.0003375261431777868,5051.814438282217,-0.09020732165675556,0.007490301166812602,5057.715470000323,0.07076658471811469,0.03405394075096332,5060.529629414041,5.901031718105514,0.003389383864546813,1.0,True,False
Heart Attack,Waist Circumference (cm),Body Mass Index (kg/m2),Difference,0.343768415447981,6.682455637613261e-06,1571.9071479530414,0.2857285134800506,0.00014539549819426962,1577.7959905695454,0.17037226348133908,0.027262254166946352,1587.1492157676541,5.888842616504007,9.086625229615765e-05,0.06415157412108731,True,False
Heart Attack,Body Mass Index (kg/m2),Waist Circumference (cm),Difference,-0.343768415447981,6.682455637613261e-06,1571.9071479530414,0.17037226348133908,0.027262254166946352,1587.1492157676541,0.2857285134800506,0.00014539549819426962,1577.7959905695454,5.888842616504007,9.086625229615765e-05,0.06415157412108731,True,False
High Cholesterol,Uric Acid (mg/dL),ALT Liver Enzyme (U/L),Ratio,-0.19707730940186147,1.1096732458680834e-08,5730.595107591984,0.10446966295422447,0.0026835819739288694,5755.683815935733,0.1731515249098374,1.1524676838519115e-07,5736.4745279392555,5.879420347271662,2.2101375851314523e-07,0.000106528631603336,True,True
Heart Attack,Diastolic BP (mmHg),WBC Count (10^3/uL),Ratio,-0.24401161851672215,0.0011272716666156865,1594.7454115368948,-0.15441296125678197,0.0169155645658673,1600.5629704019523,0.02479166282315351,0.5036795464691843,1605.766081954805,5.8175588650574355,0.01019002636488756,1.0,True,False
Liver Condition,Waist Circumference (cm),Triglycerides (mg/dL),Ratio,-0.2987344745570105,0.009300908748257352,956.2977916357038,0.08080846040581288,0.39317526582547413,963.2252483776747,0.09011273343997606,0.13249853997131456,962.1104606928561,5.812669057152334,0.06558382876993583,1.0,False,False
Stroke,Alkaline Phosphatase (U/L),ALT Liver Enzyme (U/L),Difference,0.28647745212337583,1.2762882682384652e-07,1718.822720771686,0.2307699264307046,2.7923696451468175e-06,1724.6278450452883,-0.19828763955693327,0.0655021741591346,1738.6862962007654,5.80512427360236,2.273166488884836e-06,0.0012252367375089265,True,True
Stroke,ALT Liver Enzyme (U/L),Alkaline Phosphatase (U/L),Difference,-0.28647745212337583,1.2762882682384652e-07,1718.822720771686,-0.19828763955693327,0.0655021741591346,1738.6862962007654,0.2307699264307046,2.7923696451468175e-06,1724.6278450452883,5.80512427360236,2.273166488884836e-06,0.0012252367375089265,True,True
Heart Attack,Diastolic BP (mmHg),Body Mass Index (kg/m2),Ratio,-0.24392693434122734,0.0007531225561918507,1620.1946763454516,-0.14879844482456217,0.021080670510653977,1626.6632933802093,0.18262631821379968,0.013056177151518349,1625.9957230641894,5.80104671873778,0.007039899259436968,1.0,True,False
Diabetes,Creatinine Kidney (mg/dL),Hemoglobin (g/dL),Difference,0.21812275718075702,3.2065684568807065e-08,3942.778317353065,0.11095400209784172,0.0003631138820833781,3960.4289351372418,-0.21829021472319898,7.807422231024878e-07,3948.565300881121,5.786983528055771,6.035893565893095e-07,0.00030783057186054783,True,True
Diabetes,Hemoglobin (g/dL),Creatinine Kidney (mg/dL),Difference,-0.21812275718075702,3.2065684568807065e-08,3942.778317353065,-0.21829021472319898,7.807422231024878e-07,3948.565300881121,0.11095400209784172,0.0003631138820833781,3960.4289351372418,5.786983528055771,6.035893565893095e-07,0.00030783057186054783,True,True
Arthritis,HDL Cholesterol (mg/dL),hs-CRP Inflammation (mg/L),Ratio,-0.2197177722511444,7.570009786212709e-08,5027.976625869911,-0.13022743771531647,0.0004596167469433653,5047.3590108429735,0.1674295587598332,1.7728952506690907e-06,5033.743835117417,5.767209247505889,1.3723625561320189e-06,0.0007267209394764201,True,True
Heart Attack,Calcium (mg/dL),Triglycerides (mg/dL),Ratio,-0.3282385970039524,0.010988963951817981,861.1090714406379,0.11391620180398994,0.21768867820369142,866.8453674365178,0.05256690358471904,0.47578368657465764,867.9206441897209,5.736295995879914,0.07573155343679297,1.0,False,False
Hypertension,AST Liver Enzyme (U/L),Total Cholesterol (mg/dL),Difference,0.125032143673786,0.00011568539370855884,5718.295854307135,0.09622855729657347,0.0021686836620707743,5724.0270979755205,-0.09708166221871424,0.002731406662864207,5724.235633342079,5.731243668385105,0.001295892391601126,1.0,True,False
Hypertension,Total Cholesterol (mg/dL),AST Liver Enzyme (U/L),Difference,-0.125032143673786,0.00011568539370855884,5718.295854307135,-0.09708166221871424,0.002731406662864207,5724.235633342079,0.09622855729657347,0.0021686836620707743,5724.0270979755205,5.731243668385105,0.001295892391601126,1.0,True,False
Hypertension,BUN Kidney (mg/dL),Potassium (mmol/L),Difference,0.2487078330496829,9.61786860186536e-12,5694.971600058903,0.233899664415581,1.302889946009911e-10,5700.695596656802,-0.1695591743306227,1.5189730701633516e-07,5717.183960585586,5.723996597898804,2.4233999626747364e-10,9.233153857790746e-08,True,True
Hypertension,Potassium (mmol/L),BUN Kidney (mg/dL),Difference,-0.2487078330496829,9.61786860186536e-12,5694.971600058903,-0.1695591743306227,1.5189730701633516e-07,5717.183960585586,0.233899664415581,1.302889946009911e-10,5700.695596656802,5.723996597898804,2.4233999626747364e-10,9.233153857790746e-08,True,True
Liver Condition,HDL Cholesterol (mg/dL),Triglycerides (mg/dL),Ratio,-0.3102282884600387,0.012155981827313004,1001.8395752566132,-0.08833017315280162,0.37497459306179615,1008.4598695365945,0.0868947385687049,0.14587811763077208,1007.5625614955957,5.7229862389824575,0.08317706738574829,1.0,False,False
Stroke,Waist Circumference (cm),Hemoglobin (g/dL),Ratio,0.282667896325225,2.7224364102368138e-05,1577.7725713193108,0.16717654801896079,0.028104360971256816,1589.296248387733,-0.2453105352764646,0.0009191849684805561,1583.4847649318694,5.712193612558622,0.00033293489857673137,0.2613538953827341,True,False
Diabetes,Uric Acid (mg/dL),Waist Circumference (cm),Difference,-0.6513737759828869,2.5762640981771643e-43,3486.381983744622,0.043599375436389344,0.3242797770195759,3680.4291153315035,0.644800453411333,3.654752805816064e-42,3492.0760535776217,5.694069832999503,4.496751880454687e-41,2.4732135342500778e-39,True,True
Diabetes,Waist Circumference (cm),Uric Acid (mg/dL),Difference,0.6513737759828869,2.5762640981771643e-43,3486.381983744622,0.644800453411333,3.654752805816064e-42,3492.0760535776217,0.043599375436389344,0.3242797770195759,3680.4291153315035,5.694069832999503,4.496751880454687e-41,2.4732135342500778e-39,True,True
Diabetes,Creatinine Kidney (mg/dL),Sodium (mmol/L),Difference,0.1902981964456312,6.128786385513215e-07,3951.9292462306503,0.11215142648890924,0.000317469498639643,3964.358135498932,-0.16819636977836075,1.1465114810953177e-05,3957.6044677666355,5.675221535985202,9.613782565510926e-06,0.0058836349300926865,True,True
Diabetes,Sodium (mmol/L),Creatinine Kidney (mg/dL),Difference,-0.1902981964456312,6.128786385513215e-07,3951.9292462306503,-0.16819636977836075,1.1465114810953177e-05,3957.6044677666355,0.11215142648890924,0.000317469498639643,3964.358135498932,5.675221535985202,9.613782565510926e-06,0.0058836349300926865,True,True
Stroke,Waist Circumference (cm),ALT Liver Enzyme (U/L),Ratio,0.2121773588226318,0.0011646788318533927,1551.182682351029,0.1580606039012052,0.04035865454511052,1556.8515067870144,-0.20660505964449027,0.07258113124453841,1557.2097322796408,5.668824435985471,0.010518266026145409,1.0,True,False
Stroke,Platelet Count (10^3/uL),WBC Count (10^3/uL),Ratio,-0.17941901876820587,0.019819936020285343,1771.3908913300452,-0.011706594852628137,0.8695285875944834,1777.1192151034354,0.012609863635716595,0.7376402950218148,1777.0507833230772,5.6598919930320335,0.12934832480947606,1.0,False,False
Arthritis,Hemoglobin (g/dL),Insulin (uIU/mL),Ratio,-0.19307039361840103,0.0013566029817077554,2468.3374495284047,0.03537141750415674,0.5262903992254949,2480.1324510236286,0.12997569734754585,0.015576208567219512,2473.9942799085907,5.656830380185966,0.012092282845305898,1.0,True,False
Arthritis,Waist Circumference (cm),Sodium (mmol/L),Ratio,0.4389551663144967,1.1821071638258698e-31,4647.753727118304,0.4298876815422087,1.739679301841857e-30,4653.383678770283,-0.09313581168522717,0.007306658179152683,4781.2095716656395,5.629951651979354,1.1579825278294235e-29,1.134822877272835e-27,True,True
Arthritis,Calcium (mg/dL),Albumin (g/dL),Ratio,0.14273479044089404,5.332636593694063e-05,5048.297816916287,0.022649990450549523,0.5026588555468916,5064.039983692783,-0.11691926256747451,0.0011304154247740983,5053.924916994201,5.627100077914292,0.0006327974202653029,0.5119331129946301,True,False
Liver Condition,Total Cholesterol (mg/dL),Creatinine Kidney (mg/dL),Ratio,0.18047949755163076,0.007127942058276685,2051.0605059037757,0.045757864888290777,0.4558478838469201,2057.4663412536247,-0.09590987759974061,0.3037569073888393,2056.67093034536,5.6104244415842,0.05251591999958263,1.0,False,False
Hypertension,ALT Liver Enzyme (U/L),Potassium (mmol/L),Ratio,0.1885631016917122,1.3873519943028681e-08,5712.016162547974,0.16504413322225847,4.462997744822755e-07,5720.04488014597,-0.16974378992547678,1.469888064187069e-07,5717.620410640071,5.604248092096896,2.729217037972855e-07,0.00013318579145307535,True,True
Hypertension,Potassium (mmol/L),Systolic BP (mmHg),Ratio,-0.5560716136871291,2.639482162454748e-49,5253.661906849806,-0.18227582989262114,3.5642581387985135e-08,5459.362271526071,0.5771922243936755,3.1415035593018506e-47,5259.262318520843,5.600411671037364,7.038619099879328e-47,2.5339028759565582e-45,True,True
Diabetes,Hemoglobin (g/dL),Fasting Glucose (mg/dL),Difference,-1.5768013465295598,1.7767774622087398e-64,1446.649900165793,-0.12419264656401334,0.04538088714599222,2013.9246864874785,1.5656109024885811,3.989413064233724e-64,1452.2424514938434,5.5925513280503765,1.7057063637203904e-61,1.7057063637203902e-60,True,True
Diabetes,Fasting Glucose (mg/dL),Hemoglobin (g/dL),Difference,1.5768013465295598,1.7767774622087398e-64,1446.649900165793,1.5656109024885811,3.989413064233724e-64,1452.2424514938434,-0.12419264656401334,0.04538088714599222,2013.9246864874785,5.5925513280503765,1.7057063637203904e-61,1.7057063637203902e-60,True,True
Diabetes,Triglycerides (mg/dL),Uric Acid (mg/dL),Ratio,0.34551269035495685,6.976268918172768e-10,1936.2676297667422,0.3514057459236193,1.25225403425465e-08,1941.857218022269,0.09078947621772429,0.12718864230872043,1978.0156699827637,5.589588255526905,1.529045242339237e-08,6.697218161445857e-06,True,True
Liver Condition,Total Cholesterol (mg/dL),Triglycerides (mg/dL),Ratio,-0.2858823839195212,0.010690100179993303,1001.9808700473006,0.11095478389248763,0.1972752085355577,1007.649863251422,0.0868947385687049,0.14587811763077208,1007.5625614955957,5.581691448295032,0.07404398393068953,1.0,False,False
Hypertension,Albumin (g/dL),Triglycerides (mg/dL),Ratio,-0.23533038940714296,1.994545504991666e-05,2826.7294707085875,-0.014824631907975483,0.763785572781962,2845.8202686334844,0.18077594412088308,0.0006750743358910527,2832.3003154877297,5.570844779142135,0.00024721607191843293,0.19147636847919994,True,False
Liver Condition,Creatinine Kidney (mg/dL),Triglycerides (mg/dL),Ratio,-0.4198278377019796,0.0014009877933266442,995.3620860168289,-0.4620783162410456,0.01875256336611838,1000.9241194483136,0.0858918981850704,0.15203564263960273,1006.2574948231895,5.562033431484679,0.01245322482957017,1.0,True,False
Liver Condition,Alkaline Phosphatase (U/L),HDL Cholesterol (mg/dL),Difference,0.30870266272989244,1.8701257801300804e-08,2026.3836643569175,0.26005548606500534,2.978577022892222e-07,2031.8571346002418,-0.1821918253581593,0.012289421598959299,2051.2607923505493,5.4734702433243,3.6123153901908994e-07,0.0001795320748924877,True,True
Liver Condition,HDL Cholesterol (mg/dL),Alkaline Phosphatase (U/L),Difference,-0.30870266272989244,1.8701257801300804e-08,2026.3836643569175,-0.1821918253581593,0.012289421598959299,2051.2607923505493,0.26005548606500534,2.978577022892222e-07,2031.8571346002418,5.4734702433243,3.6123153901908994e-07,0.0001795320748924877,True,True
Heart Attack,Platelet Count (10^3/uL),Triglycerides (mg/dL),Ratio,-0.3936951725956633,0.006761056957477412,861.3532788832154,-0.18849828993826337,0.07260594358564194,866.8241095633218,0.054758240669665455,0.45288967231678,869.7618743372652,5.470830680106474,0.050116184800689446,1.0,False,False
Stroke,Creatinine Kidney (mg/dL),LDL Cholesterol (mg/dL),Ratio,0.36638149772947354,4.969603105093979e-07,790.1712291036885,0.31145926849968203,5.523063071509189e-05,795.5249721477968,-0.19985914985202813,0.04829601532469149,816.3634222877653,5.353743044108342,7.951364968150366e-06,0.004770818980890219,True,True
Hypertension,LDL Cholesterol (mg/dL),ALT Liver Enzyme (U/L),Ratio,-0.21995840197169872,7.387532200781434e-06,2794.5449671513834,-0.10340883189480829,0.022013048955523105,2810.0585985300318,0.1823730479959444,0.00011388210861517707,2799.873386605502,5.32841945411883,9.94674742321203e-05,0.07092030912750177,True,False
Hypertension,Uric Acid (mg/dL),Albumin (g/dL),Difference,0.45709363656399243,1.3617102012723443e-36,5578.689085448055,0.45906873699299705,1.2932741026115585e-35,5583.970973825564,-0.09741034786983636,0.004529845065087955,5739.825291669546,5.281888377508949,1.613878757063519e-34,1.3072417932214505e-32,True,True
Hypertension,Albumin (g/dL),Uric Acid (mg/dL),Difference,-0.45709363656399243,1.3617102012723443e-36,5578.689085448055,-0.09741034786983636,0.004529845065087955,5739.825291669546,0.45906873699299705,1.2932741026115585e-35,5583.970973825564,5.281888377508949,1.613878757063519e-34,1.3072417932214505e-32,True,True
Stroke,hs-CRP Inflammation (mg/L),Total Cholesterol (mg/dL),Difference,0.28228535131574495,6.706648255984421e-05,1709.9320750278089,0.14873384321483588,0.0002753800780533711,1716.202856372111,-0.23379776996459659,0.0009932568039445948,1715.201167451397,5.269092423588063,0.0007832581904799324,0.6438382325745045,True,False
Stroke,Total Cholesterol (mg/dL),hs-CRP Inflammation (mg/L),Difference,-0.28228535131574495,6.706648255984421e-05,1709.9320750278089,-0.23379776996459659,0.0009932568039445948,1715.201167451397,0.14873384321483588,0.0002753800780533711,1716.202856372111,5.269092423588063,0.0007832581904799324,0.6438382325745045,True,False
Heart Attack,Alkaline Phosphatase (U/L),Platelet Count (10^3/uL),Difference,0.3013431289601439,3.7280242172815264e-05,1665.7825857648522,0.19494786444553916,0.00016032171309752526,1671.040523827184,-0.21535975550993477,0.006009368997478872,1674.9348201142448,5.257938062331732,0.00044848411636469487,0.35789032485902655,True,False
Heart Attack,Platelet Count (10^3/uL),Alkaline Phosphatase (U/L),Difference,-0.3013431289601439,3.7280242172815264e-05,1665.7825857648522,-0.21535975550993477,0.006009368997478872,1674.9348201142448,0.19494786444553916,0.00016032171309752526,1671.040523827184,5.257938062331732,0.00044848411636469487,0.35789032485902655,True,False
Liver Condition,Potassium (mmol/L),Triglycerides (mg/dL),Ratio,-0.3371215982614305,0.004700125589573348,998.5048397334526,-0.04978398719615449,0.5788704719581599,1007.37519637909,0.14570507624593104,0.02860184069099053,1003.7285438180838,5.223704084631208,0.03665410695361831,1.0,True,False
Hypertension,WBC Count (10^3/uL),Total Cholesterol (mg/dL),Ratio,0.38570106645428154,2.880597593837492e-10,5733.526549176819,0.5206329469705152,3.334829591829452e-09,5738.743523330424,-0.09950837414585949,0.0020501631293707106,5766.232269885209,5.216974153605406,6.491487535408433e-09,2.7653736900839925e-06,True,True
Liver Condition,Albumin (g/dL),Uric Acid (mg/dL),Ratio,-0.24248102741949054,0.001964463283650115,2047.9761344791707,-0.11533039675494448,0.07508099172386051,2055.1836869188296,0.1487637343520369,0.021973174915277064,2053.1912576993655,5.215123220194755,0.016838256717000986,1.0,True,False
Diabetes,WBC Count (10^3/uL),LDL Cholesterol (mg/dL),Difference,0.4416572650146156,1.5094721684721078e-12,1895.0908210623386,0.33819249923113015,1.709854563259809e-09,1913.7635498924858,-0.4192358999349048,1.4394243669393046e-11,1900.3012717258098,5.2104506634711925,4.3256515872633534e-11,1.4490932817332235e-08,True,True
Diabetes,LDL Cholesterol (mg/dL),WBC Count (10^3/uL),Difference,-0.4416572650146156,1.5094721684721078e-12,1895.0908210623386,-0.4192358999349048,1.4394243669393046e-11,1900.3012717258098,0.33819249923113015,1.709854563259809e-09,1913.7635498924858,5.2104506634711925,4.3256515872633534e-11,1.4490932817332235e-08,True,True
Arthritis,Hemoglobin (g/dL),Creatinine Kidney (mg/dL),Ratio,-0.11226672912519306,0.0021814954886016746,5051.2385703494465,-0.023726286669806307,0.5418086691254735,5060.356985423079,0.07010146879700133,0.035895840603819514,5056.447096520271,5.208526170824371,0.01848398648771057,1.0,True,False
Liver Condition,Diastolic BP (mmHg),Creatinine Kidney (mg/dL),Ratio,0.17796298478716518,0.009618026124392196,1946.9274321900139,0.056579794017570136,0.3807700276810856,1952.6792684110108,-0.09951300361221989,0.302848045326062,1952.0940432008774,5.166611010863562,0.06705377690208067,1.0,False,False
Diabetes,Systolic BP (mmHg),LDL Cholesterol (mg/dL),Ratio,0.35329800441871806,1.6813935609747197e-11,1816.1445361956073,0.06486042375560855,0.2822662936425604,1863.4003055093108,-0.39707949423251576,3.209548352519674e-10,1821.282892253014,5.1383560574067815,4.1282297149251437e-10,1.614137818535731e-07,True,True
Hypertension,Albumin (g/dL),Alkaline Phosphatase (U/L),Ratio,-0.1488245803249692,1.589730028545246e-05,5728.300955010456,-0.0980861199375237,0.004262141783628995,5739.357096362436,0.12192220636802233,0.00015548666287287498,5733.404888358156,5.103933347700149,0.00020294425896322287,0.1526140827403436,True,False
Hypertension,WBC Count (10^3/uL),Albumin (g/dL),Ratio,0.5035216254966907,3.256220197510452e-10,5705.327840659359,0.5191883696911245,4.145058070827284e-09,5710.417159136408,-0.09836859351821162,0.004154317808919283,5738.853311109004,5.089318477049346,7.286646595827586e-09,3.125971389610034e-06,True,True
Heart Attack,Uric Acid (mg/dL),LDL Cholesterol (mg/dL),Ratio,0.2954005619832109,7.169671718953357e-06,843.3875430299594,0.13239255797242327,0.1643735370186209,859.2335091566331,-0.35447890242347313,0.0006105449423625787,848.4702709635848,5.082727933625392,9.666973104206773e-05,0.06882884850195223,True,False
Stroke,Alkaline Phosphatase (U/L),LDL Cholesterol (mg/dL),Ratio,0.3155845390616415,6.000073174623896e-07,798.0538005907918,0.3219272932807262,8.707454075231818e-06,803.134559117406,-0.19985914985202813,0.04829601532469149,816.3634222877653,5.080758526614204,9.458243427978556e-06,0.0057600702476389406,True,True
Arthritis,"Glycohemoglobin (HbA1c, %)",Insulin (uIU/mL),Ratio,-0.179140415577004,0.0014516514965671734,2468.618727360825,0.09025769293760544,0.056142306357054465,2476.6284587739647,0.13008353831645542,0.015524192281079792,2473.694895018568,5.076167657743099,0.012844105407414623,1.0,True,False
Arthritis,Calcium (mg/dL),Insulin (uIU/mL),Ratio,-0.18518399450309245,0.0017429580199213213,2463.941126919416,0.10492033203752078,0.03477949844620978,2471.073120187862,0.13014535771335103,0.015583801319181743,2469.0160481995313,5.074921280115177,0.01507423152364386,1.0,True,False
Heart Attack,Potassium (mmol/L),Triglycerides (mg/dL),Ratio,-0.3170713105215515,0.012913321927123158,860.9405829947683,0.07577948613619953,0.3924443322652216,867.1565939674535,0.12196210541124947,0.13441735137236363,866.0017899864755,5.061206991707195,0.08785817895136946,1.0,False,False
Heart Attack,Insulin (uIU/mL),LDL Cholesterol (mg/dL),Difference,0.3382844039469501,3.6394654011363096e-05,843.3889972618564,0.1524880907558193,0.008640965918008605,854.4146208922061,-0.35738898100973654,0.0005519032034212455,848.441854807442,5.052857545585653,0.0004389305006395549,0.3493886785090857,True,False
Heart Attack,LDL Cholesterol (mg/dL),Insulin (uIU/mL),Difference,-0.3382844039469501,3.6394654011363096e-05,843.3889972618564,-0.35738898100973654,0.0005519032034212455,848.441854807442,0.1524880907558193,0.008640965918008605,854.4146208922061,5.052857545585653,0.0004389305006395549,0.3493886785090857,True,False
Hypertension,Fasting Glucose (mg/dL),HDL Cholesterol (mg/dL),Difference,0.27343970813765517,4.234212766318442e-09,2821.5133353973524,0.2542058871712096,6.087140322253266e-08,2826.564996382278,-0.16153583717680786,0.0008824109121394918,2847.230242912361,5.051660984925547,8.72284175035559e-08,4.0648442556657046e-05,True,True
Hypertension,HDL Cholesterol (mg/dL),Fasting Glucose (mg/dL),Difference,-0.27343970813765517,4.234212766318442e-09,2821.5133353973524,-0.16153583717680786,0.0008824109121394918,2847.230242912361,0.2542058871712096,6.087140322253266e-08,2826.564996382278,5.051660984925547,8.72284175035559e-08,4.0648442556657046e-05,True,True
Heart Attack,LDL Cholesterol (mg/dL),Waist Circumference (cm),Ratio,-0.39874793917725954,0.0005733093021276146,755.9460111655131,-0.2981624600219012,0.0061346854331534115,760.9826973520707,0.2679538719804365,0.013334556972026311,763.0447641898177,5.036686186557517,0.005536991247912576,1.0,True,False
Thyroid Problem,Triglycerides (mg/dL),BUN Kidney (mg/dL),Ratio,0.17734687643991148,0.0015856575309968533,1617.6779251611251,0.1100287696734409,0.040604047237476404,1622.6964094474606,-0.017362587196799506,0.7891815895392431,1626.0993643017762,5.018484286335479,0.01385603485874909,1.0,True,False
Diabetes,Insulin (uIU/mL),Total Cholesterol (mg/dL),Ratio,0.674200539743881,9.134744319046048e-18,1872.150630708204,0.6449480781308538,5.336511418593407e-17,1877.1530746123585,-0.42058568967553156,2.258219935865451e-11,1931.9645924794145,5.002443904154461,4.1958634192747394e-16,8.769354546284206e-14,True,True
High Cholesterol,Waist Circumference (cm),Insulin (uIU/mL),Ratio,-0.21279032088616015,8.141667867290636e-05,2634.4065044935523,0.18106447218674682,0.0002469219645059761,2639.383947439327,0.13961519322239008,0.009722391472747656,2645.2006200648793,4.977442945774783,0.0009439614918597839,0.781600115259901,True,False
Arthritis,Sodium (mmol/L),hs-CRP Inflammation (mg/L),Difference,-0.18403383099717363,1.8747429856190096e-07,5019.849535929106,-0.08512826588340414,0.011742767684023795,5044.443340540243,0.1668646784767275,1.9095536528032675e-06,5024.8191707355545,4.969634806448084,3.260422583685234e-06,0.0017997532661942492,True,True
Arthritis,hs-CRP Inflammation (mg/L),Sodium (mmol/L),Difference,0.18403383099717363,1.8747429856190096e-07,5019.849535929106,0.1668646784767275,1.9095536528032675e-06,5024.8191707355545,-0.08512826588340414,0.011742767684023795,5044.443340540243,4.969634806448084,3.260422583685234e-06,0.0017997532661942492,True,True
Arthritis,Total Cholesterol (mg/dL),Triglycerides (mg/dL),Ratio,-0.1361722183067782,0.010722273452978852,2483.7285317959468,-0.014715695174192682,0.7608311628103409,2490.324615115778,0.062166101509294996,0.18621232198345739,2488.6846027500997,4.956070954152892,0.07415981638947908,1.0,False,False
Heart Attack,Body Mass Index (kg/m2),Total Cholesterol (mg/dL),Ratio,0.34272747258333547,4.8689746666229e-09,1614.0720267570625,0.1911769697567951,0.008424748499354323,1638.533033962293,-0.36879745603882325,8.023860708670779e-07,1619.0184174716333,4.946390714570725,9.966344733385894e-08,4.674215679957984e-05,True,True
Heart Attack,Systolic BP (mmHg),Triglycerides (mg/dL),Ratio,-0.2468318680110505,0.02738519084737624,807.7332353974127,0.06420163358636666,0.5088561986362332,812.6776785175966,0.05094997543551801,0.5009754952187335,812.720426604554,4.944443120183905,0.1722790512023669,1.0,False,False
Heart Attack,Alkaline Phosphatase (U/L),Diastolic BP (mmHg),Difference,0.20629256059179954,0.00010882860823924511,1568.1177028965,0.16542892968729567,0.002688348263479573,1573.0492284669858,-0.17107182892221437,0.008032891351029579,1573.797765542629,4.931525570485746,0.001230570835214079,1.0,True,False
Heart Attack,Diastolic BP (mmHg),Alkaline Phosphatase (U/L),Difference,-0.20629256059179954,0.00010882860823924511,1568.1177028965,-0.17107182892221437,0.008032891351029579,1573.797765542629,0.16542892968729567,0.002688348263479573,1573.0492284669858,4.931525570485746,0.001230570835214079,1.0,True,False
Diabetes,Diastolic BP (mmHg),ALT Liver Enzyme (U/L),Ratio,-0.18162818072319656,0.00012336790820809297,3781.8134469528213,-0.09902920060442208,0.015076340089825483,3791.4268338419247,0.13648992480231123,0.00045773186267256957,3786.7394340541323,4.925987101310966,0.0013675888207825549,1.0,True,False
Thyroid Problem,HDL Cholesterol (mg/dL),WBC Count (10^3/uL),Ratio,-0.1448598900429245,0.00288241245541187,3302.0994621002656,-0.10151428188712006,0.035350471350282464,3307.0155642080513,0.006782240488811225,0.8251275805903984,3311.5161912355734,4.9161021077857185,0.02348994870284716,1.0,True,False
Hypertension,Albumin (g/dL),Fasting Glucose (mg/dL),Ratio,-0.2937789528542912,2.0271905532531405e-09,2810.8249375496566,-0.014968356248163983,0.7615272446570851,2847.4323655178378,0.2538554682295562,6.839348485821408e-08,2815.7294160980327,4.904478548376119,4.258430921494562e-08,1.946102931123015e-05,True,True
Arthritis,Fasting Glucose (mg/dL),hs-CRP Inflammation (mg/L),Ratio,-0.2610399326991412,6.669620396633205e-06,2452.727297131995,0.12124625405116683,0.008807770780855356,2468.526454799996,0.20005058006434456,0.00011125075190949149,2457.628055651354,4.9007585193589875,9.086625229615765e-05,0.06402835580767877,True,False
Liver Condition,Sodium (mmol/L),Creatinine Kidney (mg/dL),Ratio,0.18089446547510674,0.011392830804686303,2052.2417912363426,-0.0388303010476944,0.523502784399251,2058.0149366615956,-0.09528818805604032,0.30597991987079476,2057.0869585082264,4.845167271883838,0.07806650658457424,1.0,False,False
Hypertension,Insulin (uIU/mL),HDL Cholesterol (mg/dL),Difference,0.2498585106285018,1.5076651067012986e-06,2822.3453558510882,0.2428004872714459,3.633610688209705e-05,2827.169332634187,-0.1584218582260995,0.001123398856741944,2836.93970161181,4.823976783098715,2.2029809778283815e-05,0.014473585024332467,True,True
Hypertension,HDL Cholesterol (mg/dL),Insulin (uIU/mL),Difference,-0.2498585106285018,1.5076651067012986e-06,2822.3453558510882,-0.1584218582260995,0.001123398856741944,2836.93970161181,0.2428004872714459,3.633610688209705e-05,2827.169332634187,4.823976783098715,2.2029809778283815e-05,0.014473585024332467,True,True
Arthritis,hs-CRP Inflammation (mg/L),LDL Cholesterol (mg/dL),Ratio,0.2295584948457089,4.1320927020033346e-05,2419.181697464561,0.19185454376353855,0.00019294931160210977,2423.9889933084537,-0.03674875390004158,0.4463567838644309,2439.7467157129004,4.807295843892916,0.0004952320841352311,0.3966808993923201,True,False
Arthritis,Total Cholesterol (mg/dL),Insulin (uIU/mL),Ratio,-0.1756821856127409,0.001951424342466279,2468.0765178609217,-0.013702019062831732,0.7773605588585473,2479.048248707786,0.1272176658717442,0.017669927361669543,2472.845754312736,4.769236451814322,0.01674144208013966,1.0,True,False
Arthritis,LDL Cholesterol (mg/dL),Insulin (uIU/mL),Ratio,-0.1743693765993462,0.002172985328220749,2434.8859253195988,-0.03957354781709768,0.41173195494670556,2444.8406930854817,0.12485674320375668,0.021848554675611878,2439.6528246778566,4.766899358257888,0.0184281441262537,1.0,True,False
Heart Attack,Potassium (mmol/L),Total Cholesterol (mg/dL),Ratio,0.3231689325660222,1.070930615211404e-08,1651.483324104887,0.08047255038262961,0.20125524302859688,1680.8428042706346,-0.3648159796095627,7.184428600731759e-07,1656.2284463085966,4.74512220370957,2.146332756999891e-07,0.00010280933906029479,True,True
Arthritis,Uric Acid (mg/dL),Albumin (g/dL),Difference,0.15571865766274412,1.9399551374550375e-05,5046.165661508629,0.13723212083113207,0.00023227547781448532,5050.902071711889,-0.11691926256747451,0.0011304154247740983,5053.924916994201,4.736410203260675,0.0002412379445539943,0.18623569319568362,True,False
Arthritis,Albumin (g/dL),Uric Acid (mg/dL),Difference,-0.15571865766274412,1.9399551374550375e-05,5046.165661508629,-0.11691926256747451,0.0011304154247740983,5053.924916994201,0.13723212083113207,0.00023227547781448532,5050.902071711889,4.736410203260675,0.0002412379445539943,0.18623569319568362,True,False
Diabetes,Diastolic BP (mmHg),AST Liver Enzyme (U/L),Ratio,0.13447200230410808,0.0011262053609793848,3781.9123263793163,-0.09842327153038764,0.01575626208268777,3786.646319732029,-0.035714628758981806,0.45658241531886146,3791.8742589248604,4.733993352712787,0.010189982531010456,1.0,True,False
Hypertension,Hemoglobin (g/dL),Alkaline Phosphatase (U/L),Ratio,-0.14817763021361335,1.7375242703092587e-05,5725.773878508615,-0.07020390628806995,0.0591511727720945,5741.237332697257,0.12275818713317896,0.000140786570320927,5730.505680032715,4.731801524099865,0.0002189006954720326,0.16680232994968883,True,False
Liver Condition,Sodium (mmol/L),Triglycerides (mg/dL),Ratio,-0.35213407995426943,0.003185264650153769,998.0629440279845,-0.20075475995396433,0.021586316366192602,1002.7897712896349,0.08600070503272177,0.15133069218193373,1006.3630631970314,4.726827261650442,0.02578291791018228,1.0,True,False
Heart Attack,Diastolic BP (mmHg),Alkaline Phosphatase (U/L),Ratio,-0.270434046275058,0.0006963011715802132,1568.3233969797834,-0.17107182892221437,0.008032891351029579,1573.797765542629,0.16542892968729567,0.002688348263479573,1573.0492284669858,4.725831487202413,0.0065857056622365,1.0,True,False
Hypertension,Alkaline Phosphatase (U/L),Hemoglobin (g/dL),Ratio,0.14266252818600184,1.2417058699813417e-05,5725.791275746336,0.12275818713317896,0.000140786570320927,5730.505680032715,-0.07020390628806995,0.0591511727720945,5741.237332697257,4.71440428637834,0.00016262450684612388,0.1192037635182088,True,False
Heart Attack,Total Cholesterol (mg/dL),Insulin (uIU/mL),Difference,-0.3682617746698813,1.5737853922890147e-05,849.0345197774844,-0.3872092797105553,0.00021250140287376636,853.7446556039796,0.1492012894063818,0.009401817912068115,862.0047667147184,4.710135826495161,0.00020117629515279016,0.1510833976597454,True,False
Heart Attack,Insulin (uIU/mL),Total Cholesterol (mg/dL),Difference,0.3682617746698813,1.5737853922890147e-05,849.0345197774844,0.1492012894063818,0.009401817912068115,862.0047667147184,-0.3872092797105553,0.00021250140287376636,853.7446556039796,4.710135826495161,0.00020117629515279016,0.1510833976597454,True,False
Diabetes,Diastolic BP (mmHg),Alkaline Phosphatase (U/L),Ratio,-0.1654761763044116,0.00040050932931328325,3784.3870265892447,-0.0990031806815982,0.01509746261595157,3791.459837346778,0.16729071321063718,0.002247417184171065,3789.0559348398556,4.668908250610912,0.0039761008908040536,1.0,True,False
Arthritis,Potassium (mmol/L),Insulin (uIU/mL),Ratio,-0.18163960886228048,0.002544045395062859,2463.904751758027,-0.07320804954960106,0.13552110395623632,2472.7555503591207,0.12878699259584986,0.016570057273108882,2468.5735561520096,4.668804393982555,0.021036034274421574,1.0,True,False
Hypertension,hs-CRP Inflammation (mg/L),HDL Cholesterol (mg/dL),Ratio,0.2882572120077758,9.050474343429432e-13,5675.317510057934,0.27320752066677384,3.94914072908191e-12,5679.976499115966,-0.21995355621254473,3.740695604337366e-10,5699.8403242867935,4.658989058032603,2.6249109878224338e-11,8.688455369692256e-09,True,True
Hypertension,Hemoglobin (g/dL),Diastolic BP (mmHg),Difference,-0.31605770876205896,1.6482767264017772e-21,5536.77622197472,-0.04972147282657794,0.18451860719388857,5629.055304725192,0.30945488459157267,1.4328199894541183e-20,5541.430723211769,4.654501237048862,1.0208681660294877e-19,1.5823456573457063e-17,True,True
Hypertension,Diastolic BP (mmHg),Hemoglobin (g/dL),Difference,0.31605770876205896,1.6482767264017772e-21,5536.77622197472,0.30945488459157267,1.4328199894541183e-20,5541.430723211769,-0.04972147282657794,0.18451860719388857,5629.055304725192,4.654501237048862,1.0208681660294877e-19,1.5823456573457063e-17,True,True
Liver Condition,Platelet Count (10^3/uL),"Glycohemoglobin (HbA1c, %)",Ratio,-0.26611430727633173,0.0003534157355826469,2075.3743142772983,-0.2051443133303487,0.003932624296824632,2080.0136311289307,0.09943783606303218,0.06917078749681298,2085.694054900685,4.6393168516324295,0.0035452362190108782,1.0,True,False
Arthritis,Albumin (g/dL),Triglycerides (mg/dL),Ratio,-0.1793974972306803,0.0018735520134782475,2470.7332826623797,-0.12157935707389676,0.01920659713555023,2475.360348267083,0.06329298655777538,0.17952089522821746,2479.0400207024186,4.627065604703148,0.01610214801198852,1.0,True,False
Hypertension,Alkaline Phosphatase (U/L),LDL Cholesterol (mg/dL),Ratio,0.21759346974173874,8.217412845782225e-06,2793.946109034229,0.19079453094417168,4.729150758219934e-05,2798.5277088959983,-0.10340883189480829,0.022013048955523105,2810.0585985300318,4.581599861769519,0.00011002393768411346,0.07888716331950936,True,False
Arthritis,Hemoglobin (g/dL),Triglycerides (mg/dL),Ratio,-0.13994821308224523,0.01345683038562057,2484.1031446703173,0.034545392143307666,0.5346313138626464,2490.0308505668368,0.062166101509294996,0.18621232198345739,2488.6846027500997,4.581458079782351,0.09142644847980005,1.0,False,False
Arthritis,AST Liver Enzyme (U/L),Insulin (uIU/mL),Ratio,-0.2210305557895052,0.0033289884864278756,2457.5247536177535,-0.02614202013723254,0.6227997917926704,2468.3966090164668,0.13044281779548292,0.015522832491141102,2462.0964654034574,4.571711785703883,0.02692358000817827,1.0,True,False
Thyroid Problem,Diastolic BP (mmHg),WBC Count (10^3/uL),Ratio,-0.0986281217214115,0.03399866075825395,3197.0187397403297,-0.0025955398223639803,0.9531952008827023,3201.6160122053907,0.005783909485143185,0.8537954604906846,3201.5866468947556,4.567907154425939,0.20802239852086546,1.0,False,False
Stroke,Waist Circumference (cm),ALT Liver Enzyme (U/L),Difference,0.2501773338862677,0.003654598128534448,1552.3141559658015,0.1580606039012052,0.04035865454511052,1556.8515067870144,-0.20660505964449027,0.07258113124453841,1557.2097322796408,4.53735082121284,0.02916387533992577,1.0,True,False
Stroke,ALT Liver Enzyme (U/L),Waist Circumference (cm),Difference,-0.2501773338862677,0.003654598128534448,1552.3141559658015,-0.20660505964449027,0.07258113124453841,1557.2097322796408,0.1580606039012052,0.04035865454511052,1556.8515067870144,4.53735082121284,0.02916387533992577,1.0,True,False
High Cholesterol,Waist Circumference (cm),hs-CRP Inflammation (mg/L),Difference,0.2640358387739634,1.1525167925673923e-13,5378.59094105421,0.25223550996299565,5.689816985547316e-13,5383.118790976674,-0.017543638228056484,0.5814131814509205,5434.760521738795,4.527849922464156,3.8021172538305724e-12,1.1064161208646966e-09,True,True
High Cholesterol,hs-CRP Inflammation (mg/L),Waist Circumference (cm),Difference,-0.2640358387739634,1.1525167925673923e-13,5378.59094105421,-0.017543638228056484,0.5814131814509205,5434.760521738795,0.25223550996299565,5.689816985547316e-13,5383.118790976674,4.527849922464156,3.8021172538305724e-12,1.1064161208646966e-09,True,True
Diabetes,Sodium (mmol/L),Potassium (mmol/L),Difference,-0.18532318203417977,1.2073663051461737e-06,3951.1166232259425,-0.16784306350126418,1.209050315105059e-05,3955.637047897874,0.12917936400588195,0.0007676887920592615,3963.532094251214,4.520424671931323,1.7998007033234888e-05,0.011590716529403267,True,True
Diabetes,Potassium (mmol/L),Sodium (mmol/L),Difference,0.18532318203417977,1.2073663051461737e-06,3951.1166232259425,0.12917936400588195,0.0007676887920592615,3963.532094251214,-0.16784306350126418,1.209050315105059e-05,3955.637047897874,4.520424671931323,1.7998007033234888e-05,0.011590716529403267,True,True
Arthritis,Sodium (mmol/L),Insulin (uIU/mL),Ratio,-0.18774114790178406,0.001439829295202638,2465.4365486520505,-0.13289497173313175,0.006305744324879043,2469.9387792114885,0.12947420974454327,0.016011767375361377,2470.963134649746,4.502230559437976,0.01275125575087207,1.0,True,False
Thyroid Problem,Uric Acid (mg/dL),WBC Count (10^3/uL),Ratio,-0.10465955290894624,0.03583623604480423,3278.466037881667,0.003081089531356684,0.9499144595428085,3283.002952197976,0.007393703623907053,0.8094613927380744,3282.9509924339827,4.484954552315685,0.2184303911302353,1.0,False,False
Heart Attack,Diastolic BP (mmHg),"Glycohemoglobin (HbA1c, %)",Ratio,-0.3147998880428871,3.23009866036908e-06,1579.587666637297,-0.16592093152410395,0.010140988008763833,1594.4310040549901,0.23324161997781884,8.605246677591298e-06,1584.051130532195,4.463463894898041,4.573591023531441e-05,0.031008947139543167,True,True
Hypertension,Hemoglobin (g/dL),Body Mass Index (kg/m2),Ratio,-0.5894466203281882,7.912548825259395e-53,5528.999634764803,-0.04332366108718113,0.24270108119071276,5784.391119202703,0.5295608624272096,1.0126127400571625e-52,5533.429795249128,4.430160484324915,2.712873882946078e-50,7.596046872249018e-49,True,True
Heart Attack,Systolic BP (mmHg),WBC Count (10^3/uL),Ratio,-0.14994539642995283,0.03423323790745336,1601.347295730773,0.0288272592425942,0.6818786847632273,1605.9314651428672,0.02479166282315351,0.5036795464691843,1605.766081954805,4.418786224031919,0.2091910145840562,1.0,False,False
Stroke,BUN Kidney (mg/dL),HDL Cholesterol (mg/dL),Ratio,0.22283285588057017,1.9666140724822967e-05,1721.1587019394133,0.19378791326086062,0.00025877301826025893,1725.5537816949059,-0.11571298392277704,0.12248583129498623,1735.0668978873382,4.3950797554925884,0.0002442366765307898,0.18879495095830048,True,False
Liver Condition,Calcium (mg/dL),Creatinine Kidney (mg/dL),Ratio,0.17331280015234918,0.01505555960923745,2052.5775349733713,-0.0645974514518603,0.29638072538830096,2057.2150765830365,-0.09529463374587797,0.3060259572988149,2056.971639109608,4.39410413623682,0.10121384611252068,1.0,False,False
Diabetes,Systolic BP (mmHg),Total Cholesterol (mg/dL),Ratio,0.31620619684084883,1.1413558333750698e-17,3781.851593473667,0.02010527452534637,0.6457697484957021,3856.3450861930132,-0.3568704127314947,5.808932514147686e-16,3786.236263781667,4.384670307999841,5.168403773773901e-16,1.095701600040067e-13,True,True
Hypertension,Alkaline Phosphatase (U/L),HDL Cholesterol (mg/dL),Ratio,0.22206868087446274,1.8107917901645265e-11,5698.976185748457,0.12209389356286984,0.00015275332645127494,5730.448834742396,-0.2211266273229888,3.0012855893027046e-10,5703.314894663202,4.3387089147445295,4.4345921391784324e-10,1.7383601185579453e-07,True,True
Hypertension,ALT Liver Enzyme (U/L),Total Cholesterol (mg/dL),Ratio,0.184429033732754,1.531012567043633e-07,5714.472102409354,0.16617669237951183,3.778490184435619e-07,5718.806511184561,-0.09752804051214244,0.0025899110947490995,5735.432901028028,4.334408775206612,2.7067625494694062e-06,0.0014697720643618876,True,True
Heart Attack,WBC Count (10^3/uL),hs-CRP Inflammation (mg/L),Ratio,-0.19397254371431155,0.045073946538419424,1676.524063235655,0.023859197491306453,0.5058072804466487,1681.057975843345,0.04348582129160894,0.44228151136792104,1680.8555927632806,4.331529527625662,0.2671048683758188,1.0,False,False
Heart Attack,LDL Cholesterol (mg/dL),Body Mass Index (kg/m2),Ratio,-0.40441673142333995,0.00022808832892089848,817.5613692305606,-0.33210967548090004,0.0015642575735721764,821.8884230462827,0.2125814537862619,0.03849997503418236,828.6247502529295,4.327053815722138,0.0023646306238019714,1.0,True,False
Liver Condition,Potassium (mmol/L),Creatinine Kidney (mg/dL),Ratio,0.16527255038265196,0.015544755469027937,2052.3242639737964,-0.031427443693836966,0.6148057522632395,2057.716974143381,-0.09519187508492838,0.30621135201626004,2056.6392218020874,4.3149578282909715,0.10390250163730919,1.0,False,False
Thyroid Problem,Uric Acid (mg/dL),Triglycerides (mg/dL),Ratio,-0.2028511182042091,0.008034246947103857,1618.4162542061704,-0.046768828353925616,0.5043027262877098,1625.7229679553977,0.1100287696734409,0.040604047237476404,1622.6964094474606,4.280155241290231,0.05790448250164942,1.0,False,False
Arthritis,Body Mass Index (kg/m2),Sodium (mmol/L),Difference,0.40394430243161655,3.5487978639087483e-29,4846.053233185851,0.3954192434149437,2.3548618629396765e-28,4850.3197580186425,-0.08611956292942494,0.011464184691345938,4969.551350294813,4.2665248327912195,3.275813412838845e-27,3.4068459493523984e-25,True,True
Arthritis,Sodium (mmol/L),Body Mass Index (kg/m2),Difference,-0.40394430243161655,3.5487978639087483e-29,4846.053233185851,-0.08611956292942494,0.011464184691345938,4969.551350294813,0.3954192434149437,2.3548618629396765e-28,4850.3197580186425,4.2665248327912195,3.275813412838845e-27,3.4068459493523984e-25,True,True
Liver Condition,Albumin (g/dL),Body Mass Index (kg/m2),Ratio,-0.20082185801376645,0.0038526590536979424,2004.0575903922431,-0.1131050255914132,0.08484227082169243,2009.685109209632,0.13168147585335963,0.03378749007623674,2008.3175311102586,4.259940718015514,0.030541310417423816,1.0,True,False
Heart Attack,Diastolic BP (mmHg),BUN Kidney (mg/dL),Difference,-0.2113441546146119,0.0007252728138026992,1569.6512089209014,-0.17106171558350863,0.00804473631954967,1573.8728468092977,0.14687772227641563,0.008724649003191387,1574.3315509364254,4.221637888396344,0.006806079191110373,1.0,True,False
Heart Attack,BUN Kidney (mg/dL),Diastolic BP (mmHg),Difference,0.2113441546146119,0.0007252728138026992,1569.6512089209014,0.14687772227641563,0.008724649003191387,1574.3315509364254,-0.17106171558350863,0.00804473631954967,1573.8728468092977,4.221637888396344,0.006806079191110373,1.0,True,False
Heart Attack,LDL Cholesterol (mg/dL),WBC Count (10^3/uL),Ratio,-0.4292557865826897,0.0001734180069864507,846.5051023210173,-0.34860224353910557,0.0007225754081224855,850.7099754568181,0.24902047712552136,0.0034902666505179075,853.785457588948,4.204873135800881,0.001843646585902466,1.0,True,False
Hypertension,Platelet Count (10^3/uL),Albumin (g/dL),Ratio,0.1451532454656388,1.4971192338270388e-05,5728.348796082343,0.1289756141255763,0.00013568524267387915,5732.51329097248,-0.09836859351821162,0.004154317808919283,5738.853311109004,4.164494890136666,0.00019265877539865377,0.14372344644739574,True,False
Stroke,Total Cholesterol (mg/dL),Triglycerides (mg/dL),Ratio,-0.29680200691670794,0.017861793398811037,828.1580017312476,-0.14359829385547898,0.14956556597467996,832.3123147195174,0.05074709965528221,0.5524807499692101,834.1518845276622,4.154312988269794,0.1176085162061632,1.0,False,False
Liver Condition,Potassium (mmol/L),Alkaline Phosphatase (U/L),Ratio,-0.4032690929079129,2.1319037611239974e-07,2027.795788633609,-0.031427443693836966,0.6148057522632395,2057.716974143381,0.259952397446677,2.993558776942041e-07,2031.9383365057156,4.142547872106661,3.6942736654856273e-06,0.0020466276106790374,True,True
Thyroid Problem,ALT Liver Enzyme (U/L),hs-CRP Inflammation (mg/L),Ratio,-0.15848602110582735,0.020523015831584605,3273.728159854235,-0.03174973808045006,0.5777562799428766,3279.605294015688,0.056453532483821074,0.13398004334795624,3277.863252231922,4.135092377687215,0.13348302979892426,1.0,False,False
Arthritis,Alkaline Phosphatase (U/L),AST Liver Enzyme (U/L),Ratio,0.10441048797903026,0.0020604997212573554,5039.102705088281,0.07915634185769924,0.018848712518315495,5043.222388465133,-0.01922847585047861,0.6002006308964822,5048.3127278527145,4.119683376851754,0.017582930954729434,1.0,True,False
Stroke,hs-CRP Inflammation (mg/L),LDL Cholesterol (mg/dL),Ratio,0.1890634387099104,0.0005752627493492701,801.0326850150669,0.15488184176489386,0.01091362231505809,805.1480390297908,-0.2003373992316795,0.049792500373523924,806.060984269398,4.1153540147238346,0.005550273762565822,1.0,True,False
Hypertension,HDL Cholesterol (mg/dL),Triglycerides (mg/dL),Ratio,-0.21410536843821354,3.871813886650212e-05,2840.5814218479527,-0.16153583717680786,0.0008824109121394918,2847.230242912361,0.18251140407193994,0.000590502625621222,2844.696691330392,4.115269482439089,0.00046519916535471887,0.37169413311842037,True,False
Hypertension,Sodium (mmol/L),ALT Liver Enzyme (U/L),Ratio,-0.1973705277305768,7.828496838221834e-08,5717.756316557801,-0.0222371438050793,0.4828195623130467,5747.014127777354,0.16569867861193166,4.036819877125976e-07,5721.870225704206,4.113909146404694,1.4126610835889024e-06,0.0007515356964692961,True,True
Heart Attack,LDL Cholesterol (mg/dL),Waist Circumference (cm),Difference,-0.3604970687671366,0.0007057556292577162,756.8764421997698,-0.2981624600219012,0.0061346854331534115,760.9826973520707,0.2679538719804365,0.013334556972026311,763.0447641898177,4.106255152300832,0.006662000040190831,1.0,True,False
Heart Attack,Waist Circumference (cm),LDL Cholesterol (mg/dL),Difference,0.3604970687671366,0.0007057556292577162,756.8764421997698,0.2679538719804365,0.013334556972026311,763.0447641898177,-0.2981624600219012,0.0061346854331534115,760.9826973520707,4.106255152300832,0.006662000040190831,1.0,True,False
Stroke,ALT Liver Enzyme (U/L),Triglycerides (mg/dL),Ratio,-0.41628922465886675,0.01538374039478339,825.6359380501849,-0.263036303435577,0.09202120840515478,829.7221346963022,0.0616507006238076,0.4825838541090278,832.6186822616392,4.086196646117287,0.10305925177244979,1.0,False,False
Heart Attack,Sodium (mmol/L),Total Cholesterol (mg/dL),Ratio,0.32630618737571,1.501279944632464e-08,1652.6491511804002,-0.06542283896596932,0.2965818399751373,1682.0206299595493,-0.36630880224335743,6.745165473752271e-07,1656.7167209039933,4.067569723593124,2.9472980508121995e-07,0.00014412287468471656,True,True
Heart Attack,BUN Kidney (mg/dL),HDL Cholesterol (mg/dL),Difference,0.3658752915576665,1.5662366498519085e-06,1658.8081416559758,0.1385653958932211,0.011480556942317656,1677.096838829396,-0.3649818096713518,1.8775270906025364e-05,1662.8568919408362,4.048750284860489,2.281619398873797e-05,0.01503587183857832,True,True
Heart Attack,HDL Cholesterol (mg/dL),BUN Kidney (mg/dL),Difference,-0.3658752915576665,1.5662366498519085e-06,1658.8081416559758,-0.3649818096713518,1.8775270906025364e-05,1662.8568919408362,0.1385653958932211,0.011480556942317656,1677.096838829396,4.048750284860489,2.281619398873797e-05,0.01503587183857832,True,True
Heart Attack,Body Mass Index (kg/m2),Diastolic BP (mmHg),Difference,0.20641847128538093,0.0014351248398703715,1621.9569557573086,0.18262631821379968,0.013056177151518349,1625.9957230641894,-0.14879844482456217,0.021080670510653977,1626.6632933802093,4.0387673068808,0.012721328220457587,1.0,True,False
Heart Attack,Diastolic BP (mmHg),Body Mass Index (kg/m2),Difference,-0.20641847128538093,0.0014351248398703715,1621.9569557573086,-0.14879844482456217,0.021080670510653977,1626.6632933802093,0.18262631821379968,0.013056177151518349,1625.9957230641894,4.0387673068808,0.012721328220457587,1.0,True,False
Arthritis,Body Mass Index (kg/m2),Sodium (mmol/L),Ratio,0.40266079582235254,3.6890906672483545e-29,4846.280993118371,0.3954192434149437,2.3548618629396765e-28,4850.3197580186425,-0.08611956292942494,0.011464184691345938,4969.551350294813,4.038764900271417,3.372882895769924e-27,3.5415270405584206e-25,True,True
Diabetes,BUN Kidney (mg/dL),Albumin (g/dL),Difference,0.25962097756366986,1.576159165757553e-12,3926.3181318124393,0.2487982957347035,1.0937254248510415e-11,3930.354460639639,-0.29074342140210957,1.4474157125718921e-11,3931.4977212321855,4.036328827199668,4.463459584446168e-11,1.513112799127251e-08,True,True
Diabetes,Albumin (g/dL),BUN Kidney (mg/dL),Difference,-0.25962097756366986,1.576159165757553e-12,3926.3181318124393,-0.29074342140210957,1.4474157125718921e-11,3931.4977212321855,0.2487982957347035,1.0937254248510415e-11,3930.354460639639,4.036328827199668,4.463459584446168e-11,1.513112799127251e-08,True,True
Liver Condition,Platelet Count (10^3/uL),Waist Circumference (cm),Difference,-0.24467484519246813,0.0010277104771137919,1956.0692439554646,-0.18966615798017783,0.009696691807815664,1960.3862071958788,0.17784414176303984,0.006302471332465874,1960.0967107375218,4.027466782057218,0.00937834655921331,1.0,True,False
Liver Condition,Waist Circumference (cm),Platelet Count (10^3/uL),Difference,0.24467484519246813,0.0010277104771137919,1956.0692439554646,0.17784414176303984,0.006302471332465874,1960.0967107375218,-0.18966615798017783,0.009696691807815664,1960.3862071958788,4.027466782057218,0.00937834655921331,1.0,True,False
Liver Condition,Waist Circumference (cm),HDL Cholesterol (mg/dL),Ratio,0.24689918681507483,5.3877992909579174e-05,1918.3073544201566,0.17274303563912888,0.008670104141320438,1926.7085326836186,-0.24881489549283595,0.001336870950531277,1922.3220371798452,4.01468275968864,0.0006385539900394568,0.5172287319319601,True,False
Hypertension,Potassium (mmol/L),hs-CRP Inflammation (mg/L),Difference,-0.28453081085223436,9.173135883718327e-13,5668.941588421339,-0.17114727961092469,1.2069142491127786e-07,5705.3826244677675,0.2735558448064386,3.961038103503908e-12,5672.9444143973,4.002825975961059,2.644507642153031e-11,8.806210448369594e-09,True,True
Hypertension,hs-CRP Inflammation (mg/L),Potassium (mmol/L),Difference,0.28453081085223436,9.173135883718327e-13,5668.941588421339,0.2735558448064386,3.961038103503908e-12,5672.9444143973,-0.17114727961092469,1.2069142491127786e-07,5705.3826244677675,4.002825975961059,2.644507642153031e-11,8.806210448369594e-09,True,True
High Cholesterol,Potassium (mmol/L),hs-CRP Inflammation (mg/L),Ratio,-0.07380677716352553,0.0447343603974026,5743.723360004349,0.0039076653381107385,0.902677978198943,5747.844603645219,-0.01152173105427764,0.7069473655202123,5747.717037452329,3.9936774479801898,0.26525624448120133,1.0,False,False
Heart Attack,Potassium (mmol/L),Creatinine Kidney (mg/dL),Ratio,-0.2035406204215987,0.01290518337704311,1676.300393927325,0.08037125793565353,0.20171649413847914,1680.9929825664478,0.0762708610332433,0.08891629764654109,1680.2829503081118,3.9825563807867184,0.08785817895136946,1.0,False,False
Hypertension,Uric Acid (mg/dL),Albumin (g/dL),Ratio,0.44986139191243063,6.261743621634459e-36,5579.9889970938075,0.45906873699299705,1.2932741026115585e-35,5583.970973825564,-0.09741034786983636,0.004529845065087955,5739.825291669546,3.981976731756731,7.330821800937904e-34,6.011273876769081e-32,True,True
Hypertension,Potassium (mmol/L),Triglycerides (mg/dL),Ratio,-0.272495951640198,8.351760074761447e-07,2818.4690281406747,-0.18529134174347384,5.744700238101044e-05,2828.06580606236,0.21118543279244387,6.172327151269054e-06,2822.4408166334943,3.9717884928195417,1.2706322776182232e-05,0.00801768967177099,True,True
Heart Attack,Platelet Count (10^3/uL),Body Mass Index (kg/m2),Ratio,-0.26015631856369614,0.0009906088556966952,1655.7532458315206,-0.21488454516918656,0.006384882024813125,1659.7056007627996,0.18126604535531932,0.012256362486097872,1661.6052075144848,3.952354931278933,0.009091630033162785,1.0,True,False
Arthritis,"Glycohemoglobin (HbA1c, %)",hs-CRP Inflammation (mg/L),Ratio,-0.20880943841096378,1.3138976357337532e-07,5028.909625687722,0.07125377976800382,0.03048213850253393,5054.465164961043,0.16766257684743147,1.741613385311477e-06,5032.85828873357,3.948663045847752,2.335818019082228e-06,0.0012613417303044031,True,True
Thyroid Problem,Total Cholesterol (mg/dL),Triglycerides (mg/dL),Ratio,-0.18906353265206818,0.009485899652590809,1639.0181885776603,-0.006493274075460396,0.9166509617557876,1646.2022576644774,0.10646082036613198,0.04753026976322176,1642.960268395805,3.942079818144748,0.06647053771158523,1.0,False,False
High Cholesterol,Sodium (mmol/L),HDL Cholesterol (mg/dL),Ratio,0.2570874312820492,4.238785258826872e-14,5706.934229918518,-0.004834401693958722,0.8780273374407375,5765.66414041376,-0.25754180697322776,5.194929518073584e-13,5710.830523312794,3.8962933942757445,1.4743600900267381e-12,4.069233848473797e-10,True,True
Stroke,Sodium (mmol/L),Total Cholesterol (mg/dL),Ratio,0.24220948503541073,5.20183072485657e-05,1722.13132317926,0.05576120841067161,0.3883733271482407,1736.947228200373,-0.23637676105945543,0.0008246153914738479,1726.0187318730184,3.887408693758289,0.0006195728903054973,0.49937574958623077,True,False
Stroke,Body Mass Index (kg/m2),ALT Liver Enzyme (U/L),Ratio,0.19070535437486802,0.00351905334841648,1662.2667572520045,0.11212517681645971,0.11512409255941951,1667.7458395151145,-0.20589915401412787,0.0646924641638286,1666.1492120670696,3.8824548150651026,0.028199425830382478,1.0,True,False
Heart Attack,Sodium (mmol/L),"Glycohemoglobin (HbA1c, %)",Ratio,-0.27174402682419735,7.517618050603035e-06,1664.5207350045016,-0.06564382483806001,0.29490319416085464,1682.087418851163,0.21569036385325627,3.236964259703965e-05,1668.3902148950842,3.8694798905826246,0.00010107721748709963,0.07216913328578914,True,False
Diabetes,Triglycerides (mg/dL),Diastolic BP (mmHg),Difference,0.35256143008536545,3.689533575512383e-08,1857.6285787979837,0.33099590632737663,1.869094890496786e-07,1861.467631399872,-0.13603409962576007,0.01836181622672515,1888.7095751620059,3.8390526018883975,6.877577150469685e-07,0.00035419522324918874,True,True
Diabetes,Diastolic BP (mmHg),Triglycerides (mg/dL),Difference,-0.35256143008536545,3.689533575512383e-08,1857.6285787979837,-0.13603409962576007,0.01836181622672515,1888.7095751620059,0.33099590632737663,1.869094890496786e-07,1861.467631399872,3.8390526018883975,6.877577150469685e-07,0.00035419522324918874,True,True
Liver Condition,Calcium (mg/dL),Uric Acid (mg/dL),Ratio,-0.22964729225327693,0.00407764412709119,2049.3935719986207,-0.0645974514518603,0.29638072538830096,2057.2150765830365,0.1487637343520369,0.021973174915277064,2053.1912576993655,3.7976857007447506,0.03216547544788449,1.0,True,False
Hypertension,Triglycerides (mg/dL),Potassium (mmol/L),Ratio,0.2279780700102583,1.1617016304924745e-06,2818.655700256913,0.21118543279244387,6.172327151269054e-06,2822.4408166334943,-0.18529134174347384,5.744700238101044e-05,2828.06580606236,3.7851163765813,1.7480149925905575e-05,0.011152335652727755,True,True
Hypertension,Waist Circumference (cm),Potassium (mmol/L),Difference,0.5869035875811923,4.6934974872690674e-57,5172.501252902051,0.5829598895525457,2.353513991046155e-56,5176.285056216157,-0.17154056287884434,2.2936136468839324e-07,5416.52683638514,3.783803314105171,2.2528787938891522e-54,4.505757587778304e-53,True,True
Hypertension,Potassium (mmol/L),Waist Circumference (cm),Difference,-0.5869035875811923,4.6934974872690674e-57,5172.501252902051,-0.17154056287884434,2.2936136468839324e-07,5416.52683638514,0.5829598895525457,2.353513991046155e-56,5176.285056216157,3.783803314105171,2.2528787938891522e-54,4.505757587778304e-53,True,True
Diabetes,hs-CRP Inflammation (mg/L),Albumin (g/dL),Ratio,0.23546569789778612,4.169786572233621e-12,3911.66010809619,0.22788814065510088,8.474019107243641e-12,3915.4246773048653,-0.2912538010943536,1.4817014084582024e-11,3920.1929061626815,3.7645692086753115,1.102753473648561e-10,4.0029951093442765e-08,True,True
Stroke,LDL Cholesterol (mg/dL),hs-CRP Inflammation (mg/L),Ratio,-0.43541607718355385,0.009296472880753873,801.3917732806749,-0.2003373992316795,0.049792500373523924,806.060984269398,0.15488184176489386,0.01091362231505809,805.1480390297908,3.756265749115869,0.06558382876993583,1.0,False,False
Arthritis,Total Cholesterol (mg/dL),"Glycohemoglobin (HbA1c, %)",Ratio,-0.10068972245226226,0.0033448086581952382,5080.6395084265205,-0.06846429647717049,0.04552479747164897,5085.279091794214,0.0732271288163227,0.02566464002524818,5084.37859045754,3.7390820310192794,0.027028756833900915,1.0,True,False
Hypertension,Triglycerides (mg/dL),Hemoglobin (g/dL),Ratio,0.20225528389361858,8.712561056746747e-05,2840.966330096496,0.18251140407193994,0.000590502625621222,2844.696691330392,-0.04379054261387092,0.40743297709209136,2857.9183152106557,3.7303612338955645,0.0010077179053586598,0.8364058614476877,True,False
Thyroid Problem,AST Liver Enzyme (U/L),hs-CRP Inflammation (mg/L),Ratio,-0.13497020154037903,0.02474385229078224,3260.2257009663726,-0.04578474635079207,0.4055137075870332,3265.202103592861,0.055886646846320776,0.13928051303788694,3263.9337127326876,3.7080117663149395,0.15720779747949004,1.0,False,False
Stroke,Systolic BP (mmHg),LDL Cholesterol (mg/dL),Ratio,0.20930309891704355,0.00491687836363864,764.1322612719875,0.16180206201461572,0.09838928834458996,768.5164846879695,-0.1867779648525408,0.07444265002695555,767.8396540517938,3.7073927798062414,0.038220269061482556,1.0,True,False
Stroke,Sodium (mmol/L),LDL Cholesterol (mg/dL),Ratio,0.21015166165996976,0.0027614302399221716,812.767026300261,0.04556106612053166,0.632391922773138,820.3535078452413,-0.200241535424189,0.04789428992444964,816.4739979807342,3.7069716804732025,0.02261922380823622,1.0,True,False
Stroke,Potassium (mmol/L),LDL Cholesterol (mg/dL),Ratio,0.2097291286748481,0.002848366775286212,812.7877228073564,-0.06517731211330799,0.49499309885826537,820.114916126334,-0.200241535424189,0.04789428992444964,816.4739979807342,3.686275173377794,0.023232218388060864,1.0,True,False
Arthritis,HDL Cholesterol (mg/dL),Triglycerides (mg/dL),Ratio,-0.13056003884967213,0.0160360191185232,2484.3789113175326,-0.07895609021175137,0.1265301661717531,2488.049648193022,0.062166101509294996,0.18621232198345739,2488.6846027500997,3.670736875489638,0.10661065341954482,1.0,False,False
Stroke,Total Cholesterol (mg/dL),Waist Circumference (cm),Ratio,-0.2604316860217554,0.0007157821404408933,1553.1011067698962,-0.21226648849608307,0.004346052896395562,1556.7357107319006,0.16143213196888437,0.03601564786494286,1560.8819363327257,3.6346039620043484,0.006743384247529515,1.0,True,False
Diabetes,LDL Cholesterol (mg/dL),Systolic BP (mmHg),Ratio,-0.4328757490367049,7.124346858363652e-11,1817.6483387832584,-0.39707949423251576,3.209548352519674e-10,1821.282892253014,0.06486042375560855,0.2822662936425604,1863.4003055093108,3.6345534697557014,1.6929141049576993e-09,6.839372984029105e-07,True,True
Arthritis,Albumin (g/dL),Fasting Glucose (mg/dL),Ratio,-0.16822948488173642,0.0009608017943660573,2471.328654842432,-0.12183320365865152,0.018933919524120615,2476.7359498356573,0.12473100024629406,0.006920278859087855,2474.9548797426914,3.6262249002593308,0.0088349590286534,1.0,True,False
Liver Condition,Sodium (mmol/L),Alkaline Phosphatase (U/L),Ratio,-0.4015132569239525,2.469288339433635e-07,2028.670123471506,-0.03931559019986149,0.5182895728660525,2057.8887817497944,0.2598550122680586,3.0302296062604175e-07,2032.295719122128,3.6255956506220173,4.2406382931239535e-06,0.0023705168058562897,True,True
Stroke,ALT Liver Enzyme (U/L),Systolic BP (mmHg),Difference,-0.2770127425375833,0.0002954723998564543,1628.8393913237157,-0.18275163024241103,0.09605929121314152,1638.6822322874177,0.20742783796000094,0.001775978720653978,1632.4561715260072,3.6167802022914657,0.0029921255681666257,1.0,True,False
Stroke,Systolic BP (mmHg),ALT Liver Enzyme (U/L),Difference,0.2770127425375833,0.0002954723998564543,1628.8393913237157,0.20742783796000094,0.001775978720653978,1632.4561715260072,-0.18275163024241103,0.09605929121314152,1638.6822322874177,3.6167802022914657,0.0029921255681666257,1.0,True,False
Diabetes,Body Mass Index (kg/m2),Albumin (g/dL),Difference,0.533847054119479,7.986024433175414e-38,3720.0337583643977,0.526148617650047,4.440026899595437e-37,3723.6428327811877,-0.2926008059462088,1.7407958467660885e-11,3840.4001021402346,3.6090744167900084,1.022211127446453e-35,7.6665834558483975e-34,True,True
Diabetes,Albumin (g/dL),Body Mass Index (kg/m2),Difference,-0.533847054119479,7.986024433175414e-38,3720.0337583643977,-0.2926008059462088,1.7407958467660885e-11,3840.4001021402346,0.526148617650047,4.440026899595437e-37,3723.6428327811877,3.6090744167900084,1.022211127446453e-35,7.6665834558483975e-34,True,True
Arthritis,Total Cholesterol (mg/dL),Alkaline Phosphatase (U/L),Difference,-0.10252353357429014,0.002476426071799637,5052.687973689181,-0.0696753370653501,0.04236527595478501,5057.738725831374,0.0806444398579798,0.016495250807986778,5056.286135888184,3.598162199003127,0.020583281635737243,1.0,True,False
Arthritis,Alkaline Phosphatase (U/L),Total Cholesterol (mg/dL),Difference,0.10252353357429014,0.002476426071799637,5052.687973689181,0.0806444398579798,0.016495250807986778,5056.286135888184,-0.0696753370653501,0.04236527595478501,5057.738725831374,3.598162199003127,0.020583281635737243,1.0,True,False
Hypertension,Albumin (g/dL),WBC Count (10^3/uL),Difference,-0.5351747998065567,6.752974879278029e-10,5706.8202140960275,-0.09836859351821162,0.004154317808919283,5738.853311109004,0.5191883696911245,4.145058070827284e-09,5710.417159136408,3.596945040380888,1.4834910489947156e-08,6.482855884106907e-06,True,True
Hypertension,WBC Count (10^3/uL),Albumin (g/dL),Difference,0.5351747998065567,6.752974879278029e-10,5706.8202140960275,0.5191883696911245,4.145058070827284e-09,5710.417159136408,-0.09836859351821162,0.004154317808919283,5738.853311109004,3.596945040380888,1.4834910489947156e-08,6.482855884106907e-06,True,True
Liver Condition,Calcium (mg/dL),Alkaline Phosphatase (U/L),Ratio,-0.40142223387905607,2.5721830413689197e-07,2028.606747421705,-0.06487512892769605,0.29430339413566875,2057.089749124835,0.25979011357263054,3.0541122004705645e-07,2032.196250001999,3.589502580294038,4.393764625825913e-06,0.002469295719714163,True,True
Thyroid Problem,AST Liver Enzyme (U/L),WBC Count (10^3/uL),Ratio,-0.12997269865589717,0.048657635327227076,3270.4480183514333,-0.05279541141640241,0.3408046206481572,3274.019099903398,0.0075343701869469695,0.8059131472755966,3274.939395783337,3.571081551964653,0.2843051120763116,1.0,False,False
Thyroid Problem,Calcium (mg/dL),Triglycerides (mg/dL),Ratio,-0.19973043144989047,0.010713465580747587,1619.1352378235845,0.031141710753725696,0.6225801085692837,1625.9294044001874,0.1100287696734409,0.040604047237476404,1622.6964094474606,3.5611716238761346,0.07415232125102873,1.0,False,False
Arthritis,Platelet Count (10^3/uL),Insulin (uIU/mL),Ratio,-0.16666584047453856,0.0030436133199134748,2470.487772126002,0.09268153238699423,0.06485314617291735,2477.1365080710725,0.12997569734754585,0.015576208567219512,2473.9942799085907,3.5065077825888693,0.024698806315443245,1.0,True,False
Diabetes,Alkaline Phosphatase (U/L),Diastolic BP (mmHg),Difference,0.1924143037416751,0.00025200559059601586,3785.5735664194835,0.16729071321063718,0.002247417184171065,3789.0559348398556,-0.0990031806815982,0.01509746261595157,3791.459837346778,3.4823684203720404,0.00258343901138596,1.0,True,False
Diabetes,Diastolic BP (mmHg),Alkaline Phosphatase (U/L),Difference,-0.1924143037416751,0.00025200559059601586,3785.5735664194835,-0.0990031806815982,0.01509746261595157,3791.459837346778,0.16729071321063718,0.002247417184171065,3789.0559348398556,3.4823684203720404,0.00258343901138596,1.0,True,False
Stroke,BUN Kidney (mg/dL),Total Cholesterol (mg/dL),Difference,0.2713117389988599,0.00012041810812936496,1722.0731062228924,0.19378791326086062,0.00025877301826025893,1725.5537816949059,-0.23608529613829396,0.0008374165434685406,1725.8858264978003,3.480675472013445,0.0013442021372580275,1.0,True,False
Stroke,Total Cholesterol (mg/dL),BUN Kidney (mg/dL),Difference,-0.2713117389988599,0.00012041810812936496,1722.0731062228924,-0.23608529613829396,0.0008374165434685406,1725.8858264978003,0.19378791326086062,0.00025877301826025893,1725.5537816949059,3.480675472013445,0.0013442021372580275,1.0,True,False
High Cholesterol,HDL Cholesterol (mg/dL),BUN Kidney (mg/dL),Difference,-0.26299712064824643,1.2040617839635455e-13,5706.228522265662,-0.25620386171637743,6.798874099212087e-13,5709.6928455253055,0.08079667661510359,0.016041755125425324,5758.130403530828,3.4643232596436064,3.945048848481241e-12,1.1558993126050036e-09,True,True
High Cholesterol,BUN Kidney (mg/dL),HDL Cholesterol (mg/dL),Difference,0.26299712064824643,1.2040617839635455e-13,5706.228522265662,0.08079667661510359,0.016041755125425324,5758.130403530828,-0.25620386171637743,6.798874099212087e-13,5709.6928455253055,3.4643232596436064,3.945048848481241e-12,1.1558993126050036e-09,True,True
Thyroid Problem,Hemoglobin (g/dL),Body Mass Index (kg/m2),Ratio,-0.11095166594896004,0.02236041995461891,3294.0665194597855,-0.04001197809341747,0.43677147448911113,3298.73059730381,0.05989770111077654,0.17602695325493534,3297.5279158534695,3.4613963936840264,0.14397051077420628,1.0,False,False
Heart Attack,Potassium (mmol/L),WBC Count (10^3/uL),Ratio,-0.15639924190494084,0.027969344945221915,1677.255984948809,0.08049906233091174,0.20103189003564848,1680.711788473839,0.02392785645052054,0.5042107675617123,1681.9987916871478,3.455803525029978,0.17515049672154623,1.0,False,False
Thyroid Problem,HDL Cholesterol (mg/dL),Triglycerides (mg/dL),Ratio,-0.18819935004194988,0.011880581815717477,1639.2134331969014,-0.12518877851864307,0.06397252128211224,1642.6585477310562,0.10646082036613198,0.04753026976322176,1642.960268395805,3.4451145341547544,0.0813506315484221,1.0,False,False
Stroke,ALT Liver Enzyme (U/L),hs-CRP Inflammation (mg/L),Difference,-0.28995337853636266,0.00010806154745213813,1717.059972498673,-0.21175987990616343,0.05410801055203303,1726.554837503922,0.1491101851310631,0.00025967843361275183,1720.4841877130661,3.4242152143931435,0.001224782592137575,1.0,True,False
Stroke,hs-CRP Inflammation (mg/L),ALT Liver Enzyme (U/L),Difference,0.28995337853636266,0.00010806154745213813,1717.059972498673,0.1491101851310631,0.00025967843361275183,1720.4841877130661,-0.21175987990616343,0.05410801055203303,1726.554837503922,3.4242152143931435,0.001224782592137575,1.0,True,False
Liver Condition,ALT Liver Enzyme (U/L),Albumin (g/dL),Ratio,0.37761844202889616,2.136667039905149e-18,1993.6153720482916,0.3728009842924434,1.650902692368201e-17,1997.0388915096323,-0.11574236444407997,0.07402277813246035,2055.1606967203834,3.4235194613406748,1.0683335199525745e-16,2.051200358308943e-14,True,True
Arthritis,Total Cholesterol (mg/dL),Alkaline Phosphatase (U/L),Ratio,-0.10577047342590257,0.002973866516882745,5052.875152876457,-0.0696753370653501,0.04236527595478501,5057.738725831374,0.0806444398579798,0.016495250807986778,5056.286135888184,3.4109830117267848,0.024153230593971533,1.0,True,False
Liver Condition,Uric Acid (mg/dL),HDL Cholesterol (mg/dL),Ratio,0.20517878099996376,0.0010984148387852357,2047.897369009224,0.14898072111233282,0.021785180640593624,2052.774321832573,-0.1816689588921028,0.012528129925743703,2051.2981030779856,3.4007340687617216,0.00997614233901444,1.0,True,False
Hypertension,Albumin (g/dL),"Glycohemoglobin (HbA1c, %)",Difference,-0.2651856782251898,2.9764085613103883e-15,5681.458578867243,-0.09705665225258453,0.004676391335641831,5739.826670959889,0.2521493158800957,1.782436415721373e-14,5684.8512981916365,3.3927193243935108,1.1249418184480208e-13,2.8573522188579727e-11,True,True
Hypertension,"Glycohemoglobin (HbA1c, %)",Albumin (g/dL),Difference,0.2651856782251898,2.9764085613103883e-15,5681.458578867243,0.2521493158800957,1.782436415721373e-14,5684.8512981916365,-0.09705665225258453,0.004676391335641831,5739.826670959889,3.3927193243935108,1.1249418184480208e-13,2.8573522188579727e-11,True,True
Arthritis,Total Cholesterol (mg/dL),WBC Count (10^3/uL),Ratio,-0.08926031372055088,0.008484777636394004,5080.429896511221,-0.0653156940719111,0.056390724081302905,5083.806538654068,0.13094645118485027,0.14152823647593013,5084.22767334495,3.3766421428472313,0.060741137441746786,1.0,False,False
Heart Attack,"Glycohemoglobin (HbA1c, %)",HDL Cholesterol (mg/dL),Ratio,0.2891684735331925,2.1652006958338684e-07,1662.4267756910122,0.2166518478310406,2.8813629597062155e-05,1671.3078056798877,-0.3672659567795599,1.6366424604764233e-05,1665.7944366989034,3.367661007891229,3.7317642154407785e-06,0.0020785926680005136,True,True
Stroke,Diastolic BP (mmHg),Uric Acid (mg/dL),Ratio,0.131210487014871,0.01357540621408612,1636.7064828933644,0.09187465174286653,0.17879395699058098,1640.0598092999908,-0.033156384335581206,0.6541728836233713,1641.701840664728,3.3533264066263655,0.09209155146894507,1.0,False,False
Arthritis,Triglycerides (mg/dL),AST Liver Enzyme (U/L),Ratio,0.1382816522157857,0.004132685295108269,2463.8673302699162,0.11139423224243603,0.028174148671967478,2467.197185664662,-0.026040413165935063,0.6238044483017009,2471.7772451843066,3.329855394745664,0.03254616803366643,1.0,True,False
Stroke,Hemoglobin (g/dL),Systolic BP (mmHg),Ratio,-0.282015293562695,0.00028444114330586145,1662.7414398229662,-0.22255544324757295,0.0020610246456101056,1666.8838587421583,0.2113620375459398,0.0013179676831592856,1666.068808063206,3.327368240239821,0.0028926217963307944,1.0,True,False
Liver Condition,Sodium (mmol/L),Uric Acid (mg/dL),Ratio,-0.22612867638945347,0.005208011666571822,2049.874721670963,-0.03883385883048881,0.5235100936154973,2057.8994222342603,0.1487637343520369,0.021973174915277064,2053.1912576993655,3.3165360284024246,0.04028760032158702,1.0,True,False
Heart Attack,Platelet Count (10^3/uL),hs-CRP Inflammation (mg/L),Ratio,-0.3213824751877361,0.002261025901468153,1670.1133455767465,-0.21669037625984772,0.005762994863851663,1673.429617507577,0.04348582129160894,0.44228151136792104,1680.8555927632806,3.316271930830453,0.01912409573047953,1.0,True,False
Stroke,Sodium (mmol/L),Albumin (g/dL),Ratio,0.3478122739050566,4.130097058272997e-09,1711.824303783037,0.058836169451632364,0.3621131393845579,1741.979071313352,-0.36479079667112363,8.394399929690737e-08,1715.1376967843375,3.313393001300483,8.54502839642689e-08,3.9648931759420776e-05,True,True
Thyroid Problem,Creatinine Kidney (mg/dL),Total Cholesterol (mg/dL),Ratio,0.09614952980324215,0.007150966666046559,3283.143559417864,0.06773537724998341,0.09287082421509937,3286.430055954056,-0.04865359884886943,0.28304121632205004,3287.759146225467,3.286496536192317,0.052604812255974694,1.0,False,False
Arthritis,hs-CRP Inflammation (mg/L),HDL Cholesterol (mg/dL),Difference,0.1903344172736827,8.959920678906565e-08,5030.467226885638,0.1674295587598332,1.7728952506690907e-06,5033.743835117417,-0.13022743771531647,0.0004596167469433653,5047.3590108429735,3.276608231778482,1.6107722568820792e-06,0.0008601523851750302,True,True
Arthritis,HDL Cholesterol (mg/dL),hs-CRP Inflammation (mg/L),Difference,-0.1903344172736827,8.959920678906565e-08,5030.467226885638,-0.13022743771531647,0.0004596167469433653,5047.3590108429735,0.1674295587598332,1.7728952506690907e-06,5033.743835117417,3.276608231778482,1.6107722568820792e-06,0.0008601523851750302,True,True
Stroke,Calcium (mg/dL),LDL Cholesterol (mg/dL),Ratio,0.20425600355004345,0.0036874357232425433,813.0530130311165,-0.13955670855938984,0.15420711641264007,818.3696566340006,-0.19986470656000369,0.04833211066868232,816.3264380732484,3.273425042131862,0.02940148084977443,1.0,True,False
Stroke,LDL Cholesterol (mg/dL),Triglycerides (mg/dL),Ratio,-0.3215664717555434,0.011381883235199362,814.5573022320422,-0.19711803007384973,0.05113759824052027,817.7979701216217,0.08471845845431854,0.39621050954847037,821.0915152604211,3.2406678895795267,0.07804719932708133,1.0,False,False
Heart Attack,Total Cholesterol (mg/dL),BUN Kidney (mg/dL),Difference,-0.38487434133484216,1.354288905757748e-07,1653.4240504291283,-0.3661622724203976,6.826588057723387e-07,1656.6551709686864,0.1385653958932211,0.011480556942317656,1677.096838829396,3.2311205395581055,2.398740497283096e-06,0.001300117349527438,True,True
Heart Attack,BUN Kidney (mg/dL),Total Cholesterol (mg/dL),Difference,0.38487434133484216,1.354288905757748e-07,1653.4240504291283,0.1385653958932211,0.011480556942317656,1677.096838829396,-0.3661622724203976,6.826588057723387e-07,1656.6551709686864,3.2311205395581055,2.398740497283096e-06,0.001300117349527438,True,True
Arthritis,Systolic BP (mmHg),Creatinine Kidney (mg/dL),Ratio,-0.1027192210962923,0.006134194447785026,4844.948439048247,-0.006501854004734836,0.8619391263537596,4852.519824075054,0.07221388091982961,0.03415114134584087,4848.178804542406,3.2303654941597415,0.04618687584214608,1.0,True,False
Hypertension,Alkaline Phosphatase (U/L),Albumin (g/dL),Ratio,0.13365810582372029,3.3325382298851976e-05,5730.175032831847,0.12192220636802233,0.00015548666287287498,5733.404888358156,-0.0980861199375237,0.004262141783628995,5739.357096362436,3.2298555263096205,0.0004049666709733911,0.319923670068979,True,False
Arthritis,Fasting Glucose (mg/dL),Albumin (g/dL),Ratio,0.15203886274817296,0.001343449239486589,2471.727890063201,0.12473100024629406,0.006920278859087855,2474.9548797426914,-0.12183320365865152,0.018933919524120615,2476.7359498356573,3.2269896794905435,0.01198616421846771,1.0,True,False
Stroke,Body Mass Index (kg/m2),HDL Cholesterol (mg/dL),Ratio,0.17626566202370658,0.0135259362427216,1668.8610083524497,0.115400677564499,0.10433193997663333,1672.0871678818075,-0.10949389514812743,0.15278506573880435,1672.510355390436,3.226159529357801,0.09183096741876053,1.0,False,False
Liver Condition,Albumin (g/dL),Alkaline Phosphatase (U/L),Ratio,-0.403697355441558,2.88182956824792e-07,2029.07396354429,-0.11574236444407997,0.07402277813246035,2055.1606967203834,0.2598550122680586,3.0302296062604175e-07,2032.295719122128,3.221755577837939,4.836637037618886e-06,0.0027665563855180032,True,True
Heart Attack,Waist Circumference (cm),LDL Cholesterol (mg/dL),Ratio,0.24705320600338995,0.0003296506772920219,757.7666172698046,0.2679538719804365,0.013334556972026311,763.0447641898177,-0.2981624600219012,0.0061346854331534115,760.9826973520707,3.216080082266103,0.0033137659706841995,1.0,True,False
Arthritis,ALT Liver Enzyme (U/L),Insulin (uIU/mL),Ratio,-0.17992543358318916,0.004070299389859266,2465.7462419110243,0.0033831816099148095,0.9511759110951419,2475.479392636577,0.13015908983840133,0.01556531008991154,2468.939998959228,3.193757048203679,0.032133942551520515,1.0,True,False
Heart Attack,Creatinine Kidney (mg/dL),hs-CRP Inflammation (mg/L),Ratio,-0.18519871197977159,0.027843015999436314,1675.67227260924,0.07676065122187234,0.08624588348013883,1678.8577522233425,0.04335450976462753,0.44394745788358647,1680.6907417187113,3.1854796141024053,0.17447320730717272,1.0,False,False
Thyroid Problem,Creatinine Kidney (mg/dL),Triglycerides (mg/dL),Ratio,-0.19889537036251922,0.01572225903204141,1625.5309913181572,-0.04779736072819579,0.5399997516936046,1631.6485630070383,0.10840968305576795,0.04383594166767609,1628.714866496341,3.1838751781838255,0.10488789903238188,1.0,False,False
Arthritis,Systolic BP (mmHg),Triglycerides (mg/dL),Ratio,-0.1047352927703863,0.04652613920864264,2370.2386375011256,0.0019707376431926426,0.9706746855188113,2374.270221948821,0.044992265205144134,0.3491980137786076,2373.4193822285883,3.180744727462752,0.27503136478015355,1.0,False,False
Stroke,Body Mass Index (kg/m2),AST Liver Enzyme (U/L),Ratio,0.16685536609895774,0.015774823030116757,1663.4807291334084,0.11130420812321035,0.11795110813099974,1666.6295109710918,-0.09121013252352946,0.350474115560537,1667.9974599842085,3.148781837683373,0.10516548686744505,1.0,False,False
Heart Attack,Platelet Count (10^3/uL),Waist Circumference (cm),Ratio,-0.3512285047164333,9.9270391571471e-05,1528.5455875765856,-0.2208781827131389,0.007440494519717063,1537.5566988836367,0.2835728983050477,0.00020503365950978386,1531.6805862172907,3.1349986407051347,0.0011345187608168114,0.9529957590861216,True,False
Hypertension,LDL Cholesterol (mg/dL),AST Liver Enzyme (U/L),Difference,-0.13783634213792548,0.002357432669120576,2801.546022655474,-0.10274434287748783,0.02297125430565502,2805.6349989605387,0.11304389996171649,0.012420688496429652,2804.676261042123,3.1302383866486707,0.01981729739365808,1.0,True,False
Hypertension,AST Liver Enzyme (U/L),LDL Cholesterol (mg/dL),Difference,0.13783634213792548,0.002357432669120576,2801.546022655474,0.11304389996171649,0.012420688496429652,2804.676261042123,-0.10274434287748783,0.02297125430565502,2805.6349989605387,3.1302383866486707,0.01981729739365808,1.0,True,False
Diabetes,Hemoglobin (g/dL),Potassium (mmol/L),Ratio,-0.21224697411871735,1.860721655621878e-07,3943.1241253585913,-0.21944650530900547,6.860009318547477e-07,3946.250542011361,0.12722245753782857,0.00092719262662048,3959.673037165387,3.1264166527698762,3.2478050716309145e-06,0.001786292789397003,True,True
Thyroid Problem,Platelet Count (10^3/uL),Triglycerides (mg/dL),Ratio,-0.19396632826308283,0.015830165131112385,1639.8346663029465,-0.06261651107088134,0.3449989366307561,1645.3086282739978,0.10646082036613198,0.04753026976322176,1642.960268395805,3.1256020928585713,0.10546119726487084,1.0,False,False
Hypertension,Triglycerides (mg/dL),LDL Cholesterol (mg/dL),Ratio,0.20816506414735125,1.1040242382780223e-05,2808.9288958874617,0.18985173205928807,3.0276102677587234e-05,2812.030999432626,-0.0996169974818828,0.026907983305755417,2824.4207730042826,3.1021035451640273,0.00014618803706853813,0.10598632687469015,True,False
Heart Attack,Platelet Count (10^3/uL),Uric Acid (mg/dL),Ratio,-0.3202488150371895,0.0015174851721281868,1671.909311251809,-0.21530912557210344,0.006029910042120897,1675.0112204255536,0.08983206374090635,0.19459814623154592,1681.2265108215706,3.101909173744616,0.013365007020578525,1.0,True,False
High Cholesterol,Sodium (mmol/L),Fasting Glucose (mg/dL),Ratio,-0.26500712957766764,1.8511391975793332e-08,2774.4223527928016,-0.0317762272433655,0.4836463215774012,2806.2838494622974,0.24070762983697727,1.744656813121236e-07,2777.516606339693,3.0942535468916503,3.5905904438081914e-07,0.000177709362967616,True,True
Arthritis,Albumin (g/dL),"Glycohemoglobin (HbA1c, %)",Ratio,-0.13469176573973887,0.0002249253523190864,5050.505506442941,-0.11635422691652224,0.0011940556670793172,5053.598869076382,0.0733457694981991,0.025781584180988568,5059.1486204621815,3.0933626334408473,0.0023394186156698044,1.0,True,False
Stroke,Diastolic BP (mmHg),Total Cholesterol (mg/dL),Ratio,0.2295855658627265,0.0002505951412605228,1633.3231865654861,0.09081323627219616,0.18345331646367868,1644.4188855922694,-0.22330902480965767,0.0021590830728028805,1636.4164720870149,3.093285521528742,0.0025757102313715406,1.0,True,False
Arthritis,Sodium (mmol/L),Uric Acid (mg/dL),Difference,-0.13973188619134685,4.80233992209784e-05,5047.822716799765,-0.09018883288746582,0.007508583965770161,5057.309054254121,0.13723212083113207,0.00023227547781448532,5050.902071711889,3.0793549121244723,0.0005734137220415332,0.46102463252139264,True,False
Arthritis,Uric Acid (mg/dL),Sodium (mmol/L),Difference,0.13973188619134685,4.80233992209784e-05,5047.822716799765,0.13723212083113207,0.00023227547781448532,5050.902071711889,-0.09018883288746582,0.007508583965770161,5057.309054254121,3.0793549121244723,0.0005734137220415332,0.46102463252139264,True,False
Diabetes,Creatinine Kidney (mg/dL),HDL Cholesterol (mg/dL),Difference,0.6185993894308388,2.046899479214597e-32,3809.4661778161117,0.11254901336972886,0.00030567428350773083,3960.6964600792053,-0.6117587260181743,7.364570659416374e-32,3812.542613010752,3.076435194640453,2.2078915730854078e-30,1.965023500046013e-28,True,True
Diabetes,HDL Cholesterol (mg/dL),Creatinine Kidney (mg/dL),Difference,-0.6185993894308388,2.046899479214597e-32,3809.4661778161117,-0.6117587260181743,7.364570659416374e-32,3812.542613010752,0.11254901336972886,0.00030567428350773083,3960.6964600792053,3.076435194640453,2.2078915730854078e-30,1.965023500046013e-28,True,True
Heart Attack,Diastolic BP (mmHg),Insulin (uIU/mL),Difference,-0.2055096600775151,0.0015927582532571313,801.3795937036116,-0.17392433171171384,0.050448273771454555,807.9493371708388,0.16002217278066594,0.007358830792056703,804.4362911153462,3.0566974117346035,0.013887810382623489,1.0,True,False
Heart Attack,Insulin (uIU/mL),Diastolic BP (mmHg),Difference,0.2055096600775151,0.0015927582532571313,801.3795937036116,0.16002217278066594,0.007358830792056703,804.4362911153462,-0.17392433171171384,0.050448273771454555,807.9493371708388,3.0566974117346035,0.013887810382623489,1.0,True,False
Heart Attack,Total Cholesterol (mg/dL),Body Mass Index (kg/m2),Difference,-0.38774277008459124,1.8558014238413234e-07,1615.9740236548741,-0.36879745603882325,8.023860708670779e-07,1619.0184174716333,0.1911769697567951,0.008424748499354323,1638.533033962293,3.0443938167591114,3.245117243875538e-06,0.0017815693668876704,True,True
Heart Attack,Body Mass Index (kg/m2),Total Cholesterol (mg/dL),Difference,0.38774277008459124,1.8558014238413234e-07,1615.9740236548741,0.1911769697567951,0.008424748499354323,1638.533033962293,-0.36879745603882325,8.023860708670779e-07,1619.0184174716333,3.0443938167591114,3.245117243875538e-06,0.0017815693668876704,True,True
Stroke,Sodium (mmol/L),Hemoglobin (g/dL),Ratio,0.2383760540135599,5.07322017311876e-05,1727.9440591102057,0.05898046541878855,0.36086094590715223,1741.452372237642,-0.24223380636799588,0.0005973823086248721,1730.9751382619634,3.0310791517576945,0.0006050051386576411,0.487029136619401,True,False
Heart Attack,Albumin (g/dL),"Glycohemoglobin (HbA1c, %)",Ratio,-0.2914065121549792,1.5646297614188274e-05,1665.3643258083964,-0.10910945539602834,0.12592903721186344,1680.8552401624115,0.21569036385325627,3.236964259703965e-05,1668.3902148950842,3.025889086687812,0.00020053999612310738,0.15020445709620742,True,False
Arthritis,Potassium (mmol/L),Triglycerides (mg/dL),Ratio,-0.17339931715765797,0.0023143424213748803,2468.665448152207,-0.06768050480266471,0.16699744998279076,2476.460263300759,0.12670222642459075,0.008906048185690914,2471.6838106773184,3.01836252511157,0.019540622027439624,1.0,True,False
Arthritis,Triglycerides (mg/dL),LDL Cholesterol (mg/dL),Ratio,0.14021648671504247,0.003865379521464862,2448.365488539731,0.11707440922268633,0.019013613042042167,2451.383694205907,-0.039945134063415315,0.4063620525373265,2456.130790044351,3.0182056661760726,0.030616867496751382,1.0,True,False
Liver Condition,Hemoglobin (g/dL),Albumin (g/dL),Ratio,0.1571531900089162,0.014660378065964227,2046.8500077669987,0.09812720387181016,0.17951829653654483,2050.918912431654,-0.11122080975095239,0.08689862262664691,2049.863167325888,3.0131595588891287,0.09890346411332156,1.0,False,False
Arthritis,Uric Acid (mg/dL),Total Cholesterol (mg/dL),Ratio,0.14475329460030711,5.6028489183619264e-05,5045.624285356835,0.13590585969241573,0.00026815445190628913,5048.628547659338,-0.07063235025744813,0.0396925423090635,5057.689788051057,3.0042623025037756,0.0006632225600033847,0.5378734961627449,True,False
Hypertension,Creatinine Kidney (mg/dL),LDL Cholesterol (mg/dL),Ratio,0.2946343571544176,1.647399708518575e-05,2790.838016211855,0.3355575724783193,0.00016546035096287227,2793.835908577097,-0.10340883189480829,0.022013048955523105,2810.0585985300318,2.9978923652420235,0.0002089172681872962,0.1581503720177832,True,False
Diabetes,ALT Liver Enzyme (U/L),Creatinine Kidney (mg/dL),Ratio,0.15744617636338168,2.196276136390805e-05,3961.058863753958,0.1406660576316445,0.0002060059654707771,3964.7779072773965,0.1122356358583431,0.0003146366719229485,3964.0422031508656,2.9833393969074677,0.0002703109090942529,0.2108425090935173,True,False
Heart Attack,HDL Cholesterol (mg/dL),Alkaline Phosphatase (U/L),Difference,-0.28647585435737455,2.598815075579383e-07,1659.768364031639,-0.36536969894263593,1.8400815572063318e-05,1662.7423951796393,0.19503399953274167,0.00015944939238459534,1671.1611917238445,2.974031148000222,4.42351502226278e-06,0.0024948624725562077,True,True
Heart Attack,Alkaline Phosphatase (U/L),HDL Cholesterol (mg/dL),Difference,0.28647585435737455,2.598815075579383e-07,1659.768364031639,0.19503399953274167,0.00015944939238459534,1671.1611917238445,-0.36536969894263593,1.8400815572063318e-05,1662.7423951796393,2.974031148000222,4.42351502226278e-06,0.0024948624725562077,True,True
Diabetes,Diastolic BP (mmHg),Platelet Count (10^3/uL),Difference,-0.17704071955035297,5.903870966207869e-05,3907.066115215407,-0.09355968501976873,0.03790605095815769,3918.754096927284,0.1551979742051179,0.00028389204705468475,3910.018726086959,2.9526108715517694,0.0006962796225503138,0.5667716127559554,True,False
Diabetes,Platelet Count (10^3/uL),Diastolic BP (mmHg),Difference,0.17704071955035297,5.903870966207869e-05,3907.066115215407,0.1551979742051179,0.00028389204705468475,3910.018726086959,-0.09355968501976873,0.03790605095815769,3918.754096927284,2.9526108715517694,0.0006962796225503138,0.5667716127559554,True,False
Heart Attack,Body Mass Index (kg/m2),LDL Cholesterol (mg/dL),Ratio,0.2701904292677448,6.964392383706255e-05,818.9560185440639,0.2125814537862619,0.03849997503418236,828.6247502529295,-0.33210967548090004,0.0015642575735721764,821.8884230462827,2.9324045022187875,0.0008123714080629411,0.6685816688358005,True,False
Diabetes,Potassium (mmol/L),LDL Cholesterol (mg/dL),Ratio,0.3755712331865758,2.1036639046000134e-12,1891.835189749096,0.09662683365360956,0.07949751426727057,1941.7949176603602,-0.419909774561449,1.47423219513098e-11,1894.757061250452,2.9218715013560086,5.803210771310382e-11,2.0195173484160127e-08,True,True
Arthritis,Creatinine Kidney (mg/dL),Systolic BP (mmHg),Ratio,0.09301352661516478,0.007244517947439463,4845.265941483396,0.07221388091982961,0.03415114134584087,4848.178804542406,-0.006501854004734836,0.8619391263537596,4852.519824075054,2.9128630590103057,0.053211455467038135,1.0,False,False
Stroke,Body Mass Index (kg/m2),ALT Liver Enzyme (U/L),Difference,0.25364641575621516,0.01282371442706028,1663.2364201860921,0.11212517681645971,0.11512409255941951,1667.7458395151145,-0.20589915401412787,0.0646924641638286,1666.1492120670696,2.9127918809774656,0.08737236231354059,1.0,False,False
Stroke,ALT Liver Enzyme (U/L),Body Mass Index (kg/m2),Difference,-0.25364641575621516,0.01282371442706028,1663.2364201860921,-0.20589915401412787,0.0646924641638286,1666.1492120670696,0.11212517681645971,0.11512409255941951,1667.7458395151145,2.9127918809774656,0.08737236231354059,1.0,False,False
Hypertension,hs-CRP Inflammation (mg/L),Hemoglobin (g/dL),Ratio,0.28815588442322726,2.8460236773611213e-12,5675.693660483962,0.2745161903933974,3.375682443966249e-12,5678.600085175198,-0.07045062384894298,0.058344573923843616,5736.136875506685,2.9064246912357703,7.761882756439421e-11,2.7321827302666765e-08,True,True
Arthritis,BUN Kidney (mg/dL),Albumin (g/dL),Ratio,0.14251351854858876,6.51213006401863e-05,5048.0554367820005,0.1307849381281174,0.0002627676659462141,5050.9600212286105,-0.11691926256747451,0.0011304154247740983,5053.924916994201,2.904584446609988,0.0007633266009106088,0.6251644861457886,True,False
Hypertension,AST Liver Enzyme (U/L),Total Cholesterol (mg/dL),Ratio,0.1112375897617423,0.0004090154517763567,5721.1265819389355,0.09622855729657347,0.0021686836620707743,5724.0270979755205,-0.09708166221871424,0.002731406662864207,5724.235633342079,2.9005160365850315,0.004052165466514989,1.0,True,False
Heart Attack,Calcium (mg/dL),"Glycohemoglobin (HbA1c, %)",Ratio,-0.2681042947036184,1.4667971850588758e-05,1665.4238140117272,-0.020661452074198013,0.7541155335400692,1682.9907157891794,0.21564003296527975,3.26594335682858e-05,1668.3176714670278,2.8938574553005765,0.00018951888259172554,0.14081252976565206,True,False
Hypertension,Creatinine Kidney (mg/dL),Total Cholesterol (mg/dL),Ratio,0.4705332267485133,1.0048332395624174e-14,5659.414875924396,0.4878602017198506,1.6601987086402584e-13,5662.305663683192,-0.09889568926965699,0.0022492889177812394,5736.028228124669,2.890787758795341,3.626465826992183e-13,9.646399099799206e-11,True,True
Arthritis,WBC Count (10^3/uL),Sodium (mmol/L),Difference,0.1853809994282426,0.0026599390006355273,5051.976260250032,0.1361044311833162,0.12899294052780202,5058.838967935359,-0.09133362062665337,0.006797904430572435,5054.866155861884,2.889895611851898,0.021900012355146707,1.0,True,False
Arthritis,Sodium (mmol/L),WBC Count (10^3/uL),Difference,-0.1853809994282426,0.0026599390006355273,5051.976260250032,-0.09133362062665337,0.006797904430572435,5054.866155861884,0.1361044311833162,0.12899294052780202,5058.838967935359,2.889895611851898,0.021900012355146707,1.0,True,False
Arthritis,Alkaline Phosphatase (U/L),hs-CRP Inflammation (mg/L),Ratio,-0.21145421658208213,3.263456635930973e-07,5019.863867726706,0.07576329940822948,0.024882663445857326,5043.9364886134135,0.16721162153190655,1.8432664561127933e-06,5022.753340718057,2.8894729913508854,5.401583397402989e-06,0.003132918370493734,True,True
Arthritis,Creatinine Kidney (mg/dL),Insulin (uIU/mL),Ratio,-0.17018790800077058,0.006272155962754946,2466.532773369493,0.05047748326963727,0.29522883275177547,2474.872183077479,0.1303241007865123,0.015440181242171258,2469.419322708327,2.886549338833902,0.04707794936860631,1.0,True,False
Stroke,Triglycerides (mg/dL),AST Liver Enzyme (U/L),Ratio,0.16322710376026286,0.04432884039836125,828.9602532839415,0.06852292051522019,0.43010413645547263,831.8452039371555,-0.06808722995047434,0.6032089528989506,832.1060017678334,2.8849506532139912,0.26350270453515046,1.0,False,False
Arthritis,Alkaline Phosphatase (U/L),Total Cholesterol (mg/dL),Ratio,0.09721704753649087,0.0036418277868985457,5053.4071804508985,0.0806444398579798,0.016495250807986778,5056.286135888184,-0.0696753370653501,0.04236527595478501,5057.738725831374,2.8789554372851853,0.02911036365880603,1.0,True,False
Stroke,Total Cholesterol (mg/dL),Waist Circumference (cm),Difference,-0.24258159617569466,0.0009357196628200855,1553.8583124041875,-0.21226648849608307,0.004346052896395562,1556.7357107319006,0.16143213196888437,0.03601564786494286,1560.8819363327257,2.877398327713081,0.008612568325093788,1.0,True,False
Stroke,Waist Circumference (cm),Total Cholesterol (mg/dL),Difference,0.24258159617569466,0.0009357196628200855,1553.8583124041875,0.16143213196888437,0.03601564786494286,1560.8819363327257,-0.21226648849608307,0.004346052896395562,1556.7357107319006,2.877398327713081,0.008612568325093788,1.0,True,False
Diabetes,Calcium (mg/dL),LDL Cholesterol (mg/dL),Ratio,0.37548104619579764,2.1938802927274245e-12,1891.4522903865272,0.1289328514381409,0.026532821633114843,1939.385287682172,-0.4194213581476904,1.5608028504185325e-11,1894.3256328643736,2.873342477846336,6.017500231480936e-11,2.1061250810183275e-08,True,True
Stroke,Alkaline Phosphatase (U/L),AST Liver Enzyme (U/L),Difference,0.26205647821641276,7.680888804207109e-07,1720.626730910697,0.23058549850295915,2.869960636948892e-06,1723.4866958510672,-0.08717585276806822,0.35233178731882286,1740.4710231649929,2.8599649403702188,1.1760212523187919e-05,0.007373653252038825,True,True
Stroke,AST Liver Enzyme (U/L),Alkaline Phosphatase (U/L),Difference,-0.26205647821641276,7.680888804207109e-07,1720.626730910697,-0.08717585276806822,0.35233178731882286,1740.4710231649929,0.23058549850295915,2.869960636948892e-06,1723.4866958510672,2.8599649403702188,1.1760212523187919e-05,0.007373653252038825,True,True
Hypertension,ALT Liver Enzyme (U/L),Albumin (g/dL),Ratio,0.17281153612718925,9.646837000622066e-08,5719.017993238844,0.16569867861193166,4.036819877125976e-07,5721.870225704206,-0.0980861199375237,0.004262141783628995,5739.357096362436,2.852232465362249,1.7277917016039521e-06,0.0009260963520597182,True,True
Liver Condition,Potassium (mmol/L),Uric Acid (mg/dL),Ratio,-0.20840475424102953,0.006491677967835503,2049.8863717029835,-0.03126515081331813,0.6166573628207291,2057.604136856533,0.14880339570776857,0.021905051717185636,2052.7368927807556,2.8505210777721004,0.048385177400016174,1.0,True,False
Thyroid Problem,HDL Cholesterol (mg/dL),Waist Circumference (cm),Ratio,-0.1436754011422704,0.004864378796848552,3094.52370641273,-0.11473115541109236,0.02198829404545048,3097.372546452579,0.10941363921309305,0.022913950112550957,3097.669759256881,2.848840039849165,0.037842817220215645,1.0,True,False
Heart Attack,Total Cholesterol (mg/dL),Alkaline Phosphatase (U/L),Ratio,-0.4221369242171798,3.605967715960333e-07,1653.8117953070657,-0.36525005482698025,7.004074103279457e-07,1656.6552946629633,0.19503399953274167,0.00015944939238459534,1671.1611917238445,2.8434993558976203,5.887294230139319e-06,0.0034617290073219197,True,True
Arthritis,Fasting Glucose (mg/dL),Insulin (uIU/mL),Ratio,-0.16379052868482422,0.002172762757488538,2470.1455805258656,0.1270298807668789,0.005956812879379325,2472.988397952521,0.12997569734754585,0.015576208567219512,2473.9942799085907,2.842817426655529,0.0184281441262537,1.0,True,False
Stroke,HDL Cholesterol (mg/dL),Systolic BP (mmHg),Difference,-0.24607421813326644,0.0004494521582193671,1634.0159914628737,-0.1282340275010785,0.09724406278329559,1643.3672008789497,0.2069757396190231,0.0018305843203447274,1636.8509245106748,2.834933047801087,0.004411315274247373,1.0,True,False
Stroke,Systolic BP (mmHg),HDL Cholesterol (mg/dL),Difference,0.24607421813326644,0.0004494521582193671,1634.0159914628737,0.2069757396190231,0.0018305843203447274,1636.8509245106748,-0.1282340275010785,0.09724406278329559,1643.3672008789497,2.834933047801087,0.004411315274247373,1.0,True,False
Stroke,Systolic BP (mmHg),LDL Cholesterol (mg/dL),Difference,0.25404895512464765,0.014843018327824618,765.0134110613744,0.16180206201461572,0.09838928834458996,768.5164846879695,-0.1867779648525408,0.07444265002695555,767.8396540517938,2.8262429904193596,0.09999507084008163,1.0,False,False
Stroke,LDL Cholesterol (mg/dL),Systolic BP (mmHg),Difference,-0.25404895512464765,0.014843018327824618,765.0134110613744,-0.1867779648525408,0.07444265002695555,767.8396540517938,0.16180206201461572,0.09838928834458996,768.5164846879695,2.8262429904193596,0.09999507084008163,1.0,False,False
Hypertension,Diastolic BP (mmHg),Albumin (g/dL),Ratio,0.32470866038606744,4.1038425265165125e-22,5396.180356749395,0.3217722672824072,1.7063056322319473e-21,5398.998201387119,-0.09331550196615679,0.007730541906758256,5485.853559996483,2.817844637723283,2.8548469749680086e-20,3.939688825455852e-18,True,True
Arthritis,HDL Cholesterol (mg/dL),"Glycohemoglobin (HbA1c, %)",Ratio,-0.1405246641194375,0.00012230544842116559,5074.205946246815,-0.12821929859157064,0.0005319523386388659,5077.018170090557,0.0732271288163227,0.02566464002524818,5084.37859045754,2.8122238437417764,0.0013614202412655409,1.0,True,False
Stroke,Systolic BP (mmHg),Calcium (mg/dL),Ratio,0.226603171681529,0.00031254317483856564,1629.662921142049,0.20752054569777179,0.001766311456359777,1632.4696108118374,-0.11235035371665304,0.0966390416790749,1639.1412675690372,2.806689669788284,0.003148388749685446,1.0,True,False
Liver Condition,Creatinine Kidney (mg/dL),Waist Circumference (cm),Ratio,-0.3288367368583334,0.006260358468310192,1921.468325554647,-0.25427498996169606,0.04795356090287304,1925.599089067055,0.1717402836832701,0.009122038231267792,1924.2739974554588,2.8056719008118307,0.04702616689810474,1.0,True,False
Thyroid Problem,BUN Kidney (mg/dL),Total Cholesterol (mg/dL),Ratio,0.0855749524558154,0.042304509698853576,3278.9297820886236,0.04453837890153097,0.3195555780536543,3281.8666332561975,-0.04755461430397084,0.294352837271466,3281.7320947141143,2.8023126254906856,0.25240726731447755,1.0,False,False
Arthritis,Calcium (mg/dL),Triglycerides (mg/dL),Ratio,-0.15080159553429065,0.007724890916915379,2471.5757517770194,0.10615008019876256,0.03262453040732883,2474.3442276663136,0.06383250687334495,0.1761887579256034,2477.1190876226847,2.7684758892942227,0.05626627678481611,1.0,False,False
Stroke,BUN Kidney (mg/dL),Hemoglobin (g/dL),Difference,0.20735377861055168,5.2442015004376895e-05,1727.5424583646127,0.19237804614216736,0.00028501843830150127,1730.3028032632617,-0.2421894019305698,0.0006001094908194564,1730.8188711122257,2.7603448986490093,0.0006230734455965572,0.5034433440420182,True,False
Stroke,Hemoglobin (g/dL),BUN Kidney (mg/dL),Difference,-0.20735377861055168,5.2442015004376895e-05,1727.5424583646127,-0.2421894019305698,0.0006001094908194564,1730.8188711122257,0.19237804614216736,0.00028501843830150127,1730.3028032632617,2.7603448986490093,0.0006230734455965572,0.5034433440420182,True,False
Stroke,Uric Acid (mg/dL),LDL Cholesterol (mg/dL),Ratio,0.20285172665850965,0.005341955324262691,813.5909252689332,0.013160411967717046,0.89782531397144,820.402833528494,-0.19986470656000369,0.04833211066868232,816.3264380732484,2.7355128043151353,0.04112491669039442,1.0,True,False
Arthritis,"Glycohemoglobin (HbA1c, %)",Sodium (mmol/L),Difference,0.10495791209863757,0.0015860031961336075,5054.063765814131,0.0733457694981991,0.025781584180988568,5059.1486204621815,-0.09072007531880827,0.007161298370446497,5056.79645737694,2.732691562809123,0.01385603485874909,1.0,True,False
Arthritis,Sodium (mmol/L),"Glycohemoglobin (HbA1c, %)",Difference,-0.10495791209863757,0.0015860031961336075,5054.063765814131,-0.09072007531880827,0.007161298370446497,5056.79645737694,0.0733457694981991,0.025781584180988568,5059.1486204621815,2.732691562809123,0.01385603485874909,1.0,True,False
Arthritis,WBC Count (10^3/uL),AST Liver Enzyme (U/L),Ratio,0.12198739533770335,0.02011408115911585,5038.112763490316,0.14240684974124448,0.1144496949923071,5040.827969693259,-0.018785180068262783,0.6085495037098491,5044.15366141111,2.7152062029426816,0.13108973464189558,1.0,False,False
Thyroid Problem,Sodium (mmol/L),Triglycerides (mg/dL),Ratio,-0.18115798499428148,0.018526387870945266,1628.9726226960884,0.017759853355642084,0.7775347322165984,1634.8506799416032,0.10695481508270176,0.047148294924028736,1631.6703107961857,2.6976881000973663,0.1218173449048456,1.0,False,False
Arthritis,Platelet Count (10^3/uL),hs-CRP Inflammation (mg/L),Ratio,-0.21530129353423016,3.523392556944968e-07,5028.543358417479,0.0483930035447982,0.1785149363569819,5055.453660704469,0.16687549107802582,1.894648264641766e-06,5031.237481855742,2.6941234382629773,5.772110673493463e-06,0.0033824568546671693,True,True
Stroke,Total Cholesterol (mg/dL),Diastolic BP (mmHg),Difference,-0.2514366122099462,0.0005488389429764302,1633.7449431559094,-0.22330902480965767,0.0021590830728028805,1636.4164720870149,0.09081323627219616,0.18345331646367868,1644.4188855922694,2.671528931105513,0.005327455867111961,1.0,True,False
Stroke,Diastolic BP (mmHg),Total Cholesterol (mg/dL),Difference,0.2514366122099462,0.0005488389429764302,1633.7449431559094,0.09081323627219616,0.18345331646367868,1644.4188855922694,-0.22330902480965767,0.0021590830728028805,1636.4164720870149,2.671528931105513,0.005327455867111961,1.0,True,False
Diabetes,LDL Cholesterol (mg/dL),Calcium (mg/dL),Ratio,-0.4327594372032607,4.8575582436782624e-12,1891.655542119881,-0.4194213581476904,1.5608028504185325e-11,1894.3256328643736,0.1289328514381409,0.026532821633114843,1939.385287682172,2.6700907444926543,1.2741136376861017e-10,4.663255913931132e-08,True,True
Hypertension,Systolic BP (mmHg),Potassium (mmol/L),Difference,0.5797144163928967,1.0138025591659599e-47,5256.5928050631655,0.5771922243936755,3.1415035593018506e-47,5259.262318520843,-0.18227582989262114,3.5642581387985135e-08,5459.362271526071,2.669513457677567,2.3172629923793365e-45,9.732504567993216e-44,True,True
Hypertension,Potassium (mmol/L),Systolic BP (mmHg),Difference,-0.5797144163928967,1.0138025591659599e-47,5256.5928050631655,-0.18227582989262114,3.5642581387985135e-08,5459.362271526071,0.5771922243936755,3.1415035593018506e-47,5259.262318520843,2.669513457677567,2.3172629923793365e-45,9.732504567993216e-44,True,True
Arthritis,HDL Cholesterol (mg/dL),Alkaline Phosphatase (U/L),Ratio,-0.1458778818666436,0.00010010548838000872,5046.286077498366,-0.13210710206962914,0.0003807650499465554,5048.949430019663,0.0806444398579798,0.016495250807986778,5056.286135888184,2.6633525212973836,0.0011407426913982476,0.9610126884480837,True,False
Arthritis,Albumin (g/dL),Calcium (mg/dL),Difference,-0.12836743414906238,0.0002938655487971438,5051.272220387893,-0.11691926256747451,0.0011304154247740983,5053.924916994201,0.022649990450549523,0.5026588555468916,5064.039983692783,2.652696606308382,0.002982145104072495,1.0,True,False
Arthritis,Calcium (mg/dL),Albumin (g/dL),Difference,0.12836743414906238,0.0002938655487971438,5051.272220387893,0.022649990450549523,0.5026588555468916,5064.039983692783,-0.11691926256747451,0.0011304154247740983,5053.924916994201,2.652696606308382,0.002982145104072495,1.0,True,False
Diabetes,BUN Kidney (mg/dL),Sodium (mmol/L),Ratio,0.25568115790187185,3.2509030182017034e-12,3927.73927400665,0.2487982957347035,1.0937254248510415e-11,3930.354460639639,-0.16820639184114264,1.1475802820373863e-05,3957.4778553676474,2.6151866329892073,8.791174359080662e-11,3.120866897473635e-08,True,True
Liver Condition,Calcium (mg/dL),Body Mass Index (kg/m2),Ratio,-0.17676284443424678,0.009516090881060275,2005.5137748646735,-0.0682142059755206,0.27720749240076126,2011.201333634111,0.13133156250129016,0.03429475294934309,2008.1118059537512,2.598031089077722,0.06663345912339798,1.0,False,False
Thyroid Problem,HDL Cholesterol (mg/dL),Waist Circumference (cm),Difference,-0.13863320317124292,0.004946905929301655,3094.808939699823,-0.11473115541109236,0.02198829404545048,3097.372546452579,0.10941363921309305,0.022913950112550957,3097.669759256881,2.5636067527561863,0.03836049832091752,1.0,True,False
Thyroid Problem,Waist Circumference (cm),HDL Cholesterol (mg/dL),Difference,0.13863320317124292,0.004946905929301655,3094.808939699823,0.10941363921309305,0.022913950112550957,3097.669759256881,-0.11473115541109236,0.02198829404545048,3097.372546452579,2.5636067527561863,0.03836049832091752,1.0,True,False
Hypertension,AST Liver Enzyme (U/L),LDL Cholesterol (mg/dL),Ratio,0.13099347598794947,0.0023648636655980546,2802.1136851391875,0.11304389996171649,0.012420688496429652,2804.676261042123,-0.10274434287748783,0.02297125430565502,2805.6349989605387,2.5625759029353503,0.01986237199452434,1.0,True,False
Stroke,Alkaline Phosphatase (U/L),Potassium (mmol/L),Ratio,0.24851619798912886,5.880927773782172e-07,1721.6441674196092,0.23089218070869832,2.7497224853467438e-06,1724.1826716963192,-0.050589802864770286,0.4331849761811176,1741.5936615604442,2.5385042767100003,9.28567543228764e-06,0.005645690662830886,True,True
Stroke,LDL Cholesterol (mg/dL),WBC Count (10^3/uL),Ratio,-0.2672968588248195,0.014183458418699306,815.103245336713,-0.19711803007384973,0.05113759824052027,817.7979701216217,0.166238039249968,0.0374133764275411,817.6326549689533,2.529409632240231,0.09582069023188834,1.0,False,False
Stroke,Waist Circumference (cm),Body Mass Index (kg/m2),Difference,0.23109607795319428,0.0024241723392286942,1646.945679758287,0.19212356921731072,0.009830932987423734,1649.4718053034612,0.11517088891382199,0.11994039125366411,1653.6377262704652,2.5261255451741818,0.020289498218479047,1.0,True,False
Stroke,Body Mass Index (kg/m2),Waist Circumference (cm),Difference,-0.23109607795319428,0.0024241723392286942,1646.945679758287,0.11517088891382199,0.11994039125366411,1653.6377262704652,0.19212356921731072,0.009830932987423734,1649.4718053034612,2.5261255451741818,0.020289498218479047,1.0,True,False
Hypertension,Fasting Glucose (mg/dL),Hemoglobin (g/dL),Ratio,0.2782558268193686,6.644834842925503e-09,2869.3156960178135,0.2602496005231122,2.2851495556276685e-08,2871.8359114016594,-0.027687820050896147,0.597557186807389,2905.822970330023,2.52021538384588,1.354361241870166e-07,6.379041449208483e-05,True,True
Liver Condition,HDL Cholesterol (mg/dL),Systolic BP (mmHg),Ratio,-0.2270447266574507,0.0035635992310158134,1946.8985251679114,-0.18553012516507594,0.01285535296701963,1949.403601233143,0.08050233908478008,0.23238624824821952,1954.55947971449,2.5050760652316058,0.028508793848126508,1.0,True,False
Stroke,LDL Cholesterol (mg/dL),Total Cholesterol (mg/dL),Ratio,-0.23594371474763046,0.00958256906414292,815.2930900185465,-0.19711803007384973,0.05113759824052027,817.7979701216217,-0.16867058920983966,0.09281929348878178,818.8630148740235,2.504880103075152,0.06695244760973218,1.0,False,False
Thyroid Problem,Total Cholesterol (mg/dL),Body Mass Index (kg/m2),Ratio,-0.09156313066463445,0.04057769081868232,3242.422055633576,-0.04490130518800232,0.3249493480983173,3245.704115165172,0.05957257283140809,0.18195642505709342,3244.9242641425562,2.5022085089804023,0.24285899741854758,1.0,False,False
High Cholesterol,Hemoglobin (g/dL),HDL Cholesterol (mg/dL),Difference,0.26762564262804084,1.4483915184073594e-13,5729.617414330131,0.09012097588673137,0.015835034230306664,5781.28394498239,-0.2573602752060675,4.766039109969522e-13,5732.111987008113,2.494572677981523,4.681669554448031e-12,1.390455857671065e-09,True,True
High Cholesterol,HDL Cholesterol (mg/dL),Hemoglobin (g/dL),Difference,-0.26762564262804084,1.4483915184073594e-13,5729.617414330131,-0.2573602752060675,4.766039109969522e-13,5732.111987008113,0.09012097588673137,0.015835034230306664,5781.28394498239,2.494572677981523,4.681669554448031e-12,1.390455857671065e-09,True,True
Liver Condition,Hemoglobin (g/dL),HDL Cholesterol (mg/dL),Ratio,0.19651545869510664,0.001788189047804643,2046.368974594204,0.09786115791680758,0.17989607891479598,2053.4888668148515,-0.17990135956780562,0.013470926568293901,2048.8526864743244,2.4837118801203815,0.015423733026886408,1.0,True,False
Stroke,Body Mass Index (kg/m2),LDL Cholesterol (mg/dL),Ratio,0.21618407694035527,0.0035354015723377172,774.3530980033136,0.23328134523547667,0.02193152396812596,776.8362133990397,-0.14872469534612975,0.14582682915425196,779.5143561745745,2.483115395726145,0.02830680158001842,1.0,True,False
Thyroid Problem,Waist Circumference (cm),Body Mass Index (kg/m2),Difference,0.13868828142686657,0.005444117289670863,3178.2195106747727,0.10940146285820052,0.021905995817134583,3180.676893826404,0.05940171817124085,0.19421982884806743,3184.2026038109743,2.4573831516313476,0.04177739886557976,1.0,True,False
Thyroid Problem,Body Mass Index (kg/m2),Waist Circumference (cm),Difference,-0.13868828142686657,0.005444117289670863,3178.2195106747727,0.05940171817124085,0.19421982884806743,3184.2026038109743,0.10940146285820052,0.021905995817134583,3180.676893826404,2.4573831516313476,0.04177739886557976,1.0,True,False
Heart Attack,Calcium (mg/dL),LDL Cholesterol (mg/dL),Ratio,0.26994370463906386,3.273035108429005e-05,846.0147680250652,0.11999096265358766,0.19534403278209522,859.4667323224696,-0.35447890242347313,0.0006105449423625787,848.4702709635848,2.455502938519544,0.0003982400131928828,0.3142113704091845,True,False
Thyroid Problem,Total Cholesterol (mg/dL),hs-CRP Inflammation (mg/L),Ratio,-0.10698903933654962,0.04086071457106546,3279.316059135038,-0.045024051205867534,0.32073511333458793,3282.8357004332415,0.05637838175001315,0.13433226656962838,3281.7707944619647,2.454735326926766,0.24440053575216725,1.0,False,False
Liver Condition,BUN Kidney (mg/dL),Creatinine Kidney (mg/dL),Ratio,0.12353633745572139,0.0484129723144309,2054.5242751494375,0.037760548020906885,0.538505161330546,2057.935942923754,-0.09529463374587797,0.3060259572988149,2056.971639109608,2.4473639601706054,0.2835659147153976,1.0,False,False
Stroke,BUN Kidney (mg/dL),AST Liver Enzyme (U/L),Ratio,0.18305798537598433,8.42864227988931e-05,1727.1974461394234,0.19232474997483642,0.00028634248143666633,1729.6305861911167,-0.08717585276806822,0.35233178731882286,1740.4710231649929,2.4331400516932717,0.0009760550770438768,0.8091496588693738,True,False
Hypertension,Potassium (mmol/L),Diastolic BP (mmHg),Difference,-0.3257676767197946,5.502478546117551e-22,5393.663655832192,-0.18227582989262114,3.5642581387985135e-08,5459.362271526071,0.3218516868958257,1.7030660949902965e-21,5396.09296891699,2.4293130847981956,3.693971611379614e-20,5.282379404272849e-18,True,True
Hypertension,Diastolic BP (mmHg),Potassium (mmol/L),Difference,0.3257676767197946,5.502478546117551e-22,5393.663655832192,0.3218516868958257,1.7030660949902965e-21,5396.09296891699,-0.18227582989262114,3.5642581387985135e-08,5459.362271526071,2.4293130847981956,3.693971611379614e-20,5.282379404272849e-18,True,True
Heart Attack,Hemoglobin (g/dL),Total Cholesterol (mg/dL),Ratio,0.3314577518155422,4.0081864848162424e-08,1657.572351820782,-0.05132794355999103,0.4784079796491749,1685.564011653285,-0.36415794951507935,7.783490796104062e-07,1659.9928286911054,2.420476870323455,7.44266736058722e-07,0.00038478590254235927,True,True
Stroke,Diastolic BP (mmHg),Hemoglobin (g/dL),Ratio,0.22387196949029156,0.0005994055678014663,1664.4804157729627,0.1115313557121607,0.10203575894552988,1673.2828735729347,-0.22255544324757295,0.0020610246456101056,1666.8838587421583,2.4034429691955665,0.00574280783522363,1.0,True,False
Thyroid Problem,LDL Cholesterol (mg/dL),Triglycerides (mg/dL),Ratio,-0.14810824018732607,0.03913675585772308,1617.8887468204784,-0.00654208438336785,0.9148825290347053,1622.3425555457009,0.09682301320481948,0.14414259025394058,1620.2800846741688,2.391337853690402,0.23547476348073174,1.0,False,False
Heart Attack,"Glycohemoglobin (HbA1c, %)",HDL Cholesterol (mg/dL),Difference,0.38668742542919743,5.353532390743812e-06,1663.411080802759,0.2166518478310406,2.8813629597062155e-05,1671.3078056798877,-0.3672659567795599,1.6366424604764233e-05,1665.7944366989034,2.383355896144394,7.394807331099366e-05,0.0513939109511406,True,False
Heart Attack,HDL Cholesterol (mg/dL),"Glycohemoglobin (HbA1c, %)",Difference,-0.38668742542919743,5.353532390743812e-06,1663.411080802759,-0.3672659567795599,1.6366424604764233e-05,1665.7944366989034,0.2166518478310406,2.8813629597062155e-05,1671.3078056798877,2.383355896144394,7.394807331099366e-05,0.0513939109511406,True,False
Stroke,Triglycerides (mg/dL),LDL Cholesterol (mg/dL),Ratio,0.1994291106338122,0.0058431564201039884,815.4287913572368,0.08471845845431854,0.39621050954847037,821.0915152604211,-0.19711803007384973,0.05113759824052027,817.7979701216217,2.3691787643848556,0.04423840822791663,1.0,True,False
Thyroid Problem,Hemoglobin (g/dL),Triglycerides (mg/dL),Ratio,-0.18048817439110595,0.021926661582292107,1640.5965400878868,0.02028172849515309,0.781862037815638,1646.1362923268903,0.10646082036613198,0.04753026976322176,1642.960268395805,2.363728307918336,0.14184363287736135,1.0,False,False
Diabetes,BUN Kidney (mg/dL),Calcium (mg/dL),Ratio,0.25227061851942,3.839018144984374e-12,3927.9909528319445,0.2487982957347035,1.0937254248510415e-11,3930.354460639639,-0.024319260476926497,0.5376575076142476,3976.435305399932,2.363507807694532,1.0180821599958561e-10,3.6854574191849996e-08,True,True
Hypertension,Insulin (uIU/mL),HDL Cholesterol (mg/dL),Ratio,0.24825385171692396,1.1785425528346133e-05,2824.809878541236,0.2428004872714459,3.633610688209705e-05,2827.169332634187,-0.1584218582260995,0.001123398856741944,2836.93970161181,2.3594540929511822,0.000155216322245534,0.11314008507212288,True,False
Liver Condition,"Glycohemoglobin (HbA1c, %)",HDL Cholesterol (mg/dL),Ratio,0.17421916655197425,0.0016200950420128504,2051.757528373877,0.09520447682557957,0.08502732749087111,2058.057471798917,-0.18243002514014436,0.012122795703575868,2054.113101537555,2.3555731636779456,0.014075033849161417,1.0,True,False
Stroke,LDL Cholesterol (mg/dL),Systolic BP (mmHg),Ratio,-0.26450498308091114,0.02082003359141439,765.4887216469652,-0.1867779648525408,0.07444265002695555,767.8396540517938,0.16180206201461572,0.09838928834458996,768.5164846879695,2.3509324048285407,0.13523161196047237,1.0,False,False
Arthritis,"Glycohemoglobin (HbA1c, %)",Total Cholesterol (mg/dL),Ratio,0.08845288322550968,0.007036629235685974,5082.032612973737,0.0732271288163227,0.02566464002524818,5084.37859045754,-0.06846429647717049,0.04552479747164897,5085.279091794214,2.345977483802926,0.051918711532574595,1.0,False,False
Liver Condition,Platelet Count (10^3/uL),WBC Count (10^3/uL),Ratio,-0.22280636184007332,0.0020736295724269904,2085.2711159671144,-0.19394959623419844,0.006104835535421473,2087.6057139081213,-0.006309238792502183,0.9232071126366029,2095.447267564983,2.334597941006905,0.01766357044835768,1.0,True,False
Thyroid Problem,Fasting Glucose (mg/dL),Triglycerides (mg/dL),Ratio,-0.1657088002609356,0.023168282524527586,1640.6359220329875,0.02186456332779261,0.7187903733643566,1646.0855309526976,0.10646082036613198,0.04753026976322176,1642.960268395805,2.3243463628175505,0.1486734707456316,1.0,False,False
Heart Attack,Potassium (mmol/L),LDL Cholesterol (mg/dL),Ratio,0.26970471383106664,3.564767786726138e-05,846.2309245051267,0.08435241109472236,0.34315107002646705,860.34432287859,-0.3546705712661083,0.0006045603234359038,848.5551101826984,2.324185677571677,0.00043209306505771365,0.34221770752570924,True,False
Stroke,Total Cholesterol (mg/dL),LDL Cholesterol (mg/dL),Ratio,0.19437161792015875,0.007041475251605429,815.4947336162967,-0.16867058920983966,0.09281929348878178,818.8630148740235,-0.19711803007384973,0.05113759824052027,817.7979701216217,2.3032365053250032,0.051918711532574595,1.0,False,False
Stroke,Insulin (uIU/mL),ALT Liver Enzyme (U/L),Difference,0.16569698176966371,0.013621933441639618,831.6579427925922,0.11519531998371177,0.04809930223622318,833.9553805852584,-0.26390018219582595,0.09023855106356134,834.1832419498107,2.2974377926661873,0.09222183430165044,1.0,False,False
Stroke,ALT Liver Enzyme (U/L),Insulin (uIU/mL),Difference,-0.16569698176966371,0.013621933441639618,831.6579427925922,-0.26390018219582595,0.09023855106356134,834.1832419498107,0.11519531998371177,0.04809930223622318,833.9553805852584,2.2974377926661873,0.09222183430165044,1.0,False,False
Hypertension,Total Cholesterol (mg/dL),WBC Count (10^3/uL),Ratio,-0.20048922898472374,7.525822482826708e-10,5736.446685619103,-0.09950837414585949,0.0020501631293707106,5766.232269885209,0.5206329469705152,3.334829591829452e-09,5738.743523330424,2.296837711321132,1.634567779075484e-08,7.22478958351364e-06,True,True
Arthritis,hs-CRP Inflammation (mg/L),Total Cholesterol (mg/dL),Ratio,0.17477996114361388,5.066179043226289e-07,5031.460627965297,0.1674295587598332,1.7728952506690907e-06,5033.743835117417,-0.06634652096514548,0.053488793218695686,5056.178502850183,2.2832071521197577,8.092399137266618e-06,0.004863531881497237,True,True
Diabetes,Sodium (mmol/L),AST Liver Enzyme (U/L),Ratio,0.19833660794903002,2.3215932357485303e-06,3949.4440467315194,-0.17148160488139047,7.944615728877024e-06,3951.7213165419907,-0.026486950271388233,0.5654986942302027,3971.4304741765723,2.2772698104713527,3.351472941832465e-05,0.02228729506318589,True,True
Heart Attack,Diastolic BP (mmHg),Fasting Glucose (mg/dL),Difference,-0.30381820415124733,3.997106189530632e-06,805.0541296655861,-0.17243037435633143,0.05163956443066807,819.3635325052282,0.2833914650402162,1.2717379603752815e-05,807.3313805585501,2.277250892964048,5.601783856860448e-05,0.038372219419494064,True,True
Heart Attack,Fasting Glucose (mg/dL),Diastolic BP (mmHg),Difference,0.30381820415124733,3.997106189530632e-06,805.0541296655861,0.2833914650402162,1.2717379603752815e-05,807.3313805585501,-0.17243037435633143,0.05163956443066807,819.3635325052282,2.277250892964048,5.601783856860448e-05,0.038372219419494064,True,True
Heart Attack,Platelet Count (10^3/uL),Potassium (mmol/L),Ratio,-0.25381610833717927,0.0018953318498203602,1672.226244617423,-0.21470535267608123,0.006144697470666059,1674.4976513445722,0.08049906233091174,0.20103189003564848,1680.711788473839,2.2714067271492695,0.01627476364783136,1.0,True,False
Stroke,Creatinine Kidney (mg/dL),Potassium (mmol/L),Ratio,0.21153699381737517,1.8513981975885985e-08,1715.1336568313468,0.19977115803507722,7.277299491691662e-08,1717.3940477806245,-0.050589802864770286,0.4331849761811176,1741.5936615604442,2.2603909492777348,3.5905904438081914e-07,0.00017773422696850546,True,True
High Cholesterol,Insulin (uIU/mL),Creatinine Kidney (mg/dL),Ratio,0.16099242683646262,0.0015696569407382757,2788.6378182260432,0.1463287297101855,0.00509496790556346,2790.884127406553,0.01113970737905677,0.8010579734173858,2799.6902026662037,2.2463091805097974,0.013773954873023261,1.0,True,False
Stroke,Diastolic BP (mmHg),AST Liver Enzyme (U/L),Ratio,0.1426914046851731,0.04106501829862886,1636.6070785773927,0.09241065915397298,0.17628206308558625,1638.8518110201708,-0.07005440551334938,0.45225685510225266,1640.0899622389904,2.2447324427780586,0.24546959879628708,1.0,False,False
Stroke,Creatinine Kidney (mg/dL),Hemoglobin (g/dL),Ratio,0.2012979306879701,2.0307188172900102e-08,1715.0336115730202,0.2000614227207602,7.035820946767649e-08,1717.2782534779667,-0.24212839685764065,0.000601208361655473,1730.860459222637,2.2446419049465476,3.8834463438215334e-07,0.00019494900645984097,True,True
Diabetes,Hemoglobin (g/dL),Insulin (uIU/mL),Difference,-0.6619641160321927,1.4649656007004804e-17,1875.9222685415357,-0.12420697828360015,0.04758749960878369,1979.966673507438,0.6508716614956155,2.5277942302183648e-17,1878.159493883143,2.2372253416074273,6.451224663635143e-16,1.4063669766724612e-13,True,True
Diabetes,Insulin (uIU/mL),Hemoglobin (g/dL),Difference,0.6619641160321927,1.4649656007004804e-17,1875.9222685415357,0.6508716614956155,2.5277942302183648e-17,1878.159493883143,-0.12420697828360015,0.04758749960878369,1979.966673507438,2.2372253416074273,6.451224663635143e-16,1.4063669766724612e-13,True,True
Liver Condition,Alkaline Phosphatase (U/L),HDL Cholesterol (mg/dL),Ratio,0.28895306900057255,1.6729967040060947e-08,2029.6350152788582,0.26005548606500534,2.978577022892222e-07,2031.8571346002418,-0.1821918253581593,0.012289421598959299,2051.2607923505493,2.222119321383616,3.264383812694819e-07,0.0001606076835845851,True,True
Diabetes,Albumin (g/dL),hs-CRP Inflammation (mg/L),Difference,-0.23396659109184406,3.29066340086819e-12,3913.2053706038473,-0.2912538010943536,1.4817014084582024e-11,3920.1929061626815,0.22788814065510088,8.474019107243641e-12,3915.4246773048653,2.219306701018013,8.84884275863715e-11,3.159036864833462e-08,True,True
Diabetes,hs-CRP Inflammation (mg/L),Albumin (g/dL),Difference,0.23396659109184406,3.29066340086819e-12,3913.2053706038473,0.22788814065510088,8.474019107243641e-12,3915.4246773048653,-0.2912538010943536,1.4817014084582024e-11,3920.1929061626815,2.219306701018013,8.84884275863715e-11,3.159036864833462e-08,True,True
Heart Attack,Albumin (g/dL),Uric Acid (mg/dL),Ratio,-0.1783047358798348,0.03857596072744232,1678.7022978216382,-0.10923952914092087,0.12554241650162987,1680.9063512956109,0.09052948071831922,0.1910650679899074,1681.5456432195174,2.2040534739726354,0.2332048003674095,1.0,False,False
Liver Condition,Triglycerides (mg/dL),BUN Kidney (mg/dL),Ratio,0.1440589173683545,0.030613856130127848,1003.955743661885,0.08580410298697748,0.15267280155533772,1006.1492968426035,0.012596680580238401,0.8876735561032847,1007.7857283185913,2.1935531807184816,0.1895699124287931,1.0,False,False
Thyroid Problem,Potassium (mmol/L),Total Cholesterol (mg/dL),Ratio,0.10436756470769748,0.01865739966357174,3285.586022231545,0.08044364078868804,0.07144001350558894,3287.776641852806,-0.04590146091206312,0.3101191106926232,3289.9823294340495,2.190619621260794,0.12259482325139542,1.0,False,False
Thyroid Problem,"Glycohemoglobin (HbA1c, %)",Triglycerides (mg/dL),Ratio,-0.16680632284239513,0.024226485410926247,1640.5677606964846,0.023406612547134904,0.703287701068908,1645.88325584425,0.10671967392363453,0.04690606815483104,1642.7543790252084,2.1866183287238528,0.15453439198996144,1.0,False,False
Hypertension,ALT Liver Enzyme (U/L),Hemoglobin (g/dL),Ratio,0.1700467251597363,2.1715114026541993e-07,5717.134584954683,0.16521986935763575,4.3571375230216464e-07,5719.3201369143735,-0.07020390628806995,0.0591511727720945,5741.237332697257,2.1855519596902013,3.7359335959642137e-06,0.0020846509465480313,True,True
Heart Attack,LDL Cholesterol (mg/dL),BUN Kidney (mg/dL),Difference,-0.38119841967276363,0.00020189025577245173,846.2904415767005,-0.35447890242347313,0.0006105449423625787,848.4702709635848,0.15329919239853276,0.035703149565962905,857.0813813822899,2.1798293868843075,0.002129831269687403,1.0,True,False
Heart Attack,BUN Kidney (mg/dL),LDL Cholesterol (mg/dL),Difference,0.38119841967276363,0.00020189025577245173,846.2904415767005,0.15329919239853276,0.035703149565962905,857.0813813822899,-0.35447890242347313,0.0006105449423625787,848.4702709635848,2.1798293868843075,0.002129831269687403,1.0,True,False
Hypertension,Alkaline Phosphatase (U/L),LDL Cholesterol (mg/dL),Difference,0.19870580095575585,1.604436207055812e-05,2796.3537297213006,0.19079453094417168,4.729150758219934e-05,2798.5277088959983,-0.10340883189480829,0.022013048955523105,2810.0585985300318,2.173979174697706,0.00020427834996997077,0.15402587587735794,True,False
Hypertension,LDL Cholesterol (mg/dL),Alkaline Phosphatase (U/L),Difference,-0.19870580095575585,1.604436207055812e-05,2796.3537297213006,-0.10340883189480829,0.022013048955523105,2810.0585985300318,0.19079453094417168,4.729150758219934e-05,2798.5277088959983,2.173979174697706,0.00020427834996997077,0.15402587587735794,True,False
Hypertension,Hemoglobin (g/dL),ALT Liver Enzyme (U/L),Difference,-0.1705755000899401,1.6310143093283225e-07,5717.15200164162,-0.07020390628806995,0.0591511727720945,5741.237332697257,0.16521986935763575,4.3571375230216464e-07,5719.3201369143735,2.168135272753716,2.862474839040566e-06,0.0015657737369551895,True,True
Hypertension,ALT Liver Enzyme (U/L),Hemoglobin (g/dL),Difference,0.1705755000899401,1.6310143093283225e-07,5717.15200164162,0.16521986935763575,4.3571375230216464e-07,5719.3201369143735,-0.07020390628806995,0.0591511727720945,5741.237332697257,2.168135272753716,2.862474839040566e-06,0.0015657737369551895,True,True
Diabetes,Diastolic BP (mmHg),Systolic BP (mmHg),Ratio,-0.11705098596736689,0.010048378392801937,4077.69545653742,-0.09283186287356228,0.03784641688101512,4079.8479900641587,0.027315163912356034,0.5191265891094019,4083.7090827479205,2.1525335267388073,0.06975013201077265,1.0,False,False
Liver Condition,LDL Cholesterol (mg/dL),Triglycerides (mg/dL),Ratio,-0.25168934361590156,0.02020515540251348,994.9393661699379,0.10618824136134823,0.21368035488637027,999.3638897750542,0.16503107390217187,0.0443412727604828,997.0898239938851,2.1504578239472494,0.13159395648855454,1.0,False,False
Thyroid Problem,Body Mass Index (kg/m2),Total Cholesterol (mg/dL),Ratio,0.08631859164375259,0.045471014355775684,3242.7741054713806,0.05957257283140809,0.18195642505709342,3244.9242641425562,-0.04490130518800232,0.3249493480983173,3245.704115165172,2.1501586711756318,0.2689597891654015,1.0,False,False
Liver Condition,HDL Cholesterol (mg/dL),Total Cholesterol (mg/dL),Ratio,-0.1990122373945769,0.003698304073050238,2052.3121217293897,-0.18235251094731716,0.012155341746142231,2054.4506193408724,0.04566466861169979,0.45674466492771393,2060.563814900695,2.1384976114827623,0.029463667303968703,1.0,True,False
High Cholesterol,HDL Cholesterol (mg/dL),Uric Acid (mg/dL),Difference,-0.2636916659936528,2.4084983766038397e-13,5707.570173938409,-0.25620386171637743,6.798874099212087e-13,5709.6928455253055,0.10410003933648443,0.002785180807077968,5755.028363610082,2.1226715868961037,7.609764053365649e-12,2.312158441539686e-09,True,True
High Cholesterol,Uric Acid (mg/dL),HDL Cholesterol (mg/dL),Difference,0.2636916659936528,2.4084983766038397e-13,5707.570173938409,0.10410003933648443,0.002785180807077968,5755.028363610082,-0.25620386171637743,6.798874099212087e-13,5709.6928455253055,2.1226715868961037,7.609764053365649e-12,2.312158441539686e-09,True,True
Liver Condition,Sodium (mmol/L),Body Mass Index (kg/m2),Ratio,-0.17094352809195448,0.012187676015359349,2006.1977687586198,-0.05218206459936518,0.3972730716777343,2011.8975916947588,0.13168147585335963,0.03378749007623674,2008.3175311102586,2.119762351638883,0.08327522401953719,1.0,False,False
Hypertension,Platelet Count (10^3/uL),LDL Cholesterol (mg/dL),Difference,0.12385589144207751,0.008115999877320965,2822.304641448917,0.0803853514057081,0.09033447914364022,2826.4837067147296,-0.0996169974818828,0.026907983305755417,2824.4207730042826,2.1161315553654276,0.058405996118651625,1.0,False,False
Hypertension,LDL Cholesterol (mg/dL),Platelet Count (10^3/uL),Difference,-0.12385589144207751,0.008115999877320965,2822.304641448917,-0.0996169974818828,0.026907983305755417,2824.4207730042826,0.0803853514057081,0.09033447914364022,2826.4837067147296,2.1161315553654276,0.058405996118651625,1.0,False,False
Stroke,Calcium (mg/dL),Total Cholesterol (mg/dL),Ratio,0.22860314785909577,0.000143256688023683,1723.7751368614595,-0.1053794350790321,0.10696273559394208,1734.9315633986362,-0.23608529613829396,0.0008374165434685406,1725.8858264978003,2.110689636340794,0.0015588704849133137,1.0,True,False
Hypertension,Sodium (mmol/L),Alkaline Phosphatase (U/L),Ratio,-0.13578767012379647,7.047147573059433e-05,5731.302878393974,-0.0222371438050793,0.4828195623130467,5747.014127777354,0.12192220636802233,0.00015548666287287498,5733.404888358156,2.102009964181889,0.0008210269017156622,0.6765261670137056,True,False
Thyroid Problem,Uric Acid (mg/dL),hs-CRP Inflammation (mg/L),Ratio,-0.11011462863434601,0.04778057869800245,3269.7703161900567,0.0069777641191701885,0.8869215319660733,3273.9245366937184,0.05700815514033044,0.13001493815084336,3271.842802181356,2.072485991299345,0.2803808863541468,1.0,False,False
Diabetes,Potassium (mmol/L),HDL Cholesterol (mg/dL),Difference,0.6158432375047458,4.1189484139353524e-32,3808.9381624247135,0.12940766015469865,0.0007568965549735447,3959.924579061957,-0.6110904605407322,9.308983046839212e-32,3810.9860425578686,2.047880133155104,4.2518177176106866e-30,3.9541904773779383e-28,True,True
Diabetes,HDL Cholesterol (mg/dL),Potassium (mmol/L),Difference,-0.6158432375047458,4.1189484139353524e-32,3808.9381624247135,-0.6110904605407322,9.308983046839212e-32,3810.9860425578686,0.12940766015469865,0.0007568965549735447,3959.924579061957,2.047880133155104,4.2518177176106866e-30,3.9541904773779383e-28,True,True
Stroke,ALT Liver Enzyme (U/L),Diastolic BP (mmHg),Difference,-0.18575442374468903,0.027468682860918185,1636.6448709439728,-0.18275163024241103,0.09605929121314152,1638.6822322874177,0.09188869735318728,0.17867974855744884,1640.035787264227,2.0373613434449,0.17257811221519279,1.0,False,False
Stroke,Diastolic BP (mmHg),ALT Liver Enzyme (U/L),Difference,0.18575442374468903,0.027468682860918185,1636.6448709439728,0.09188869735318728,0.17867974855744884,1640.035787264227,-0.18275163024241103,0.09605929121314152,1638.6822322874177,2.0373613434449,0.17257811221519279,1.0,False,False
Heart Attack,BUN Kidney (mg/dL),LDL Cholesterol (mg/dL),Ratio,0.24678026058602107,4.099870466308207e-05,846.4465105439466,0.15329919239853276,0.035703149565962905,857.0813813822899,-0.35447890242347313,0.0006105449423625787,848.4702709635848,2.0237604196381653,0.000491984455956985,0.39358756476558787,True,False
Stroke,Diastolic BP (mmHg),HDL Cholesterol (mg/dL),Ratio,0.1637028208566812,0.022628292155261194,1641.3516243789359,0.09081323627219616,0.18345331646367868,1644.4188855922694,-0.1282340275010785,0.09724406278329559,1643.3672008789497,2.0155765000138217,0.14540268051573457,1.0,False,False
Thyroid Problem,HDL Cholesterol (mg/dL),Body Mass Index (kg/m2),Ratio,-0.1287614546193575,0.007964793814624347,3239.3564169601523,-0.11135756257958213,0.022913482776244463,3241.350323826373,0.05957257283140809,0.18195642505709342,3244.9242641425562,1.993906866220641,0.05762021146977674,1.0,False,False
Arthritis,Total Cholesterol (mg/dL),Platelet Count (10^3/uL),Ratio,-0.10559424165221779,0.04963069082415641,5081.821299592011,-0.0653156940719111,0.056390724081302905,5083.806538654068,0.04579897063966528,0.20068110089447622,5085.832989123493,1.9852390620571896,0.28946210930249183,1.0,False,False
Hypertension,Triglycerides (mg/dL),HDL Cholesterol (mg/dL),Difference,0.19417082213393022,0.00021264152462100605,2842.711915910151,0.18251140407193994,0.000590502625621222,2844.696691330392,-0.16153583717680786,0.0008824109121394918,2847.230242912361,1.9847754202405667,0.0022240478321459514,1.0,True,False
Hypertension,HDL Cholesterol (mg/dL),Triglycerides (mg/dL),Difference,-0.19417082213393022,0.00021264152462100605,2842.711915910151,-0.16153583717680786,0.0008824109121394918,2847.230242912361,0.18251140407193994,0.000590502625621222,2844.696691330392,1.9847754202405667,0.0022240478321459514,1.0,True,False
Liver Condition,Uric Acid (mg/dL),Albumin (g/dL),Ratio,0.16580321336174209,0.006448744660378013,2051.2114629102316,0.1487637343520369,0.021973174915277064,2053.1912576993655,-0.11533039675494448,0.07508099172386051,2055.1836869188296,1.979794789133848,0.048144216864547874,1.0,True,False
Liver Condition,Albumin (g/dL),Hemoglobin (g/dL),Ratio,-0.15234760195896438,0.03151714960995805,2047.9026614481636,-0.11122080975095239,0.08689862262664691,2049.863167325888,0.09812720387181016,0.17951829653654483,2050.918912431654,1.9605058777242448,0.19470053813101498,1.0,False,False
Diabetes,Total Cholesterol (mg/dL),WBC Count (10^3/uL),Difference,-0.37206642773608073,4.473310507657155e-18,3973.7476408649923,-0.3709778989449614,7.63018026406131e-18,3975.7057976499054,0.038399137431156645,0.2701902040925609,4053.68811979867,1.9581567849131716,2.1471890436754343e-16,4.2943780873508683e-14,True,True
Diabetes,WBC Count (10^3/uL),Total Cholesterol (mg/dL),Difference,0.37206642773608073,4.473310507657155e-18,3973.7476408649923,0.038399137431156645,0.2701902040925609,4053.68811979867,-0.3709778989449614,7.63018026406131e-18,3975.7057976499054,1.9581567849131716,2.1471890436754343e-16,4.2943780873508683e-14,True,True
Liver Condition,AST Liver Enzyme (U/L),Albumin (g/dL),Ratio,0.287644655262291,8.36366153581322e-14,2002.8847917272915,0.2911877137808746,3.0448811035387775e-13,2004.8349260179743,-0.11487588951954068,0.07689079596084385,2047.8867709466306,1.950134290682854,2.8371431358235658e-12,8.029115074380692e-10,True,True
Stroke,Alkaline Phosphatase (U/L),HDL Cholesterol (mg/dL),Difference,0.2648886663393042,1.480376373129501e-06,1717.6914704298606,0.23035564176914997,3.0114848903868064e-06,1719.6375973114154,-0.11596202714886182,0.12165916441149148,1735.0328108631409,1.9461268815548465,2.169711936189803e-05,0.01421161318204321,True,True
Stroke,HDL Cholesterol (mg/dL),Alkaline Phosphatase (U/L),Difference,-0.2648886663393042,1.480376373129501e-06,1717.6914704298606,-0.11596202714886182,0.12165916441149148,1735.0328108631409,0.23035564176914997,3.0114848903868064e-06,1719.6375973114154,1.9461268815548465,2.169711936189803e-05,0.01421161318204321,True,True
Stroke,BUN Kidney (mg/dL),Potassium (mmol/L),Ratio,0.2122457997005519,0.0001014079029974227,1728.4195063400102,0.192251207182473,0.000287361226111928,1730.3585934169214,-0.05050954239768905,0.43393551460509916,1741.5572283971983,1.9390870769111643,0.0011534548208237652,0.9735158687752579,True,False
Thyroid Problem,Albumin (g/dL),Triglycerides (mg/dL),Ratio,-0.17140703464033896,0.027511148895240273,1629.7377566881898,0.07878033601417692,0.256025525529629,1633.6281486677876,0.10695481508270176,0.047148294924028736,1631.6703107961857,1.932554107995884,0.1727318701074602,1.0,False,False
Arthritis,hs-CRP Inflammation (mg/L),Albumin (g/dL),Ratio,0.174576229631723,1.0828655122621187e-06,5022.896792989436,0.1668646784767275,1.9095536528032675e-06,5024.8191707355545,-0.11021194815316106,0.002195173135416221,5041.472424334837,1.9223777461184,1.6345139807730094e-05,0.01039550891771634,True,True
Liver Condition,Potassium (mmol/L),Body Mass Index (kg/m2),Ratio,-0.16639834084503108,0.014000636670342875,2005.9658682416011,-0.02572840505835866,0.6844547903191671,2011.9980313000679,0.13147678180367273,0.0341006460502289,2007.885670651637,1.9198024100357998,0.09465219157414902,1.0,False,False
Heart Attack,Albumin (g/dL),Potassium (mmol/L),Ratio,-0.14329534454051243,0.04140984172416434,1678.4759945743392,-0.10846249344165612,0.12831925971733082,1680.390491081104,0.0805706471065472,0.20061939195991907,1681.0544678130564,1.9144965067648627,0.24737677694584798,1.0,False,False
Hypertension,BUN Kidney (mg/dL),Albumin (g/dL),Difference,0.23912062863781014,6.300251253685696e-11,5701.904361601271,0.23314562621099683,1.438835152583186e-10,5703.817363844193,-0.09741034786983636,0.004529845065087955,5739.825291669546,1.9130022429217206,1.5045376128204646e-09,6.048241203538268e-07,True,True
Hypertension,Albumin (g/dL),BUN Kidney (mg/dL),Difference,-0.23912062863781014,6.300251253685696e-11,5701.904361601271,-0.09741034786983636,0.004529845065087955,5739.825291669546,0.23314562621099683,1.438835152583186e-10,5703.817363844193,1.9130022429217206,1.5045376128204646e-09,6.048241203538268e-07,True,True
Stroke,Hemoglobin (g/dL),Waist Circumference (cm),Ratio,-0.2895801507380724,0.0004682665887322871,1581.577563761101,-0.2453105352764646,0.0009191849684805561,1583.4847649318694,0.16717654801896079,0.028104360971256816,1589.296248387733,1.9072011707685306,0.004582425333159996,1.0,True,False
Stroke,Sodium (mmol/L),HDL Cholesterol (mg/dL),Ratio,0.1516436002902879,0.030935480033515164,1733.2900565386667,0.05576120841067161,0.3883733271482407,1736.947228200373,-0.11652849192299494,0.11995859616802419,1735.1954720517379,1.9054155130711479,0.19135348474339278,1.0,False,False
Heart Attack,LDL Cholesterol (mg/dL),Body Mass Index (kg/m2),Difference,-0.35767433408512156,0.000604391784411032,819.9901508008652,-0.33210967548090004,0.0015642575735721764,821.8884230462827,0.2125814537862619,0.03849997503418236,828.6247502529295,1.8982722454175018,0.005779044950543733,1.0,True,False
Heart Attack,Body Mass Index (kg/m2),LDL Cholesterol (mg/dL),Difference,0.35767433408512156,0.000604391784411032,819.9901508008652,0.2125814537862619,0.03849997503418236,828.6247502529295,-0.33210967548090004,0.0015642575735721764,821.8884230462827,1.8982722454175018,0.005779044950543733,1.0,True,False
Liver Condition,Creatinine Kidney (mg/dL),Uric Acid (mg/dL),Difference,-0.17210691012862478,0.00786488019693334,2051.306339754666,-0.09529463374587797,0.3060259572988149,2056.971639109608,0.1487637343520369,0.021973174915277064,2053.1912576993655,1.884917944699282,0.057069425465275936,1.0,False,False
Liver Condition,Uric Acid (mg/dL),Creatinine Kidney (mg/dL),Difference,0.17210691012862478,0.00786488019693334,2051.306339754666,0.1487637343520369,0.021973174915277064,2053.1912576993655,-0.09529463374587797,0.3060259572988149,2056.971639109608,1.884917944699282,0.057069425465275936,1.0,False,False
Arthritis,Systolic BP (mmHg),Insulin (uIU/mL),Ratio,-0.13845718761401152,0.013817051041445563,2358.458399189072,0.008020399473973617,0.8813143135699367,2365.3545440203648,0.11647103450732559,0.032503024447037725,2360.3410637603283,1.8826645712561003,0.0934768780816613,1.0,False,False
Liver Condition,Albumin (g/dL),Waist Circumference (cm),Ratio,-0.20933044440402127,0.0038480367027241753,1922.5146231023305,-0.09475372134108581,0.1585262381725151,1929.0515302532158,0.17170945707821522,0.009134906775427993,1924.3919044407976,1.877281338467128,0.030529877972026515,1.0,True,False
Stroke,"Glycohemoglobin (HbA1c, %)",LDL Cholesterol (mg/dL),Ratio,0.17056769658492466,0.010398244034615702,815.8859163469027,0.07886575104309881,0.36618590605945667,820.9917370210121,-0.19733825911639488,0.05091057981792905,817.7597887441894,1.873872397286732,0.07212654821698752,1.0,False,False
Hypertension,hs-CRP Inflammation (mg/L),Platelet Count (10^3/uL),Ratio,0.27382675806656037,2.8108971818486504e-12,5676.736275938687,0.2745161903933974,3.375682443966249e-12,5678.600085175198,0.12920679346114605,0.0001324774992863686,5725.139311791587,1.8638092365108605,7.687923916167249e-11,2.6984612945747046e-08,True,True
Stroke,Body Mass Index (kg/m2),Total Cholesterol (mg/dL),Ratio,0.20783914938823708,0.0006953438847223101,1663.9637866771945,0.115400677564499,0.10433193997663333,1672.0871678818075,-0.20862227262105187,0.0036132738902801874,1665.8252792617586,1.8614925845640755,0.006583137370152049,1.0,True,False
Stroke,hs-CRP Inflammation (mg/L),HDL Cholesterol (mg/dL),Ratio,0.15729638131987675,6.590662611426967e-05,1714.345412245145,0.14873384321483588,0.0002753800780533711,1716.202856372111,-0.1193852317277525,0.11336370122891017,1723.9079858043224,1.8574441269659019,0.0007715897691426693,0.6327036106969889,True,False
Arthritis,Fasting Glucose (mg/dL),AST Liver Enzyme (U/L),Ratio,0.14357882334410693,0.0022331526779022556,2463.9752277857406,0.12773579629280252,0.005793590862435433,2465.826087012124,-0.026877382283341966,0.6131084771535739,2473.1620386492614,1.8508592263833634,0.01890499621504555,1.0,True,False
Liver Condition,Alkaline Phosphatase (U/L),Creatinine Kidney (mg/dL),Ratio,0.2809416614070453,1.8755847026108878e-08,2030.4455499155322,0.2598550122680586,3.0302296062604175e-07,2032.295719122128,-0.09497660423783212,0.3071222061981673,2056.977835658078,1.850169206595865,3.6155849688884584e-07,0.00018005613145064524,True,True
Heart Attack,HDL Cholesterol (mg/dL),Body Mass Index (kg/m2),Difference,-0.3742438565269056,7.100635116197152e-06,1623.5504828073867,-0.36562318792612897,2.3868752899026594e-05,1625.3986532757199,0.1911769697567951,0.008424748499354323,1638.533033962293,1.8481704683331373,9.587355431152273e-05,0.06816609711549267,True,False
Heart Attack,Body Mass Index (kg/m2),HDL Cholesterol (mg/dL),Difference,0.3742438565269056,7.100635116197152e-06,1623.5504828073867,0.1911769697567951,0.008424748499354323,1638.533033962293,-0.36562318792612897,2.3868752899026594e-05,1625.3986532757199,1.8481704683331373,9.587355431152273e-05,0.06816609711549267,True,False
Heart Attack,Total Cholesterol (mg/dL),Body Mass Index (kg/m2),Ratio,-0.3937915314123142,4.1647805088015765e-07,1617.1715239182306,-0.36879745603882325,8.023860708670779e-07,1619.0184174716333,0.1911769697567951,0.008424748499354323,1638.533033962293,1.8468935534026514,6.7423090867614055e-06,0.0039981892884495135,True,True
Arthritis,Sodium (mmol/L),Creatinine Kidney (mg/dL),Difference,-0.1009542403202931,0.0027489918599060545,5055.886403576131,-0.09020732165675556,0.007490301166812602,5057.715470000323,0.07076658471811469,0.03405394075096332,5060.529629414041,1.8290664241922059,0.022536568620920686,1.0,True,False
Arthritis,Creatinine Kidney (mg/dL),Sodium (mmol/L),Difference,0.1009542403202931,0.0027489918599060545,5055.886403576131,0.07076658471811469,0.03405394075096332,5060.529629414041,-0.09020732165675556,0.007490301166812602,5057.715470000323,1.8290664241922059,0.022536568620920686,1.0,True,False
Arthritis,Calcium (mg/dL),HDL Cholesterol (mg/dL),Ratio,0.14051367222121783,0.00010926755773906669,5047.280993817418,0.022889745626875912,0.49828593842255,5061.485778793212,-0.1316105235444296,0.0004003818864022052,5049.110042899078,1.8290490816598322,0.001234080652111812,1.0,True,False
Hypertension,"Glycohemoglobin (HbA1c, %)",Albumin (g/dL),Ratio,0.26258039843000025,7.39722769179536e-15,5683.0323554614415,0.2521493158800957,1.782436415721373e-14,5684.8512981916365,-0.09705665225258453,0.004676391335641831,5739.826670959889,1.8189427301949763,2.7208193808902474e-13,7.101338584123545e-11,True,True
Stroke,HDL Cholesterol (mg/dL),Diastolic BP (mmHg),Difference,-0.1613278643889841,0.0333623226273629,1641.5489827276997,-0.1282340275010785,0.09724406278329559,1643.3672008789497,0.09081323627219616,0.18345331646367868,1644.4188855922694,1.8182181512499938,0.20451998545509822,1.0,False,False
Stroke,Diastolic BP (mmHg),HDL Cholesterol (mg/dL),Difference,0.1613278643889841,0.0333623226273629,1641.5489827276997,0.09081323627219616,0.18345331646367868,1644.4188855922694,-0.1282340275010785,0.09724406278329559,1643.3672008789497,1.8182181512499938,0.20451998545509822,1.0,False,False
Liver Condition,LDL Cholesterol (mg/dL),Creatinine Kidney (mg/dL),Ratio,0.26936165441877397,0.002423398475855462,990.9007750067376,0.10533655410924161,0.2175007920636275,998.0310643274058,-0.4577370626849729,0.020568504866401327,992.7148122495904,1.8140372428528053,0.020289498218479047,1.0,True,False
Liver Condition,HDL Cholesterol (mg/dL),Waist Circumference (cm),Difference,-0.2517520342082774,0.00036811970232590775,1920.508168440103,-0.24881489549283595,0.001336870950531277,1922.3220371798452,0.17274303563912888,0.008670104141320438,1926.7085326836186,1.8138687397422473,0.0036621234635530716,1.0,True,False
Liver Condition,Waist Circumference (cm),HDL Cholesterol (mg/dL),Difference,0.2517520342082774,0.00036811970232590775,1920.508168440103,0.17274303563912888,0.008670104141320438,1926.7085326836186,-0.24881489549283595,0.001336870950531277,1922.3220371798452,1.8138687397422473,0.0036621234635530716,1.0,True,False
Diabetes,Potassium (mmol/L),Albumin (g/dL),Ratio,0.2650886915586122,4.713000309685937e-12,3927.377781468259,0.12917936400588195,0.0007676887920592615,3963.532094251214,-0.29205718259420455,1.2004329882861014e-11,3929.1909078264052,1.8131263581462918,1.2429890926644228e-10,4.5244802972984995e-08,True,True
Heart Attack,Body Mass Index (kg/m2),hs-CRP Inflammation (mg/L),Ratio,-0.23443211043438772,0.007257044069712641,1632.2597804343475,0.19097150305838195,0.008602745175740962,1634.0605120202108,0.05022804013257804,0.3678992834909621,1639.8267509290895,1.800731585863332,0.05326270876853314,1.0,False,False
Arthritis,Uric Acid (mg/dL),Sodium (mmol/L),Ratio,0.14589503037039195,8.981950802377776e-05,5049.102231276258,0.13723212083113207,0.00023227547781448532,5050.902071711889,-0.09018883288746582,0.007508583965770161,5057.309054254121,1.7998404356312676,0.0010376260854732448,0.8622672770282666,True,False
Arthritis,Diastolic BP (mmHg),hs-CRP Inflammation (mg/L),Ratio,-0.20829164471584863,6.575779894378667e-07,4822.606776911191,0.040394086185292374,0.25020903218522905,4848.431734081697,0.1683075429277828,2.7971765204732894e-06,4824.393581555435,1.7868046442436025,1.0231359317023535e-05,0.0063127486986035205,True,True
Arthritis,Fasting Glucose (mg/dL),Potassium (mmol/L),Ratio,0.14032798180343764,0.002287474720010677,2470.4789926284725,0.12677509081155233,0.0060748621615349455,2472.2581806574,-0.06780899504491668,0.1660944809567363,2477.8522508742967,1.779188028927365,0.019330772281780366,1.0,True,False
Stroke,Insulin (uIU/mL),Total Cholesterol (mg/dL),Difference,0.1888911005283986,0.025351841197514404,828.3131303735383,0.10742871716716319,0.06520613433085233,830.0891134900899,-0.14838207000720047,0.1369807286232704,830.8973279824298,1.7759831165515152,0.16075143691951008,1.0,False,False
Stroke,Total Cholesterol (mg/dL),Insulin (uIU/mL),Difference,-0.1888911005283986,0.025351841197514404,828.3131303735383,-0.14838207000720047,0.1369807286232704,830.8973279824298,0.10742871716716319,0.06520613433085233,830.0891134900899,1.7759831165515152,0.16075143691951008,1.0,False,False
Hypertension,Insulin (uIU/mL),Potassium (mmol/L),Ratio,0.25260066748450566,1.9169002560718617e-05,2821.4351901734703,0.2449838521379822,3.183987929783138e-05,2823.1832927511,-0.18700237484639304,4.98513696119058e-05,2827.5596805466507,1.748102577629652,0.00023930094224044047,0.18402242458289872,True,False
Hypertension,hs-CRP Inflammation (mg/L),LDL Cholesterol (mg/dL),Ratio,0.24753837794425645,6.1222687482771224e-06,2788.157224797733,0.23252480117518606,1.1988941336014221e-05,2789.901980149926,-0.101154843437667,0.02512594045087776,2808.5205114122323,1.7447553521933514,8.372333330977262e-05,0.058773779983460374,True,False
Stroke,Diastolic BP (mmHg),ALT Liver Enzyme (U/L),Ratio,0.1491043204675333,0.022336391265336635,1636.950984223583,0.09188869735318728,0.17867974855744884,1640.035787264227,-0.18275163024241103,0.09605929121314152,1638.6822322874177,1.7312480638347552,0.14396207578419606,1.0,False,False
Liver Condition,Creatinine Kidney (mg/dL),Body Mass Index (kg/m2),Ratio,-0.22430501150988424,0.02853703840783088,2006.4794696817278,-0.1707821398133399,0.12967501331088618,2009.3781815332454,0.13156678957738951,0.033957139534635764,2008.210407766179,1.7309380844512816,0.17824044809055073,1.0,False,False
Thyroid Problem,Potassium (mmol/L),WBC Count (10^3/uL),Ratio,-0.10310161404429073,0.02808666878913155,3286.231080145188,0.08032099768799406,0.07185115907918072,3287.957245051727,0.006805813454547254,0.8249732704538064,3291.14355441464,1.7261649065389975,0.17577054783289628,1.0,False,False
High Cholesterol,AST Liver Enzyme (U/L),Insulin (uIU/mL),Ratio,-0.19094980105760448,0.004088182814782411,2780.413017737179,0.05019822447961656,0.27469757084081714,2789.701294504615,0.1452092976848852,0.005446515705702969,2782.1378781263074,1.7248603891284802,0.03222213055986137,1.0,True,False
Thyroid Problem,Triglycerides (mg/dL),Total Cholesterol (mg/dL),Ratio,0.13515905388537267,0.0176936619071828,1641.2362519571152,0.10646082036613198,0.04753026976322176,1642.960268395805,-0.006493274075460396,0.9166509617557876,1646.2022576644774,1.7240164386898869,0.11666150708032616,1.0,False,False
Arthritis,Fasting Glucose (mg/dL),HDL Cholesterol (mg/dL),Ratio,0.14227241653426115,0.0024376652561966137,2481.349183134317,0.12516571872366286,0.006626314355339737,2483.064443726755,-0.07895609021175137,0.1265301661717531,2488.049648193022,1.7152605924379714,0.020349205616945643,1.0,True,False
Arthritis,"Glycohemoglobin (HbA1c, %)",AST Liver Enzyme (U/L),Ratio,0.08675197775060718,0.009243023385493014,5039.498236019752,0.07454768145833239,0.02367583645170159,5041.1953708138035,-0.019132171616064737,0.602054623298255,5045.978290770197,1.6971347940516353,0.06534096060436888,1.0,False,False
Hypertension,Sodium (mmol/L),Hemoglobin (g/dL),Ratio,0.08151484714375086,0.021176759166393534,5741.763730712584,-0.021097942900384744,0.5054690186715023,5746.605941130341,-0.07047414329401391,0.058144086307513165,5743.460643255477,1.6969125428931875,0.13736276216039048,1.0,False,False
Diabetes,WBC Count (10^3/uL),Diastolic BP (mmHg),Difference,0.10167373743987876,0.01695621136370679,3917.079721205194,0.037664184470327766,0.2744014077835797,3921.3415073050737,-0.09355968501976873,0.03790605095815769,3918.754096927284,1.6743757220901898,0.11235289985186545,1.0,False,False
Diabetes,Diastolic BP (mmHg),WBC Count (10^3/uL),Difference,-0.10167373743987876,0.01695621136370679,3917.079721205194,-0.09355968501976873,0.03790605095815769,3918.754096927284,0.037664184470327766,0.2744014077835797,3921.3415073050737,1.6743757220901898,0.11235289985186545,1.0,False,False
Liver Condition,Systolic BP (mmHg),HDL Cholesterol (mg/dL),Ratio,0.17916391635237194,0.002747420875579044,1947.7316342151641,0.08050233908478008,0.23238624824821952,1954.55947971449,-0.18553012516507594,0.01285535296701963,1949.403601233143,1.6719670179788864,0.022536568620920686,1.0,True,False
Stroke,Calcium (mg/dL),WBC Count (10^3/uL),Ratio,-0.1413304917294155,0.04725399544748544,1738.0274670191,-0.10175755658368638,0.11890155348956966,1739.6942085219794,0.012079305681210207,0.7520861261509557,1742.0441555800107,1.666741502879404,0.2782794244465551,1.0,False,False
Heart Attack,"Glycohemoglobin (HbA1c, %)",Albumin (g/dL),Ratio,0.23019341138174665,1.178673947052024e-05,1666.723759214312,0.21569036385325627,3.236964259703965e-05,1668.3902148950842,-0.10910945539602834,0.12592903721186344,1680.8552401624115,1.6664556807722875,0.000155216322245534,0.1131526989169943,True,False
Arthritis,Potassium (mmol/L),Fasting Glucose (mg/dL),Ratio,-0.14658051633676222,0.002461559138827069,2470.5941937377193,-0.06780899504491668,0.1660944809567363,2477.8522508742967,0.12677509081155233,0.0060748621615349455,2472.2581806574,1.6639869196806103,0.02053081471132916,1.0,True,False
Liver Condition,Body Mass Index (kg/m2),Platelet Count (10^3/uL),Difference,0.21919531912166118,0.0023352567166718663,2039.3212910709017,0.13381949111980773,0.02940420477894145,2044.5276970310247,-0.19981991993488055,0.005495867559534554,2040.9843182876539,1.663027216752198,0.01968258514490774,1.0,True,False
Liver Condition,Platelet Count (10^3/uL),Body Mass Index (kg/m2),Difference,-0.21919531912166118,0.0023352567166718663,2039.3212910709017,-0.19981991993488055,0.005495867559534554,2040.9843182876539,0.13381949111980773,0.02940420477894145,2044.5276970310247,1.663027216752198,0.01968258514490774,1.0,True,False
Heart Attack,Potassium (mmol/L),Albumin (g/dL),Ratio,0.12834741966700727,0.04424492002055013,1678.7346095192534,0.0805706471065472,0.20061939195991907,1681.0544678130564,-0.10846249344165612,0.12831925971733082,1680.390491081104,1.6558815618507197,0.2631668105311532,1.0,False,False
Arthritis,HDL Cholesterol (mg/dL),Uric Acid (mg/dL),Ratio,-0.1491895188919388,0.00014465598507848308,5046.976975835949,-0.1316105235444296,0.0004003818864022052,5049.110042899078,0.13590585969241573,0.00026815445190628913,5048.628547659338,1.6515718233895313,0.0015709247248342053,1.0,True,False
Stroke,Waist Circumference (cm),AST Liver Enzyme (U/L),Ratio,0.1723185287131679,0.014321139823939398,1554.1239522937835,0.15729776944685844,0.04138081162222525,1555.7750296286017,-0.06949127408719324,0.4723891395937917,1559.2845765135085,1.6510773348181829,0.09668280049916893,1.0,False,False
Diabetes,Total Cholesterol (mg/dL),Potassium (mmol/L),Ratio,-0.39621926293186704,7.936172312550295e-19,3886.0387357640507,-0.3874870271998555,1.3054680378618675e-18,3887.6761738542436,0.12940766015469865,0.0007568965549735447,3959.924579061957,1.6374380901929726,4.2326252333601574e-17,7.618725420048284e-15,True,True
Stroke,Systolic BP (mmHg),HDL Cholesterol (mg/dL),Ratio,0.22440175415062394,0.0005238273164774579,1635.2224629510783,0.2069757396190231,0.0018305843203447274,1636.8509245106748,-0.1282340275010785,0.09724406278329559,1643.3672008789497,1.628461559596417,0.005094976938382569,1.0,True,False
High Cholesterol,Calcium (mg/dL),HDL Cholesterol (mg/dL),Difference,0.2604239712148745,3.2019845618474685e-13,5708.068655656498,0.11529111257243368,0.00031770157404103106,5750.897059398714,-0.25620386171637743,6.798874099212087e-13,5709.6928455253055,1.6241898688076617,9.883939483516302e-12,3.0739051793735697e-09,True,True
High Cholesterol,HDL Cholesterol (mg/dL),Calcium (mg/dL),Difference,-0.2604239712148745,3.2019845618474685e-13,5708.068655656498,-0.25620386171637743,6.798874099212087e-13,5709.6928455253055,0.11529111257243368,0.00031770157404103106,5750.897059398714,1.6241898688076617,9.883939483516302e-12,3.0739051793735697e-09,True,True
Stroke,hs-CRP Inflammation (mg/L),Platelet Count (10^3/uL),Ratio,0.15960209403797437,0.00010169551070548267,1719.0161362404713,0.14920203240374366,0.00025524105349291953,1720.6170714229336,-0.021173216254675654,0.772623108867351,1730.9497663913478,1.6009351824623081,0.001155357281387732,0.9762769027726337,True,False
Hypertension,Sodium (mmol/L),Total Cholesterol (mg/dL),Ratio,0.10774133489143083,0.000995337378960634,5735.939054823841,-0.02220690277243345,0.48340540788208775,5746.346707236478,-0.09828869837006582,0.0023899213988936153,5737.534847289472,1.595792465631348,0.009126302615111829,1.0,True,False
Hypertension,Calcium (mg/dL),HDL Cholesterol (mg/dL),Difference,0.22499073868547528,1.5918378980097413e-10,5702.338799057403,0.13668473276023885,2.265429543028745e-05,5726.754943387281,-0.22040427744585703,3.402576125659283e-10,5703.934102486688,1.5953034292851953,3.647170362981746e-09,1.5281643820893516e-06,True,True
Hypertension,HDL Cholesterol (mg/dL),Calcium (mg/dL),Difference,-0.22499073868547528,1.5918378980097413e-10,5702.338799057403,-0.22040427744585703,3.402576125659283e-10,5703.934102486688,0.13668473276023885,2.265429543028745e-05,5726.754943387281,1.5953034292851953,3.647170362981746e-09,1.5281643820893516e-06,True,True
Stroke,hs-CRP Inflammation (mg/L),WBC Count (10^3/uL),Ratio,0.16462128954834726,9.687561564265499e-05,1719.028070782966,0.14920203240374366,0.00025524105349291953,1720.6170714229336,0.012984808114580965,0.7311568123102379,1730.9333529567662,1.5890006399674803,0.0011111181722455053,0.9300059101694879,True,False
Heart Attack,Body Mass Index (kg/m2),Platelet Count (10^3/uL),Difference,0.23356037992731107,0.0028474328067492234,1658.1253840625996,0.18126604535531932,0.012256362486097872,1661.6052075144848,-0.21488454516918656,0.006384882024813125,1659.7056007627996,1.580216700200026,0.023232218388060864,1.0,True,False
Heart Attack,Platelet Count (10^3/uL),Body Mass Index (kg/m2),Difference,-0.23356037992731107,0.0028474328067492234,1658.1253840625996,-0.21488454516918656,0.006384882024813125,1659.7056007627996,0.18126604535531932,0.012256362486097872,1661.6052075144848,1.580216700200026,0.023232218388060864,1.0,True,False
Hypertension,hs-CRP Inflammation (mg/L),Potassium (mmol/L),Ratio,0.2733387587976987,2.1188450856950144e-12,5671.366026310393,0.2735558448064386,3.961038103503908e-12,5672.9444143973,-0.17114727961092469,1.2069142491127786e-07,5705.3826244677675,1.5783880869066707,5.828341783000613e-11,2.034091282267214e-08,True,True
Stroke,Diastolic BP (mmHg),LDL Cholesterol (mg/dL),Ratio,0.18089517580810272,0.01877311020290356,766.2692220636598,0.0325453511440539,0.7391664189553648,771.0623545257388,-0.1867779648525408,0.07444265002695555,767.8396540517938,1.5704319881340325,0.12318650577435009,1.0,False,False
Arthritis,Uric Acid (mg/dL),HDL Cholesterol (mg/dL),Difference,0.143131308764786,0.00014036126537067312,5047.076901145045,0.13590585969241573,0.00026815445190628913,5048.628547659338,-0.1316105235444296,0.0004003818864022052,5049.110042899078,1.5516465142936795,0.0015312138040437069,1.0,True,False
Arthritis,HDL Cholesterol (mg/dL),Uric Acid (mg/dL),Difference,-0.143131308764786,0.00014036126537067312,5047.076901145045,-0.1316105235444296,0.0004003818864022052,5049.110042899078,0.13590585969241573,0.00026815445190628913,5048.628547659338,1.5516465142936795,0.0015312138040437069,1.0,True,False
Arthritis,"Glycohemoglobin (HbA1c, %)",HDL Cholesterol (mg/dL),Ratio,0.12758613824941797,0.0001805278640845482,5075.473604794812,0.0732271288163227,0.02566464002524818,5084.37859045754,-0.12821929859157064,0.0005319523386388659,5077.018170090557,1.5445652957450875,0.0019171100610748482,1.0,True,False
Heart Attack,Systolic BP (mmHg),LDL Cholesterol (mg/dL),Ratio,0.25437496729879383,0.0002554868227374617,794.1189409006305,0.0719340118388357,0.4606003384921029,805.4526372217563,-0.33155483554309806,0.0019382911932958314,795.6594921151952,1.5405512145647435,0.002614790509892998,1.0,True,False
Thyroid Problem,Waist Circumference (cm),Total Cholesterol (mg/dL),Ratio,0.11838497568301495,0.009046648563702084,3096.1327840892163,0.10941363921309305,0.022913950112550957,3097.669759256881,-0.05864742565985706,0.2108929401728028,3101.2026005097423,1.5369751676648775,0.06425298194599043,1.0,False,False
Heart Attack,Waist Circumference (cm),HDL Cholesterol (mg/dL),Ratio,0.31817079088935046,3.3346997454846492e-06,1503.7880320086101,0.29203404646677567,0.0001469514005525374,1509.815812214591,-0.3685500256247671,4.1724006629919957e-05,1505.3241874672367,1.536155458626581,4.714744853704364e-05,0.032013117556652634,True,True
Liver Condition,Calcium (mg/dL),Waist Circumference (cm),Ratio,-0.20280291530982908,0.0047139154250858285,1922.6873663491078,-0.07933833096148846,0.2167012312001375,1929.3113019729267,0.17164065085475272,0.009163480138921752,1924.2169776812484,1.5296113321405755,0.036707917349724346,1.0,True,False
Heart Attack,Platelet Count (10^3/uL),BUN Kidney (mg/dL),Difference,-0.23710042730919048,0.0027250840752760528,1673.4911497463522,-0.21530912557210344,0.006029910042120897,1675.0112204255536,0.1386904721730888,0.011383463212118292,1676.9540888385714,1.5200706792013534,0.022397951303638787,1.0,True,False
Heart Attack,BUN Kidney (mg/dL),Platelet Count (10^3/uL),Difference,0.23710042730919048,0.0027250840752760528,1673.4911497463522,0.1386904721730888,0.011383463212118292,1676.9540888385714,-0.21530912557210344,0.006029910042120897,1675.0112204255536,1.5200706792013534,0.022397951303638787,1.0,True,False
Stroke,ALT Liver Enzyme (U/L),Body Mass Index (kg/m2),Ratio,-0.2387960522065768,0.031184769950700294,1664.6452299191515,-0.20589915401412787,0.0646924641638286,1666.1492120670696,0.11212517681645971,0.11512409255941951,1667.7458395151145,1.5039821479181228,0.1927712759347861,1.0,False,False
Diabetes,Diastolic BP (mmHg),Potassium (mmol/L),Ratio,-0.12953940552455762,0.0016196237113404743,3785.5673203938513,-0.09949880835670598,0.014622914688699563,3789.6419383392918,0.11468825771891267,0.0035436317148984896,3787.0712619605383,1.50394156668699,0.014075033849161417,1.0,True,False
Liver Condition,HDL Cholesterol (mg/dL),Body Mass Index (kg/m2),Difference,-0.23943830205842284,0.0008439568561872574,2003.5277296012107,-0.23237980117609022,0.0021045338551382207,2005.0243452558966,0.1326861051168819,0.03229362416673844,2010.8145375325191,1.496615654685911,0.007835576227657322,1.0,True,False
Liver Condition,Body Mass Index (kg/m2),HDL Cholesterol (mg/dL),Difference,0.23943830205842284,0.0008439568561872574,2003.5277296012107,0.1326861051168819,0.03229362416673844,2010.8145375325191,-0.23237980117609022,0.0021045338551382207,2005.0243452558966,1.496615654685911,0.007835576227657322,1.0,True,False
Diabetes,Creatinine Kidney (mg/dL),Calcium (mg/dL),Ratio,0.11648714349946185,0.00016777442494142646,3962.734635061306,0.11215726072837026,0.0003176795893580365,3964.230827538781,-0.024319260476926497,0.5376575076142476,3976.435305399932,1.4961924774747786,0.001791584515503553,1.0,True,False
Heart Attack,WBC Count (10^3/uL),LDL Cholesterol (mg/dL),Difference,0.37036740488182723,0.00035489418408657326,849.2193715900164,0.24902047712552136,0.0034902666505179075,853.785457588948,-0.34860224353910557,0.0007225754081224855,850.7099754568181,1.4906038668017345,0.003552642510147136,1.0,True,False
Heart Attack,LDL Cholesterol (mg/dL),WBC Count (10^3/uL),Difference,-0.37036740488182723,0.00035489418408657326,849.2193715900164,-0.34860224353910557,0.0007225754081224855,850.7099754568181,0.24902047712552136,0.0034902666505179075,853.785457588948,1.4906038668017345,0.003552642510147136,1.0,True,False
Liver Condition,Albumin (g/dL),Uric Acid (mg/dL),Difference,-0.164846037194169,0.009085066523130885,2051.7038332368506,-0.11533039675494448,0.07508099172386051,2055.1836869188296,0.1487637343520369,0.021973174915277064,2053.1912576993655,1.4874244625148094,0.06441406102072118,1.0,False,False
Liver Condition,Uric Acid (mg/dL),Albumin (g/dL),Difference,0.164846037194169,0.009085066523130885,2051.7038332368506,0.1487637343520369,0.021973174915277064,2053.1912576993655,-0.11533039675494448,0.07508099172386051,2055.1836869188296,1.4874244625148094,0.06441406102072118,1.0,False,False
Stroke,LDL Cholesterol (mg/dL),"Glycohemoglobin (HbA1c, %)",Ratio,-0.23523164452912845,0.022520108684998937,816.2797969520103,-0.19733825911639488,0.05091057981792905,817.7597887441894,0.07886575104309881,0.36618590605945667,820.9917370210121,1.4799917921791348,0.1449015036032103,1.0,False,False
Stroke,ALT Liver Enzyme (U/L),WBC Count (10^3/uL),Ratio,-0.22779723592939174,0.03477620240063457,1736.6997910742716,-0.19816460450279233,0.0656750691574323,1738.1690917781364,0.012075289852393886,0.752161977318878,1742.0215456701567,1.4693007038647465,0.21237375511837905,1.0,False,False
Arthritis,HDL Cholesterol (mg/dL),WBC Count (10^3/uL),Difference,-0.13638023614060657,0.00042849362816440635,5074.255003620874,-0.12534457604324925,0.0007027104714583973,5075.720279410257,0.13094645118485027,0.14152823647593013,5084.22767334495,1.4652757893827584,0.004236394264035325,1.0,True,False
Arthritis,WBC Count (10^3/uL),HDL Cholesterol (mg/dL),Difference,0.13638023614060657,0.00042849362816440635,5074.255003620874,0.13094645118485027,0.14152823647593013,5084.22767334495,-0.12534457604324925,0.0007027104714583973,5075.720279410257,1.4652757893827584,0.004236394264035325,1.0,True,False
Diabetes,Albumin (g/dL),Waist Circumference (cm),Difference,-0.64785065037444,1.803870461226346e-42,3491.086172476464,-0.27579442267726295,7.011623831504847e-10,3644.079152312436,0.6447881461622117,3.595092082926511e-42,3492.533798306335,1.4476258298709581,2.8861927379621532e-40,1.731715642777292e-38,True,True
Diabetes,Waist Circumference (cm),Albumin (g/dL),Difference,0.64785065037444,1.803870461226346e-42,3491.086172476464,0.6447881461622117,3.595092082926511e-42,3492.533798306335,-0.27579442267726295,7.011623831504847e-10,3644.079152312436,1.4476258298709581,2.8861927379621532e-40,1.731715642777292e-38,True,True
Stroke,ALT Liver Enzyme (U/L),"Glycohemoglobin (HbA1c, %)",Ratio,-0.24761748092476035,0.03222443741386088,1736.9875740169853,-0.19863096734005484,0.06511670709289864,1738.4335329926994,0.0703301432594618,0.24836952614503516,1741.1321714385317,1.4459589757141202,0.19855879279400798,1.0,False,False
Arthritis,LDL Cholesterol (mg/dL),Triglycerides (mg/dL),Difference,-0.12956132364879258,0.008422262043481376,2449.93957142346,-0.039945134063415315,0.4063620525373265,2456.130790044351,0.11707440922268633,0.019013613042042167,2451.383694205907,1.4441227824468115,0.060338593744344186,1.0,False,False
Arthritis,Triglycerides (mg/dL),LDL Cholesterol (mg/dL),Difference,0.12956132364879258,0.008422262043481376,2449.93957142346,0.11707440922268633,0.019013613042042167,2451.383694205907,-0.039945134063415315,0.4063620525373265,2456.130790044351,1.4441227824468115,0.060338593744344186,1.0,False,False
Heart Attack,Platelet Count (10^3/uL),Insulin (uIU/mL),Difference,-0.2675274456010505,0.005224562058776706,860.7950143986775,-0.18307485166983342,0.08371435354883316,865.5692802629096,0.1486466178970514,0.009657300049890702,862.2358151037074,1.4408007050299148,0.040350599971244065,1.0,True,False
Heart Attack,Insulin (uIU/mL),Platelet Count (10^3/uL),Difference,0.2675274456010505,0.005224562058776706,860.7950143986775,0.1486466178970514,0.009657300049890702,862.2358151037074,-0.18307485166983342,0.08371435354883316,865.5692802629096,1.4408007050299148,0.040350599971244065,1.0,True,False
Heart Attack,Sodium (mmol/L),LDL Cholesterol (mg/dL),Ratio,0.26272693498810107,5.8799600290721906e-05,847.1191439648411,-0.03653098862804128,0.684972881774115,861.0737470183396,-0.3546705712661083,0.0006045603234359038,848.5551101826984,1.435966217857299,0.0006951676881661703,0.5644761627909303,True,False
Stroke,HDL Cholesterol (mg/dL),"Glycohemoglobin (HbA1c, %)",Ratio,-0.14646727294340406,0.04864969077535292,1742.9392639166672,-0.11878889568514296,0.1120474981245089,1744.3577612028637,0.0670782108045528,0.2725216986426401,1745.8336928819435,1.418497286196498,0.2843051120763116,1.0,False,False
Thyroid Problem,hs-CRP Inflammation (mg/L),HDL Cholesterol (mg/dL),Difference,0.10788472270298512,0.015437797876518392,3277.99939338853,0.05637838175001315,0.13433226656962838,3281.7707944619647,-0.10046775080738705,0.038135752321997465,3279.4142076922985,1.4148143037687078,0.10327725408681294,1.0,False,False
Thyroid Problem,HDL Cholesterol (mg/dL),hs-CRP Inflammation (mg/L),Difference,-0.10788472270298512,0.015437797876518392,3277.99939338853,-0.10046775080738705,0.038135752321997465,3279.4142076922985,0.05637838175001315,0.13433226656962838,3281.7707944619647,1.4148143037687078,0.10327725408681294,1.0,False,False
Stroke,Total Cholesterol (mg/dL),"Glycohemoglobin (HbA1c, %)",Ratio,-0.24180832722952605,0.00044986225557168516,1734.3022941486327,-0.23156912561850143,0.0010137050568321438,1735.7037646142612,0.0670782108045528,0.2725216986426401,1745.8336928819435,1.401470465628563,0.004411315274247373,1.0,True,False
Heart Attack,Albumin (g/dL),Creatinine Kidney (mg/dL),Difference,-0.10058118939845762,0.03360749561750286,1679.5213251707344,-0.10922115226041204,0.1255468913118729,1680.923102410372,0.07633882681806035,0.08855798740435938,1680.9138490579212,1.392523887186826,0.20576017725001752,1.0,False,False
Heart Attack,Creatinine Kidney (mg/dL),Albumin (g/dL),Difference,0.10058118939845762,0.03360749561750286,1679.5213251707344,0.07633882681806035,0.08855798740435938,1680.9138490579212,-0.10922115226041204,0.1255468913118729,1680.923102410372,1.392523887186826,0.20576017725001752,1.0,False,False
Hypertension,WBC Count (10^3/uL),Hemoglobin (g/dL),Difference,0.49343450698469005,6.348602729714545e-10,5851.57464708308,0.5243918982175751,1.2126088169190195e-09,5852.96620722887,-0.05544314387953072,0.13066693175695138,5889.732259200502,1.3915601457902085,1.4042992213193463e-08,6.094658620525963e-06,True,True
Hypertension,Hemoglobin (g/dL),WBC Count (10^3/uL),Difference,-0.49343450698469005,6.348602729714545e-10,5851.57464708308,-0.05544314387953072,0.13066693175695138,5889.732259200502,0.5243918982175751,1.2126088169190195e-09,5852.96620722887,1.3915601457902085,1.4042992213193463e-08,6.094658620525963e-06,True,True
Stroke,Hemoglobin (g/dL),hs-CRP Inflammation (mg/L),Difference,-0.16369586805599406,6.285978523005347e-05,1718.4949856959643,-0.2412675333396799,0.0006575267937739379,1719.8845746207085,0.14920203240374366,0.00025524105349291953,1720.6170714229336,1.3895889247442028,0.0007377187508661532,0.6034539382085133,True,False
Stroke,hs-CRP Inflammation (mg/L),Hemoglobin (g/dL),Difference,0.16369586805599406,6.285978523005347e-05,1718.4949856959643,0.14920203240374366,0.00025524105349291953,1720.6170714229336,-0.2412675333396799,0.0006575267937739379,1719.8845746207085,1.3895889247442028,0.0007377187508661532,0.6034539382085133,True,False
Arthritis,Sodium (mmol/L),"Glycohemoglobin (HbA1c, %)",Ratio,-0.10250260604060422,0.0031677196036835388,5055.409067094644,-0.09072007531880827,0.007161298370446497,5056.79645737694,0.0733457694981991,0.025781584180988568,5059.1486204621815,1.38739028229611,0.025662538561486894,1.0,True,False
Arthritis,Hemoglobin (g/dL),WBC Count (10^3/uL),Ratio,-0.07338329875888071,0.0364916719255029,5182.528189682208,-0.02469349495764882,0.5193563561275947,5186.524960682549,0.12232022421023481,0.1603970507858654,5183.906546763117,1.3783570809091543,0.22172155093976445,1.0,False,False
Liver Condition,Albumin (g/dL),hs-CRP Inflammation (mg/L),Ratio,-0.16047962527715529,0.04256330676310459,2052.2196540649315,-0.11750313714320117,0.06969784345637721,2053.594386841145,0.05725981708781038,0.24921012160534162,2055.6736324735652,1.3747327762134773,0.2537936303886982,1.0,False,False
High Cholesterol,Creatinine Kidney (mg/dL),BUN Kidney (mg/dL),Ratio,-0.09144756578899832,0.00789029767585827,5759.6807677587185,0.03263385955853344,0.29416715298308027,5765.85487701099,0.08114336399420313,0.015578075715033087,5761.041200258103,1.3604324993848422,0.05721061758930468,1.0,False,False
Stroke,Uric Acid (mg/dL),BUN Kidney (mg/dL),Difference,-0.20243266717407474,0.00012505515648957477,1729.459754327379,-0.010951741064404023,0.8776104453187488,1742.6284869002013,0.19243111893933085,0.00028387244683327476,1730.8193979230023,1.3596435956233108,0.0013830985049538222,1.0,True,False
Stroke,BUN Kidney (mg/dL),Uric Acid (mg/dL),Difference,0.20243266717407474,0.00012505515648957477,1729.459754327379,0.19243111893933085,0.00028387244683327476,1730.8193979230023,-0.010951741064404023,0.8776104453187488,1742.6284869002013,1.3596435956233108,0.0013830985049538222,1.0,True,False
Diabetes,Uric Acid (mg/dL),Sodium (mmol/L),Difference,0.1760463101032098,5.5936548338174955e-06,3956.1225323682766,0.04982964194864296,0.23896482570288358,3975.4351704314504,-0.16820639184114264,1.1475802820373863e-05,3957.4778553676474,1.3553229993708555,7.704316557338301e-05,0.053699086404647954,True,False
Diabetes,Sodium (mmol/L),Uric Acid (mg/dL),Difference,-0.1760463101032098,5.5936548338174955e-06,3956.1225323682766,-0.16820639184114264,1.1475802820373863e-05,3957.4778553676474,0.04982964194864296,0.23896482570288358,3975.4351704314504,1.3553229993708555,7.704316557338301e-05,0.053699086404647954,True,False
High Cholesterol,Sodium (mmol/L),BUN Kidney (mg/dL),Ratio,-0.09879238110369779,0.008031673063321655,5759.689278936932,-0.004861038446236446,0.8773527401492369,5766.918697294414,0.08114336399420313,0.015578075715033087,5761.041200258103,1.3519213211711758,0.05790448250164942,1.0,False,False
Liver Condition,Body Mass Index (kg/m2),HDL Cholesterol (mg/dL),Ratio,0.20853944593145426,0.00040716307053328293,2003.6825476011168,0.1326861051168819,0.03229362416673844,2010.8145375325191,-0.23237980117609022,0.0021045338551382207,2005.0243452558966,1.341797654779839,0.004037980864792888,1.0,True,False
Liver Condition,Platelet Count (10^3/uL),hs-CRP Inflammation (mg/L),Difference,-0.22899420633218895,0.001505474697012975,2041.0963489164287,-0.21343170394031052,0.0030129790297656364,2042.42920913567,0.055684668620885634,0.2658817413291005,2050.5382512342376,1.3328602192411836,0.013271402287717686,1.0,True,False
Liver Condition,hs-CRP Inflammation (mg/L),Platelet Count (10^3/uL),Difference,0.22899420633218895,0.001505474697012975,2041.0963489164287,0.055684668620885634,0.2658817413291005,2050.5382512342376,-0.21343170394031052,0.0030129790297656364,2042.42920913567,1.3328602192411836,0.013271402287717686,1.0,True,False
Stroke,Alkaline Phosphatase (U/L),HDL Cholesterol (mg/dL),Ratio,0.25906778713992046,2.7395935299215982e-06,1718.3130672114894,0.23035564176914997,3.0114848903868064e-06,1719.6375973114154,-0.11596202714886182,0.12165916441149148,1735.0328108631409,1.3245300999260508,3.902091674665778e-05,0.026300097887247343,True,True
Arthritis,Diastolic BP (mmHg),Total Cholesterol (mg/dL),Difference,0.07920122391871005,0.024162030634978654,4873.032642770308,0.036143477380587014,0.3021753500536857,4877.085678796504,-0.0681057616404969,0.05157536031052654,4874.338092213331,1.3054494430234627,0.1543170556466081,1.0,False,False
Arthritis,Total Cholesterol (mg/dL),Diastolic BP (mmHg),Difference,-0.07920122391871005,0.024162030634978654,4873.032642770308,-0.0681057616404969,0.05157536031052654,4874.338092213331,0.036143477380587014,0.3021753500536857,4877.085678796504,1.3054494430234627,0.1543170556466081,1.0,False,False
Liver Condition,Alkaline Phosphatase (U/L),Platelet Count (10^3/uL),Difference,0.34644243312200995,2.1433061060801883e-07,2025.8426015197522,0.2570678937562713,4.09576766726503e-07,2027.1407247738898,-0.2129220465222574,0.003064223251775512,2043.3555304332806,1.2981232541376357,3.7006724133758647e-06,0.0020575738618369807,True,True
Liver Condition,Platelet Count (10^3/uL),Alkaline Phosphatase (U/L),Difference,-0.34644243312200995,2.1433061060801883e-07,2025.8426015197522,-0.2129220465222574,0.003064223251775512,2043.3555304332806,0.2570678937562713,4.09576766726503e-07,2027.1407247738898,1.2981232541376357,3.7006724133758647e-06,0.0020575738618369807,True,True
Hypertension,Hemoglobin (g/dL),Waist Circumference (cm),Difference,-0.5867095185585967,1.3863348843761616e-58,5302.236926353831,-0.028063279181060396,0.458354852791405,5580.183319939366,0.5867374569455887,2.456739747806061e-58,5303.526913763778,1.2899874099466615,7.828714641183031e-56,1.330881489001115e-54,True,True
Hypertension,Waist Circumference (cm),Hemoglobin (g/dL),Difference,0.5867095185585967,1.3863348843761616e-58,5302.236926353831,0.5867374569455887,2.456739747806061e-58,5303.526913763778,-0.028063279181060396,0.458354852791405,5580.183319939366,1.2899874099466615,7.828714641183031e-56,1.330881489001115e-54,True,True
Heart Attack,LDL Cholesterol (mg/dL),Alkaline Phosphatase (U/L),Ratio,-0.3989606169244787,0.00045057476587746727,847.2001425785181,-0.35441689168236185,0.0006102038881485324,848.4900811877055,0.22589973384865136,0.00251184074242222,852.9682728230237,1.289938609187402,0.004413793624922128,1.0,True,False
Hypertension,Insulin (uIU/mL),Alkaline Phosphatase (U/L),Ratio,0.24808404030860584,1.4378940812508699e-05,2821.0929313619363,0.24566920768047948,3.069990899373065e-05,2822.377317365508,0.1973236977647856,2.4242402573920342e-05,2825.306101619213,1.2843860035718535,0.00018653761054065337,0.1380378318000835,True,False
Hypertension,Albumin (g/dL),Systolic BP (mmHg),Difference,-0.5809762120951747,1.3085271214151857e-47,5260.048142328134,-0.09331550196615679,0.007730541906758256,5485.853559996483,0.5782524674370472,2.2048225477901493e-47,5261.327051268263,1.278908940128531,2.8549682649058597e-45,1.2561860365585784e-43,True,True
Hypertension,Systolic BP (mmHg),Albumin (g/dL),Difference,0.5809762120951747,1.3085271214151857e-47,5260.048142328134,0.5782524674370472,2.2048225477901493e-47,5261.327051268263,-0.09331550196615679,0.007730541906758256,5485.853559996483,1.278908940128531,2.8549682649058597e-45,1.2561860365585784e-43,True,True
Liver Condition,Systolic BP (mmHg),Platelet Count (10^3/uL),Difference,0.2222562061454399,0.0024753128580368294,1985.9564430427495,0.07376673737633802,0.27127046358321405,1994.3007769143283,-0.202301422713174,0.004921002668296377,1987.2292885184752,1.2728454757257168,0.020583281635737243,1.0,True,False
Liver Condition,Platelet Count (10^3/uL),Systolic BP (mmHg),Difference,-0.2222562061454399,0.0024753128580368294,1985.9564430427495,-0.202301422713174,0.004921002668296377,1987.2292885184752,0.07376673737633802,0.27127046358321405,1994.3007769143283,1.2728454757257168,0.020583281635737243,1.0,True,False
Diabetes,Waist Circumference (cm),Albumin (g/dL),Ratio,0.620509891644878,3.954798977883993e-43,3491.267616089173,0.6447881461622117,3.595092082926511e-42,3492.533798306335,-0.27579442267726295,7.011623831504847e-10,3644.079152312436,1.266182217162168,6.779655390658274e-41,3.7966070187686336e-39,True,True
Stroke,"Glycohemoglobin (HbA1c, %)",HDL Cholesterol (mg/dL),Ratio,0.12857383655390694,0.04226590002379546,1743.0925026590012,0.0670782108045528,0.2725216986426401,1745.8336928819435,-0.11878889568514296,0.1120474981245089,1744.3577612028637,1.265258543862501,0.25233373148534605,1.0,False,False
Stroke,Systolic BP (mmHg),Albumin (g/dL),Ratio,0.34859503096047206,2.6155245349698052e-08,1613.3241202304653,0.20765547061115702,0.0017545115539922714,1632.618445286915,-0.37541721957169494,9.136946005619591e-08,1614.5813422718177,1.2572220413524064,4.972086244695075e-07,0.0002510903553571013,True,True
Stroke,Calcium (mg/dL),Albumin (g/dL),Ratio,0.3392675712261776,1.3187130831651568e-08,1713.7304398567915,-0.10263187328655861,0.11568853598094742,1740.1737409004863,-0.3647543350278809,8.461502958843305e-08,1714.9874711791877,1.2570313223961875,2.5995165499764897e-07,0.00012659645598385506,True,True
Thyroid Problem,Hemoglobin (g/dL),Waist Circumference (cm),Ratio,-0.12826772544341816,0.011222244124376756,3140.361816545157,-0.027057615426749743,0.6086991280351683,3146.5697346973184,0.10977840598111563,0.02159913599922285,3141.616834371255,1.2550178260980829,0.07700753652181334,1.0,False,False
Hypertension,Insulin (uIU/mL),Sodium (mmol/L),Difference,0.25181207766424113,1.8020133843105087e-05,2823.4336918209788,0.24498606723201574,3.1749559849896115e-05,2824.6858137060417,-0.05957630739398938,0.18695867379057474,2843.939971096776,1.2521218850629339,0.0002258397975114998,0.17299328489380883,True,False
Hypertension,Sodium (mmol/L),Insulin (uIU/mL),Difference,-0.25181207766424113,1.8020133843105087e-05,2823.4336918209788,-0.05957630739398938,0.18695867379057474,2843.939971096776,0.24498606723201574,3.1749559849896115e-05,2824.6858137060417,1.2521218850629339,0.0002258397975114998,0.17299328489380883,True,False
Liver Condition,Albumin (g/dL),"Glycohemoglobin (HbA1c, %)",Ratio,-0.1370386967297331,0.034145158773837794,2053.851026815317,-0.11501870532004875,0.07586147714043835,2055.102801682463,0.09413049960058971,0.08916691099879696,2055.5515930020374,1.251774867146196,0.20878568422219287,1.0,False,False
Heart Attack,HDL Cholesterol (mg/dL),Fasting Glucose (mg/dL),Difference,-0.29948660751675266,1.1825492527852671e-05,853.9223840488283,-0.44184773505543834,0.0002607917913190371,855.1705615594178,0.24147011730337067,0.0002549623379216744,859.0396107711837,1.2481775105894712,0.00015530058586509665,0.11352472826738565,True,False
Heart Attack,Fasting Glucose (mg/dL),HDL Cholesterol (mg/dL),Difference,0.29948660751675266,1.1825492527852671e-05,853.9223840488283,0.24147011730337067,0.0002549623379216744,859.0396107711837,-0.44184773505543834,0.0002607917913190371,855.1705615594178,1.2481775105894712,0.00015530058586509665,0.11352472826738565,True,False
Hypertension,Hemoglobin (g/dL),AST Liver Enzyme (U/L),Difference,-0.10083133994515128,0.0012281275847280174,5723.1937614611115,-0.07092212199858108,0.056745794607794726,5729.873196895017,0.095189727950942,0.0024217062866057045,5724.441658054662,1.2478965935506494,0.011008426529774946,1.0,True,False
Hypertension,AST Liver Enzyme (U/L),Hemoglobin (g/dL),Difference,0.10083133994515128,0.0012281275847280174,5723.1937614611115,0.095189727950942,0.0024217062866057045,5724.441658054662,-0.07092212199858108,0.056745794607794726,5729.873196895017,1.2478965935506494,0.011008426529774946,1.0,True,False
Heart Attack,LDL Cholesterol (mg/dL),Systolic BP (mmHg),Ratio,-0.37691336747072235,0.0010907573345499504,794.4142299932885,-0.33155483554309806,0.0019382911932958314,795.6594921151952,0.0719340118388357,0.4606003384921029,805.4526372217563,1.2452621219067623,0.009925374797800497,1.0,True,False
Hypertension,Diastolic BP (mmHg),Albumin (g/dL),Difference,0.32385922923204047,9.595532160145342e-22,5397.7575353296415,0.3217722672824072,1.7063056322319473e-21,5398.998201387119,-0.09331550196615679,0.007730541906758256,5485.853559996483,1.2406660574770285,6.266469982135734e-20,9.211710873739528e-18,True,True
Hypertension,Albumin (g/dL),Diastolic BP (mmHg),Difference,-0.32385922923204047,9.595532160145342e-22,5397.7575353296415,-0.09331550196615679,0.007730541906758256,5485.853559996483,0.3217722672824072,1.7063056322319473e-21,5398.998201387119,1.2406660574770285,6.266469982135734e-20,9.211710873739528e-18,True,True
Liver Condition,Sodium (mmol/L),Waist Circumference (cm),Ratio,-0.20058245272423514,0.005495667234778458,1923.1524862883543,-0.07396453755675128,0.23777644678772925,1929.6342489518713,0.17170945707821522,0.009134906775427993,1924.3919044407976,1.2394181524432497,0.042061986985078556,1.0,True,False
Liver Condition,ALT Liver Enzyme (U/L),Calcium (mg/dL),Ratio,0.376980966349351,7.053519481757645e-18,1995.7179282806987,0.3727619992345364,1.677460189641142e-17,1996.9488134717258,-0.06487512892769605,0.29430339413566875,2057.089749124835,1.2308851910270278,3.2983164192203443e-16,6.771378702487339e-14,True,True
Stroke,Systolic BP (mmHg),Hemoglobin (g/dL),Difference,0.2232668096562882,0.0006548418112380029,1664.8476571507263,0.2113620375459398,0.0013179676831592856,1666.068808063206,-0.22255544324757295,0.0020610246456101056,1666.8838587421583,1.221150912479743,0.006230407718419056,1.0,True,False
Stroke,Hemoglobin (g/dL),Systolic BP (mmHg),Difference,-0.2232668096562882,0.0006548418112380029,1664.8476571507263,-0.22255544324757295,0.0020610246456101056,1666.8838587421583,0.2113620375459398,0.0013179676831592856,1666.068808063206,1.221150912479743,0.006230407718419056,1.0,True,False
Stroke,BUN Kidney (mg/dL),Calcium (mg/dL),Ratio,0.19688296008223494,0.00012095437344074748,1729.6097027550197,0.19243111893933085,0.00028387244683327476,1730.8193979230023,-0.10263187328655861,0.11568853598094742,1740.1737409004863,1.2096951679825452,0.0013486201916738394,1.0,True,False
Liver Condition,"Glycohemoglobin (HbA1c, %)",Albumin (g/dL),Ratio,0.1191822835112304,0.029039687040643983,2053.8957206433643,0.09413049960058971,0.08916691099879696,2055.5515930020374,-0.11501870532004875,0.07586147714043835,2055.102801682463,1.207081039098739,0.1811442466472919,1.0,False,False
Hypertension,AST Liver Enzyme (U/L),Albumin (g/dL),Ratio,0.09987338513048664,0.0010857354113017706,5725.855553504914,0.09563880667753528,0.002303859626537359,5727.061161298447,-0.09790109529366048,0.004358355989521316,5728.103610364205,1.2056077935330904,0.009889051184532257,1.0,True,False
Liver Condition,Triglycerides (mg/dL),Platelet Count (10^3/uL),Ratio,0.11170919275411917,0.04458594520862531,1005.9617718449485,0.0868947385687049,0.14587811763077208,1007.5625614955957,-0.14165647773151877,0.1541201940143209,1007.1595647935235,1.1977929485749428,0.26469423028818545,1.0,False,False
Arthritis,BUN Kidney (mg/dL),Albumin (g/dL),Difference,0.13643373640348377,0.00014338360814358916,5049.776608173053,0.1307849381281174,0.0002627676659462141,5050.9600212286105,-0.11691926256747451,0.0011304154247740983,5053.924916994201,1.1834130555571392,0.0015588704849133137,1.0,True,False
Arthritis,Albumin (g/dL),BUN Kidney (mg/dL),Difference,-0.13643373640348377,0.00014338360814358916,5049.776608173053,-0.11691926256747451,0.0011304154247740983,5053.924916994201,0.1307849381281174,0.0002627676659462141,5050.9600212286105,1.1834130555571392,0.0015588704849133137,1.0,True,False
Stroke,Alkaline Phosphatase (U/L),Calcium (mg/dL),Ratio,0.23402118279713366,1.3860585964620557e-06,1723.4194187240196,0.23074319205242966,2.8048870992187026e-06,1724.5963182121443,-0.10277760442540272,0.11515323229124022,1740.1052756131044,1.1768994881247181,2.0565938989236067e-05,0.013306162526035736,True,True
Thyroid Problem,BUN Kidney (mg/dL),Triglycerides (mg/dL),Ratio,-0.1473346369283908,0.04010234786216963,1621.545574309849,-0.017362587196799506,0.7891815895392431,1626.0993643017762,0.1100287696734409,0.040604047237476404,1622.6964094474606,1.1508351376116934,0.24031369505420005,1.0,False,False
Liver Condition,Uric Acid (mg/dL),Calcium (mg/dL),Difference,0.16273655846959167,0.011202034474120607,2052.0458704416415,0.1487637343520369,0.021973174915277064,2053.1912576993655,-0.0645974514518603,0.29638072538830096,2057.2150765830365,1.1453872577239963,0.07692384188237326,1.0,False,False
Liver Condition,Calcium (mg/dL),Uric Acid (mg/dL),Difference,-0.16273655846959167,0.011202034474120607,2052.0458704416415,-0.0645974514518603,0.29638072538830096,2057.2150765830365,0.1487637343520369,0.021973174915277064,2053.1912576993655,1.1453872577239963,0.07692384188237326,1.0,False,False
Heart Attack,Total Cholesterol (mg/dL),Potassium (mmol/L),Ratio,-0.38547707733945935,4.53684132756513e-07,1655.0876221098158,-0.3648159796095627,7.184428600731759e-07,1656.2284463085966,0.08047255038262961,0.20125524302859688,1680.8428042706346,1.1408241987808196,7.295423240305737e-06,0.004355367674462525,True,True
Heart Attack,Sodium (mmol/L),Waist Circumference (cm),Difference,-0.2997718927231442,9.681539333397887e-05,1506.2274392602744,-0.07339309257456687,0.26649032549098994,1519.801547314172,0.28873732198138746,0.00017847526805109853,1507.3639611880644,1.1365219277899996,0.0011111181722455053,0.9294277760061972,True,False
Heart Attack,Waist Circumference (cm),Sodium (mmol/L),Difference,0.2997718927231442,9.681539333397887e-05,1506.2274392602744,0.28873732198138746,0.00017847526805109853,1507.3639611880644,-0.07339309257456687,0.26649032549098994,1519.801547314172,1.1365219277899996,0.0011111181722455053,0.9294277760061972,True,False
Heart Attack,Sodium (mmol/L),Waist Circumference (cm),Ratio,-0.33756138772040895,0.00015802115154403546,1506.2274947294927,-0.07339309257456687,0.26649032549098994,1519.801547314172,0.28873732198138746,0.00017847526805109853,1507.3639611880644,1.1364664585717037,0.0016968714259762198,1.0,True,False
Stroke,hs-CRP Inflammation (mg/L),"Glycohemoglobin (HbA1c, %)",Ratio,0.16335478643764575,0.00012029637383315784,1719.7583893536466,0.149260094051446,0.0002543643816178685,1720.89050113746,0.08082559844397348,0.18192122555129908,1729.646338248253,1.1321117838133432,0.0013442021372580275,1.0,True,False
Liver Condition,Sodium (mmol/L),HDL Cholesterol (mg/dL),Ratio,0.17309763562969435,0.0034797050617487776,2050.3487020440657,-0.03831289801274904,0.5291243446278773,2057.743801738803,-0.18248698342713965,0.012170265942732158,2051.478510934271,1.1298088902053678,0.028000979541314554,1.0,True,False
Stroke,Total Cholesterol (mg/dL),Body Mass Index (kg/m2),Difference,-0.21976989951346454,0.0019983306892507537,1664.6991626528309,-0.20862227262105187,0.0036132738902801874,1665.8252792617586,0.115400677564499,0.10433193997663333,1672.0871678818075,1.1261166089277594,0.017098016592519815,1.0,True,False
Stroke,Body Mass Index (kg/m2),Total Cholesterol (mg/dL),Difference,0.21976989951346454,0.0019983306892507537,1664.6991626528309,0.115400677564499,0.10433193997663333,1672.0871678818075,-0.20862227262105187,0.0036132738902801874,1665.8252792617586,1.1261166089277594,0.017098016592519815,1.0,True,False
Stroke,Potassium (mmol/L),Total Cholesterol (mg/dL),Ratio,0.21691994499025027,0.00025215441184048385,1724.4996073508507,-0.04963424909704144,0.44273724987875085,1736.6262461456918,-0.23522031541906718,0.0008589340370263008,1725.62421561859,1.1246082677391769,0.00258343901138596,1.0,True,False
Stroke,Potassium (mmol/L),Creatinine Kidney (mg/dL),Difference,-0.22844345957220977,3.345969572730846e-08,1716.2732469403288,-0.050589802864770286,0.4331849761811176,1741.5936615604442,0.19977115803507722,7.277299491691662e-08,1717.3940477806245,1.1208008402957148,6.261463527917373e-07,0.00032121307898216124,True,True
Stroke,Creatinine Kidney (mg/dL),Potassium (mmol/L),Difference,0.22844345957220977,3.345969572730846e-08,1716.2732469403288,0.19977115803507722,7.277299491691662e-08,1717.3940477806245,-0.050589802864770286,0.4331849761811176,1741.5936615604442,1.1208008402957148,6.261463527917373e-07,0.00032121307898216124,True,True
Heart Attack,Total Cholesterol (mg/dL),"Glycohemoglobin (HbA1c, %)",Difference,-0.37179869014508043,4.41248503541955e-07,1658.9975287866464,-0.3646897364462066,7.502919845373e-07,1660.108784206353,0.2166518478310406,2.8813629597062155e-05,1671.3078056798877,1.1112554197065947,7.107358446313369e-06,0.004235985634002768,True,True
Heart Attack,"Glycohemoglobin (HbA1c, %)",Total Cholesterol (mg/dL),Difference,0.37179869014508043,4.41248503541955e-07,1658.9975287866464,0.2166518478310406,2.8813629597062155e-05,1671.3078056798877,-0.3646897364462066,7.502919845373e-07,1660.108784206353,1.1112554197065947,7.107358446313369e-06,0.004235985634002768,True,True
Hypertension,Hemoglobin (g/dL),"Glycohemoglobin (HbA1c, %)",Ratio,-0.2906424391282629,1.649727700420809e-16,5810.51167320921,-0.057658985613294564,0.11652501207763673,5877.223371625631,0.25931876197023956,1.733331677626623e-15,5811.621650920526,1.109977711315878,6.739313159165857e-15,1.5837385924039765e-12,True,True
Stroke,Alkaline Phosphatase (U/L),Hemoglobin (g/dL),Difference,0.2365012516087074,1.438305577276118e-06,1722.982476525599,0.23086453287990805,2.76166857537846e-06,1724.0878413855694,-0.24192320378833496,0.0006070344607153035,1730.8162835119242,1.1053648599704502,2.1145074336677996e-05,0.013807733541850734,True,True
Stroke,Hemoglobin (g/dL),Alkaline Phosphatase (U/L),Difference,-0.2365012516087074,1.438305577276118e-06,1722.982476525599,-0.24192320378833496,0.0006070344607153035,1730.8162835119242,0.23086453287990805,2.76166857537846e-06,1724.0878413855694,1.1053648599704502,2.1145074336677996e-05,0.013807733541850734,True,True
Stroke,hs-CRP Inflammation (mg/L),Total Cholesterol (mg/dL),Ratio,0.16202038941609798,6.159418171650555e-05,1714.1093892661934,0.14873384321483588,0.0002753800780533711,1716.202856372111,-0.23379776996459659,0.0009932568039445948,1715.201167451397,1.091778185203566,0.0007255265576422739,0.5913041444784533,True,False
Heart Attack,Waist Circumference (cm),Sodium (mmol/L),Ratio,0.29935672507341876,9.783140863998629e-05,1506.2726761700944,0.28873732198138746,0.00017847526805109853,1507.3639611880644,-0.07339309257456687,0.26649032549098994,1519.801547314172,1.0912850179699944,0.0011207416741573608,0.9391815229438684,True,False
Heart Attack,Sodium (mmol/L),BUN Kidney (mg/dL),Difference,-0.15071310409531005,0.006185429167833654,1676.21626014179,-0.06576175558658325,0.2940707431325982,1682.139504060402,0.13871019105850618,0.011373801064068562,1677.2982570774411,1.0819969356512047,0.046499702436337574,1.0,True,False
Heart Attack,BUN Kidney (mg/dL),Sodium (mmol/L),Difference,0.15071310409531005,0.006185429167833654,1676.21626014179,0.13871019105850618,0.011373801064068562,1677.2982570774411,-0.06576175558658325,0.2940707431325982,1682.139504060402,1.0819969356512047,0.046499702436337574,1.0,True,False
Stroke,Waist Circumference (cm),HDL Cholesterol (mg/dL),Ratio,0.17645391618609288,0.017716671925726006,1559.8042673721523,0.16143213196888437,0.03601564786494286,1560.8819363327257,-0.09777361415044968,0.215529344660225,1563.6109736144936,1.077668960573419,0.11673304769181171,1.0,False,False
Heart Attack,Albumin (g/dL),"Glycohemoglobin (HbA1c, %)",Difference,-0.22927728055610325,1.7946489996358044e-05,1667.317945025874,-0.10910945539602834,0.12592903721186344,1680.8552401624115,0.21569036385325627,3.236964259703965e-05,1668.3902148950842,1.0722698692102313,0.0002255056334620906,0.17228630396503722,True,False
Heart Attack,"Glycohemoglobin (HbA1c, %)",Albumin (g/dL),Difference,0.22927728055610325,1.7946489996358044e-05,1667.317945025874,0.21569036385325627,3.236964259703965e-05,1668.3902148950842,-0.10910945539602834,0.12592903721186344,1680.8552401624115,1.0722698692102313,0.0002255056334620906,0.17228630396503722,True,False
Heart Attack,LDL Cholesterol (mg/dL),AST Liver Enzyme (U/L),Ratio,-0.40563280961878856,0.0004350616963868649,846.6734623372856,-0.3545849508131544,0.0006068310939187514,847.742679100289,0.03810008950632144,0.6859260568048201,860.2677850475689,1.0692167630033964,0.004292489501864238,1.0,True,False
Arthritis,Total Cholesterol (mg/dL),Platelet Count (10^3/uL),Difference,-0.0758905001011985,0.029701364273678962,5082.742834421481,-0.0653156940719111,0.056390724081302905,5083.806538654068,0.04579897063966528,0.20068110089447622,5085.832989123493,1.0637042325870425,0.18455216636072364,1.0,False,False
Arthritis,Platelet Count (10^3/uL),Total Cholesterol (mg/dL),Difference,0.0758905001011985,0.029701364273678962,5082.742834421481,0.04579897063966528,0.20068110089447622,5085.832989123493,-0.0653156940719111,0.056390724081302905,5083.806538654068,1.0637042325870425,0.18455216636072364,1.0,False,False
High Cholesterol,Triglycerides (mg/dL),Hemoglobin (g/dL),Ratio,0.560073896995567,1.634938200182355e-19,2714.183343930443,0.5922513231315539,4.420738478509091e-19,2715.2456570573486,0.09820933390907328,0.0677561836691359,2811.1298010135756,1.0623131269057922,9.232592189265065e-18,1.5695406721750608e-15,True,True
Arthritis,hs-CRP Inflammation (mg/L),HDL Cholesterol (mg/dL),Ratio,0.1719094855750365,1.433036635871266e-06,5032.681984841731,0.1674295587598332,1.7728952506690907e-06,5033.743835117417,-0.13022743771531647,0.0004596167469433653,5047.3590108429735,1.0618502756860835,2.113422382854486e-05,0.013757151704364154,True,True
High Cholesterol,BUN Kidney (mg/dL),Potassium (mmol/L),Ratio,0.08668145452297481,0.009185695709603764,5755.618970484709,0.0802793588173104,0.01672531709057921,5756.665041329166,0.0049263052518705,0.8773256247049704,5762.41531337183,1.0460708444570628,0.06507946775807832,1.0,False,False
Diabetes,Fasting Glucose (mg/dL),Albumin (g/dL),Difference,1.5463680707376204,3.0069503971781757e-62,1437.0195713516077,1.542371148496051,3.462445963491252e-62,1438.0589535851786,-0.22516348922641183,0.0002489163904380663,1970.5746111833005,1.0393822335709046,2.4055603177425407e-59,2.886672381291049e-58,True,True
Diabetes,Albumin (g/dL),Fasting Glucose (mg/dL),Difference,-1.5463680707376204,3.0069503971781757e-62,1437.0195713516077,-0.22516348922641183,0.0002489163904380663,1970.5746111833005,1.542371148496051,3.462445963491252e-62,1438.0589535851786,1.0393822335709046,2.4055603177425407e-59,2.886672381291049e-58,True,True
Arthritis,Fasting Glucose (mg/dL),HDL Cholesterol (mg/dL),Difference,0.1352755862969185,0.003743062283642484,2482.0272971253953,0.12516571872366286,0.006626314355339737,2483.064443726755,-0.07895609021175137,0.1265301661717531,2488.049648193022,1.0371466013598365,0.029770835064596393,1.0,True,False
Arthritis,HDL Cholesterol (mg/dL),Fasting Glucose (mg/dL),Difference,-0.1352755862969185,0.003743062283642484,2482.0272971253953,-0.07895609021175137,0.1265301661717531,2488.049648193022,0.12516571872366286,0.006626314355339737,2483.064443726755,1.0371466013598365,0.029770835064596393,1.0,True,False
Arthritis,hs-CRP Inflammation (mg/L),Hemoglobin (g/dL),Ratio,0.17029845450072997,1.3553545441276454e-06,5030.204607160384,0.16687549107802582,1.894648264641766e-06,5031.237481855742,-0.024489811232708283,0.5289640312696073,5056.86162134551,1.0328746953582595,2.0172718796318442e-05,0.013011403623625396,True,True
Thyroid Problem,Triglycerides (mg/dL),Platelet Count (10^3/uL),Difference,0.1270288187404513,0.025781861604918594,1641.9313621928372,0.10646082036613198,0.04753026976322176,1642.960268395805,-0.06261651107088134,0.3449989366307561,1645.3086282739978,1.0289062029678462,0.16326244815779584,1.0,False,False
Thyroid Problem,Platelet Count (10^3/uL),Triglycerides (mg/dL),Difference,-0.1270288187404513,0.025781861604918594,1641.9313621928372,-0.06261651107088134,0.3449989366307561,1645.3086282739978,0.10646082036613198,0.04753026976322176,1642.960268395805,1.0289062029678462,0.16326244815779584,1.0,False,False
Stroke,Waist Circumference (cm),Calcium (mg/dL),Ratio,0.17448249407998728,0.02187949280891119,1555.8728128533044,0.15796178760161458,0.04049038437249373,1556.893588466643,-0.08332862109040481,0.22984533738869972,1559.5672848115269,1.0207756133386283,0.14163393861466447,1.0,False,False
Liver Condition,ALT Liver Enzyme (U/L),Hemoglobin (g/dL),Ratio,0.3704726620127261,1.0659086845008078e-17,1989.8235624180472,0.37408902095860197,1.3225478725789232e-17,1990.8405183724547,0.09860909588159165,0.17741141483213974,2050.6653236796483,1.0169559544074218,4.849631929482348e-16,1.0232723371207756e-13,True,True
Stroke,Triglycerides (mg/dL),ALT Liver Enzyme (U/L),Ratio,0.17671564863289468,0.023849345808353406,828.7070492119778,0.0616507006238076,0.4825838541090278,832.6186822616392,-0.263036303435577,0.09202120840515478,829.7221346963022,1.015085484324345,0.15292220380676125,1.0,False,False
Stroke,LDL Cholesterol (mg/dL),Insulin (uIU/mL),Difference,-0.1892006068602697,0.019673762678746383,815.2774917819918,-0.20331356991795377,0.04479541336984627,816.2912054869404,0.07892560930230079,0.18424393703358544,818.9685903130128,1.0137137049486,0.1284817154530376,1.0,False,False
Stroke,Insulin (uIU/mL),LDL Cholesterol (mg/dL),Difference,0.1892006068602697,0.019673762678746383,815.2774917819918,0.07892560930230079,0.18424393703358544,818.9685903130128,-0.20331356991795377,0.04479541336984627,816.2912054869404,1.0137137049486,0.1284817154530376,1.0,False,False
High Cholesterol,Insulin (uIU/mL),HDL Cholesterol (mg/dL),Difference,0.21976857079576465,1.7094120121824443e-05,2781.5910925730814,0.14373515438192494,0.005816463261182921,2793.2002002605914,-0.21512465866522226,1.824505621690657e-05,2782.5953514385865,1.0042588655051077,0.00021621021497959773,0.16410355316951467,True,False
High Cholesterol,HDL Cholesterol (mg/dL),Insulin (uIU/mL),Difference,-0.21976857079576465,1.7094120121824443e-05,2781.5910925730814,-0.21512465866522226,1.824505621690657e-05,2782.5953514385865,0.14373515438192494,0.005816463261182921,2793.2002002605914,1.0042588655051077,0.00021621021497959773,0.16410355316951467,True,False
Thyroid Problem,Triglycerides (mg/dL),Uric Acid (mg/dL),Ratio,0.1271225800754349,0.021972433622844113,1621.6969244863526,0.1100287696734409,0.040604047237476404,1622.6964094474606,-0.046768828353925616,0.5043027262877098,1625.7229679553977,0.9994849611080099,0.1420440153395983,1.0,False,False
Diabetes,hs-CRP Inflammation (mg/L),Sodium (mmol/L),Ratio,0.23194788978830083,5.6614159105896134e-12,3914.399017549522,0.22789875312579677,8.483160797680952e-12,3915.3968869071614,-0.16135350970820939,2.7019911972528477e-05,3947.778127373933,0.9978693576395017,1.4689079119367645e-10,5.434959274166029e-08,True,True
Thyroid Problem,HDL Cholesterol (mg/dL),Potassium (mmol/L),Ratio,-0.11283108408252954,0.020622619921714443,3285.4881125823854,-0.1017644451625201,0.035504810652427825,3286.4791162537626,0.08044364078868804,0.07144001350558894,3287.776641852806,0.991003671377257,0.13404004823863147,1.0,False,False
Heart Attack,hs-CRP Inflammation (mg/L),LDL Cholesterol (mg/dL),Difference,0.37002400526117535,0.00030808963527327203,847.0083268817776,0.07364800758319182,0.3474780545970716,860.1503635654085,-0.3583077273405344,0.0005355554147600222,847.9915395414594,0.9832126596817261,0.0031133268406562226,1.0,True,False
Heart Attack,LDL Cholesterol (mg/dL),hs-CRP Inflammation (mg/L),Difference,-0.37002400526117535,0.00030808963527327203,847.0083268817776,-0.3583077273405344,0.0005355554147600222,847.9915395414594,0.07364800758319182,0.3474780545970716,860.1503635654085,0.9832126596817261,0.0031133268406562226,1.0,True,False
Liver Condition,Uric Acid (mg/dL),Calcium (mg/dL),Ratio,0.16111443840822948,0.012180401248001044,2052.2090054996656,0.1487637343520369,0.021973174915277064,2053.1912576993655,-0.0645974514518603,0.29638072538830096,2057.2150765830365,0.9822521996998148,0.08327522401953719,1.0,False,False
High Cholesterol,Insulin (uIU/mL),Systolic BP (mmHg),Ratio,0.14364650473671556,0.00598774889448674,2653.9802986377726,0.1377493185878104,0.009860626124388448,2654.959041942036,0.05958809957543383,0.24696866253363325,2661.0548471349944,0.9787433042633893,0.045155058434464025,1.0,True,False
Hypertension,Hemoglobin (g/dL),Systolic BP (mmHg),Difference,-0.5680299823477856,5.404759492476761e-47,5401.8829188008895,-0.04972147282657794,0.18451860719388857,5629.055304725192,0.5657991184042216,7.510756738732e-47,5402.855173021243,0.972254220353534,1.127949807125585e-44,5.18856911277769e-43,True,True
Hypertension,Systolic BP (mmHg),Hemoglobin (g/dL),Difference,0.5680299823477856,5.404759492476761e-47,5401.8829188008895,0.5657991184042216,7.510756738732e-47,5402.855173021243,-0.04972147282657794,0.18451860719388857,5629.055304725192,0.972254220353534,1.127949807125585e-44,5.18856911277769e-43,True,True
Hypertension,Creatinine Kidney (mg/dL),Sodium (mmol/L),Ratio,0.4918758148494634,1.0684906326830874e-13,5664.26439621327,0.4875910774988491,1.665072350619007e-13,5665.230880152232,-0.021426174535999282,0.498827957017142,5747.907715722069,0.9664839389624831,3.5740453218667734e-12,1.025751007375764e-09,True,True
Heart Attack,Albumin (g/dL),Body Mass Index (kg/m2),Ratio,-0.2161006754987667,0.0076302222997582025,1634.7110979510926,-0.11428965917812083,0.11387724969373633,1639.5160056545901,0.1883323632862223,0.009599788750491754,1635.6755053834036,0.9644074323109635,0.055782286042308483,1.0,False,False
Arthritis,Alkaline Phosphatase (U/L),Hemoglobin (g/dL),Ratio,0.08648881883715072,0.01089177113022085,5053.8644789228565,0.07947718001819505,0.018217549289121723,5054.82690018245,-0.023336606535598076,0.5484562239983026,5059.8950164554535,0.9624212595936115,0.0752778998201009,1.0,False,False
Liver Condition,Platelet Count (10^3/uL),Diastolic BP (mmHg),Difference,-0.2137620343981794,0.002972075067121066,1986.2674736759882,-0.202301422713174,0.004921002668296377,1987.2292885184752,0.0582343786520218,0.3630013165695064,1994.6568932745836,0.9618148424870014,0.024153230593971533,1.0,True,False
Liver Condition,Diastolic BP (mmHg),Platelet Count (10^3/uL),Difference,0.2137620343981794,0.002972075067121066,1986.2674736759882,0.0582343786520218,0.3630013165695064,1994.6568932745836,-0.202301422713174,0.004921002668296377,1987.2292885184752,0.9618148424870014,0.024153230593971533,1.0,True,False
Arthritis,Total Cholesterol (mg/dL),ALT Liver Enzyme (U/L),Difference,-0.07799074269608507,0.024176338717968607,5056.77709177547,-0.0696753370653501,0.04236527595478501,5057.738725831374,0.033360975597505865,0.38130235550672054,5061.125510176033,0.9616340559041419,0.1543170556466081,1.0,False,False
Arthritis,ALT Liver Enzyme (U/L),Total Cholesterol (mg/dL),Difference,0.07799074269608507,0.024176338717968607,5056.77709177547,0.033360975597505865,0.38130235550672054,5061.125510176033,-0.0696753370653501,0.04236527595478501,5057.738725831374,0.9616340559041419,0.1543170556466081,1.0,False,False
Heart Attack,Diastolic BP (mmHg),BUN Kidney (mg/dL),Ratio,-0.25396982590916956,0.007492887105524154,1572.9219347303278,-0.17106171558350863,0.00804473631954967,1573.8728468092977,0.14687772227641563,0.008724649003191387,1574.3315509364254,0.95091207896985,0.05482600321115235,1.0,False,False
Hypertension,Platelet Count (10^3/uL),Hemoglobin (g/dL),Ratio,0.12799851466431778,0.0001731748273761579,5878.048217536928,0.12025530390923804,0.0003063993383324471,5878.993213034977,-0.05544314387953072,0.13066693175695138,5889.732259200502,0.9449954980491384,0.0018431023756220796,1.0,True,False
Heart Attack,Platelet Count (10^3/uL),hs-CRP Inflammation (mg/L),Difference,-0.2297325511703978,0.0034922027957430303,1672.4870161721171,-0.21669037625984772,0.005762994863851663,1673.429617507577,0.04348582129160894,0.44228151136792104,1680.8555927632806,0.9426013354598126,0.02805451618337497,1.0,True,False
Heart Attack,hs-CRP Inflammation (mg/L),Platelet Count (10^3/uL),Difference,0.2297325511703978,0.0034922027957430303,1672.4870161721171,0.04348582129160894,0.44228151136792104,1680.8555927632806,-0.21669037625984772,0.005762994863851663,1673.429617507577,0.9426013354598126,0.02805451618337497,1.0,True,False
Stroke,hs-CRP Inflammation (mg/L),Hemoglobin (g/dL),Ratio,0.15637367248960943,7.830549214201959e-05,1718.943783296157,0.14920203240374366,0.00025524105349291953,1720.6170714229336,-0.2412675333396799,0.0006575267937739379,1719.8845746207085,0.9407913245513555,0.0009089875750464185,0.751732724563388,True,False
Diabetes,LDL Cholesterol (mg/dL),Uric Acid (mg/dL),Difference,-0.42287946538940946,1.029770612632897e-11,1893.3946264387455,-0.4194213581476904,1.5608028504185325e-11,1894.3256328643736,0.09823917270801094,0.10142306474299714,1941.6510609449867,0.9310064256280839,2.5744265315822424e-10,9.885797881275811e-08,True,True
Diabetes,Uric Acid (mg/dL),LDL Cholesterol (mg/dL),Difference,0.42287946538940946,1.029770612632897e-11,1893.3946264387455,0.09823917270801094,0.10142306474299714,1941.6510609449867,-0.4194213581476904,1.5608028504185325e-11,1894.3256328643736,0.9310064256280839,2.5744265315822424e-10,9.885797881275811e-08,True,True
Stroke,Alkaline Phosphatase (U/L),Fasting Glucose (mg/dL),Ratio,0.3613770523980585,7.370031413519821e-07,816.401541199733,0.3437063080034661,1.2685315265885458e-06,817.3300116457531,0.06042704199706527,0.47800474623243583,837.5149299179652,0.9284704460201283,1.1356709722277734e-05,0.007075230156979028,True,True
Liver Condition,HDL Cholesterol (mg/dL),Uric Acid (mg/dL),Difference,-0.19590977125469708,0.007704431281065565,2050.3744124568766,-0.1816689588921028,0.012528129925743703,2051.2981030779856,0.14898072111233282,0.021785180640593624,2052.774321832573,0.9236906211090172,0.056159863552186357,1.0,False,False
Liver Condition,Uric Acid (mg/dL),HDL Cholesterol (mg/dL),Difference,0.19590977125469708,0.007704431281065565,2050.3744124568766,0.14898072111233282,0.021785180640593624,2052.774321832573,-0.1816689588921028,0.012528129925743703,2051.2981030779856,0.9236906211090172,0.056159863552186357,1.0,False,False
Stroke,LDL Cholesterol (mg/dL),Body Mass Index (kg/m2),Ratio,-0.2489412117123457,0.020098906061819893,775.9157201132869,-0.14872469534612975,0.14582682915425196,779.5143561745745,0.23328134523547667,0.02193152396812596,776.8362133990397,0.9204932857528547,0.13107982214230365,1.0,False,False
Heart Attack,Body Mass Index (kg/m2),Albumin (g/dL),Ratio,0.20188521450167135,0.005263404743067085,1634.7580480149418,0.1883323632862223,0.009599788750491754,1635.6755053834036,-0.11428965917812083,0.11387724969373633,1639.5160056545901,0.9174573684617826,0.04061791441595178,1.0,True,False
Liver Condition,HDL Cholesterol (mg/dL),Waist Circumference (cm),Ratio,-0.26504106796665183,0.0009113406885127919,1921.4065585279372,-0.24881489549283595,0.001336870950531277,1922.3220371798452,0.17274303563912888,0.008670104141320438,1926.7085326836186,0.9154786519079607,0.008420472194150916,1.0,True,False
Hypertension,Uric Acid (mg/dL),Sodium (mmol/L),Ratio,0.45962744511714193,8.929224394002913e-36,5583.065451076234,0.45906873699299705,1.2932741026115585e-35,5583.970973825564,-0.021412573227831216,0.4991371045298463,5747.407867716203,0.9055227493299753,1.0327777612340718e-33,8.572055418242796e-32,True,True
Stroke,Total Cholesterol (mg/dL),WBC Count (10^3/uL),Ratio,-0.24840429407735626,0.0008978128791014193,1734.6280122356898,-0.23068508394579298,0.0010675202895502978,1735.5311851535225,0.013006776037527687,0.7297674670879624,1746.594197868104,0.9031729178327623,0.008303471714232779,1.0,True,False
Heart Attack,LDL Cholesterol (mg/dL),Calcium (mg/dL),Ratio,-0.36762687411133815,0.0003981201404078988,847.5737051254011,-0.35447890242347313,0.0006105449423625787,848.4702709635848,0.11999096265358766,0.19534403278209522,859.4667323224696,0.8965658381836192,0.003956473445047441,1.0,True,False
Arthritis,BUN Kidney (mg/dL),Sodium (mmol/L),Ratio,0.1350510204402013,0.00016696611265109792,5050.065091417884,0.1307849381281174,0.0002627676659462141,5050.9600212286105,-0.09018883288746582,0.007508583965770161,5057.309054254121,0.894929810726353,0.0017849383980518265,1.0,True,False
Liver Condition,Waist Circumference (cm),Calcium (mg/dL),Ratio,0.18116831566295627,0.005478582456712796,1923.332388558211,0.17164065085475272,0.009163480138921752,1924.2169776812484,-0.07933833096148846,0.2167012312001375,1929.3113019729267,0.8845891230373581,0.04200829998757416,1.0,True,False
Hypertension,LDL Cholesterol (mg/dL),AST Liver Enzyme (U/L),Ratio,-0.12274197974661531,0.008260568811921267,2803.793550656247,-0.10274434287748783,0.02297125430565502,2805.6349989605387,0.11304389996171649,0.012420688496429652,2804.676261042123,0.8827103858757255,0.0593573806844642,1.0,False,False
Diabetes,Potassium (mmol/L),Calcium (mg/dL),Ratio,0.13188261138455704,0.0004913742133026087,3962.1971231677303,0.12890599586116971,0.0007882754576298068,3963.07052897541,-0.024637670070329087,0.5324821398469446,3973.9730576500124,0.8734058076797737,0.00479389476392789,1.0,True,False
Stroke,Creatinine Kidney (mg/dL),HDL Cholesterol (mg/dL),Ratio,0.21835644880473615,3.871081839967603e-08,1711.6516464695194,0.2006279547468825,6.600881361341531e-08,1712.5249889891988,-0.11576380455171162,0.12229689925571549,1735.1026921801931,0.8733425196794542,7.202012725521122e-07,0.0003716238566368899,True,True
Liver Condition,Sodium (mmol/L),Waist Circumference (cm),Difference,-0.1819556501499252,0.005602616598644813,1923.538961563433,-0.07396453755675128,0.23777644678772925,1929.6342489518713,0.17170945707821522,0.009134906775427993,1924.3919044407976,0.8529428773645122,0.042723419463793724,1.0,True,False
Liver Condition,Waist Circumference (cm),Sodium (mmol/L),Difference,0.1819556501499252,0.005602616598644813,1923.538961563433,0.17170945707821522,0.009134906775427993,1924.3919044407976,-0.07396453755675128,0.23777644678772925,1929.6342489518713,0.8529428773645122,0.042723419463793724,1.0,True,False
Arthritis,HDL Cholesterol (mg/dL),Insulin (uIU/mL),Difference,-0.13371194007453835,0.009403183022810804,2471.995461793019,-0.0795021028444543,0.1250530568578132,2476.7414283181915,0.1272176658717442,0.017669927361669543,2472.845754312736,0.8502925197171862,0.06603552086246066,1.0,False,False
Arthritis,Insulin (uIU/mL),HDL Cholesterol (mg/dL),Difference,0.13371194007453835,0.009403183022810804,2471.995461793019,0.1272176658717442,0.017669927361669543,2472.845754312736,-0.0795021028444543,0.1250530568578132,2476.7414283181915,0.8502925197171862,0.06603552086246066,1.0,False,False
Diabetes,Total Cholesterol (mg/dL),Uric Acid (mg/dL),Difference,-0.3897191035535542,8.414989785242973e-19,3888.617519582991,-0.388005984757823,1.2484194904599466e-18,3889.466870222098,0.047600666695367944,0.261117622246679,3971.9785219303867,0.8493506391068877,4.438675930677612e-17,8.078390193833255e-15,True,True
Diabetes,Uric Acid (mg/dL),Total Cholesterol (mg/dL),Difference,0.3897191035535542,8.414989785242973e-19,3888.617519582991,0.047600666695367944,0.261117622246679,3971.9785219303867,-0.388005984757823,1.2484194904599466e-18,3889.466870222098,0.8493506391068877,4.438675930677612e-17,8.078390193833255e-15,True,True
High Cholesterol,HDL Cholesterol (mg/dL),Albumin (g/dL),Difference,-0.2602608497849949,3.517959720060674e-13,5709.98777402644,-0.25754180697322776,5.194929518073584e-13,5710.830523312794,0.06455889953989036,0.06282213044698362,5762.207533812771,0.8427492863538646,1.0721401051613483e-11,3.377241331258247e-09,True,True
High Cholesterol,Albumin (g/dL),HDL Cholesterol (mg/dL),Difference,0.2602608497849949,3.517959720060674e-13,5709.98777402644,0.06455889953989036,0.06282213044698362,5762.207533812771,-0.25754180697322776,5.194929518073584e-13,5710.830523312794,0.8427492863538646,1.0721401051613483e-11,3.377241331258247e-09,True,True
Thyroid Problem,Triglycerides (mg/dL),Creatinine Kidney (mg/dL),Ratio,0.12323897714322601,0.02780295447879812,1627.8858522877686,0.10840968305576795,0.04383594166767609,1628.714866496341,-0.04779736072819579,0.5399997516936046,1631.6485630070383,0.8290142085725165,0.17433596537979226,1.0,False,False
Diabetes,Triglycerides (mg/dL),Sodium (mmol/L),Difference,0.356053134815069,8.217685094101555e-09,1941.4954100041011,0.35190589139348155,1.1876985770358793e-08,1942.3088209485763,-0.16763629630989352,0.002411894741475992,1971.6306626585185,0.8134109444752085,1.6573482542725826e-07,7.888977690337494e-05,True,True
Diabetes,Sodium (mmol/L),Triglycerides (mg/dL),Difference,-0.356053134815069,8.217685094101555e-09,1941.4954100041011,-0.16763629630989352,0.002411894741475992,1971.6306626585185,0.35190589139348155,1.1876985770358793e-08,1942.3088209485763,0.8134109444752085,1.6573482542725826e-07,7.888977690337494e-05,True,True
Arthritis,AST Liver Enzyme (U/L),Alkaline Phosphatase (U/L),Difference,-0.08582076689981748,0.012437613053091318,5042.412901126481,-0.01922847585047861,0.6002006308964822,5048.3127278527145,0.07915634185769924,0.018848712518315495,5043.222388465133,0.8094873386517065,0.08486217861384267,1.0,False,False
Arthritis,Alkaline Phosphatase (U/L),AST Liver Enzyme (U/L),Difference,0.08582076689981748,0.012437613053091318,5042.412901126481,0.07915634185769924,0.018848712518315495,5043.222388465133,-0.01922847585047861,0.6002006308964822,5048.3127278527145,0.8094873386517065,0.08486217861384267,1.0,False,False
Arthritis,Platelet Count (10^3/uL),LDL Cholesterol (mg/dL),Difference,0.10686919944741141,0.030627388976776884,2452.137473110779,0.09926910287232266,0.04865241468462001,2452.9376840709015,-0.039945134063415315,0.4063620525373265,2456.130790044351,0.8002109601225129,0.1895699124287931,1.0,False,False
Arthritis,LDL Cholesterol (mg/dL),Platelet Count (10^3/uL),Difference,-0.10686919944741141,0.030627388976776884,2452.137473110779,-0.039945134063415315,0.4063620525373265,2456.130790044351,0.09926910287232266,0.04865241468462001,2452.9376840709015,0.8002109601225129,0.1895699124287931,1.0,False,False
Heart Attack,LDL Cholesterol (mg/dL),Potassium (mmol/L),Ratio,-0.3761581276791306,0.00043933326182932637,847.76570932723,-0.3546705712661083,0.0006045603234359038,848.5551101826984,0.08435241109472236,0.34315107002646705,860.34432287859,0.7894008554684433,0.004321310772091734,1.0,True,False
Diabetes,Alkaline Phosphatase (U/L),Calcium (mg/dL),Ratio,0.16157008280018745,0.0024200386043282183,3968.2796839743037,0.1576176099748682,0.003917647511270647,3969.0683670066087,-0.024596434821042453,0.5330365427973482,3976.1307483869577,0.7886830323050162,0.020289498218479047,1.0,True,False
Liver Condition,Albumin (g/dL),"Glycohemoglobin (HbA1c, %)",Difference,-0.11455908969137318,0.03917220804986756,2054.3249911547537,-0.11501870532004875,0.07586147714043835,2055.102801682463,0.09413049960058971,0.08916691099879696,2055.5515930020374,0.7778105277093346,0.23547476348073174,1.0,False,False
Liver Condition,"Glycohemoglobin (HbA1c, %)",Albumin (g/dL),Difference,0.11455908969137318,0.03917220804986756,2054.3249911547537,0.09413049960058971,0.08916691099879696,2055.5515930020374,-0.11501870532004875,0.07586147714043835,2055.102801682463,0.7778105277093346,0.23547476348073174,1.0,False,False
Heart Attack,Sodium (mmol/L),Body Mass Index (kg/m2),Difference,-0.19654764334345795,0.006303335560355919,1634.9021175115822,-0.0562092683668172,0.3778941932302219,1641.2177469466183,0.1883323632862223,0.009599788750491754,1635.6755053834036,0.7733878718213418,0.04720126472653418,1.0,True,False
Heart Attack,Body Mass Index (kg/m2),Sodium (mmol/L),Difference,0.19654764334345795,0.006303335560355919,1634.9021175115822,0.1883323632862223,0.009599788750491754,1635.6755053834036,-0.0562092683668172,0.3778941932302219,1641.2177469466183,0.7733878718213418,0.04720126472653418,1.0,True,False
Diabetes,Total Cholesterol (mg/dL),Creatinine Kidney (mg/dL),Difference,-0.3896809363076055,8.764033699955948e-19,3888.8166056357627,-0.3880113701940305,1.2404978333590977e-18,3889.581768417433,0.11254901336972886,0.00030567428350773083,3960.6964600792053,0.7651627816703694,4.572539321716147e-17,8.41347235195771e-15,True,True
Diabetes,Creatinine Kidney (mg/dL),Total Cholesterol (mg/dL),Difference,0.3896809363076055,8.764033699955948e-19,3888.8166056357627,0.11254901336972886,0.00030567428350773083,3960.6964600792053,-0.3880113701940305,1.2404978333590977e-18,3889.581768417433,0.7651627816703694,4.572539321716147e-17,8.41347235195771e-15,True,True
Thyroid Problem,HDL Cholesterol (mg/dL),BUN Kidney (mg/dL),Difference,-0.11438626374867125,0.017188565257995385,3277.0464460945927,-0.10755523762135255,0.026905592475358186,3277.802926003762,0.04453837890153097,0.3195555780536543,3281.8666332561975,0.7564799091692294,0.1136434066644323,1.0,False,False
Thyroid Problem,BUN Kidney (mg/dL),HDL Cholesterol (mg/dL),Difference,0.11438626374867125,0.017188565257995385,3277.0464460945927,0.04453837890153097,0.3195555780536543,3281.8666332561975,-0.10755523762135255,0.026905592475358186,3277.802926003762,0.7564799091692294,0.1136434066644323,1.0,False,False
Arthritis,WBC Count (10^3/uL),Total Cholesterol (mg/dL),Difference,0.07151645822812654,0.03632805491283542,5083.052876163686,0.13094645118485027,0.14152823647593013,5084.22767334495,-0.0653156940719111,0.056390724081302905,5083.806538654068,0.7536624903823395,0.22086721162965167,1.0,False,False
Arthritis,Total Cholesterol (mg/dL),WBC Count (10^3/uL),Difference,-0.07151645822812654,0.03632805491283542,5083.052876163686,-0.0653156940719111,0.056390724081302905,5083.806538654068,0.13094645118485027,0.14152823647593013,5084.22767334495,0.7536624903823395,0.22086721162965167,1.0,False,False
Liver Condition,Waist Circumference (cm),Sodium (mmol/L),Ratio,0.18061648361887123,0.00593563197031831,1923.6493270648107,0.17170945707821522,0.009134906775427993,1924.3919044407976,-0.07396453755675128,0.23777644678772925,1929.6342489518713,0.7425773759869116,0.044903126016592416,1.0,True,False
Stroke,Creatinine Kidney (mg/dL),Albumin (g/dL),Ratio,0.21002563578310385,9.625932690105826e-09,1714.2871228921895,0.19983532039503693,7.194676817361846e-08,1717.8532942116908,-0.36472451992657984,8.44674050674683e-08,1715.0229238659322,0.7358009737426983,1.933241711820417e-07,9.240895382501593e-05,True,True
Thyroid Problem,AST Liver Enzyme (U/L),Waist Circumference (cm),Difference,-0.12375929796297311,0.015343803024935692,3066.2197832544925,-0.056183299023287156,0.3313723331368488,3071.2001824938698,0.1115168701612334,0.02090947632040728,3066.95328541008,0.7335021555873027,0.10286348396604933,1.0,False,False
Thyroid Problem,Waist Circumference (cm),AST Liver Enzyme (U/L),Difference,0.12375929796297311,0.015343803024935692,3066.2197832544925,0.1115168701612334,0.02090947632040728,3066.95328541008,-0.056183299023287156,0.3313723331368488,3071.2001824938698,0.7335021555873027,0.10286348396604933,1.0,False,False
Arthritis,HDL Cholesterol (mg/dL),"Glycohemoglobin (HbA1c, %)",Difference,-0.13144628750244633,0.00036219797458677454,5076.285900884426,-0.12821929859157064,0.0005319523386388659,5077.018170090557,0.0732271288163227,0.02566464002524818,5084.37859045754,0.7322692061306952,0.00361821077630909,1.0,True,False
Arthritis,"Glycohemoglobin (HbA1c, %)",HDL Cholesterol (mg/dL),Difference,0.13144628750244633,0.00036219797458677454,5076.285900884426,0.0732271288163227,0.02566464002524818,5084.37859045754,-0.12821929859157064,0.0005319523386388659,5077.018170090557,0.7322692061306952,0.00361821077630909,1.0,True,False
Hypertension,Potassium (mmol/L),Insulin (uIU/mL),Difference,-0.25002098081359053,2.399966594839883e-05,2822.4519646797744,-0.18700237484639304,4.98513696119058e-05,2827.5596805466507,0.2449838521379822,3.183987929783138e-05,2823.1832927511,0.7313280713256063,0.0002946250551210087,0.23039679310462877,True,False
Hypertension,Insulin (uIU/mL),Potassium (mmol/L),Difference,0.25002098081359053,2.399966594839883e-05,2822.4519646797744,0.2449838521379822,3.183987929783138e-05,2823.1832927511,-0.18700237484639304,4.98513696119058e-05,2827.5596805466507,0.7313280713256063,0.0002946250551210087,0.23039679310462877,True,False
Diabetes,AST Liver Enzyme (U/L),Alkaline Phosphatase (U/L),Difference,-0.16389497635652397,0.0025334552769888936,3963.5189934331665,-0.026486950271388233,0.5654986942302027,3971.4304741765723,0.15790120163617172,0.0037421174618068953,3964.248031321866,0.7290378886996223,0.02100273804757632,1.0,True,False
Diabetes,Alkaline Phosphatase (U/L),AST Liver Enzyme (U/L),Difference,0.16389497635652397,0.0025334552769888936,3963.5189934331665,0.15790120163617172,0.0037421174618068953,3964.248031321866,-0.026486950271388233,0.5654986942302027,3971.4304741765723,0.7290378886996223,0.02100273804757632,1.0,True,False
Stroke,Insulin (uIU/mL),Potassium (mmol/L),Ratio,0.12675804465301235,0.029291234457909477,833.0950939091948,0.11514607442955772,0.0481757403241246,833.8234225343845,-0.06840913361503374,0.4697405058220051,836.9010582885403,0.728328625189647,0.182476217258878,1.0,False,False
Heart Attack,LDL Cholesterol (mg/dL),Uric Acid (mg/dL),Ratio,-0.43497012514313255,0.0005520189940561891,847.746943586154,-0.35447890242347313,0.0006105449423625787,848.4702709635848,0.13239255797242327,0.1643735370186209,859.2335091566331,0.7233273774307918,0.005352911457514561,1.0,True,False
Diabetes,ALT Liver Enzyme (U/L),Uric Acid (mg/dL),Ratio,0.13456981344436952,0.00014968799762634847,3963.9355611879873,0.14062778543922158,0.00020723441908983723,3964.658626608043,0.05011675751429837,0.23622880218510733,3975.123163902289,0.7230654200557183,0.0016164283208244604,1.0,True,False
Arthritis,AST Liver Enzyme (U/L),Triglycerides (mg/dL),Ratio,-0.13486203081599782,0.02498326932870325,2466.482931382604,-0.026040413165935063,0.6238044483017009,2471.7772451843066,0.11139423224243603,0.028174148671967478,2467.197185664662,0.7142542820579365,0.15862393224573493,1.0,False,False
Heart Attack,Alkaline Phosphatase (U/L),Hemoglobin (g/dL),Ratio,0.20138268456544495,0.00013185763263720421,1670.331890970183,0.19494786444553916,0.00016032171309752526,1671.040523827184,-0.052977935417262596,0.4655140132569492,1682.2867707106764,0.708632857001021,0.001448321823017346,1.0,True,False
Hypertension,Hemoglobin (g/dL),hs-CRP Inflammation (mg/L),Difference,-0.27706827552834123,2.0279710745884773e-12,5677.891980900654,-0.07045062384894298,0.058344573923843616,5736.136875506685,0.2745161903933974,3.375682443966249e-12,5678.600085175198,0.7081042745439845,5.610525163126623e-11,1.9468522316049384e-08,True,True
Hypertension,hs-CRP Inflammation (mg/L),Hemoglobin (g/dL),Difference,0.27706827552834123,2.0279710745884773e-12,5677.891980900654,0.2745161903933974,3.375682443966249e-12,5678.600085175198,-0.07045062384894298,0.058344573923843616,5736.136875506685,0.7081042745439845,5.610525163126623e-11,1.9468522316049384e-08,True,True
Liver Condition,Body Mass Index (kg/m2),Sodium (mmol/L),Difference,0.14194084974644572,0.022344113845672097,2007.6135944701155,0.13168147585335963,0.03378749007623674,2008.3175311102586,-0.05218206459936518,0.3972730716777343,2011.8975916947588,0.7039366401431835,0.14396207578419606,1.0,False,False
Liver Condition,Sodium (mmol/L),Body Mass Index (kg/m2),Difference,-0.14194084974644572,0.022344113845672097,2007.6135944701155,-0.05218206459936518,0.3972730716777343,2011.8975916947588,0.13168147585335963,0.03378749007623674,2008.3175311102586,0.7039366401431835,0.14396207578419606,1.0,False,False
Stroke,Total Cholesterol (mg/dL),Body Mass Index (kg/m2),Ratio,-0.2172638714331284,0.0026096969165407304,1665.124668316108,-0.20862227262105187,0.0036132738902801874,1665.8252792617586,0.115400677564499,0.10433193997663333,1672.0871678818075,0.7006109456506238,0.021523273538480252,1.0,True,False
Heart Attack,HDL Cholesterol (mg/dL),Potassium (mmol/L),Ratio,-0.38304870337779245,1.2067691221871553e-05,1661.29918119422,-0.3683592530878503,1.634742663159302e-05,1661.9963650040281,0.08047255038262961,0.20125524302859688,1680.8428042706346,0.6971838098081662,0.00015826480290979085,0.1158498357299669,True,False
Hypertension,AST Liver Enzyme (U/L),Hemoglobin (g/dL),Ratio,0.09756467091425972,0.0016267690355048347,5723.750443496697,0.095189727950942,0.0024217062866057045,5724.441658054662,-0.07092212199858108,0.056745794607794726,5729.873196895017,0.6912145579653952,0.014120237559535636,1.0,True,False
Heart Attack,Hemoglobin (g/dL),LDL Cholesterol (mg/dL),Ratio,0.25283896783178583,0.00011473731911170575,850.0234688007594,-0.04018886628743201,0.686798340272132,862.8551654206143,-0.34860224353910557,0.0007225754081224855,850.7099754568181,0.686506656058782,0.0012882786707279243,1.0,True,False
Liver Condition,Fasting Glucose (mg/dL),Albumin (g/dL),Ratio,0.21192053951703985,0.0007933496231898292,998.9244794379696,0.20913902224040415,0.0012594442449988085,999.6056970155748,-0.0891107477020002,0.3449405664651698,1007.3803700042646,0.6812175776052527,0.007401512519555258,1.0,True,False
Arthritis,Diastolic BP (mmHg),HDL Cholesterol (mg/dL),Ratio,0.13149631309296922,0.0004843434954031333,4866.086696500327,0.036143477380587014,0.3021753500536857,4877.085678796504,-0.12553985405255316,0.000845484879500364,4866.765929198344,0.6792326980166763,0.004730109415941078,1.0,True,False
Stroke,Fasting Glucose (mg/dL),LDL Cholesterol (mg/dL),Ratio,0.15299718948562885,0.01908942985747453,817.1229649541789,0.06291124244138349,0.4560257674249528,821.2662782167206,-0.19711803007384973,0.05113759824052027,817.7979701216217,0.675005167442805,0.12500581625631343,1.0,False,False
Liver Condition,Calcium (mg/dL),HDL Cholesterol (mg/dL),Ratio,0.16824036955834784,0.004923523079738852,2050.6352553709635,-0.0642026276462774,0.29937089596142197,2056.825755239251,-0.1816689588921028,0.012528129925743703,2051.2981030779856,0.6628477070221379,0.038240955959136715,1.0,True,False
Liver Condition,Body Mass Index (kg/m2),Waist Circumference (cm),Difference,-0.19087380871091905,0.004281383535961993,2008.8772838384684,0.1417770004198321,0.024553848223357804,2012.018053584168,0.17687367144163452,0.0060540650771451045,2009.5386667218409,0.6613828833724256,0.03363443694372761,1.0,True,False
Liver Condition,Waist Circumference (cm),Body Mass Index (kg/m2),Difference,0.19087380871091905,0.004281383535961993,2008.8772838384684,0.17687367144163452,0.0060540650771451045,2009.5386667218409,0.1417770004198321,0.024553848223357804,2012.018053584168,0.6613828833724256,0.03363443694372761,1.0,True,False
Hypertension,Hemoglobin (g/dL),Alkaline Phosphatase (U/L),Difference,-0.1254878148441122,0.00010017146758840863,5729.853131502154,-0.07020390628806995,0.0591511727720945,5741.237332697257,0.12275818713317896,0.000140786570320927,5730.505680032715,0.6525485305610346,0.0011407426913982476,0.9616460888487228,True,False
Hypertension,Alkaline Phosphatase (U/L),Hemoglobin (g/dL),Difference,0.1254878148441122,0.00010017146758840863,5729.853131502154,0.12275818713317896,0.000140786570320927,5730.505680032715,-0.07020390628806995,0.0591511727720945,5741.237332697257,0.6525485305610346,0.0011407426913982476,0.9616460888487228,True,False
Arthritis,Creatinine Kidney (mg/dL),Albumin (g/dL),Difference,0.11200802791928512,0.0008027152580450987,5053.681085922835,0.07076658471811469,0.03405394075096332,5060.529629414041,-0.11694708659569039,0.0011261677921758895,5054.328854930053,0.647769007217903,0.007474361277626526,1.0,True,False
Arthritis,Albumin (g/dL),Creatinine Kidney (mg/dL),Difference,-0.11200802791928512,0.0008027152580450987,5053.681085922835,-0.11694708659569039,0.0011261677921758895,5054.328854930053,0.07076658471811469,0.03405394075096332,5060.529629414041,0.647769007217903,0.007474361277626526,1.0,True,False
Heart Attack,Hemoglobin (g/dL),Body Mass Index (kg/m2),Ratio,-0.19976106516640676,0.011147600657932837,1660.9695931763226,-0.048563918241998454,0.5070219132963922,1667.090242870434,0.18126604535531932,0.012256362486097872,1661.6052075144848,0.6356143381622132,0.07665971799151522,1.0,False,False
Arthritis,Waist Circumference (cm),Hemoglobin (g/dL),Difference,0.44157069324324943,7.352239360176909e-33,4754.476861778196,0.442004035426784,1.0034538680181608e-32,4755.11146688487,-0.022339986870940038,0.5722043279821087,4900.67004714728,0.634605106674826,8.112815845712452e-31,7.058149785769832e-29,True,True
Arthritis,Hemoglobin (g/dL),Waist Circumference (cm),Difference,-0.44157069324324943,7.352239360176909e-33,4754.476861778196,-0.022339986870940038,0.5722043279821087,4900.67004714728,0.442004035426784,1.0034538680181608e-32,4755.11146688487,0.634605106674826,8.112815845712452e-31,7.058149785769832e-29,True,True
Liver Condition,Fasting Glucose (mg/dL),Calcium (mg/dL),Ratio,0.21464560647544287,0.0008423099657950835,998.77538642951,0.20899101970359313,0.0012779628041211604,999.4023621741599,-0.05005530657018656,0.5784094720898658,1007.7276054305007,0.6269757446498261,0.007835441542279846,1.0,True,False
Arthritis,hs-CRP Inflammation (mg/L),Albumin (g/dL),Difference,0.16921478861803585,1.4331645533731982e-06,5024.1928444651385,0.1668646784767275,1.9095536528032675e-06,5024.8191707355545,-0.11021194815316106,0.002195173135416221,5041.472424334837,0.6263262704160297,2.113422382854486e-05,0.013758379712382703,True,True
Arthritis,Albumin (g/dL),hs-CRP Inflammation (mg/L),Difference,-0.16921478861803585,1.4331645533731982e-06,5024.1928444651385,-0.11021194815316106,0.002195173135416221,5041.472424334837,0.1668646784767275,1.9095536528032675e-06,5024.8191707355545,0.6263262704160297,2.113422382854486e-05,0.013758379712382703,True,True
Stroke,Sodium (mmol/L),ALT Liver Enzyme (U/L),Difference,0.21031382459076778,0.04698796051383,1738.0645800775646,0.05832996888092293,0.3661341832087871,1741.8063946688535,-0.19828763955693327,0.0655021741591346,1738.6862962007654,0.6217161232007129,0.2769087912417238,1.0,False,False
Stroke,ALT Liver Enzyme (U/L),Sodium (mmol/L),Difference,-0.21031382459076778,0.04698796051383,1738.0645800775646,-0.19828763955693327,0.0655021741591346,1738.6862962007654,0.05832996888092293,0.3661341832087871,1741.8063946688535,0.6217161232007129,0.2769087912417238,1.0,False,False
Thyroid Problem,Triglycerides (mg/dL),Platelet Count (10^3/uL),Ratio,0.11482153915861575,0.030014688356707175,1642.340424135655,0.10646082036613198,0.04753026976322176,1642.960268395805,-0.06261651107088134,0.3449989366307561,1645.3086282739978,0.6198442601501029,0.18637840118007043,1.0,False,False
Arthritis,Potassium (mmol/L),WBC Count (10^3/uL),Ratio,-0.06882185707535166,0.04739321435170972,5054.547949320069,-0.003180439962577166,0.9258486018819849,5058.501112979364,0.1351481160380549,0.13170696244693894,5055.158495146695,0.6105458266256392,0.2786128951478342,1.0,False,False
Arthritis,Fasting Glucose (mg/dL),"Glycohemoglobin (HbA1c, %)",Ratio,0.14816675807480967,0.001400842749632839,2517.475395861433,0.1421064092493839,0.0018686632614911597,2518.0746590482613,0.09695123190252458,0.03803739159101873,2523.4765858633364,0.5992631868284661,0.01245322482957017,1.0,True,False
Stroke,Hemoglobin (g/dL),Sodium (mmol/L),Ratio,-0.2477363018256704,0.00042960551148242673,1730.3776177425225,-0.24223380636799588,0.0005973823086248721,1730.9751382619634,0.05898046541878855,0.36086094590715223,1741.452372237642,0.5975205194408773,0.004243017397357301,1.0,True,False
Hypertension,ALT Liver Enzyme (U/L),Albumin (g/dL),Difference,0.16746741177427374,3.0493434201939774e-07,5721.2729626350265,0.16569867861193166,4.036819877125976e-07,5721.870225704206,-0.0980861199375237,0.004262141783628995,5739.357096362436,0.597263069179462,5.055906188922657e-06,0.0029273696833862183,True,True
Hypertension,Albumin (g/dL),ALT Liver Enzyme (U/L),Difference,-0.16746741177427374,3.0493434201939774e-07,5721.2729626350265,-0.0980861199375237,0.004262141783628995,5739.357096362436,0.16569867861193166,4.036819877125976e-07,5721.870225704206,0.597263069179462,5.055906188922657e-06,0.0029273696833862183,True,True
Arthritis,Sodium (mmol/L),Triglycerides (mg/dL),Ratio,-0.16067802341417023,0.004458475090425391,2472.424385998348,-0.13551803059141168,0.005333312853780581,2473.0158628936183,0.06329298655777538,0.17952089522821746,2479.0400207024186,0.5914768952702616,0.03489199063771926,1.0,True,False
Heart Attack,Fasting Glucose (mg/dL),ALT Liver Enzyme (U/L),Difference,0.25538730054691994,0.0002126745739489566,856.8469876491159,0.23997499004753925,0.00028840434810935056,857.4326411264036,-0.04409259277653621,0.7077751955910427,868.3130811565959,0.5856534772876785,0.0022240478321459514,1.0,True,False
Heart Attack,ALT Liver Enzyme (U/L),Fasting Glucose (mg/dL),Difference,-0.25538730054691994,0.0002126745739489566,856.8469876491159,-0.04409259277653621,0.7077751955910427,868.3130811565959,0.23997499004753925,0.00028840434810935056,857.4326411264036,0.5856534772876785,0.0022240478321459514,1.0,True,False
Heart Attack,BUN Kidney (mg/dL),Albumin (g/dL),Ratio,0.1388297104926754,0.007395542602311403,1676.7143461793944,0.13871019105850618,0.011373801064068562,1677.2982570774411,-0.10923952914092087,0.12554241650162987,1680.9063512956109,0.5839108980467245,0.05419634273449578,1.0,False,False
Heart Attack,Waist Circumference (cm),Hemoglobin (g/dL),Difference,0.2889857393857773,0.0001477773879308591,1531.1097480329522,0.2835728983050477,0.00020503365950978386,1531.6805862172907,-0.06118316704180464,0.42147517584524496,1544.4540235894365,0.5708381843385268,0.0015975933830363147,1.0,True,False
Heart Attack,Hemoglobin (g/dL),Waist Circumference (cm),Difference,-0.2889857393857773,0.0001477773879308591,1531.1097480329522,-0.06118316704180464,0.42147517584524496,1544.4540235894365,0.2835728983050477,0.00020503365950978386,1531.6805862172907,0.5708381843385268,0.0015975933830363147,1.0,True,False
Diabetes,Systolic BP (mmHg),Diastolic BP (mmHg),Difference,0.08774411095192854,0.027022438194154407,4079.279792767058,0.027315163912356034,0.5191265891094019,4083.7090827479205,-0.09283186287356228,0.03784641688101512,4079.8479900641587,0.5681972971005962,0.17022008311278367,1.0,False,False
Diabetes,Diastolic BP (mmHg),Systolic BP (mmHg),Difference,-0.08774411095192854,0.027022438194154407,4079.279792767058,-0.09283186287356228,0.03784641688101512,4079.8479900641587,0.027315163912356034,0.5191265891094019,4083.7090827479205,0.5681972971005962,0.17022008311278367,1.0,False,False
Liver Condition,HDL Cholesterol (mg/dL),Hemoglobin (g/dL),Difference,-0.19072561168224805,0.010026407852360945,2048.2880672147894,-0.17990135956780562,0.013470926568293901,2048.8526864743244,0.09786115791680758,0.17989607891479598,2053.4888668148515,0.564619259534993,0.06964798508152321,1.0,False,False
Liver Condition,Hemoglobin (g/dL),HDL Cholesterol (mg/dL),Difference,0.19072561168224805,0.010026407852360945,2048.2880672147894,0.09786115791680758,0.17989607891479598,2053.4888668148515,-0.17990135956780562,0.013470926568293901,2048.8526864743244,0.564619259534993,0.06964798508152321,1.0,False,False
Hypertension,Diastolic BP (mmHg),Sodium (mmol/L),Ratio,0.32298410844266773,1.2759880317273727e-21,5398.434172907819,0.3217722672824072,1.7063056322319473e-21,5398.998201387119,-0.011648543380927828,0.7193466933268552,5492.801884355729,0.56402847929985,8.058871779330774e-20,1.2249485104582777e-17,True,True
Stroke,Potassium (mmol/L),BUN Kidney (mg/dL),Difference,-0.19620870636376658,0.00020515671356628577,1729.7964379760367,-0.05050954239768905,0.43393551460509916,1741.5572283971983,0.192251207182473,0.000287361226111928,1730.3585934169214,0.5621554408846805,0.002159544353329324,1.0,True,False
Stroke,BUN Kidney (mg/dL),Potassium (mmol/L),Difference,0.19620870636376658,0.00020515671356628577,1729.7964379760367,0.192251207182473,0.000287361226111928,1730.3585934169214,-0.05050954239768905,0.43393551460509916,1741.5572283971983,0.5621554408846805,0.002159544353329324,1.0,True,False
Arthritis,hs-CRP Inflammation (mg/L),Creatinine Kidney (mg/dL),Ratio,0.1745154176897042,8.674196344937428e-07,5022.675039438305,0.1671700117081335,1.8479901356579502e-06,5023.234756679363,0.0702102810855945,0.03562912162465566,5045.020351979237,0.5597172410580242,1.313442979675068e-05,0.008327228491139932,True,True
Hypertension,Body Mass Index (kg/m2),Sodium (mmol/L),Ratio,0.5271400114234753,3.576959904635148e-51,5402.135903759506,0.5262605955104136,5.0395033608177155e-51,5402.694967162129,-0.028421525403461288,0.3746773268215039,5645.610120511443,0.5590634026229964,1.1077037124031426e-48,3.433881508449742e-47,True,True
Heart Attack,Body Mass Index (kg/m2),Systolic BP (mmHg),Ratio,0.18709567622413947,0.009771765970560191,1625.443232593434,0.18262631821379968,0.013056177151518349,1625.9957230641894,-0.0009857669331285312,0.9888890900663819,1631.835295946601,0.5524904707554015,0.067977502403897,1.0,False,False
Liver Condition,Sodium (mmol/L),Fasting Glucose (mg/dL),Difference,-0.2141919667420017,0.0008672597806294814,999.0533381972505,-0.20151189482599316,0.02107538543764595,1002.9800863409582,0.20913902224040415,0.0012594442449988085,999.6056970155748,0.5523588183243646,0.008028634420485074,1.0,True,False
Liver Condition,Fasting Glucose (mg/dL),Sodium (mmol/L),Difference,0.2141919667420017,0.0008672597806294814,999.0533381972505,0.20913902224040415,0.0012594442449988085,999.6056970155748,-0.20151189482599316,0.02107538543764595,1002.9800863409582,0.5523588183243646,0.008028634420485074,1.0,True,False
Hypertension,Insulin (uIU/mL),Hemoglobin (g/dL),Difference,0.2491874906934794,2.501799179053515e-05,2827.8432351217925,0.24523546815365532,3.077542608474605e-05,2828.3889214202004,-0.05217537943996067,0.3245221578383062,2848.4967693133494,0.5456862984078725,0.00030634275661879775,0.24017272118913743,True,False
Hypertension,Hemoglobin (g/dL),Insulin (uIU/mL),Difference,-0.2491874906934794,2.501799179053515e-05,2827.8432351217925,-0.05217537943996067,0.3245221578383062,2848.4967693133494,0.24523546815365532,3.077542608474605e-05,2828.3889214202004,0.5456862984078725,0.00030634275661879775,0.24017272118913743,True,False
Diabetes,Diastolic BP (mmHg),Uric Acid (mg/dL),Difference,-0.10246138796088781,0.011080177723045006,3791.0555101395903,-0.0990448857147502,0.015070018771468931,3791.5975011670835,0.048633795966599336,0.2614476177253806,3796.2318973156916,0.5419910274931681,0.07625068540590112,1.0,False,False
Diabetes,Uric Acid (mg/dL),Diastolic BP (mmHg),Difference,0.10246138796088781,0.011080177723045006,3791.0555101395903,0.048633795966599336,0.2614476177253806,3796.2318973156916,-0.0990448857147502,0.015070018771468931,3791.5975011670835,0.5419910274931681,0.07625068540590112,1.0,False,False
Thyroid Problem,"Glycohemoglobin (HbA1c, %)",Waist Circumference (cm),Ratio,-0.11696595302467232,0.01871348802673213,3136.1453930580437,-0.03844324086184044,0.42735203740047667,3141.3308253555106,0.11072657169086045,0.02061507770673382,3136.684588632059,0.5391955740151388,0.12287926474461591,1.0,False,False
Arthritis,Total Cholesterol (mg/dL),Calcium (mg/dL),Ratio,-0.07512618808782785,0.029121389949738664,5057.153397606781,-0.07063235025744813,0.0396925423090635,5057.689788051057,0.022889745626875912,0.49828593842255,5061.485778793212,0.5363904442756393,0.18153593734902024,1.0,False,False
Liver Condition,Fasting Glucose (mg/dL),Sodium (mmol/L),Ratio,0.21332178892420398,0.0008633340946998392,999.0698916537162,0.20913902224040415,0.0012594442449988085,999.6056970155748,-0.20151189482599316,0.02107538543764595,1002.9800863409582,0.5358053618585927,0.008007736530549233,1.0,True,False
Heart Attack,Total Cholesterol (mg/dL),Uric Acid (mg/dL),Difference,-0.3700736037128002,5.273812925166463e-07,1656.1206449700137,-0.3661622724203976,6.826588057723387e-07,1656.6551709686864,0.0907688917506971,0.18989303201259577,1681.3205368053455,0.5345259986727342,8.382219218807624e-06,0.005062860408159804,True,True
Heart Attack,Uric Acid (mg/dL),Total Cholesterol (mg/dL),Difference,0.3700736037128002,5.273812925166463e-07,1656.1206449700137,0.0907688917506971,0.18989303201259577,1681.3205368053455,-0.3661622724203976,6.826588057723387e-07,1656.6551709686864,0.5345259986727342,8.382219218807624e-06,0.005062860408159804,True,True
Heart Attack,Alkaline Phosphatase (U/L),Sodium (mmol/L),Difference,0.1982246497710329,0.00011373769364733907,1670.8585819576683,0.19491754474266915,0.00016083236896081112,1671.3910752876218,-0.06614146520405356,0.2911416159956587,1682.0562682653551,0.5324933299534678,0.0012785501861995961,1.0,True,False
Heart Attack,Sodium (mmol/L),Alkaline Phosphatase (U/L),Difference,-0.1982246497710329,0.00011373769364733907,1670.8585819576683,-0.06614146520405356,0.2911416159956587,1682.0562682653551,0.19491754474266915,0.00016083236896081112,1671.3910752876218,0.5324933299534678,0.0012785501861995961,1.0,True,False
Heart Attack,WBC Count (10^3/uL),Platelet Count (10^3/uL),Difference,0.23225370443673546,0.00243677984759678,1699.7162526332236,0.023812272961626472,0.5043772263848071,1708.9744837557946,-0.22810089146521054,0.0033399994871196386,1700.236113108742,0.5198604755184988,0.020349205616945643,1.0,True,False
Heart Attack,Platelet Count (10^3/uL),WBC Count (10^3/uL),Difference,-0.23225370443673546,0.00243677984759678,1699.7162526332236,-0.22810089146521054,0.0033399994871196386,1700.236113108742,0.023812272961626472,0.5043772263848071,1708.9744837557946,0.5198604755184988,0.020349205616945643,1.0,True,False
Diabetes,Triglycerides (mg/dL),Hemoglobin (g/dL),Difference,0.3563554836263579,7.70918786275395e-09,1946.9495544299753,0.353735357514664,9.667563795633988e-09,1947.4607266226953,-0.12129431955973581,0.05260653053547307,1982.784920352174,0.5111721927200961,1.561354503848901e-07,7.400820348243792e-05,True,True
Diabetes,Hemoglobin (g/dL),Triglycerides (mg/dL),Difference,-0.3563554836263579,7.70918786275395e-09,1946.9495544299753,-0.12129431955973581,0.05260653053547307,1982.784920352174,0.353735357514664,9.667563795633988e-09,1947.4607266226953,0.5111721927200961,1.561354503848901e-07,7.400820348243792e-05,True,True
Heart Attack,Insulin (uIU/mL),Hemoglobin (g/dL),Ratio,0.15338433703284218,0.00731865850467411,861.7268584917645,0.1486466178970514,0.009657300049890702,862.2358151037074,-0.03325391263229018,0.7397104526283145,868.5943680580178,0.5089566119429492,0.053673889721062996,1.0,False,False
Liver Condition,Albumin (g/dL),ALT Liver Enzyme (U/L),Difference,-0.3733969799803637,1.2423913001014716e-17,1996.532129645199,-0.11574236444407997,0.07402277813246035,2055.1606967203834,0.3728009842924434,1.650902692368201e-17,1997.0388915096323,0.5067618644334289,5.57334414998791e-16,1.1926956480974127e-13,True,True
Liver Condition,ALT Liver Enzyme (U/L),Albumin (g/dL),Difference,0.3733969799803637,1.2423913001014716e-17,1996.532129645199,0.3728009842924434,1.650902692368201e-17,1997.0388915096323,-0.11574236444407997,0.07402277813246035,2055.1606967203834,0.5067618644334289,5.57334414998791e-16,1.1926956480974127e-13,True,True
Stroke,"Glycohemoglobin (HbA1c, %)",Total Cholesterol (mg/dL),Ratio,0.19354227880227512,0.00032679729232135325,1735.2013054234294,0.0670782108045528,0.2725216986426401,1745.8336928819435,-0.23156912561850143,0.0010137050568321438,1735.7037646142612,0.5024591908318143,0.0032885262120387745,1.0,True,False
Heart Attack,Alkaline Phosphatase (U/L),Calcium (mg/dL),Ratio,0.19604543117136689,0.00011062609958339655,1670.8760184916136,0.19490753419390944,0.0001611392902236541,1671.3772072739218,-0.020918303031417437,0.7511480256291476,1683.043534952928,0.5011887823081906,0.0012479560000007131,1.0,True,False
Stroke,Calcium (mg/dL),BUN Kidney (mg/dL),Difference,-0.1949639789380362,0.00020607501831607157,1730.320545047267,-0.10263187328655861,0.11568853598094742,1740.1737409004863,0.19243111893933085,0.00028387244683327476,1730.8193979230023,0.4988528757353379,0.002164464087346047,1.0,True,False
Stroke,BUN Kidney (mg/dL),Calcium (mg/dL),Difference,0.1949639789380362,0.00020607501831607157,1730.320545047267,0.19243111893933085,0.00028387244683327476,1730.8193979230023,-0.10263187328655861,0.11568853598094742,1740.1737409004863,0.4988528757353379,0.002164464087346047,1.0,True,False
Heart Attack,Creatinine Kidney (mg/dL),HDL Cholesterol (mg/dL),Difference,0.3698849672430919,1.4765530158551816e-05,1662.3713241356295,0.076256221968445,0.08911010432280653,1680.705089951721,-0.3649796464823979,1.8740393706466263e-05,1662.8697939574147,0.49846982178519283,0.00019026723425784892,0.14174908952209744,True,False
Heart Attack,HDL Cholesterol (mg/dL),Creatinine Kidney (mg/dL),Difference,-0.3698849672430919,1.4765530158551816e-05,1662.3713241356295,-0.3649796464823979,1.8740393706466263e-05,1662.8697939574147,0.076256221968445,0.08911010432280653,1680.705089951721,0.49846982178519283,0.00019026723425784892,0.14174908952209744,True,False
Stroke,AST Liver Enzyme (U/L),Systolic BP (mmHg),Difference,-0.22680759500738928,0.0016431274695067515,1630.8500533355268,-0.07005440551334938,0.45225685510225266,1640.0899622389904,0.20687864019216476,0.0018327541829488774,1631.3468174860614,0.4967641505345455,0.014236483490311204,1.0,True,False
Stroke,Systolic BP (mmHg),AST Liver Enzyme (U/L),Difference,0.22680759500738928,0.0016431274695067515,1630.8500533355268,0.20687864019216476,0.0018327541829488774,1631.3468174860614,-0.07005440551334938,0.45225685510225266,1640.0899622389904,0.4967641505345455,0.014236483490311204,1.0,True,False
Stroke,AST Liver Enzyme (U/L),Insulin (uIU/mL),Difference,-0.1374253238600407,0.036786967206833686,832.8291642470699,-0.07551699190519115,0.5683021515715587,836.5360742741025,0.11490833163665884,0.048883809221321906,833.3187205817756,0.48955633470563953,0.2230921574135208,1.0,False,False
Stroke,Insulin (uIU/mL),AST Liver Enzyme (U/L),Difference,0.1374253238600407,0.036786967206833686,832.8291642470699,0.11490833163665884,0.048883809221321906,833.3187205817756,-0.07551699190519115,0.5683021515715587,836.5360742741025,0.48955633470563953,0.2230921574135208,1.0,False,False
Liver Condition,HDL Cholesterol (mg/dL),Body Mass Index (kg/m2),Ratio,-0.23734309143487903,0.0017941826301617547,2004.5453641270706,-0.23237980117609022,0.0021045338551382207,2005.0243452558966,0.1326861051168819,0.03229362416673844,2010.8145375325191,0.4789811288260353,0.015461537925989987,1.0,True,False
Liver Condition,Diastolic BP (mmHg),Fasting Glucose (mg/dL),Difference,-0.18743707647522145,0.006781346255843291,978.6215154836797,-0.06818979372061451,0.4375929760692189,984.3235544805066,0.17834224185942138,0.008767164178568796,979.0998246227879,0.4783091391082053,0.050116184800689446,1.0,False,False
Liver Condition,Fasting Glucose (mg/dL),Diastolic BP (mmHg),Difference,0.18743707647522145,0.006781346255843291,978.6215154836797,0.17834224185942138,0.008767164178568796,979.0998246227879,-0.06818979372061451,0.4375929760692189,984.3235544805066,0.4783091391082053,0.050116184800689446,1.0,False,False
Diabetes,Insulin (uIU/mL),Albumin (g/dL),Difference,0.6525919674742259,2.2300778354970763e-17,1876.4187736987678,0.6507851467077904,2.622518283011896e-17,1876.8918745195308,-0.22456484557630513,0.0002583981631843098,1969.2535588076641,0.47310082076296567,9.514998764787525e-16,2.1408747220771932e-13,True,True
Diabetes,Albumin (g/dL),Insulin (uIU/mL),Difference,-0.6525919674742259,2.2300778354970763e-17,1876.4187736987678,-0.22456484557630513,0.0002583981631843098,1969.2535588076641,0.6507851467077904,2.622518283011896e-17,1876.8918745195308,0.47310082076296567,9.514998764787525e-16,2.1408747220771932e-13,True,True
Hypertension,Fasting Glucose (mg/dL),Total Cholesterol (mg/dL),Ratio,0.25912361402773026,4.7634167713624185e-08,2826.0962295755517,0.2542058871712096,6.087140322253266e-08,2826.564996382278,-0.0770369039087781,0.09008281294449151,2855.7142247258944,0.46876680672630755,8.794000193284464e-07,0.00045728801005079215,True,True
Arthritis,BUN Kidney (mg/dL),Total Cholesterol (mg/dL),Ratio,0.1292523995258634,0.0002336402592975235,5048.007210403186,0.13051933735858298,0.0002709505792061794,5048.47459654953,-0.07063235025744813,0.0396925423090635,5057.689788051057,0.4673861463443245,0.0024169681996295536,1.0,True,False
Diabetes,Potassium (mmol/L),Total Cholesterol (mg/dL),Difference,0.3886424441971653,1.0580627531520639e-18,3887.211181430116,0.12940766015469865,0.0007568965549735447,3959.924579061957,-0.3874870271998555,1.3054680378618675e-18,3887.6761738542436,0.4649924241275585,5.4317660054865316e-17,1.0157402430259813e-14,True,True
Diabetes,Total Cholesterol (mg/dL),Potassium (mmol/L),Difference,-0.3886424441971653,1.0580627531520639e-18,3887.211181430116,-0.3874870271998555,1.3054680378618675e-18,3887.6761738542436,0.12940766015469865,0.0007568965549735447,3959.924579061957,0.4649924241275585,5.4317660054865316e-17,1.0157402430259813e-14,True,True
Heart Attack,Hemoglobin (g/dL),Body Mass Index (kg/m2),Difference,-0.18939217933043823,0.009199557415043325,1661.1453397064856,-0.048563918241998454,0.5070219132963922,1667.090242870434,0.18126604535531932,0.012256362486097872,1661.6052075144848,0.4598678079992169,0.06508161472690929,1.0,False,False
Heart Attack,Body Mass Index (kg/m2),Hemoglobin (g/dL),Difference,0.18939217933043823,0.009199557415043325,1661.1453397064856,0.18126604535531932,0.012256362486097872,1661.6052075144848,-0.048563918241998454,0.5070219132963922,1667.090242870434,0.4598678079992169,0.06508161472690929,1.0,False,False
Liver Condition,HDL Cholesterol (mg/dL),Hemoglobin (g/dL),Ratio,-0.19674506211583706,0.010939180324992588,2048.393261689051,-0.17990135956780562,0.013470926568293901,2048.8526864743244,0.09786115791680758,0.17989607891479598,2053.4888668148515,0.4594247852733133,0.07554909373291932,1.0,False,False
Arthritis,"Glycohemoglobin (HbA1c, %)",Hemoglobin (g/dL),Ratio,0.07697542186119526,0.021471190128766457,5167.7655642558975,0.07172405543354164,0.02751745775666694,5168.221354446339,-0.025967384185915474,0.4988633383302026,5172.564987655956,0.45579019044180313,0.13911974699786694,1.0,False,False
Thyroid Problem,Body Mass Index (kg/m2),HDL Cholesterol (mg/dL),Difference,0.11364447669286251,0.017214420143580045,3240.896045393356,0.05957257283140809,0.18195642505709342,3244.9242641425562,-0.11135756257958213,0.022913482776244463,3241.350323826373,0.4542784330169525,0.11365779462061103,1.0,False,False
Thyroid Problem,HDL Cholesterol (mg/dL),Body Mass Index (kg/m2),Difference,-0.11364447669286251,0.017214420143580045,3240.896045393356,-0.11135756257958213,0.022913482776244463,3241.350323826373,0.05957257283140809,0.18195642505709342,3244.9242641425562,0.4542784330169525,0.11365779462061103,1.0,False,False
Thyroid Problem,Triglycerides (mg/dL),Hemoglobin (g/dL),Ratio,0.1122960351449187,0.036604858785094715,1642.5061191061359,0.10646082036613198,0.04753026976322176,1642.960268395805,0.02028172849515309,0.781862037815638,1646.1362923268903,0.4541492896692034,0.22226859224345938,1.0,False,False
Arthritis,HDL Cholesterol (mg/dL),Creatinine Kidney (mg/dL),Difference,-0.13434924495113143,0.00031232034071130524,5049.040366676501,-0.1317474219630885,0.0003946952143465371,5049.493699036719,0.07085545561866362,0.033878038263926075,5057.976106288712,0.4533323602172459,0.003148388749685446,1.0,True,False
Arthritis,Creatinine Kidney (mg/dL),HDL Cholesterol (mg/dL),Difference,0.13434924495113143,0.00031232034071130524,5049.040366676501,0.07085545561866362,0.033878038263926075,5057.976106288712,-0.1317474219630885,0.0003946952143465371,5049.493699036719,0.4533323602172459,0.003148388749685446,1.0,True,False
Hypertension,Fasting Glucose (mg/dL),Potassium (mmol/L),Difference,0.2547755654734191,6.196901360447985e-08,2813.9887416999504,0.2529045742840186,7.530636590081443e-08,2814.441146575028,-0.18534087158537907,5.698641553101268e-05,2829.665468475042,0.4524048750777183,1.139660020312273e-06,0.0005949025306030065,True,True
Hypertension,Potassium (mmol/L),Fasting Glucose (mg/dL),Difference,-0.2547755654734191,6.196901360447985e-08,2813.9887416999504,-0.18534087158537907,5.698641553101268e-05,2829.665468475042,0.2529045742840186,7.530636590081443e-08,2814.441146575028,0.4524048750777183,1.139660020312273e-06,0.0005949025306030065,True,True
Arthritis,HDL Cholesterol (mg/dL),Alkaline Phosphatase (U/L),Difference,-0.12549357815769624,0.00022249700268413386,5048.497317588572,-0.13210710206962914,0.0003807650499465554,5048.949430019663,0.0806444398579798,0.016495250807986778,5056.286135888184,0.4521124310913365,0.0023217078540953098,1.0,True,False
Arthritis,Alkaline Phosphatase (U/L),HDL Cholesterol (mg/dL),Difference,0.12549357815769624,0.00022249700268413386,5048.497317588572,0.0806444398579798,0.016495250807986778,5056.286135888184,-0.13210710206962914,0.0003807650499465554,5048.949430019663,0.4521124310913365,0.0023217078540953098,1.0,True,False
Heart Attack,Total Cholesterol (mg/dL),Calcium (mg/dL),Ratio,-0.37092241197028086,5.547177163070801e-07,1656.2037236438944,-0.3661622724203976,6.826588057723387e-07,1656.6551709686864,-0.020446503341573292,0.7565903245424793,1682.9184312850314,0.4514473247920705,8.802132357930527e-06,0.005325290076547969,True,True
Arthritis,Uric Acid (mg/dL),Hemoglobin (g/dL),Ratio,0.12817276184335988,0.00018777581168411315,5046.265502354654,0.1373671451191885,0.00023058948031986338,5046.716802681073,-0.023790872364012543,0.5407366086339411,5059.944530025508,0.4513003264191866,0.0019918760134447363,1.0,True,False
Arthritis,hs-CRP Inflammation (mg/L),Calcium (mg/dL),Ratio,0.1678099841730618,1.41429954364852e-06,5022.414930623046,0.16708011332637462,1.8718613942555155e-06,5022.8568031148025,0.024723385727390253,0.4651050043232986,5048.370622845121,0.44187249175683974,2.0952585831829924e-05,0.013577275619025792,True,True
Thyroid Problem,Waist Circumference (cm),ALT Liver Enzyme (U/L),Difference,0.11988792874530468,0.02218827627016839,3075.0128702613583,0.10745145756990182,0.025992161660656297,3075.4529400415677,-0.0430503777236168,0.46863022891833594,3079.8042328534552,0.44006978020934184,0.14324643725192773,1.0,False,False
Thyroid Problem,ALT Liver Enzyme (U/L),Waist Circumference (cm),Difference,-0.11988792874530468,0.02218827627016839,3075.0128702613583,-0.0430503777236168,0.46863022891833594,3079.8042328534552,0.10745145756990182,0.025992161660656297,3075.4529400415677,0.44006978020934184,0.14324643725192773,1.0,False,False
Liver Condition,"Glycohemoglobin (HbA1c, %)",HDL Cholesterol (mg/dL),Difference,0.187547352369947,0.009582567805575502,2053.675035170002,0.09520447682557957,0.08502732749087111,2058.057471798917,-0.18243002514014436,0.012122795703575868,2054.113101537555,0.4380663675528922,0.06695244760973218,1.0,False,False
Liver Condition,HDL Cholesterol (mg/dL),"Glycohemoglobin (HbA1c, %)",Difference,-0.187547352369947,0.009582567805575502,2053.675035170002,-0.18243002514014436,0.012122795703575868,2054.113101537555,0.09520447682557957,0.08502732749087111,2058.057471798917,0.4380663675528922,0.06695244760973218,1.0,False,False
Stroke,Insulin (uIU/mL),AST Liver Enzyme (U/L),Ratio,0.13071999813301904,0.026518401655955242,832.8940736664334,0.11490833163665884,0.048883809221321906,833.3187205817756,-0.07551699190519115,0.5683021515715587,836.5360742741025,0.42464691534212307,0.1673745272170745,1.0,False,False
Hypertension,WBC Count (10^3/uL),Sodium (mmol/L),Ratio,0.499795040742391,3.3596071251455115e-09,5709.993705219937,0.5191883696911245,4.145058070827284e-09,5710.417159136408,-0.021097942900384744,0.5054690186715023,5746.605941130341,0.42345391647177166,6.99614498945703e-08,3.225222840139691e-05,True,True
Hypertension,Albumin (g/dL),AST Liver Enzyme (U/L),Difference,-0.09771286700131229,0.0018269663350127378,5726.639096724284,-0.09790109529366048,0.004358355989521316,5728.103610364205,0.09563880667753528,0.002303859626537359,5727.061161298447,0.42206457416250487,0.015715839440969787,1.0,True,False
Hypertension,AST Liver Enzyme (U/L),Albumin (g/dL),Difference,0.09771286700131229,0.0018269663350127378,5726.639096724284,0.09563880667753528,0.002303859626537359,5727.061161298447,-0.09790109529366048,0.004358355989521316,5728.103610364205,0.42206457416250487,0.015715839440969787,1.0,True,False
Heart Attack,LDL Cholesterol (mg/dL),Uric Acid (mg/dL),Difference,-0.3603327565928034,0.0004988462002360752,848.0566358793927,-0.35447890242347313,0.0006105449423625787,848.4702709635848,0.13239255797242327,0.1643735370186209,859.2335091566331,0.41363508419203754,0.004856920407978014,1.0,True,False
Heart Attack,Uric Acid (mg/dL),LDL Cholesterol (mg/dL),Difference,0.3603327565928034,0.0004988462002360752,848.0566358793927,0.13239255797242327,0.1643735370186209,859.2335091566331,-0.35447890242347313,0.0006105449423625787,848.4702709635848,0.41363508419203754,0.004856920407978014,1.0,True,False
Heart Attack,Body Mass Index (kg/m2),Sodium (mmol/L),Ratio,0.19406679817129263,0.007461107460543397,1635.2672934386324,0.1883323632862223,0.009599788750491754,1635.6755053834036,-0.0562092683668172,0.3778941932302219,1641.2177469466183,0.40821194477121026,0.05463511183921938,1.0,False,False
Liver Condition,Body Mass Index (kg/m2),Creatinine Kidney (mg/dL),Difference,0.13761878399978048,0.026360315003389766,2007.80521682702,0.13156678957738951,0.033957139534635764,2008.210407766179,-0.1707821398133399,0.12967501331088618,2009.3781815332454,0.4051909391589561,0.16648620002140907,1.0,False,False
Liver Condition,Creatinine Kidney (mg/dL),Body Mass Index (kg/m2),Difference,-0.13761878399978048,0.026360315003389766,2007.80521682702,-0.1707821398133399,0.12967501331088618,2009.3781815332454,0.13156678957738951,0.033957139534635764,2008.210407766179,0.4051909391589561,0.16648620002140907,1.0,False,False
Liver Condition,Albumin (g/dL),AST Liver Enzyme (U/L),Difference,-0.2916358361578812,2.4097586168991223e-13,2004.4331673655042,-0.11487588951954068,0.07689079596084385,2047.8867709466306,0.2911877137808746,3.0448811035387775e-13,2004.8349260179743,0.40175865247010734,7.609764053365649e-12,2.3133682722231573e-09,True,True
Liver Condition,AST Liver Enzyme (U/L),Albumin (g/dL),Difference,0.2916358361578812,2.4097586168991223e-13,2004.4331673655042,0.2911877137808746,3.0448811035387775e-13,2004.8349260179743,-0.11487588951954068,0.07689079596084385,2047.8867709466306,0.40175865247010734,7.609764053365649e-12,2.3133682722231573e-09,True,True
Diabetes,LDL Cholesterol (mg/dL),Creatinine Kidney (mg/dL),Difference,-0.4210553653050841,1.2939590565962097e-11,1894.0362496307112,-0.4194628085642768,1.5445680091317366e-11,1894.4372735974903,0.09901374664447066,0.03178545629005459,1939.6464548865374,0.4010239667791211,3.2181365138144076e-10,1.2422006943323612e-07,True,True
Diabetes,Creatinine Kidney (mg/dL),LDL Cholesterol (mg/dL),Difference,0.4210553653050841,1.2939590565962097e-11,1894.0362496307112,0.09901374664447066,0.03178545629005459,1939.6464548865374,-0.4194628085642768,1.5445680091317366e-11,1894.4372735974903,0.4010239667791211,3.2181365138144076e-10,1.2422006943323612e-07,True,True
Liver Condition,ALT Liver Enzyme (U/L),Calcium (mg/dL),Difference,0.37376040310020076,1.3417273976927022e-17,1996.5503788032347,0.3727619992345364,1.677460189641142e-17,1996.9488134717258,-0.06487512892769605,0.29430339413566875,2057.089749124835,0.39843466849106335,5.963232878634233e-16,1.2880583017849942e-13,True,True
Liver Condition,Calcium (mg/dL),ALT Liver Enzyme (U/L),Difference,-0.37376040310020076,1.3417273976927022e-17,1996.5503788032347,-0.06487512892769605,0.29430339413566875,2057.089749124835,0.3727619992345364,1.677460189641142e-17,1996.9488134717258,0.39843466849106335,5.963232878634233e-16,1.2880583017849942e-13,True,True
Stroke,Waist Circumference (cm),Potassium (mmol/L),Ratio,0.15754854656959352,0.03206763696691334,1556.1917425443562,0.157522591638402,0.041071201356851925,1556.5864896193334,-0.02693893446817254,0.6939064503086525,1560.5232434312134,0.39474707497720374,0.19771953428540015,1.0,False,False
Heart Attack,Alkaline Phosphatase (U/L),Systolic BP (mmHg),Ratio,0.1637665133258768,0.0014348381501101434,1572.6550458686688,0.16542892968729567,0.002688348263479573,1573.0492284669858,0.01286678458240691,0.856577130728066,1580.5657236820061,0.394182598317002,0.012721328220457587,1.0,True,False
Liver Condition,Body Mass Index (kg/m2),Calcium (mg/dL),Ratio,0.13723498440626317,0.02690886702689512,2007.7192110775636,0.13133156250129016,0.03429475294934309,2008.1118059537512,-0.0682142059755206,0.27720749240076126,2011.201333634111,0.39259487618755884,0.16972741357305726,1.0,False,False
Heart Attack,Uric Acid (mg/dL),HDL Cholesterol (mg/dL),Difference,0.37041444089736436,1.5162979626346027e-05,1662.4649003801535,0.0907688917506971,0.18989303201259577,1681.3205368053455,-0.3649818096713518,1.8775270906025364e-05,1662.8568919408362,0.3919915606827544,0.00019460508611353193,0.14556460441292185,True,False
Heart Attack,HDL Cholesterol (mg/dL),Uric Acid (mg/dL),Difference,-0.37041444089736436,1.5162979626346027e-05,1662.4649003801535,-0.3649818096713518,1.8775270906025364e-05,1662.8568919408362,0.0907688917506971,0.18989303201259577,1681.3205368053455,0.3919915606827544,0.00019460508611353193,0.14556460441292185,True,False
Arthritis,Creatinine Kidney (mg/dL),Potassium (mmol/L),Ratio,0.07380494096464166,0.027270693678117203,5056.4412530786385,0.07066972252743986,0.03436616052770787,5056.8314667159475,-0.0009000781778541577,0.978980574163654,5061.186710544956,0.39021363730898884,0.17167125200650832,1.0,False,False
Liver Condition,Uric Acid (mg/dL),Sodium (mmol/L),Ratio,0.15413704694674907,0.017459944287609927,2052.8036881537937,0.1487637343520369,0.021973174915277064,2053.1912576993655,-0.03883385883048881,0.5235100936154973,2057.8994222342603,0.3875695455717505,0.11519963241309643,1.0,False,False
Heart Attack,Alkaline Phosphatase (U/L),Albumin (g/dL),Ratio,0.19124739721481482,0.0001223860071054335,1671.0035283119885,0.19491754474266915,0.00016083236896081112,1671.3910752876218,-0.10956155845472716,0.12437674347189742,1680.8220881625812,0.3875469756333132,0.0013614202412655409,1.0,True,False
Heart Attack,Diastolic BP (mmHg),Uric Acid (mg/dL),Difference,-0.17443582091383034,0.00645433407340345,1573.4854398285406,-0.17106171558350863,0.00804473631954967,1573.8728468092977,0.057446741660562635,0.4258929560301553,1580.0426457999813,0.3874069807570777,0.048144216864547874,1.0,True,False
Heart Attack,Uric Acid (mg/dL),Diastolic BP (mmHg),Difference,0.17443582091383034,0.00645433407340345,1573.4854398285406,0.057446741660562635,0.4258929560301553,1580.0426457999813,-0.17106171558350863,0.00804473631954967,1573.8728468092977,0.3874069807570777,0.048144216864547874,1.0,True,False
Hypertension,Sodium (mmol/L),Alkaline Phosphatase (U/L),Difference,-0.12342256278150301,0.00012699819767978166,5733.01825274974,-0.0222371438050793,0.4828195623130467,5747.014127777354,0.12192220636802233,0.00015548666287287498,5733.404888358156,0.38663560841632716,0.001401359422673453,1.0,True,False
Hypertension,Alkaline Phosphatase (U/L),Sodium (mmol/L),Difference,0.12342256278150301,0.00012699819767978166,5733.01825274974,0.12192220636802233,0.00015548666287287498,5733.404888358156,-0.0222371438050793,0.4828195623130467,5747.014127777354,0.38663560841632716,0.001401359422673453,1.0,True,False
Arthritis,Hemoglobin (g/dL),"Glycohemoglobin (HbA1c, %)",Ratio,-0.0833804200949445,0.02260465167407784,5167.837002465123,-0.025967384185915474,0.4988633383302026,5172.564987655956,0.07172405543354164,0.02751745775666694,5168.221354446339,0.38435198121624126,0.1453480616685514,1.0,False,False
Hypertension,Platelet Count (10^3/uL),Sodium (mmol/L),Ratio,0.13069695063245945,0.00011098428841303847,5732.131162717547,0.1289756141255763,0.00013568524267387915,5732.51329097248,-0.021097942900384744,0.5054690186715023,5746.605941130341,0.3821282549324678,0.001250527193386349,1.0,True,False
Arthritis,Alkaline Phosphatase (U/L),HDL Cholesterol (mg/dL),Ratio,0.12575388471407276,0.00024332143076931937,5048.568745786077,0.0806444398579798,0.016495250807986778,5056.286135888184,-0.13210710206962914,0.0003807650499465554,5048.949430019663,0.3806842335861802,0.0025090072345708547,1.0,True,False
Thyroid Problem,Waist Circumference (cm),"Glycohemoglobin (HbA1c, %)",Difference,0.11438668527759561,0.016535174144681374,3136.3057043928748,0.11072657169086045,0.02061507770673382,3136.684588632059,-0.03844324086184044,0.42735203740047667,3141.3308253555106,0.3788842391841172,0.10977708975722074,1.0,False,False
Thyroid Problem,"Glycohemoglobin (HbA1c, %)",Waist Circumference (cm),Difference,-0.11438668527759561,0.016535174144681374,3136.3057043928748,-0.03844324086184044,0.42735203740047667,3141.3308253555106,0.11072657169086045,0.02061507770673382,3136.684588632059,0.3788842391841172,0.10977708975722074,1.0,False,False
Liver Condition,Alkaline Phosphatase (U/L),Calcium (mg/dL),Ratio,0.25979412923255385,2.9447947226664874e-07,2031.817792151769,0.25979011357263054,3.0541122004705645e-07,2032.196250001999,-0.06487512892769605,0.29430339413566875,2057.089749124835,0.37845785023000644,4.899485153829858e-06,0.002827002933759828,True,True
High Cholesterol,Sodium (mmol/L),Insulin (uIU/mL),Difference,-0.14991100714093106,0.004044179467371503,2791.702273988002,-0.03207409943403855,0.4800106091238946,2800.521947017051,0.1469617797386299,0.00492288769069833,2792.0770291046565,0.3747551166543417,0.03195401060639212,1.0,True,False
High Cholesterol,Insulin (uIU/mL),Sodium (mmol/L),Difference,0.14991100714093106,0.004044179467371503,2791.702273988002,0.1469617797386299,0.00492288769069833,2792.0770291046565,-0.03207409943403855,0.4800106091238946,2800.521947017051,0.3747551166543417,0.03195401060639212,1.0,True,False
Hypertension,LDL Cholesterol (mg/dL),Total Cholesterol (mg/dL),Ratio,-0.10473444311413342,0.021476610942795713,2824.055869393498,-0.0996169974818828,0.026907983305755417,2824.4207730042826,-0.08123817254082853,0.07529508408233934,2826.1735605977115,0.36490361078449496,0.13911974699786694,1.0,False,False
High Cholesterol,HDL Cholesterol (mg/dL),Creatinine Kidney (mg/dL),Difference,-0.2576980744803669,5.5287280896815e-13,5709.76560344642,-0.2563497884387066,6.591084224365565e-13,5710.1287904593155,0.03267526542976981,0.2936289316832611,5763.389952959196,0.3631870128956507,1.6331012203366893e-11,5.30757896609424e-09,True,True
High Cholesterol,Creatinine Kidney (mg/dL),HDL Cholesterol (mg/dL),Difference,0.2576980744803669,5.5287280896815e-13,5709.76560344642,0.03267526542976981,0.2936289316832611,5763.389952959196,-0.2563497884387066,6.591084224365565e-13,5710.1287904593155,0.3631870128956507,1.6331012203366893e-11,5.30757896609424e-09,True,True
Diabetes,LDL Cholesterol (mg/dL),Calcium (mg/dL),Difference,-0.42120426082983903,1.3315941344176537e-11,1893.9654893170978,-0.4194213581476904,1.5608028504185325e-11,1894.3256328643736,0.1289328514381409,0.026532821633114843,1939.385287682172,0.3601435472758112,3.2946658995900716e-10,1.2783303690409475e-07,True,True
Diabetes,Calcium (mg/dL),LDL Cholesterol (mg/dL),Difference,0.42120426082983903,1.3315941344176537e-11,1893.9654893170978,0.1289328514381409,0.026532821633114843,1939.385287682172,-0.4194213581476904,1.5608028504185325e-11,1894.3256328643736,0.3601435472758112,3.2946658995900716e-10,1.2783303690409475e-07,True,True
Hypertension,Triglycerides (mg/dL),Albumin (g/dL),Ratio,0.18697299325760106,0.0006413435696970047,2831.9442326596527,0.18077594412088308,0.0006750743358910527,2832.3003154877297,-0.014824631907975483,0.763785572781962,2845.8202686334844,0.35608282807697833,0.006114099572086639,1.0,True,False
Liver Condition,Uric Acid (mg/dL),Platelet Count (10^3/uL),Difference,0.21788612355479575,0.002542633251132367,2042.9937461970628,0.15400841998462142,0.017755548081522573,2047.0457354932087,-0.21303577807858265,0.0030534671381106594,2043.3497812443895,0.35603504732671354,0.021036034274421574,1.0,True,False
Liver Condition,Platelet Count (10^3/uL),Uric Acid (mg/dL),Difference,-0.21788612355479575,0.002542633251132367,2042.9937461970628,-0.21303577807858265,0.0030534671381106594,2043.3497812443895,0.15400841998462142,0.017755548081522573,2047.0457354932087,0.35603504732671354,0.021036034274421574,1.0,True,False
High Cholesterol,LDL Cholesterol (mg/dL),Sodium (mmol/L),Ratio,0.33733690570985086,5.772325190772969e-13,2710.6181646743175,0.33593711982231333,6.784014209131739e-13,2710.973904958296,-0.014117431031793328,0.7573268789441295,2764.6049564784307,0.3557402839783208,1.6998258230497088e-11,5.541432183142051e-09,True,True
Thyroid Problem,Total Cholesterol (mg/dL),Waist Circumference (cm),Ratio,-0.10801526928971118,0.020448071271949773,3097.3141897866735,-0.05864742565985706,0.2108929401728028,3101.2026005097423,0.10941363921309305,0.022913950112550957,3097.669759256881,0.3555694702076835,0.1330857520072663,1.0,False,False
Stroke,"Glycohemoglobin (HbA1c, %)",ALT Liver Enzyme (U/L),Ratio,0.13201396411352398,0.03258856385291942,1738.0860319719231,0.0703301432594618,0.24836952614503516,1741.1321714385317,-0.19863096734005484,0.06511670709289864,1738.4335329926994,0.34750102077623524,0.2004165361870765,1.0,False,False
Arthritis,Calcium (mg/dL),"Glycohemoglobin (HbA1c, %)",Ratio,-0.08035132336101015,0.02086598758432106,5056.841809717231,0.02278726078239498,0.5001509262544059,5061.698806080959,0.0737517135612799,0.024994133807981097,5057.18672907339,0.3449193561591528,0.13543845896516712,1.0,False,False
Arthritis,Sodium (mmol/L),Fasting Glucose (mg/dL),Difference,-0.1312950173798756,0.004398006054466896,2474.12581668676,-0.13502029628157095,0.0054910213492577456,2474.469883597765,0.12473100024629406,0.006920278859087855,2474.9548797426914,0.3440669110050294,0.034466006630924244,1.0,True,False
Arthritis,Fasting Glucose (mg/dL),Sodium (mmol/L),Difference,0.1312950173798756,0.004398006054466896,2474.12581668676,0.12473100024629406,0.006920278859087855,2474.9548797426914,-0.13502029628157095,0.0054910213492577456,2474.469883597765,0.3440669110050294,0.034466006630924244,1.0,True,False
Arthritis,Potassium (mmol/L),Waist Circumference (cm),Difference,-0.42957299209706973,1.7722904623133103e-30,4649.676436628558,-0.01985893679590516,0.571136881092819,4784.382925309454,0.4294313890790676,2.0776526199216993e-30,4650.018463753497,0.34202712493879517,1.668038082177233e-28,1.701398843820778e-26,True,True
Arthritis,Waist Circumference (cm),Potassium (mmol/L),Difference,0.42957299209706973,1.7722904623133103e-30,4649.676436628558,0.4294313890790676,2.0776526199216993e-30,4650.018463753497,-0.01985893679590516,0.571136881092819,4784.382925309454,0.34202712493879517,1.668038082177233e-28,1.701398843820778e-26,True,True
Arthritis,Sodium (mmol/L),Fasting Glucose (mg/dL),Ratio,-0.13957054092639012,0.0044596325533834925,2474.1323226952263,-0.13502029628157095,0.0054910213492577456,2474.469883597765,0.12473100024629406,0.006920278859087855,2474.9548797426914,0.33756090253882576,0.03489199063771926,1.0,True,False
Hypertension,Fasting Glucose (mg/dL),Hemoglobin (g/dL),Difference,0.2617444967875133,1.984111942648794e-08,2871.50077411607,0.2602496005231122,2.2851495556276685e-08,2871.8359114016594,-0.027687820050896147,0.597557186807389,2905.822970330023,0.33513728558955336,3.801891147590504e-07,0.00019047474649428424,True,True
Hypertension,Hemoglobin (g/dL),Fasting Glucose (mg/dL),Difference,-0.2617444967875133,1.984111942648794e-08,2871.50077411607,-0.027687820050896147,0.597557186807389,2905.822970330023,0.2602496005231122,2.2851495556276685e-08,2871.8359114016594,0.33513728558955336,3.801891147590504e-07,0.00019047474649428424,True,True
Heart Attack,BUN Kidney (mg/dL),Sodium (mmol/L),Ratio,0.14170894720467878,0.009269201479328625,1676.9653191510138,0.13871019105850618,0.011373801064068562,1677.2982570774411,-0.06576175558658325,0.2940707431325982,1682.139504060402,0.33293792642734843,0.06547780294448477,1.0,False,False
Liver Condition,Sodium (mmol/L),Alkaline Phosphatase (U/L),Difference,-0.2611315025038724,2.5255731457777523e-07,2031.9637523547185,-0.03931559019986149,0.5182895728660525,2057.8887817497944,0.2598550122680586,3.0302296062604175e-07,2032.295719122128,0.3319667674095399,4.321836399191875e-06,0.002424550219946642,True,True
Liver Condition,Alkaline Phosphatase (U/L),Sodium (mmol/L),Difference,0.2611315025038724,2.5255731457777523e-07,2031.9637523547185,0.2598550122680586,3.0302296062604175e-07,2032.295719122128,-0.03931559019986149,0.5182895728660525,2057.8887817497944,0.3319667674095399,4.321836399191875e-06,0.002424550219946642,True,True
High Cholesterol,Hemoglobin (g/dL),Sodium (mmol/L),Ratio,0.09185527849353664,0.013583503841669398,5759.8893290874275,0.08990977874953622,0.016397557775240042,5760.221058608722,-0.0037399475966411,0.9054826146075673,5766.002581619415,0.3317295212946192,0.09209155146894507,1.0,False,False
Diabetes,BUN Kidney (mg/dL),Calcium (mg/dL),Difference,0.2494776132985038,9.386494279323524e-12,3930.029182719746,0.2487982957347035,1.0937254248510415e-11,3930.354460639639,-0.024319260476926497,0.5376575076142476,3976.435305399932,0.32527791989286925,2.3838715630028e-10,9.011034508150582e-08,True,True
Diabetes,Calcium (mg/dL),BUN Kidney (mg/dL),Difference,-0.2494776132985038,9.386494279323524e-12,3930.029182719746,-0.024319260476926497,0.5376575076142476,3976.435305399932,0.2487982957347035,1.0937254248510415e-11,3930.354460639639,0.32527791989286925,2.3838715630028e-10,9.011034508150582e-08,True,True
Stroke,Waist Circumference (cm),AST Liver Enzyme (U/L),Difference,0.17277450941756228,0.037737055232694605,1555.4532507664676,0.15729776944685844,0.04138081162222525,1555.7750296286017,-0.06949127408719324,0.4723891395937917,1559.2845765135085,0.3217788621341242,0.22856512948509036,1.0,False,False
Stroke,AST Liver Enzyme (U/L),Waist Circumference (cm),Difference,-0.17277450941756228,0.037737055232694605,1555.4532507664676,-0.06949127408719324,0.4723891395937917,1559.2845765135085,0.15729776944685844,0.04138081162222525,1555.7750296286017,0.3217788621341242,0.22856512948509036,1.0,False,False
Thyroid Problem,Triglycerides (mg/dL),Total Cholesterol (mg/dL),Difference,0.11101602210588916,0.039015606312921405,1642.6398071578283,0.10646082036613198,0.04753026976322176,1642.960268395805,-0.006493274075460396,0.9166509617557876,1646.2022576644774,0.320461237976815,0.23497479335260069,1.0,False,False
Thyroid Problem,Total Cholesterol (mg/dL),Triglycerides (mg/dL),Difference,-0.11101602210588916,0.039015606312921405,1642.6398071578283,-0.006493274075460396,0.9166509617557876,1646.2022576644774,0.10646082036613198,0.04753026976322176,1642.960268395805,0.320461237976815,0.23497479335260069,1.0,False,False
Diabetes,Uric Acid (mg/dL),BUN Kidney (mg/dL),Difference,-0.24786040751829,9.276816524310536e-12,3930.035055731799,0.04982964194864296,0.23896482570288358,3975.4351704314504,0.2487982957347035,1.0937254248510415e-11,3930.354460639639,0.3194049078401804,2.3685488998239665e-10,8.905743863338114e-08,True,True
Diabetes,BUN Kidney (mg/dL),Uric Acid (mg/dL),Difference,0.24786040751829,9.276816524310536e-12,3930.035055731799,0.2487982957347035,1.0937254248510415e-11,3930.354460639639,0.04982964194864296,0.23896482570288358,3975.4351704314504,0.3194049078401804,2.3685488998239665e-10,8.905743863338114e-08,True,True
Liver Condition,Alkaline Phosphatase (U/L),Sodium (mmol/L),Ratio,0.2606878299197489,2.618872983415885e-07,2031.9822536607792,0.2598550122680586,3.0302296062604175e-07,2032.295719122128,-0.03931559019986149,0.5182895728660525,2057.8887817497944,0.3134654613488692,4.449766485096017e-06,0.00251411806407925,True,True
Liver Condition,Body Mass Index (kg/m2),Sodium (mmol/L),Ratio,0.13619871441667505,0.027790131127496245,2008.0068510715146,0.13168147585335963,0.03378749007623674,2008.3175311102586,-0.05218206459936518,0.3972730716777343,2011.8975916947588,0.31068003874406713,0.17433596537979226,1.0,False,False
High Cholesterol,Waist Circumference (cm),Sodium (mmol/L),Ratio,0.2512380014088438,6.163597981348815e-13,5391.586441869841,0.25086682847300207,7.233087888419302e-13,5391.884726764229,-0.009613515920112477,0.7671719571708245,5443.279349238335,0.29828489438750694,1.8094966550748813e-11,5.917054062094862e-09,True,True
Arthritis,Calcium (mg/dL),Sodium (mmol/L),Difference,0.09200839601321745,0.0063696226181577395,5057.011400021509,0.022649990450549523,0.5026588555468916,5064.039983692783,-0.09018883288746582,0.007508583965770161,5057.309054254121,0.2976542326123308,0.04762334667781487,1.0,True,False
Arthritis,Sodium (mmol/L),Calcium (mg/dL),Difference,-0.09200839601321745,0.0063696226181577395,5057.011400021509,-0.09018883288746582,0.007508583965770161,5057.309054254121,0.022649990450549523,0.5026588555468916,5064.039983692783,0.2976542326123308,0.04762334667781487,1.0,True,False
Heart Attack,Creatinine Kidney (mg/dL),Diastolic BP (mmHg),Difference,0.1742322707567503,0.006773568090154836,1573.593097745384,0.0747713742586327,0.10796641248587063,1578.5993588565523,-0.17100303554104215,0.008056356992473876,1573.8907506531546,0.29765290777049813,0.050116184800689446,1.0,False,False
Heart Attack,Diastolic BP (mmHg),Creatinine Kidney (mg/dL),Difference,-0.1742322707567503,0.006773568090154836,1573.593097745384,-0.17100303554104215,0.008056356992473876,1573.8907506531546,0.0747713742586327,0.10796641248587063,1578.5993588565523,0.29765290777049813,0.050116184800689446,1.0,False,False
Hypertension,Alkaline Phosphatase (U/L),Sodium (mmol/L),Ratio,0.12302197503167811,0.00013324750759739117,5733.108816682715,0.12192220636802233,0.00015548666287287498,5733.404888358156,-0.0222371438050793,0.4828195623130467,5747.014127777354,0.2960716754414534,0.0014619155119256631,1.0,True,False
Arthritis,Triglycerides (mg/dL),Potassium (mmol/L),Ratio,0.1291030687361532,0.007148591923078371,2471.390037292421,0.12670222642459075,0.008906048185690914,2471.6838106773184,-0.06768050480266471,0.16699744998279076,2476.460263300759,0.29377338489757676,0.052604812255974694,1.0,False,False
Liver Condition,Alkaline Phosphatase (U/L),WBC Count (10^3/uL),Difference,0.2609342923220551,3.7184640672704154e-07,2026.8470246118711,0.2570678937562713,4.09576766726503e-07,2027.1407247738898,-0.016040461342724213,0.8447944577893914,2052.466449637003,0.29370016201869475,6.040144677799659e-06,0.0035697255045795987,True,True
Liver Condition,WBC Count (10^3/uL),Alkaline Phosphatase (U/L),Difference,-0.2609342923220551,3.7184640672704154e-07,2026.8470246118711,-0.016040461342724213,0.8447944577893914,2052.466449637003,0.2570678937562713,4.09576766726503e-07,2027.1407247738898,0.29370016201869475,6.040144677799659e-06,0.0035697255045795987,True,True
Thyroid Problem,HDL Cholesterol (mg/dL),Calcium (mg/dL),Ratio,-0.11102620334954932,0.022945338785973334,3277.5102884829703,-0.10755523762135255,0.026905592475358186,3277.802926003762,0.016076504380989055,0.7146788978461898,3282.7058811320285,0.29263752079168626,0.14734130591661806,1.0,False,False
Arthritis,BUN Kidney (mg/dL),Potassium (mmol/L),Difference,0.13171706628980054,0.0002280074722113627,5046.9789628295,0.1307487592537131,0.00026564644425924926,5047.266849666706,-0.0006799439163521074,0.9841222147140377,5060.776478911643,0.28788683720540575,0.0023646306238019714,1.0,True,False
Arthritis,Potassium (mmol/L),BUN Kidney (mg/dL),Difference,-0.13171706628980054,0.0002280074722113627,5046.9789628295,-0.0006799439163521074,0.9841222147140377,5060.776478911643,0.1307487592537131,0.00026564644425924926,5047.266849666706,0.28788683720540575,0.0023646306238019714,1.0,True,False
Hypertension,Albumin (g/dL),hs-CRP Inflammation (mg/L),Difference,-0.27350306615300407,3.3299036069260966e-12,5675.66538927916,-0.09191548887415844,0.00747932800581572,5729.384231359443,0.27314866208721256,4.122460511361173e-12,5675.951259077878,0.28586979871761287,8.855145325897652e-11,3.196707462649053e-08,True,True
Hypertension,hs-CRP Inflammation (mg/L),Albumin (g/dL),Difference,0.27350306615300407,3.3299036069260966e-12,5675.66538927916,0.27314866208721256,4.122460511361173e-12,5675.951259077878,-0.09191548887415844,0.00747932800581572,5729.384231359443,0.28586979871761287,8.855145325897652e-11,3.196707462649053e-08,True,True
Thyroid Problem,Triglycerides (mg/dL),HDL Cholesterol (mg/dL),Difference,0.11577704367575188,0.03273294858248084,1642.3777850516358,0.10646082036613198,0.04753026976322176,1642.960268395805,-0.12518877851864307,0.06397252128211224,1642.6585477310562,0.280762679420377,0.2010469010824159,1.0,False,False
Thyroid Problem,HDL Cholesterol (mg/dL),Triglycerides (mg/dL),Difference,-0.11577704367575188,0.03273294858248084,1642.3777850516358,-0.12518877851864307,0.06397252128211224,1642.6585477310562,0.10646082036613198,0.04753026976322176,1642.960268395805,0.280762679420377,0.2010469010824159,1.0,False,False
Thyroid Problem,Insulin (uIU/mL),Triglycerides (mg/dL),Difference,-0.11171457484501461,0.03607825306094283,1626.991474010976,-0.01854291785138989,0.7488584705559143,1630.5438620867817,0.10864694852178304,0.04341063574008785,1627.2721399170055,0.280665906029526,0.21962665148069194,1.0,False,False
Thyroid Problem,Triglycerides (mg/dL),Insulin (uIU/mL),Difference,0.11171457484501461,0.03607825306094283,1626.991474010976,0.10864694852178304,0.04341063574008785,1627.2721399170055,-0.01854291785138989,0.7488584705559143,1630.5438620867817,0.280665906029526,0.21962665148069194,1.0,False,False
Arthritis,Fasting Glucose (mg/dL),Sodium (mmol/L),Ratio,0.13074972091607026,0.004559769123672571,2474.190665690983,0.12473100024629406,0.006920278859087855,2474.9548797426914,-0.13502029628157095,0.0054910213492577456,2474.469883597765,0.2792179067819234,0.0355884419408591,1.0,True,False
Arthritis,Triglycerides (mg/dL),AST Liver Enzyme (U/L),Difference,0.11399949034933515,0.024008386901870904,2466.9196067781504,0.11139423224243603,0.028174148671967478,2467.197185664662,-0.026040413165935063,0.6238044483017009,2471.7772451843066,0.2775788865114919,0.15365367617197379,1.0,False,False
Arthritis,AST Liver Enzyme (U/L),Triglycerides (mg/dL),Difference,-0.11399949034933515,0.024008386901870904,2466.9196067781504,-0.026040413165935063,0.6238044483017009,2471.7772451843066,0.11139423224243603,0.028174148671967478,2467.197185664662,0.2775788865114919,0.15365367617197379,1.0,False,False
Arthritis,Diastolic BP (mmHg),Total Cholesterol (mg/dL),Ratio,0.07045885371542371,0.0431193073241507,4874.065710169658,0.036143477380587014,0.3021753500536857,4877.085678796504,-0.0681057616404969,0.05157536031052654,4874.338092213331,0.272382043673133,0.25694931738786264,1.0,False,False
Liver Condition,Waist Circumference (cm),Creatinine Kidney (mg/dL),Difference,0.17485563446072672,0.007810775427340896,1924.0068211307998,0.1717402836832701,0.009122038231267792,1924.2739974554588,-0.25427498996169606,0.04795356090287304,1925.599089067055,0.2671763246589762,0.05676263747348418,1.0,False,False
Liver Condition,Creatinine Kidney (mg/dL),Waist Circumference (cm),Difference,-0.17485563446072672,0.007810775427340896,1924.0068211307998,-0.25427498996169606,0.04795356090287304,1925.599089067055,0.1717402836832701,0.009122038231267792,1924.2739974554588,0.2671763246589762,0.05676263747348418,1.0,False,False
Liver Condition,AST Liver Enzyme (U/L),Calcium (mg/dL),Difference,0.29170460504557194,2.6398590923767795e-13,2004.5679057267253,0.2911877137808746,3.0448811035387775e-13,2004.8349260179743,-0.06175619792928837,0.3189440976341673,2049.977163326138,0.2670202912490822,8.281910878044798e-12,2.5342647286817083e-09,True,True
Liver Condition,Calcium (mg/dL),AST Liver Enzyme (U/L),Difference,-0.29170460504557194,2.6398590923767795e-13,2004.5679057267253,-0.06175619792928837,0.3189440976341673,2049.977163326138,0.2911877137808746,3.0448811035387775e-13,2004.8349260179743,0.2670202912490822,8.281910878044798e-12,2.5342647286817083e-09,True,True
Heart Attack,HDL Cholesterol (mg/dL),Potassium (mmol/L),Difference,-0.37097037038066694,1.4434780672556621e-05,1661.730524710791,-0.3683592530878503,1.634742663159302e-05,1661.9963650040281,0.08047255038262961,0.20125524302859688,1680.8428042706346,0.2658402932370336,0.00018675727015706682,0.13857389445654356,True,False
Heart Attack,Potassium (mmol/L),HDL Cholesterol (mg/dL),Difference,0.37097037038066694,1.4434780672556621e-05,1661.730524710791,0.08047255038262961,0.20125524302859688,1680.8428042706346,-0.3683592530878503,1.634742663159302e-05,1661.9963650040281,0.2658402932370336,0.00018675727015706682,0.13857389445654356,True,False
Diabetes,Platelet Count (10^3/uL),Calcium (mg/dL),Ratio,0.13843762877418694,0.0009621653045633854,3961.9040517741128,0.13750008044964337,0.0011259350786575447,3962.1677906275113,-0.022967651859264703,0.5607724732838446,3972.265140221539,0.26373885339853587,0.008839030549099043,1.0,True,False
Arthritis,Uric Acid (mg/dL),hs-CRP Inflammation (mg/L),Ratio,-0.20085177351239547,8.089729046028093e-07,5022.593401537333,0.13608620594343804,0.00026584850527737247,5035.57240595014,0.16708011332637462,1.8718613942555155e-06,5022.8568031148025,0.26340157746926707,1.2366464783737212e-05,0.007766139884186969,True,True
Hypertension,ALT Liver Enzyme (U/L),Sodium (mmol/L),Ratio,0.16654401174325112,3.600833728539524e-07,5721.607528925426,0.16569867861193166,4.036819877125976e-07,5721.870225704206,-0.0222371438050793,0.4828195623130467,5747.014127777354,0.26269677878008224,5.887294230139319e-06,0.003456800379397943,True,True
Stroke,Insulin (uIU/mL),Fasting Glucose (mg/dL),Ratio,0.11474528063091423,0.04655825198615965,834.2212113420085,0.11549751938903244,0.047393953430154505,834.4755412291809,0.06041442279077726,0.4781050075016685,837.6300798008201,0.25432988717238914,0.27505182711823545,1.0,False,False
Liver Condition,AST Liver Enzyme (U/L),Calcium (mg/dL),Ratio,0.2913513466275698,2.977759945013001e-13,2004.5809534091259,0.2911877137808746,3.0448811035387775e-13,2004.8349260179743,-0.06175619792928837,0.3189440976341673,2049.977163326138,0.2539726088484713,9.2512930330501e-12,2.858649547212481e-09,True,True
Heart Attack,Albumin (g/dL),BUN Kidney (mg/dL),Difference,-0.141084894663368,0.009677935382620542,1677.0452366946154,-0.10923952914092087,0.12554241650162987,1680.9063512956109,0.13871019105850618,0.011373801064068562,1677.2982570774411,0.2530203828257527,0.06737358932063611,1.0,False,False
Heart Attack,BUN Kidney (mg/dL),Albumin (g/dL),Difference,0.141084894663368,0.009677935382620542,1677.0452366946154,0.13871019105850618,0.011373801064068562,1677.2982570774411,-0.10923952914092087,0.12554241650162987,1680.9063512956109,0.2530203828257527,0.06737358932063611,1.0,False,False
Hypertension,ALT Liver Enzyme (U/L),Sodium (mmol/L),Difference,0.16632854064191324,3.507181956910156e-07,5721.624228649147,0.16569867861193166,4.036819877125976e-07,5721.870225704206,-0.0222371438050793,0.4828195623130467,5747.014127777354,0.24599705505897873,5.755375519032051e-06,0.0033668946786337495,True,True
Hypertension,Sodium (mmol/L),ALT Liver Enzyme (U/L),Difference,-0.16632854064191324,3.507181956910156e-07,5721.624228649147,-0.0222371438050793,0.4828195623130467,5747.014127777354,0.16569867861193166,4.036819877125976e-07,5721.870225704206,0.24599705505897873,5.755375519032051e-06,0.0033668946786337495,True,True
High Cholesterol,Uric Acid (mg/dL),Sodium (mmol/L),Ratio,0.10656739478896331,0.0021598117414729973,5757.525765490238,0.1053389033326058,0.0024689553606098325,5757.770611139684,-0.004861038446236446,0.8773527401492369,5766.918697294414,0.2448456494457787,0.01836509541022212,1.0,True,False
Diabetes,HDL Cholesterol (mg/dL),Calcium (mg/dL),Difference,-0.6130255393729402,7.078784657882453e-32,3812.219184315207,-0.6117079698817207,7.522741515819667e-32,3812.4612806481323,-0.02496338394786167,0.5272250406913781,3972.8357382546264,0.2420963329254846,7.005807496460985e-30,6.795633271567155e-28,True,True
Diabetes,Calcium (mg/dL),HDL Cholesterol (mg/dL),Difference,0.6130255393729402,7.078784657882453e-32,3812.219184315207,-0.02496338394786167,0.5272250406913781,3972.8357382546264,-0.6117079698817207,7.522741515819667e-32,3812.4612806481323,0.2420963329254846,7.005807496460985e-30,6.795633271567155e-28,True,True
Liver Condition,Platelet Count (10^3/uL),Systolic BP (mmHg),Ratio,-0.22170481301961723,0.004508649621078209,1986.9874810402341,-0.202301422713174,0.004921002668296377,1987.2292885184752,0.07376673737633802,0.27127046358321405,1994.3007769143283,0.2418074782410713,0.035246772282044626,1.0,True,False
Heart Attack,Albumin (g/dL),Body Mass Index (kg/m2),Difference,-0.1921556284073171,0.00828652101247085,1635.4353743286322,-0.11428965917812083,0.11387724969373633,1639.5160056545901,0.1883323632862223,0.009599788750491754,1635.6755053834036,0.24013105477138197,0.05945485928230207,1.0,False,False
Heart Attack,Body Mass Index (kg/m2),Albumin (g/dL),Difference,0.1921556284073171,0.00828652101247085,1635.4353743286322,0.1883323632862223,0.009599788750491754,1635.6755053834036,-0.11428965917812083,0.11387724969373633,1639.5160056545901,0.24013105477138197,0.05945485928230207,1.0,False,False
Heart Attack,Systolic BP (mmHg),LDL Cholesterol (mg/dL),Difference,0.3278680400449046,0.0014781489336713107,795.4197472768745,0.0719340118388357,0.4606003384921029,805.4526372217563,-0.33155483554309806,0.0019382911932958314,795.6594921151952,0.23974483832068927,0.01305448920261691,1.0,True,False
Heart Attack,LDL Cholesterol (mg/dL),Systolic BP (mmHg),Difference,-0.3278680400449046,0.0014781489336713107,795.4197472768745,-0.33155483554309806,0.0019382911932958314,795.6594921151952,0.0719340118388357,0.4606003384921029,805.4526372217563,0.23974483832068927,0.01305448920261691,1.0,True,False
Arthritis,Potassium (mmol/L),Body Mass Index (kg/m2),Difference,-0.39550730786923327,2.4308437963727596e-28,4846.69583130137,-0.006100603910496333,0.8595134173031398,4972.220614640023,0.39503855098276774,2.757967812216529e-28,4846.9340817938355,0.23825049246534036,2.1214636768344084e-26,2.333610044517849e-24,True,True
Arthritis,Body Mass Index (kg/m2),Potassium (mmol/L),Difference,0.39550730786923327,2.4308437963727596e-28,4846.69583130137,0.39503855098276774,2.757967812216529e-28,4846.9340817938355,-0.006100603910496333,0.8595134173031398,4972.220614640023,0.23825049246534036,2.1214636768344084e-26,2.333610044517849e-24,True,True
Liver Condition,Uric Acid (mg/dL),Potassium (mmol/L),Difference,0.14812435418994827,0.018987964669070656,2052.498933946251,0.14880339570776857,0.021905051717185636,2052.7368927807556,-0.03126515081331813,0.6166573628207291,2057.604136856533,0.2379588345047523,0.12442625312155514,1.0,False,False
Liver Condition,Potassium (mmol/L),Uric Acid (mg/dL),Difference,-0.14812435418994827,0.018987964669070656,2052.498933946251,-0.03126515081331813,0.6166573628207291,2057.604136856533,0.14880339570776857,0.021905051717185636,2052.7368927807556,0.2379588345047523,0.12442625312155514,1.0,False,False
Stroke,Sodium (mmol/L),Total Cholesterol (mg/dL),Difference,0.238705687821798,0.0007292349656368464,1725.7808750460267,0.05576120841067161,0.3883733271482407,1736.947228200373,-0.23637676105945543,0.0008246153914738479,1726.0187318730184,0.2378568269916741,0.0068299079708426585,1.0,True,False
Stroke,Total Cholesterol (mg/dL),Sodium (mmol/L),Difference,-0.238705687821798,0.0007292349656368464,1725.7808750460267,-0.23637676105945543,0.0008246153914738479,1726.0187318730184,0.05576120841067161,0.3883733271482407,1736.947228200373,0.2378568269916741,0.0068299079708426585,1.0,True,False
Hypertension,AST Liver Enzyme (U/L),Sodium (mmol/L),Difference,0.09675126790996376,0.0020279258690539294,5726.824515719707,0.09563880667753528,0.002303859626537359,5727.061161298447,-0.02206301976353763,0.4867336005854481,5735.728961080757,0.23664557873962622,0.017320363294410786,1.0,True,False
Hypertension,Sodium (mmol/L),AST Liver Enzyme (U/L),Difference,-0.09675126790996376,0.0020279258690539294,5726.824515719707,-0.02206301976353763,0.4867336005854481,5735.728961080757,0.09563880667753528,0.002303859626537359,5727.061161298447,0.23664557873962622,0.017320363294410786,1.0,True,False
Liver Condition,Body Mass Index (kg/m2),Albumin (g/dL),Ratio,0.13549841916671956,0.028581351853857184,2008.08093355117,0.13168147585335963,0.03378749007623674,2008.3175311102586,-0.1131050255914132,0.08484227082169243,2009.685109209632,0.23659755908875013,0.17840115591484326,1.0,False,False
High Cholesterol,Uric Acid (mg/dL),HDL Cholesterol (mg/dL),Ratio,0.2609943330108235,1.7762456134545651e-13,5709.457735799933,0.10410003933648443,0.002785180807077968,5755.028363610082,-0.25620386171637743,6.798874099212087e-13,5709.6928455253055,0.23510972537224006,5.7029959495531184e-12,1.7051957889163826e-09,True,True
High Cholesterol,Body Mass Index (kg/m2),Sodium (mmol/L),Ratio,0.22594433803742417,5.468722433403062e-12,5629.800218568678,0.22522742690105632,6.121014477999738e-12,5630.031489018935,-0.0016748608153670831,0.9579698975800881,5677.243797234748,0.2312704502564884,1.4227570558446992e-10,5.2499735360669394e-08,True,True
High Cholesterol,Triglycerides (mg/dL),Uric Acid (mg/dL),Difference,0.59295585456097,5.563522274974955e-19,2704.4550495008843,0.5917623436967352,5.861724601773837e-19,2704.6847813588256,0.05229573076638976,0.29636619111275797,2802.1622976827116,0.2297318579412604,2.983788482668132e-17,5.340981383975957e-15,True,True
High Cholesterol,Uric Acid (mg/dL),Triglycerides (mg/dL),Difference,-0.59295585456097,5.563522274974955e-19,2704.4550495008843,0.05229573076638976,0.29636619111275797,2802.1622976827116,0.5917623436967352,5.861724601773837e-19,2704.6847813588256,0.2297318579412604,2.983788482668132e-17,5.340981383975957e-15,True,True
Stroke,hs-CRP Inflammation (mg/L),Calcium (mg/dL),Difference,0.15064005968876018,0.00022346019536723853,1720.2828991331348,0.1491042504678577,0.0002602320544264999,1720.5109405975986,-0.09164662438151447,0.16167427380563737,1728.9387107247126,0.22804146446378581,0.0023267005157543274,1.0,True,False
Stroke,Calcium (mg/dL),hs-CRP Inflammation (mg/L),Difference,-0.15064005968876018,0.00022346019536723853,1720.2828991331348,-0.09164662438151447,0.16167427380563737,1728.9387107247126,0.1491042504678577,0.0002602320544264999,1720.5109405975986,0.22804146446378581,0.0023267005157543274,1.0,True,False
High Cholesterol,Platelet Count (10^3/uL),WBC Count (10^3/uL),Difference,0.0652841051600517,0.049334857493398596,5894.921507913508,0.06342402822027751,0.05646547552308675,5895.146425441126,-0.012046077841048981,0.6707658451519338,5898.588185889017,0.22491752761743555,0.2879116303566119,1.0,False,False
High Cholesterol,WBC Count (10^3/uL),Platelet Count (10^3/uL),Difference,-0.0652841051600517,0.049334857493398596,5894.921507913508,-0.012046077841048981,0.6707658451519338,5898.588185889017,0.06342402822027751,0.05646547552308675,5895.146425441126,0.22491752761743555,0.2879116303566119,1.0,False,False
Heart Attack,Alkaline Phosphatase (U/L),Sodium (mmol/L),Ratio,0.1957902999593506,0.00013544727677717978,1671.1665607789507,0.19491754474266915,0.00016083236896081112,1671.3910752876218,-0.06614146520405356,0.2911416159956587,1682.0562682653551,0.2245145086710636,0.00148435371810608,1.0,True,False
Stroke,Systolic BP (mmHg),Uric Acid (mg/dL),Difference,0.208269664535146,0.001564050338935878,1632.2462008329078,0.20752054569777179,0.001766311456359777,1632.4696108118374,-0.033156384335581206,0.6541728836233713,1641.701840664728,0.22340997892956693,0.013737313132465168,1.0,True,False
Stroke,Uric Acid (mg/dL),Systolic BP (mmHg),Difference,-0.208269664535146,0.001564050338935878,1632.2462008329078,-0.033156384335581206,0.6541728836233713,1641.701840664728,0.20752054569777179,0.001766311456359777,1632.4696108118374,0.22340997892956693,0.013737313132465168,1.0,True,False
Liver Condition,Platelet Count (10^3/uL),"Glycohemoglobin (HbA1c, %)",Difference,-0.20805344386423597,0.0035152385045014926,2079.7958258387043,-0.2051443133303487,0.003932624296824632,2080.0136311289307,0.09943783606303218,0.06917078749681298,2085.694054900685,0.21780529022635164,0.028192389008533273,1.0,True,False
Liver Condition,"Glycohemoglobin (HbA1c, %)",Platelet Count (10^3/uL),Difference,0.20805344386423597,0.0035152385045014926,2079.7958258387043,0.09943783606303218,0.06917078749681298,2085.694054900685,-0.2051443133303487,0.003932624296824632,2080.0136311289307,0.21780529022635164,0.028192389008533273,1.0,True,False
Liver Condition,AST Liver Enzyme (U/L),Creatinine Kidney (mg/dL),Difference,0.2916829536341757,2.7108672631229027e-13,2004.6197211018289,0.2911877137808746,3.0448811035387775e-13,2004.8349260179743,-0.09324039097873822,0.3143925008468884,2049.6861493653205,0.215204916145467,8.449456404538918e-12,2.6024325725979867e-09,True,True
Liver Condition,Creatinine Kidney (mg/dL),AST Liver Enzyme (U/L),Difference,-0.2916829536341757,2.7108672631229027e-13,2004.6197211018289,-0.09324039097873822,0.3143925008468884,2049.6861493653205,0.2911877137808746,3.0448811035387775e-13,2004.8349260179743,0.215204916145467,8.449456404538918e-12,2.6024325725979867e-09,True,True
Diabetes,LDL Cholesterol (mg/dL),Potassium (mmol/L),Difference,-0.42094990786896924,1.3409926291829536e-11,1894.542088238527,-0.419909774561449,1.47423219513098e-11,1894.757061250452,0.09662683365360956,0.07949751426727057,1941.7949176603602,0.21497301192493978,3.3009049333734244e-10,1.2873529240156354e-07,True,True
Diabetes,Potassium (mmol/L),LDL Cholesterol (mg/dL),Difference,0.42094990786896924,1.3409926291829536e-11,1894.542088238527,0.09662683365360956,0.07949751426727057,1941.7949176603602,-0.419909774561449,1.47423219513098e-11,1894.757061250452,0.21497301192493978,3.3009049333734244e-10,1.2873529240156354e-07,True,True
Heart Attack,Diastolic BP (mmHg),Potassium (mmol/L),Ratio,-0.18249745169770526,0.007976823507382968,1573.1386210141131,-0.1706104615847505,0.008211205803291401,1573.3533578403215,0.06803815956681611,0.29531700998834076,1579.0281945753095,0.21473682620830914,0.05762039553865801,1.0,False,False
Stroke,Waist Circumference (cm),Uric Acid (mg/dL),Difference,0.16136383104806554,0.035603910377794014,1556.6796601452781,0.15796178760161458,0.04049038437249373,1556.893588466643,-0.005366076135664723,0.9437208020307656,1561.0039953569433,0.21392832136484685,0.21715218527752383,1.0,False,False
Stroke,Uric Acid (mg/dL),Waist Circumference (cm),Difference,-0.16136383104806554,0.035603910377794014,1556.6796601452781,-0.005366076135664723,0.9437208020307656,1561.0039953569433,0.15796178760161458,0.04049038437249373,1556.893588466643,0.21392832136484685,0.21715218527752383,1.0,False,False
Thyroid Problem,Creatinine Kidney (mg/dL),HDL Cholesterol (mg/dL),Difference,0.10928250138321201,0.024727006342577146,3283.7321141411485,0.06773537724998341,0.09287082421509937,3286.430055954056,-0.10677129859512113,0.027829393642379855,3283.9442081414145,0.21209400026600633,0.1572048085355898,1.0,False,False
Thyroid Problem,HDL Cholesterol (mg/dL),Creatinine Kidney (mg/dL),Difference,-0.10928250138321201,0.024727006342577146,3283.7321141411485,-0.10677129859512113,0.027829393642379855,3283.9442081414145,0.06773537724998341,0.09287082421509937,3286.430055954056,0.21209400026600633,0.1572048085355898,1.0,False,False
Liver Condition,Body Mass Index (kg/m2),Albumin (g/dL),Difference,0.13490555609662666,0.02963664081332962,2008.1076593105802,0.13168147585335963,0.03378749007623674,2008.3175311102586,-0.1131050255914132,0.08484227082169243,2009.685109209632,0.20987179967846714,0.18438869203367747,1.0,False,False
Liver Condition,Albumin (g/dL),Body Mass Index (kg/m2),Difference,-0.13490555609662666,0.02963664081332962,2008.1076593105802,-0.1131050255914132,0.08484227082169243,2009.685109209632,0.13168147585335963,0.03378749007623674,2008.3175311102586,0.20987179967846714,0.18438869203367747,1.0,False,False
Hypertension,BUN Kidney (mg/dL),Hemoglobin (g/dL),Difference,0.232376470744414,1.1382628778422355e-10,5700.3772970848495,0.2347113589988517,1.1400297386957804e-10,5700.587024068815,-0.0708142144484805,0.05698641098080507,5741.533236539645,0.2097269839650835,2.6522630163314225e-09,1.0927323627285462e-06,True,True
Hypertension,Hemoglobin (g/dL),BUN Kidney (mg/dL),Difference,-0.232376470744414,1.1382628778422355e-10,5700.3772970848495,-0.0708142144484805,0.05698641098080507,5741.533236539645,0.2347113589988517,1.1400297386957804e-10,5700.587024068815,0.2097269839650835,2.6522630163314225e-09,1.0927323627285462e-06,True,True
Liver Condition,Triglycerides (mg/dL),Potassium (mmol/L),Ratio,0.1492830217288249,0.024574625897790327,1003.5296208787756,0.14570507624593104,0.02860184069099053,1003.7285438180838,-0.04978398719615449,0.5788704719581599,1007.37519637909,0.19892293930820415,0.15644324178964666,1.0,False,False
Hypertension,Albumin (g/dL),Alkaline Phosphatase (U/L),Difference,-0.12273915211226417,0.00014028757043289998,5733.2075112446255,-0.0980861199375237,0.004262141783628995,5739.357096362436,0.12192220636802233,0.00015548666287287498,5733.404888358156,0.19737711353081977,0.0015312138040437069,1.0,True,False
Hypertension,Alkaline Phosphatase (U/L),Albumin (g/dL),Difference,0.12273915211226417,0.00014028757043289998,5733.2075112446255,0.12192220636802233,0.00015548666287287498,5733.404888358156,-0.0980861199375237,0.004262141783628995,5739.357096362436,0.19737711353081977,0.0015312138040437069,1.0,True,False
Hypertension,Triglycerides (mg/dL),Sodium (mmol/L),Difference,0.18222620240442358,0.000617713948754919,2832.1051624587326,0.18077594412088308,0.0006750743358910527,2832.3003154877297,-0.05920079342357187,0.18973489758060713,2844.188170587286,0.1951530289970833,0.0058946857932874975,1.0,True,False
Hypertension,Sodium (mmol/L),Triglycerides (mg/dL),Difference,-0.18222620240442358,0.000617713948754919,2832.1051624587326,-0.05920079342357187,0.18973489758060713,2844.188170587286,0.18077594412088308,0.0006750743358910527,2832.3003154877297,0.1951530289970833,0.0058946857932874975,1.0,True,False
Liver Condition,HDL Cholesterol (mg/dL),"Glycohemoglobin (HbA1c, %)",Ratio,-0.18197832134503142,0.010604872144959959,2053.919990442797,-0.18243002514014436,0.012122795703575868,2054.113101537555,0.09520447682557957,0.08502732749087111,2058.057471798917,0.19311109475802368,0.07350669501199683,1.0,False,False
Arthritis,Fasting Glucose (mg/dL),AST Liver Enzyme (U/L),Difference,0.13065262107223566,0.005319044046779104,2465.6340164899857,0.12773579629280252,0.005793590862435433,2465.826087012124,-0.026877382283341966,0.6131084771535739,2473.1620386492614,0.19207052213823772,0.04098139875528042,1.0,True,False
Arthritis,AST Liver Enzyme (U/L),Fasting Glucose (mg/dL),Difference,-0.13065262107223566,0.005319044046779104,2465.6340164899857,-0.026877382283341966,0.6131084771535739,2473.1620386492614,0.12773579629280252,0.005793590862435433,2465.826087012124,0.19207052213823772,0.04098139875528042,1.0,True,False
Arthritis,Albumin (g/dL),Body Mass Index (kg/m2),Difference,-0.3961137379487904,2.1091140662936924e-28,4850.12775841552,-0.1181691234188536,0.0011063578920967826,4965.368179486079,0.3954192434149437,2.3548618629396765e-28,4850.3197580186425,0.19199960312289477,1.8747680589277267e-26,2.0247495036419447e-24,True,True
Arthritis,Body Mass Index (kg/m2),Albumin (g/dL),Difference,0.3961137379487904,2.1091140662936924e-28,4850.12775841552,0.3954192434149437,2.3548618629396765e-28,4850.3197580186425,-0.1181691234188536,0.0011063578920967826,4965.368179486079,0.19199960312289477,1.8747680589277267e-26,2.0247495036419447e-24,True,True
Heart Attack,Creatinine Kidney (mg/dL),Total Cholesterol (mg/dL),Difference,0.36747058625232365,6.229143873169971e-07,1656.4837364574869,0.076256221968445,0.08911010432280653,1680.705089951721,-0.3661187215151896,6.827255619578025e-07,1656.6721287337741,0.18839227628723165,9.739378042741322e-06,0.005979978118243172,True,True
Heart Attack,Total Cholesterol (mg/dL),Creatinine Kidney (mg/dL),Difference,-0.36747058625232365,6.229143873169971e-07,1656.4837364574869,-0.3661187215151896,6.827255619578025e-07,1656.6721287337741,0.076256221968445,0.08911010432280653,1680.705089951721,0.18839227628723165,9.739378042741322e-06,0.005979978118243172,True,True
Arthritis,BUN Kidney (mg/dL),Potassium (mmol/L),Ratio,0.130489767575454,0.00023181513615572237,5047.080379927291,0.1307487592537131,0.00026564644425924926,5047.266849666706,-0.0006799439163521074,0.9841222147140377,5060.776478911643,0.18646973941486067,0.0024006745491854747,1.0,True,False
Hypertension,Sodium (mmol/L),Platelet Count (10^3/uL),Difference,-0.12981923744287657,0.0001229334043468152,5732.326981752643,-0.021097942900384744,0.5054690186715023,5746.605941130341,0.1289756141255763,0.00013568524267387915,5732.51329097248,0.18630921983640292,0.0013643476089357526,1.0,True,False
Hypertension,Platelet Count (10^3/uL),Sodium (mmol/L),Difference,0.12981923744287657,0.0001229334043468152,5732.326981752643,0.1289756141255763,0.00013568524267387915,5732.51329097248,-0.021097942900384744,0.5054690186715023,5746.605941130341,0.18630921983640292,0.0013643476089357526,1.0,True,False
Liver Condition,Alkaline Phosphatase (U/L),Creatinine Kidney (mg/dL),Difference,0.2609569176736728,2.8179764723899584e-07,2032.109466600446,0.2598550122680586,3.0302296062604175e-07,2032.295719122128,-0.09497660423783212,0.3071222061981673,2056.977835658078,0.18625252168203588,4.771177096109982e-06,0.00270525741349436,True,True
Liver Condition,Creatinine Kidney (mg/dL),Alkaline Phosphatase (U/L),Difference,-0.2609569176736728,2.8179764723899584e-07,2032.109466600446,-0.09497660423783212,0.3071222061981673,2056.977835658078,0.2598550122680586,3.0302296062604175e-07,2032.295719122128,0.18625252168203588,4.771177096109982e-06,0.00270525741349436,True,True
Liver Condition,Calcium (mg/dL),Body Mass Index (kg/m2),Difference,-0.13409223858489255,0.030584164646022306,2007.9271616955848,-0.0682142059755206,0.27720749240076126,2011.201333634111,0.13133156250129016,0.03429475294934309,2008.1118059537512,0.1846442581663723,0.1895699124287931,1.0,False,False
Liver Condition,Body Mass Index (kg/m2),Calcium (mg/dL),Difference,0.13409223858489255,0.030584164646022306,2007.9271616955848,0.13133156250129016,0.03429475294934309,2008.1118059537512,-0.0682142059755206,0.27720749240076126,2011.201333634111,0.1846442581663723,0.1895699124287931,1.0,False,False
Stroke,Systolic BP (mmHg),Calcium (mg/dL),Difference,0.20915039898408333,0.0015862273239338803,1632.285869303345,0.20752054569777179,0.001766311456359777,1632.4696108118374,-0.11235035371665304,0.0966390416790749,1639.1412675690372,0.18374150849240323,0.01385603485874909,1.0,True,False
Stroke,Calcium (mg/dL),Systolic BP (mmHg),Difference,-0.20915039898408333,0.0015862273239338803,1632.285869303345,-0.11235035371665304,0.0966390416790749,1639.1412675690372,0.20752054569777179,0.001766311456359777,1632.4696108118374,0.18374150849240323,0.01385603485874909,1.0,True,False
Liver Condition,HDL Cholesterol (mg/dL),hs-CRP Inflammation (mg/L),Difference,-0.1646671980442263,0.0079637828250297,2050.3170807795123,-0.1819313871271529,0.012453962268053495,2050.49921483565,0.05743134915117124,0.2474731311096352,2055.945915924703,0.18213405613778377,0.05762021146977674,1.0,False,False
Liver Condition,hs-CRP Inflammation (mg/L),HDL Cholesterol (mg/dL),Difference,0.1646671980442263,0.0079637828250297,2050.3170807795123,0.05743134915117124,0.2474731311096352,2055.945915924703,-0.1819313871271529,0.012453962268053495,2050.49921483565,0.18213405613778377,0.05762021146977674,1.0,False,False
Thyroid Problem,Potassium (mmol/L),HDL Cholesterol (mg/dL),Difference,0.10389714480412938,0.03205853720688817,3286.2974537084315,0.08044364078868804,0.07144001350558894,3287.776641852806,-0.1017644451625201,0.035504810652427825,3286.4791162537626,0.18166254533116444,0.19771953428540015,1.0,False,False
Thyroid Problem,HDL Cholesterol (mg/dL),Potassium (mmol/L),Difference,-0.10389714480412938,0.03205853720688817,3286.2974537084315,-0.1017644451625201,0.035504810652427825,3286.4791162537626,0.08044364078868804,0.07144001350558894,3287.776641852806,0.18166254533116444,0.19771953428540015,1.0,False,False
Heart Attack,Uric Acid (mg/dL),Platelet Count (10^3/uL),Difference,0.21819356934000417,0.005498728506903499,1674.8347557541267,0.08983206374090635,0.19459814623154592,1681.2265108215706,-0.21530912557210344,0.006029910042120897,1675.0112204255536,0.1764646714268565,0.042061986985078556,1.0,True,False
Heart Attack,Platelet Count (10^3/uL),Uric Acid (mg/dL),Difference,-0.21819356934000417,0.005498728506903499,1674.8347557541267,-0.21530912557210344,0.006029910042120897,1675.0112204255536,0.08983206374090635,0.19459814623154592,1681.2265108215706,0.1764646714268565,0.042061986985078556,1.0,True,False
Thyroid Problem,Waist Circumference (cm),Hemoglobin (g/dL),Difference,0.11109435297456202,0.01955887703721475,3141.448573284042,0.10977840598111563,0.02159913599922285,3141.616834371255,-0.027057615426749743,0.6086991280351683,3146.5697346973184,0.1682610872130681,0.12790546291366595,1.0,False,False
Thyroid Problem,Hemoglobin (g/dL),Waist Circumference (cm),Difference,-0.11109435297456202,0.01955887703721475,3141.448573284042,-0.027057615426749743,0.6086991280351683,3146.5697346973184,0.10977840598111563,0.02159913599922285,3141.616834371255,0.1682610872130681,0.12790546291366595,1.0,False,False
Arthritis,Calcium (mg/dL),HDL Cholesterol (mg/dL),Difference,0.1325241283581691,0.00036749925831880024,5048.942418629464,0.022889745626875912,0.49828593842255,5061.485778793212,-0.1316105235444296,0.0004003818864022052,5049.110042899078,0.1676242696139525,0.0036621234635530716,1.0,True,False
Arthritis,HDL Cholesterol (mg/dL),Calcium (mg/dL),Difference,-0.1325241283581691,0.00036749925831880024,5048.942418629464,-0.1316105235444296,0.0004003818864022052,5049.110042899078,0.022889745626875912,0.49828593842255,5061.485778793212,0.1676242696139525,0.0036621234635530716,1.0,True,False
Hypertension,Platelet Count (10^3/uL),Hemoglobin (g/dL),Difference,0.12132399708961196,0.00028013474464703487,5878.82587476418,0.12025530390923804,0.0003063993383324471,5878.993213034977,-0.05544314387953072,0.13066693175695138,5889.732259200502,0.1673382707967903,0.002854594388294113,1.0,True,False
Hypertension,Hemoglobin (g/dL),Platelet Count (10^3/uL),Difference,-0.12132399708961196,0.00028013474464703487,5878.82587476418,-0.05544314387953072,0.13066693175695138,5889.732259200502,0.12025530390923804,0.0003063993383324471,5878.993213034977,0.1673382707967903,0.002854594388294113,1.0,True,False
Hypertension,Potassium (mmol/L),Triglycerides (mg/dL),Difference,-0.21201801033032,5.72796575944673e-06,2822.274590670588,-0.18529134174347384,5.744700238101044e-05,2828.06580606236,0.21118543279244387,6.172327151269054e-06,2822.4408166334943,0.1662259629060827,7.866734090227269e-05,0.05498847129068861,True,False
Hypertension,Triglycerides (mg/dL),Potassium (mmol/L),Difference,0.21201801033032,5.72796575944673e-06,2822.274590670588,0.21118543279244387,6.172327151269054e-06,2822.4408166334943,-0.18529134174347384,5.744700238101044e-05,2828.06580606236,0.1662259629060827,7.866734090227269e-05,0.05498847129068861,True,False
Heart Attack,"Glycohemoglobin (HbA1c, %)",Calcium (mg/dL),Ratio,0.21674565140511964,3.1033537253029526e-05,1668.153010468196,0.21564003296527975,3.26594335682858e-05,1668.3176714670278,-0.020661452074198013,0.7541155335400692,1682.9907157891794,0.16466099883177776,0.00037807355029071505,0.29792195762908347,True,False
Heart Attack,BUN Kidney (mg/dL),Systolic BP (mmHg),Ratio,0.14316959114073852,0.007974884675024455,1574.1670977860238,0.14687772227641563,0.008724649003191387,1574.3315509364254,0.013107439553586758,0.8539027665411429,1580.63699863746,0.16445315040164132,0.05762039553865801,1.0,False,False
Liver Condition,ALT Liver Enzyme (U/L),Creatinine Kidney (mg/dL),Difference,0.3730444690428118,1.5349324027595007e-17,1996.8770327446446,0.3728009842924434,1.650902692368201e-17,1997.0388915096323,-0.09497660423783212,0.3071222061981673,2056.977835658078,0.16185876498775542,6.697886848405094e-16,1.4735351066491206e-13,True,True
Liver Condition,Creatinine Kidney (mg/dL),ALT Liver Enzyme (U/L),Difference,-0.3730444690428118,1.5349324027595007e-17,1996.8770327446446,-0.09497660423783212,0.3071222061981673,2056.977835658078,0.3728009842924434,1.650902692368201e-17,1997.0388915096323,0.16185876498775542,6.697886848405094e-16,1.4735351066491206e-13,True,True
Heart Attack,Total Cholesterol (mg/dL),hs-CRP Inflammation (mg/L),Difference,-0.36119560037782883,6.395853569449413e-07,1655.427385999576,-0.36456188689530195,7.963464945490137e-07,1655.5890361428244,0.043627355844337495,0.44063216671569916,1681.0360859199723,0.16165014324838012,9.967564004336748e-06,0.006140019426671436,True,True
Heart Attack,hs-CRP Inflammation (mg/L),Total Cholesterol (mg/dL),Difference,0.36119560037782883,6.395853569449413e-07,1655.427385999576,0.043627355844337495,0.44063216671569916,1681.0360859199723,-0.36456188689530195,7.963464945490137e-07,1655.5890361428244,0.16165014324838012,9.967564004336748e-06,0.006140019426671436,True,True
Stroke,Calcium (mg/dL),Waist Circumference (cm),Ratio,-0.17047638134761656,0.04032058102303293,1556.7337672313947,-0.08332862109040481,0.22984533738869972,1559.5672848115269,0.15796178760161458,0.04049038437249373,1556.893588466643,0.1598212352482733,0.2414707285222184,1.0,False,False
Stroke,Potassium (mmol/L),hs-CRP Inflammation (mg/L),Difference,-0.15016320421554155,0.00023525568481589382,1720.0414843759436,-0.04560166489546139,0.4815822576807455,1730.0854177806123,0.14907449550852264,0.0002609739209883973,1720.1963428149024,0.1548584389588541,0.00242844577874471,1.0,True,False
Stroke,hs-CRP Inflammation (mg/L),Potassium (mmol/L),Difference,0.15016320421554155,0.00023525568481589382,1720.0414843759436,0.14907449550852264,0.0002609739209883973,1720.1963428149024,-0.04560166489546139,0.4815822576807455,1730.0854177806123,0.1548584389588541,0.00242844577874471,1.0,True,False
Stroke,"Glycohemoglobin (HbA1c, %)",Total Cholesterol (mg/dL),Difference,0.23265782147880887,0.0009337222479655882,1735.5491873714586,0.0670782108045528,0.2725216986426401,1745.8336928819435,-0.23156912561850143,0.0010137050568321438,1735.7037646142612,0.15457724280258844,0.008610695082103405,1.0,True,False
Stroke,Total Cholesterol (mg/dL),"Glycohemoglobin (HbA1c, %)",Difference,-0.23265782147880887,0.0009337222479655882,1735.5491873714586,-0.23156912561850143,0.0010137050568321438,1735.7037646142612,0.0670782108045528,0.2725216986426401,1745.8336928819435,0.15457724280258844,0.008610695082103405,1.0,True,False
Hypertension,AST Liver Enzyme (U/L),Sodium (mmol/L),Ratio,0.09631794434137617,0.0021211746779522945,5726.911431340029,0.09563880667753528,0.002303859626537359,5727.061161298447,-0.02206301976353763,0.4867336005854481,5735.728961080757,0.14972995841799275,0.018052550450657828,1.0,True,False
Arthritis,Albumin (g/dL),Insulin (uIU/mL),Difference,-0.13108947788259093,0.014916879145821217,2470.8172530633256,-0.12010266376457926,0.02081949296804198,2472.118075554649,0.12947420974454327,0.016011767375361377,2470.963134649746,0.14588158642027338,0.10035181485626046,1.0,False,False
Arthritis,Insulin (uIU/mL),Albumin (g/dL),Difference,0.13108947788259093,0.014916879145821217,2470.8172530633256,0.12947420974454327,0.016011767375361377,2470.963134649746,-0.12010266376457926,0.02081949296804198,2472.118075554649,0.14588158642027338,0.10035181485626046,1.0,False,False
Hypertension,Triglycerides (mg/dL),Hemoglobin (g/dL),Difference,0.1835944893351128,0.0005546033766045617,2844.5516285837666,0.18251140407193994,0.000590502625621222,2844.696691330392,-0.04379054261387092,0.40743297709209136,2857.9183152106557,0.1450627466251717,0.005361724486811473,1.0,True,False
Hypertension,Hemoglobin (g/dL),Triglycerides (mg/dL),Difference,-0.1835944893351128,0.0005546033766045617,2844.5516285837666,-0.04379054261387092,0.40743297709209136,2857.9183152106557,0.18251140407193994,0.000590502625621222,2844.696691330392,0.1450627466251717,0.005361724486811473,1.0,True,False
Diabetes,Albumin (g/dL),Triglycerides (mg/dL),Difference,-0.3527762979125968,1.1167494945378926e-08,1942.164643485597,-0.2247443313545618,0.0002582282358973701,1967.6769554689427,0.35190589139348155,1.1876985770358793e-08,1942.3088209485763,0.14417746297931444,2.2150403197445805e-07,0.00010720795147563769,True,True
Diabetes,Triglycerides (mg/dL),Albumin (g/dL),Difference,0.3527762979125968,1.1167494945378926e-08,1942.164643485597,0.35190589139348155,1.1876985770358793e-08,1942.3088209485763,-0.2247443313545618,0.0002582282358973701,1967.6769554689427,0.14417746297931444,2.2150403197445805e-07,0.00010720795147563769,True,True
Arthritis,"Glycohemoglobin (HbA1c, %)",Waist Circumference (cm),Difference,-0.4382893469382389,2.8468613327736377e-32,4746.428068606841,0.061211856027756625,0.06773911154804169,4886.809603480227,0.43897677733131557,3.020687139855218e-32,4746.570977868856,0.14290926201465481,3.0032822851238376e-30,2.732986879462692e-28,True,True
Arthritis,Waist Circumference (cm),"Glycohemoglobin (HbA1c, %)",Difference,0.4382893469382389,2.8468613327736377e-32,4746.428068606841,0.43897677733131557,3.020687139855218e-32,4746.570977868856,0.061211856027756625,0.06773911154804169,4886.809603480227,0.14290926201465481,3.0032822851238376e-30,2.732986879462692e-28,True,True
Thyroid Problem,HDL Cholesterol (mg/dL),Sodium (mmol/L),Ratio,-0.10329955794513863,0.03277321658050847,3287.2661864509932,-0.10179738000179456,0.03544447925450928,3287.4084754629666,0.0029171435681936957,0.9471382167570039,3291.9471743369913,0.14228901197338928,0.20116552376782693,1.0,False,False
Heart Attack,Hemoglobin (g/dL),Alkaline Phosphatase (U/L),Difference,-0.19574285743787756,0.00014717327205879358,1670.9013946655746,-0.052977935417262596,0.4655140132569492,1682.2867707106764,0.19494786444553916,0.00016032171309752526,1671.040523827184,0.13912916160938948,0.0015946539636167252,1.0,True,False
Heart Attack,Alkaline Phosphatase (U/L),Hemoglobin (g/dL),Difference,0.19574285743787756,0.00014717327205879358,1670.9013946655746,0.19494786444553916,0.00016032171309752526,1671.040523827184,-0.052977935417262596,0.4655140132569492,1682.2867707106764,0.13912916160938948,0.0015946539636167252,1.0,True,False
Stroke,Alkaline Phosphatase (U/L),Calcium (mg/dL),Difference,0.23129859361010086,2.589196549057089e-06,1724.4624370463396,0.23074319205242966,2.8048870992187026e-06,1724.5963182121443,-0.10277760442540272,0.11515323229124022,1740.1052756131044,0.13388116580472342,3.715438994162639e-05,0.024856286870948055,True,True
Stroke,Calcium (mg/dL),Alkaline Phosphatase (U/L),Difference,-0.23129859361010086,2.589196549057089e-06,1724.4624370463396,-0.10277760442540272,0.11515323229124022,1740.1052756131044,0.23074319205242966,2.8048870992187026e-06,1724.5963182121443,0.13388116580472342,3.715438994162639e-05,0.024856286870948055,True,True
Arthritis,Alkaline Phosphatase (U/L),Systolic BP (mmHg),Ratio,0.07991864775577392,0.017876360311559442,4846.720567983773,0.07952959803612172,0.02059716289876025,4846.8537144244165,-0.00687023345696719,0.8542136432555288,4852.034692152007,0.13314644064303138,0.11762375530566871,1.0,False,False
Arthritis,Insulin (uIU/mL),Potassium (mmol/L),Difference,0.13017510474500554,0.015563728891088605,2468.4437243625835,0.12878699259584986,0.016570057273108882,2468.5735561520096,-0.07320804954960106,0.13552110395623632,2472.7555503591207,0.1298317894261345,0.10390250163730919,1.0,False,False
Arthritis,Potassium (mmol/L),Insulin (uIU/mL),Difference,-0.13017510474500554,0.015563728891088605,2468.4437243625835,-0.07320804954960106,0.13552110395623632,2472.7555503591207,0.12878699259584986,0.016570057273108882,2468.5735561520096,0.1298317894261345,0.10390250163730919,1.0,False,False
Stroke,Insulin (uIU/mL),Calcium (mg/dL),Ratio,0.11683075342350605,0.044391186675439474,833.8415271579037,0.11521966885692105,0.04809621338252992,833.9713252358657,-0.13082821636710995,0.17658387573511702,835.7336920781229,0.12979807796205023,0.26371001985409587,1.0,False,False
Arthritis,Triglycerides (mg/dL),ALT Liver Enzyme (U/L),Ratio,0.0966860656294727,0.044612006729821255,2474.858094705619,0.09813963641450772,0.049267922362509105,2474.9872296936683,0.004882234150029997,0.9294422837727143,2478.8586681944453,0.12913498804937262,0.26469423028818545,1.0,False,False
Liver Condition,Platelet Count (10^3/uL),Hemoglobin (g/dL),Difference,-0.19624547191318106,0.005733676701166498,2087.477834472356,-0.19394959623419844,0.006104835535421473,2087.6057139081213,0.08972853481038975,0.2134698626477325,2093.885457699592,0.12787943576540783,0.04365051255447929,1.0,True,False
Liver Condition,Hemoglobin (g/dL),Platelet Count (10^3/uL),Difference,0.19624547191318106,0.005733676701166498,2087.477834472356,0.08972853481038975,0.2134698626477325,2093.885457699592,-0.19394959623419844,0.006104835535421473,2087.6057139081213,0.12787943576540783,0.04365051255447929,1.0,True,False
Heart Attack,Diastolic BP (mmHg),Potassium (mmol/L),Difference,-0.1721557790822444,0.007641011056837048,1573.229252815233,-0.1706104615847505,0.008211205803291401,1573.3533578403215,0.06803815956681611,0.29531700998834076,1579.0281945753095,0.12410502508851096,0.055782286042308483,1.0,False,False
Heart Attack,Potassium (mmol/L),Diastolic BP (mmHg),Difference,0.1721557790822444,0.007641011056837048,1573.229252815233,0.06803815956681611,0.29531700998834076,1579.0281945753095,-0.1706104615847505,0.008211205803291401,1573.3533578403215,0.12410502508851096,0.055782286042308483,1.0,False,False
Arthritis,Sodium (mmol/L),Potassium (mmol/L),Difference,-0.09317929788819217,0.005602998448428781,5054.969143572098,-0.0927672064466371,0.005984548331804647,5055.092544682844,-0.0018080930588192752,0.9577829598691682,5062.68235233978,0.12340111074627202,0.042723419463793724,1.0,True,False
Arthritis,Potassium (mmol/L),Sodium (mmol/L),Difference,0.09317929788819217,0.005602998448428781,5054.969143572098,-0.0018080930588192752,0.9577829598691682,5062.68235233978,-0.0927672064466371,0.005984548331804647,5055.092544682844,0.12340111074627202,0.042723419463793724,1.0,True,False
Liver Condition,Platelet Count (10^3/uL),BUN Kidney (mg/dL),Difference,-0.2161155698485468,0.002841563837534692,2043.2266199261246,-0.21303577807858265,0.0030534671381106594,2043.3497812443895,0.03365535440641345,0.5858481946817015,2052.226965748135,0.12316131826491983,0.023232218388060864,1.0,True,False
Liver Condition,BUN Kidney (mg/dL),Platelet Count (10^3/uL),Difference,0.2161155698485468,0.002841563837534692,2043.2266199261246,0.03365535440641345,0.5858481946817015,2052.226965748135,-0.21303577807858265,0.0030534671381106594,2043.3497812443895,0.12316131826491983,0.023232218388060864,1.0,True,False
Thyroid Problem,Uric Acid (mg/dL),Waist Circumference (cm),Difference,-0.10832945701024149,0.02444624294590265,3075.27105358578,0.015035836861128648,0.7680063827744775,3080.186110907619,0.10726032565928414,0.026255958706416123,3075.3928565598176,0.12180297403756413,0.15572921850077337,1.0,False,False
Thyroid Problem,Waist Circumference (cm),Uric Acid (mg/dL),Difference,0.10832945701024149,0.02444624294590265,3075.27105358578,0.10726032565928414,0.026255958706416123,3075.3928565598176,0.015035836861128648,0.7680063827744775,3080.186110907619,0.12180297403756413,0.15572921850077337,1.0,False,False
Arthritis,Alkaline Phosphatase (U/L),Hemoglobin (g/dL),Difference,0.08042865502623145,0.01696996924845884,5054.705403391567,0.07947718001819505,0.018217549289121723,5054.82690018245,-0.023336606535598076,0.5484562239983026,5059.8950164554535,0.12149679088270204,0.11235289985186545,1.0,False,False
Arthritis,Hemoglobin (g/dL),Alkaline Phosphatase (U/L),Difference,-0.08042865502623145,0.01696996924845884,5054.705403391567,-0.023336606535598076,0.5484562239983026,5059.8950164554535,0.07947718001819505,0.018217549289121723,5054.82690018245,0.12149679088270204,0.11235289985186545,1.0,False,False
Liver Condition,Waist Circumference (cm),Calcium (mg/dL),Difference,0.17306677491508932,0.008560947298867756,1924.0994411801203,0.17164065085475272,0.009163480138921752,1924.2169776812484,-0.07933833096148846,0.2167012312001375,1929.3113019729267,0.11753650112814285,0.061195155673217025,1.0,False,False
Liver Condition,Calcium (mg/dL),Waist Circumference (cm),Difference,-0.17306677491508932,0.008560947298867756,1924.0994411801203,-0.07933833096148846,0.2167012312001375,1929.3113019729267,0.17164065085475272,0.009163480138921752,1924.2169776812484,0.11753650112814285,0.061195155673217025,1.0,False,False
Stroke,Total Cholesterol (mg/dL),Sodium (mmol/L),Ratio,-0.23810161200412078,0.000781087895159478,1725.9029424673577,-0.23637676105945543,0.0008246153914738479,1726.0187318730184,0.05576120841067161,0.3883733271482407,1736.947228200373,0.1157894056607347,0.007294206024835592,1.0,True,False
Arthritis,BUN Kidney (mg/dL),Systolic BP (mmHg),Ratio,0.11602198338241537,0.0007400545200952788,4840.585962961368,0.12244100839636078,0.0007854081196416187,4840.700708502844,-0.006623627846383472,0.8593679044016498,4852.099938211286,0.11474554147571325,0.006924486737733603,1.0,True,False
Diabetes,ALT Liver Enzyme (U/L),Calcium (mg/dL),Difference,0.1412444321776663,0.00019298148067489114,3964.5470295810537,0.14062778543922158,0.00020723441908983723,3964.658626608043,-0.024596434821042453,0.5330365427973482,3976.1307483869577,0.1115970269893296,0.002042582375390248,1.0,True,False
Diabetes,Calcium (mg/dL),ALT Liver Enzyme (U/L),Difference,-0.1412444321776663,0.00019298148067489114,3964.5470295810537,-0.024596434821042453,0.5330365427973482,3976.1307483869577,0.14062778543922158,0.00020723441908983723,3964.658626608043,0.1115970269893296,0.002042582375390248,1.0,True,False
Arthritis,Albumin (g/dL),Waist Circumference (cm),Difference,-0.43003457224538794,1.641328609093724e-30,4653.273812604435,-0.12026386974737525,0.001114042510602891,4777.8426450809,0.4298876815422087,1.739679301841857e-30,4653.383678770283,0.10986616584796138,1.575675464729975e-28,1.575675464729975e-26,True,True
Arthritis,Waist Circumference (cm),Albumin (g/dL),Difference,0.43003457224538794,1.641328609093724e-30,4653.273812604435,0.4298876815422087,1.739679301841857e-30,4653.383678770283,-0.12026386974737525,0.001114042510602891,4777.8426450809,0.10986616584796138,1.575675464729975e-28,1.575675464729975e-26,True,True
Heart Attack,LDL Cholesterol (mg/dL),Calcium (mg/dL),Difference,-0.356049583912555,0.0005794947627422127,848.3617610606377,-0.35447890242347313,0.0006105449423625787,848.4702709635848,0.11999096265358766,0.19534403278209522,859.4667323224696,0.10850990294704843,0.0055798893904967315,1.0,True,False
Heart Attack,Calcium (mg/dL),LDL Cholesterol (mg/dL),Difference,0.356049583912555,0.0005794947627422127,848.3617610606377,0.11999096265358766,0.19534403278209522,859.4667323224696,-0.35447890242347313,0.0006105449423625787,848.4702709635848,0.10850990294704843,0.0055798893904967315,1.0,True,False
Hypertension,Fasting Glucose (mg/dL),Sodium (mmol/L),Difference,0.2535967888424467,6.490427174435191e-08,2815.6247222575093,0.2538554682295562,6.839348485821408e-08,2815.7294160980327,-0.05897889865012496,0.1912899383416201,2845.8141165867064,0.10469384052339592,1.1890858945530122e-06,0.0006230810087457783,True,True
Hypertension,Sodium (mmol/L),Fasting Glucose (mg/dL),Difference,-0.2535967888424467,6.490427174435191e-08,2815.6247222575093,-0.05897889865012496,0.1912899383416201,2845.8141165867064,0.2538554682295562,6.839348485821408e-08,2815.7294160980327,0.10469384052339592,1.1890858945530122e-06,0.0006230810087457783,True,True
Stroke,Calcium (mg/dL),Waist Circumference (cm),Difference,-0.1598534747960275,0.03802562458151324,1556.7899452176184,-0.08332862109040481,0.22984533738869972,1559.5672848115269,0.15796178760161458,0.04049038437249373,1556.893588466643,0.10364324902457156,0.23002268177853,1.0,False,False
Stroke,Waist Circumference (cm),Calcium (mg/dL),Difference,0.1598534747960275,0.03802562458151324,1556.7899452176184,0.15796178760161458,0.04049038437249373,1556.893588466643,-0.08332862109040481,0.22984533738869972,1559.5672848115269,0.10364324902457156,0.23002268177853,1.0,False,False
Liver Condition,Calcium (mg/dL),Alkaline Phosphatase (U/L),Difference,-0.26018930192688794,2.914118500807017e-07,2032.0927886272718,-0.06487512892769605,0.29430339413566875,2057.089749124835,0.25979011357263054,3.0541122004705645e-07,2032.196250001999,0.10346137472720329,4.860167144895017e-06,0.002797553760774736,True,True
Liver Condition,Alkaline Phosphatase (U/L),Calcium (mg/dL),Difference,0.26018930192688794,2.914118500807017e-07,2032.0927886272718,0.25979011357263054,3.0541122004705645e-07,2032.196250001999,-0.06487512892769605,0.29430339413566875,2057.089749124835,0.10346137472720329,4.860167144895017e-06,0.002797553760774736,True,True
Arthritis,Potassium (mmol/L),"Glycohemoglobin (HbA1c, %)",Ratio,-0.07672706531869325,0.023862235552346702,5055.257578668246,-0.0014319410462678363,0.9665697447812234,5060.344473884283,0.07388476200131493,0.024729604248913743,5055.360628329174,0.10304966092735413,0.15292220380676125,1.0,False,False
Heart Attack,Total Cholesterol (mg/dL),Potassium (mmol/L),Difference,-0.3655971476335356,6.844483192390697e-07,1656.1273967152365,-0.3648159796095627,7.184428600731759e-07,1656.2284463085966,0.08047255038262961,0.20125524302859688,1680.8428042706346,0.10104959336013053,1.0580843582439726e-05,0.006570703864695069,True,True
Heart Attack,Potassium (mmol/L),Total Cholesterol (mg/dL),Difference,0.3655971476335356,6.844483192390697e-07,1656.1273967152365,0.08047255038262961,0.20125524302859688,1680.8428042706346,-0.3648159796095627,7.184428600731759e-07,1656.2284463085966,0.10104959336013053,1.0580843582439726e-05,0.006570703864695069,True,True
Hypertension,Platelet Count (10^3/uL),Albumin (g/dL),Difference,0.12942410411594235,0.00012862856996494342,5732.412775000229,0.1289756141255763,0.00013568524267387915,5732.51329097248,-0.09836859351821162,0.004154317808919283,5738.853311109004,0.10051597225083242,0.0014144722470371784,1.0,True,False
Hypertension,Albumin (g/dL),Platelet Count (10^3/uL),Difference,-0.12942410411594235,0.00012862856996494342,5732.412775000229,-0.09836859351821162,0.004154317808919283,5738.853311109004,0.1289756141255763,0.00013568524267387915,5732.51329097248,0.10051597225083242,0.0014144722470371784,1.0,True,False
Arthritis,"Glycohemoglobin (HbA1c, %)",Fasting Glucose (mg/dL),Difference,-0.14275453558965512,0.0017738191406592837,2517.974566062023,0.09695123190252458,0.03803739159101873,2523.4765858633364,0.1421064092493839,0.0018686632614911597,2518.0746590482613,0.10009298623845098,0.01531354653806576,1.0,True,False
Arthritis,Fasting Glucose (mg/dL),"Glycohemoglobin (HbA1c, %)",Difference,0.14275453558965512,0.0017738191406592837,2517.974566062023,0.1421064092493839,0.0018686632614911597,2518.0746590482613,0.09695123190252458,0.03803739159101873,2523.4765858633364,0.10009298623845098,0.01531354653806576,1.0,True,False
Stroke,Uric Acid (mg/dL),hs-CRP Inflammation (mg/L),Difference,-0.15039828538638791,0.0002463808850111337,1720.4154540579332,-0.005029069572069781,0.9437177924864001,1730.895430722558,0.1491042504678577,0.0002602320544264999,1720.5109405975986,0.09548653966544407,0.0025351087846804754,1.0,True,False
Stroke,hs-CRP Inflammation (mg/L),Uric Acid (mg/dL),Difference,0.15039828538638791,0.0002463808850111337,1720.4154540579332,0.1491042504678577,0.0002602320544264999,1720.5109405975986,-0.005029069572069781,0.9437177924864001,1730.895430722558,0.09548653966544407,0.0025351087846804754,1.0,True,False
Liver Condition,Fasting Glucose (mg/dL),Creatinine Kidney (mg/dL),Difference,0.20980870301589152,0.0011951993041671655,999.4174986699222,0.20897673803966915,0.0012747397990032403,999.5119741949201,-0.4597616441191745,0.0192167902087297,1001.2084356147977,0.09447552499784706,0.01074336453183969,1.0,True,False
Liver Condition,Creatinine Kidney (mg/dL),Fasting Glucose (mg/dL),Difference,-0.20980870301589152,0.0011951993041671655,999.4174986699222,-0.4597616441191745,0.0192167902087297,1001.2084356147977,0.20897673803966915,0.0012747397990032403,999.5119741949201,0.09447552499784706,0.01074336453183969,1.0,True,False
Arthritis,Albumin (g/dL),Fasting Glucose (mg/dL),Difference,-0.12556564025115055,0.006571867173354715,2474.860607733938,-0.12183320365865152,0.018933919524120615,2476.7359498356573,0.12473100024629406,0.006920278859087855,2474.9548797426914,0.0942720087532507,0.048906918499383924,1.0,True,False
Arthritis,Fasting Glucose (mg/dL),Albumin (g/dL),Difference,0.12556564025115055,0.006571867173354715,2474.860607733938,0.12473100024629406,0.006920278859087855,2474.9548797426914,-0.12183320365865152,0.018933919524120615,2476.7359498356573,0.0942720087532507,0.048906918499383924,1.0,True,False
Heart Attack,LDL Cholesterol (mg/dL),Creatinine Kidney (mg/dL),Difference,-0.355813820218265,0.0005831556646109715,848.3962833722678,-0.35441689168236185,0.0006102038881485324,848.4900811877055,0.064623118858183,0.2890684131023008,860.2481199116356,0.0937978154377106,0.005603898278543871,1.0,True,False
Heart Attack,Creatinine Kidney (mg/dL),LDL Cholesterol (mg/dL),Difference,0.355813820218265,0.0005831556646109715,848.3962833722678,0.064623118858183,0.2890684131023008,860.2481199116356,-0.35441689168236185,0.0006102038881485324,848.4900811877055,0.0937978154377106,0.005603898278543871,1.0,True,False
Diabetes,Total Cholesterol (mg/dL),Calcium (mg/dL),Difference,-0.38848652746243834,1.2013026687532859e-18,3889.3732989167825,-0.388005984757823,1.2484194904599466e-18,3889.466870222098,-0.02496338394786167,0.5272250406913781,3972.8357382546264,0.0935713053154359,6.101854825413516e-17,1.1532505620031544e-14,True,True
Diabetes,Calcium (mg/dL),Total Cholesterol (mg/dL),Difference,0.38848652746243834,1.2013026687532859e-18,3889.3732989167825,-0.02496338394786167,0.5272250406913781,3972.8357382546264,-0.388005984757823,1.2484194904599466e-18,3889.466870222098,0.0935713053154359,6.101854825413516e-17,1.1532505620031544e-14,True,True
Stroke,Sodium (mmol/L),LDL Cholesterol (mg/dL),Difference,0.20252111622483243,0.0454517236094844,816.3814574263358,0.04556106612053166,0.632391922773138,820.3535078452413,-0.200241535424189,0.04789428992444964,816.4739979807342,0.09254055439839703,0.2689597891654015,1.0,False,False
Stroke,LDL Cholesterol (mg/dL),Sodium (mmol/L),Difference,-0.20252111622483243,0.0454517236094844,816.3814574263358,-0.200241535424189,0.04789428992444964,816.4739979807342,0.04556106612053166,0.632391922773138,820.3535078452413,0.09254055439839703,0.2689597891654015,1.0,False,False
Stroke,Potassium (mmol/L),Systolic BP (mmHg),Difference,-0.2090248756337295,0.001599829929199567,1631.9861999139252,-0.06861547942544766,0.30597471922402564,1640.5386481266958,0.20836359398229903,0.0016853316722837003,1632.0784747397877,0.09227482586243241,0.013924177080975379,1.0,True,False
Stroke,Systolic BP (mmHg),Potassium (mmol/L),Difference,0.2090248756337295,0.001599829929199567,1631.9861999139252,0.20836359398229903,0.0016853316722837003,1632.0784747397877,-0.06861547942544766,0.30597471922402564,1640.5386481266958,0.09227482586243241,0.013924177080975379,1.0,True,False
Stroke,"Glycohemoglobin (HbA1c, %)",LDL Cholesterol (mg/dL),Difference,0.19929976145193604,0.04832705051648382,817.6693904014517,0.07886575104309881,0.36618590605945667,820.9917370210121,-0.19733825911639488,0.05091057981792905,817.7597887441894,0.09039834273778524,0.28323546090246926,1.0,False,False
Stroke,LDL Cholesterol (mg/dL),"Glycohemoglobin (HbA1c, %)",Difference,-0.19929976145193604,0.04832705051648382,817.6693904014517,-0.19733825911639488,0.05091057981792905,817.7597887441894,0.07886575104309881,0.36618590605945667,820.9917370210121,0.09039834273778524,0.28323546090246926,1.0,False,False
Liver Condition,Potassium (mmol/L),Body Mass Index (kg/m2),Difference,-0.13295950588233096,0.03229221983090119,2007.795293512879,-0.02572840505835866,0.6844547903191671,2011.9980313000679,0.13147678180367273,0.0341006460502289,2007.885670651637,0.09037713875795816,0.1987213528055458,1.0,False,False
Liver Condition,Body Mass Index (kg/m2),Potassium (mmol/L),Difference,0.13295950588233096,0.03229221983090119,2007.795293512879,0.13147678180367273,0.0341006460502289,2007.885670651637,-0.02572840505835866,0.6844547903191671,2011.9980313000679,0.09037713875795816,0.1987213528055458,1.0,False,False
Liver Condition,Alkaline Phosphatase (U/L),Albumin (g/dL),Difference,0.2603138314673698,2.874384881877383e-07,2032.2081579532878,0.2598550122680586,3.0302296062604175e-07,2032.295719122128,-0.11574236444407997,0.07402277813246035,2055.1606967203834,0.08756116884023868,4.832591044837632e-06,0.0027594094866022875,True,True
Liver Condition,Albumin (g/dL),Alkaline Phosphatase (U/L),Difference,-0.2603138314673698,2.874384881877383e-07,2032.2081579532878,-0.11574236444407997,0.07402277813246035,2055.1606967203834,0.2598550122680586,3.0302296062604175e-07,2032.295719122128,0.08756116884023868,4.832591044837632e-06,0.0027594094866022875,True,True
Heart Attack,Insulin (uIU/mL),ALT Liver Enzyme (U/L),Difference,0.16921918151924237,0.009311537355564847,861.6395053471427,0.14844905596696648,0.00978026116623459,861.7211093318642,-0.043967918405056476,0.7086182042230218,868.0218294094147,0.08160398472148245,0.06558382876993583,1.0,False,False
Heart Attack,ALT Liver Enzyme (U/L),Insulin (uIU/mL),Difference,-0.16921918151924237,0.009311537355564847,861.6395053471427,-0.043967918405056476,0.7086182042230218,868.0218294094147,0.14844905596696648,0.00978026116623459,861.7211093318642,0.08160398472148245,0.06558382876993583,1.0,False,False
Heart Attack,Insulin (uIU/mL),Sodium (mmol/L),Difference,0.15010935674312165,0.009444257190761383,861.8019262252005,0.14854999968857358,0.009720902236247879,861.8829914662438,-0.03092653278569503,0.7301835769723177,868.221303427752,0.08106524104323398,0.06622707745165031,1.0,False,False
Heart Attack,Sodium (mmol/L),Insulin (uIU/mL),Difference,-0.15010935674312165,0.009444257190761383,861.8019262252005,-0.03092653278569503,0.7301835769723177,868.221303427752,0.14854999968857358,0.009720902236247879,861.8829914662438,0.08106524104323398,0.06622707745165031,1.0,False,False
Heart Attack,Platelet Count (10^3/uL),Creatinine Kidney (mg/dL),Difference,-0.21649644435064944,0.005788843557335041,1674.9504906138397,-0.2152325222248707,0.006038795549799599,1675.030724409803,0.07647858571094171,0.08780872436447554,1680.5579979562822,0.08023379596329505,0.04393114478293786,1.0,True,False
Heart Attack,Creatinine Kidney (mg/dL),Platelet Count (10^3/uL),Difference,0.21649644435064944,0.005788843557335041,1674.9504906138397,0.07647858571094171,0.08780872436447554,1680.5579979562822,-0.2152325222248707,0.006038795549799599,1675.030724409803,0.08023379596329505,0.04393114478293786,1.0,True,False
Heart Attack,Hemoglobin (g/dL),Total Cholesterol (mg/dL),Difference,0.36576844522718116,7.529932265148406e-07,1659.9156836324905,-0.05132794355999103,0.4784079796491749,1685.564011653285,-0.36415794951507935,7.783490796104062e-07,1659.9928286911054,0.07714505861486032,1.1565975959267951e-05,0.00722873497454247,True,True
Heart Attack,Total Cholesterol (mg/dL),Hemoglobin (g/dL),Difference,-0.36576844522718116,7.529932265148406e-07,1659.9156836324905,-0.36415794951507935,7.783490796104062e-07,1659.9928286911054,-0.05132794355999103,0.4784079796491749,1685.564011653285,0.07714505861486032,1.1565975959267951e-05,0.00722873497454247,True,True
High Cholesterol,BUN Kidney (mg/dL),Potassium (mmol/L),Difference,0.08060534789636875,0.016009003538041043,5756.589727391311,0.0802793588173104,0.01672531709057921,5756.665041329166,0.0049263052518705,0.8773256247049704,5762.41531337183,0.07531393785575347,0.1065048052426847,1.0,False,False
High Cholesterol,Potassium (mmol/L),BUN Kidney (mg/dL),Difference,-0.08060534789636875,0.016009003538041043,5756.589727391311,0.0049263052518705,0.8773256247049704,5762.41531337183,0.0802793588173104,0.01672531709057921,5756.665041329166,0.07531393785575347,0.1065048052426847,1.0,False,False
Liver Condition,Waist Circumference (cm),Albumin (g/dL),Difference,0.172655738949995,0.008742208130096555,1924.3174073927516,0.17170945707821522,0.009134906775427993,1924.3919044407976,-0.09475372134108581,0.1585262381725151,1929.0515302532158,0.07449704804594148,0.06225904899772027,1.0,False,False
Liver Condition,Albumin (g/dL),Waist Circumference (cm),Difference,-0.172655738949995,0.008742208130096555,1924.3174073927516,-0.09475372134108581,0.1585262381725151,1929.0515302532158,0.17170945707821522,0.009134906775427993,1924.3919044407976,0.07449704804594148,0.06225904899772027,1.0,False,False
Stroke,Alkaline Phosphatase (U/L),Potassium (mmol/L),Difference,0.23127583214851619,2.63021635535801e-06,1724.1087312909722,0.23089218070869832,2.7497224853467438e-06,1724.1826716963192,-0.050589802864770286,0.4331849761811176,1741.5936615604442,0.07394040534700252,3.763051715564366e-05,0.025250077011436896,True,True
Stroke,Potassium (mmol/L),Alkaline Phosphatase (U/L),Difference,-0.23127583214851619,2.63021635535801e-06,1724.1087312909722,-0.050589802864770286,0.4331849761811176,1741.5936615604442,0.23089218070869832,2.7497224853467438e-06,1724.1826716963192,0.07394040534700252,3.763051715564366e-05,0.025250077011436896,True,True
Arthritis,Potassium (mmol/L),Fasting Glucose (mg/dL),Difference,-0.12734978441402892,0.005833546840770474,2472.1846737631245,-0.06780899504491668,0.1660944809567363,2477.8522508742967,0.12677509081155233,0.0060748621615349455,2472.2581806574,0.07350689427539692,0.044200512763533185,1.0,True,False
Arthritis,Fasting Glucose (mg/dL),Potassium (mmol/L),Difference,0.12734978441402892,0.005833546840770474,2472.1846737631245,0.12677509081155233,0.0060748621615349455,2472.2581806574,-0.06780899504491668,0.1660944809567363,2477.8522508742967,0.07350689427539692,0.044200512763533185,1.0,True,False
High Cholesterol,Insulin (uIU/mL),Sodium (mmol/L),Ratio,0.14777538548686528,0.004714673134605221,2792.0067996132652,0.1469617797386299,0.00492288769069833,2792.0770291046565,-0.03207409943403855,0.4800106091238946,2800.521947017051,0.07022949139127377,0.036707917349724346,1.0,True,False
Thyroid Problem,BUN Kidney (mg/dL),Triglycerides (mg/dL),Difference,-0.11082604263159991,0.03874715478367969,1622.6267200022976,-0.017362587196799506,0.7891815895392431,1626.0993643017762,0.1100287696734409,0.040604047237476404,1622.6964094474606,0.06968944516302145,0.23394508548636794,1.0,False,False
Thyroid Problem,Triglycerides (mg/dL),BUN Kidney (mg/dL),Difference,0.11082604263159991,0.03874715478367969,1622.6267200022976,0.1100287696734409,0.040604047237476404,1622.6964094474606,-0.017362587196799506,0.7891815895392431,1626.0993643017762,0.06968944516302145,0.23394508548636794,1.0,False,False
Heart Attack,Waist Circumference (cm),Albumin (g/dL),Difference,0.2896787465638353,0.00017132544850960218,1507.2947097822132,0.28873732198138746,0.00017847526805109853,1507.3639611880644,-0.09034030066480167,0.22961893707798664,1519.592625933072,0.0692514058512188,0.0018254431805684584,1.0,True,False
Heart Attack,Albumin (g/dL),Waist Circumference (cm),Difference,-0.2896787465638353,0.00017132544850960218,1507.2947097822132,-0.09034030066480167,0.22961893707798664,1519.592625933072,0.28873732198138746,0.00017847526805109853,1507.3639611880644,0.0692514058512188,0.0018254431805684584,1.0,True,False
Heart Attack,LDL Cholesterol (mg/dL),Potassium (mmol/L),Difference,-0.35574303088616993,0.0005852238301815487,848.4871596448163,-0.3546705712661083,0.0006045603234359038,848.5551101826984,0.08435241109472236,0.34315107002646705,860.34432287859,0.0679505378820977,0.005612536233509358,1.0,True,False
Heart Attack,Potassium (mmol/L),LDL Cholesterol (mg/dL),Difference,0.35574303088616993,0.0005852238301815487,848.4871596448163,0.08435241109472236,0.34315107002646705,860.34432287859,-0.3546705712661083,0.0006045603234359038,848.5551101826984,0.0679505378820977,0.005612536233509358,1.0,True,False
Thyroid Problem,Calcium (mg/dL),HDL Cholesterol (mg/dL),Difference,0.1082456986908171,0.026038168723112442,3277.743165461886,0.016076504380989055,0.7146788978461898,3282.7058811320285,-0.10755523762135255,0.026905592475358186,3277.802926003762,0.059760541876130446,0.16466826069952534,1.0,False,False
Thyroid Problem,HDL Cholesterol (mg/dL),Calcium (mg/dL),Difference,-0.1082456986908171,0.026038168723112442,3277.743165461886,-0.10755523762135255,0.026905592475358186,3277.802926003762,0.016076504380989055,0.7146788978461898,3282.7058811320285,0.059760541876130446,0.16466826069952534,1.0,False,False
Heart Attack,Albumin (g/dL),Alkaline Phosphatase (U/L),Difference,-0.19536315116050026,0.000154936176899646,1671.3326867690962,-0.10956155845472716,0.12437674347189742,1680.8220881625812,0.19491754474266915,0.00016083236896081112,1671.3910752876218,0.05838851852558946,0.0016674745495926027,1.0,True,False
Heart Attack,Alkaline Phosphatase (U/L),Albumin (g/dL),Difference,0.19536315116050026,0.000154936176899646,1671.3326867690962,0.19491754474266915,0.00016083236896081112,1671.3910752876218,-0.10956155845472716,0.12437674347189742,1680.8220881625812,0.05838851852558946,0.0016674745495926027,1.0,True,False
High Cholesterol,Creatinine Kidney (mg/dL),BUN Kidney (mg/dL),Difference,-0.08157588528415269,0.01516820648542454,5760.987405315981,0.03263385955853344,0.29416715298308027,5765.85487701099,0.08114336399420313,0.015578075715033087,5761.041200258103,0.05379494212229474,0.10182851906298991,1.0,False,False
High Cholesterol,BUN Kidney (mg/dL),Creatinine Kidney (mg/dL),Difference,0.08157588528415269,0.01516820648542454,5760.987405315981,0.08114336399420313,0.015578075715033087,5761.041200258103,0.03263385955853344,0.29416715298308027,5765.85487701099,0.05379494212229474,0.10182851906298991,1.0,False,False
Heart Attack,Potassium (mmol/L),Platelet Count (10^3/uL),Difference,0.21555564811153027,0.00597340432545325,1674.4439422115356,0.08049906233091174,0.20103189003564848,1680.711788473839,-0.21470535267608123,0.006144697470666059,1674.4976513445722,0.053709133036591084,0.04508229679587358,1.0,True,False
Heart Attack,Platelet Count (10^3/uL),Potassium (mmol/L),Difference,-0.21555564811153027,0.00597340432545325,1674.4439422115356,-0.21470535267608123,0.006144697470666059,1674.4976513445722,0.08049906233091174,0.20103189003564848,1680.711788473839,0.053709133036591084,0.04508229679587358,1.0,True,False
Heart Attack,Hemoglobin (g/dL),Insulin (uIU/mL),Difference,-0.14948218146547632,0.009361270231619328,862.1830187993467,-0.03325391263229018,0.7397104526283145,868.5943680580178,0.1486466178970514,0.009657300049890702,862.2358151037074,0.05279630436075422,0.06583750492567439,1.0,False,False
Heart Attack,Insulin (uIU/mL),Hemoglobin (g/dL),Difference,0.14948218146547632,0.009361270231619328,862.1830187993467,0.1486466178970514,0.009657300049890702,862.2358151037074,-0.03325391263229018,0.7397104526283145,868.5943680580178,0.05279630436075422,0.06583750492567439,1.0,False,False
Stroke,Calcium (mg/dL),Insulin (uIU/mL),Difference,-0.11597997904438023,0.04668692363682748,833.920870366772,-0.13082821636710995,0.17658387573511702,835.7336920781229,0.11521966885692105,0.04809621338252992,833.9713252358657,0.050454869093755406,0.275472936025534,1.0,False,False
Stroke,Insulin (uIU/mL),Calcium (mg/dL),Difference,0.11597997904438023,0.04668692363682748,833.920870366772,0.11521966885692105,0.04809621338252992,833.9713252358657,-0.13082821636710995,0.17658387573511702,835.7336920781229,0.050454869093755406,0.275472936025534,1.0,False,False
Heart Attack,BUN Kidney (mg/dL),Calcium (mg/dL),Difference,0.1385657742161096,0.0109546185912733,1677.2479163606126,0.13871019105850618,0.011373801064068562,1677.2982570774411,-0.020694910530959294,0.753722972552199,1683.1323397049662,0.05034071682848662,0.07554909373291932,1.0,False,False
Heart Attack,Calcium (mg/dL),BUN Kidney (mg/dL),Difference,-0.1385657742161096,0.0109546185912733,1677.2479163606126,-0.020694910530959294,0.753722972552199,1683.1323397049662,0.13871019105850618,0.011373801064068562,1677.2982570774411,0.05034071682848662,0.07554909373291932,1.0,False,False
Liver Condition,Potassium (mmol/L),Alkaline Phosphatase (U/L),Difference,-0.26014928551696515,2.9161002869370103e-07,2031.8890150520233,-0.031427443693836966,0.6148057522632395,2057.716974143381,0.259952397446677,2.993558776942041e-07,2031.9383365057156,0.049321453692300565,4.860167144895017e-06,0.00279945627545953,True,True
Liver Condition,Alkaline Phosphatase (U/L),Potassium (mmol/L),Difference,0.26014928551696515,2.9161002869370103e-07,2031.8890150520233,0.259952397446677,2.993558776942041e-07,2031.9383365057156,-0.031427443693836966,0.6148057522632395,2057.716974143381,0.049321453692300565,4.860167144895017e-06,0.00279945627545953,True,True
Heart Attack,Total Cholesterol (mg/dL),Calcium (mg/dL),Difference,-0.3665971482320714,6.684277154038129e-07,1656.6072716049719,-0.3661622724203976,6.826588057723387e-07,1656.6551709686864,-0.020446503341573292,0.7565903245424793,1682.9184312850314,0.0478993637145777,1.036656876878288e-05,0.006416906067876604,True,True
Heart Attack,Calcium (mg/dL),Total Cholesterol (mg/dL),Difference,0.3665971482320714,6.684277154038129e-07,1656.6072716049719,-0.020446503341573292,0.7565903245424793,1682.9184312850314,-0.3661622724203976,6.826588057723387e-07,1656.6551709686864,0.0478993637145777,1.036656876878288e-05,0.006416906067876604,True,True
Stroke,Alkaline Phosphatase (U/L),Uric Acid (mg/dL),Difference,0.23063616565905068,2.7245853425249543e-06,1724.548844521968,0.23074319205242966,2.8048870992187026e-06,1724.5963182121443,-0.010769203889163055,0.8796199905359591,1742.568079499119,0.04747369017627534,3.886481320689385e-05,0.02615601928823956,True,True
Stroke,Uric Acid (mg/dL),Alkaline Phosphatase (U/L),Difference,-0.23063616565905068,2.7245853425249543e-06,1724.548844521968,-0.010769203889163055,0.8796199905359591,1742.568079499119,0.23074319205242966,2.8048870992187026e-06,1724.5963182121443,0.04747369017627534,3.886481320689385e-05,0.02615601928823956,True,True
Stroke,Potassium (mmol/L),Waist Circumference (cm),Difference,-0.15823680788899339,0.040032431740216236,1556.5433974534367,-0.02693893446817254,0.6939064503086525,1560.5232434312134,0.157522591638402,0.041071201356851925,1556.5864896193334,0.0430921658967236,0.24004456258967885,1.0,False,False
Stroke,Waist Circumference (cm),Potassium (mmol/L),Difference,0.15823680788899339,0.040032431740216236,1556.5433974534367,0.157522591638402,0.041071201356851925,1556.5864896193334,-0.02693893446817254,0.6939064503086525,1560.5232434312134,0.0430921658967236,0.24004456258967885,1.0,False,False
Diabetes,Alkaline Phosphatase (U/L),Calcium (mg/dL),Difference,0.1579139744209127,0.003815590363066746,3969.0266009210795,0.1576176099748682,0.003917647511270647,3969.0683670066087,-0.024596434821042453,0.5330365427973482,3976.1307483869577,0.0417660855291615,0.030297491716659023,1.0,True,False
Diabetes,Calcium (mg/dL),Alkaline Phosphatase (U/L),Difference,-0.1579139744209127,0.003815590363066746,3969.0266009210795,-0.024596434821042453,0.5330365427973482,3976.1307483869577,0.1576176099748682,0.003917647511270647,3969.0683670066087,0.0417660855291615,0.030297491716659023,1.0,True,False
Thyroid Problem,Triglycerides (mg/dL),Uric Acid (mg/dL),Difference,0.11044170289654395,0.03946695138524798,1622.655403943778,0.1100287696734409,0.040604047237476404,1622.6964094474606,-0.046768828353925616,0.5043027262877098,1625.7229679553977,0.04100550368252698,0.23694980193769893,1.0,False,False
Thyroid Problem,Uric Acid (mg/dL),Triglycerides (mg/dL),Difference,-0.11044170289654395,0.03946695138524798,1622.655403943778,-0.046768828353925616,0.5043027262877098,1625.7229679553977,0.1100287696734409,0.040604047237476404,1622.6964094474606,0.04100550368252698,0.23694980193769893,1.0,False,False
Arthritis,hs-CRP Inflammation (mg/L),Potassium (mmol/L),Difference,0.1668935844683949,1.8928071388487378e-06,5021.114853977241,0.16677848229594977,1.9499785459338606e-06,5021.155731906451,-0.005410719000483629,0.8743074462799781,5047.0832328712695,0.04087792921018263,2.74900885521148e-05,0.018170948532947883,True,True
Arthritis,Potassium (mmol/L),hs-CRP Inflammation (mg/L),Difference,-0.1668935844683949,1.8928071388487378e-06,5021.114853977241,-0.005410719000483629,0.8743074462799781,5047.0832328712695,0.16677848229594977,1.9499785459338606e-06,5021.155731906451,0.04087792921018263,2.74900885521148e-05,0.018170948532947883,True,True
Heart Attack,Hemoglobin (g/dL),Fasting Glucose (mg/dL),Difference,-0.27038490274990645,2.1611216832990155e-05,865.5360096264176,-0.02077256057055199,0.8346235976959177,880.4371825398935,0.27050405503882013,2.1933123921981998e-05,865.5759112634688,0.039901637051229955,0.0002670111732261332,0.20746768159670548,True,False
Heart Attack,Fasting Glucose (mg/dL),Hemoglobin (g/dL),Difference,0.27038490274990645,2.1611216832990155e-05,865.5360096264176,0.27050405503882013,2.1933123921981998e-05,865.5759112634688,-0.02077256057055199,0.8346235976959177,880.4371825398935,0.039901637051229955,0.0002670111732261332,0.20746768159670548,True,False
Liver Condition,Potassium (mmol/L),Waist Circumference (cm),Difference,-0.17179271660107898,0.009048961624060319,1923.9277810131862,-0.020133467619363427,0.7550588220002887,1930.4718811152288,0.17146271692091292,0.009243344766478211,1923.9657162786077,0.037935265421538134,0.06425298194599043,1.0,False,False
Liver Condition,Waist Circumference (cm),Potassium (mmol/L),Difference,0.17179271660107898,0.009048961624060319,1923.9277810131862,0.17146271692091292,0.009243344766478211,1923.9657162786077,-0.020133467619363427,0.7550588220002887,1930.4718811152288,0.037935265421538134,0.06425298194599043,1.0,False,False
Arthritis,Total Cholesterol (mg/dL),Calcium (mg/dL),Difference,-0.07094921856091456,0.0388382616114556,5057.6524193651385,-0.07063235025744813,0.0396925423090635,5057.689788051057,0.022889745626875912,0.49828593842255,5061.485778793212,0.03736868591840903,0.23420057253139057,1.0,False,False
Arthritis,Calcium (mg/dL),Total Cholesterol (mg/dL),Difference,0.07094921856091456,0.0388382616114556,5057.6524193651385,0.022889745626875912,0.49828593842255,5061.485778793212,-0.07063235025744813,0.0396925423090635,5057.689788051057,0.03736868591840903,0.23420057253139057,1.0,False,False
Liver Condition,"Glycohemoglobin (HbA1c, %)",Fasting Glucose (mg/dL),Difference,-0.21578034993141182,0.0006643178612989556,1022.7728650913796,0.18592390725741045,0.008691515931379033,1026.4445325017382,0.21567766468663843,0.0006804486299807124,1022.8095878346974,0.0367227433177959,0.006308062777912932,1.0,True,False
Liver Condition,Fasting Glucose (mg/dL),"Glycohemoglobin (HbA1c, %)",Difference,0.21578034993141182,0.0006643178612989556,1022.7728650913796,0.21567766468663843,0.0006804486299807124,1022.8095878346974,0.18592390725741045,0.008691515931379033,1026.4445325017382,0.0367227433177959,0.006308062777912932,1.0,True,False
Arthritis,Potassium (mmol/L),Triglycerides (mg/dL),Difference,-0.12700805887961747,0.00873336504148902,2471.649620864351,-0.06768050480266471,0.16699744998279076,2476.460263300759,0.12670222642459075,0.008906048185690914,2471.6838106773184,0.03418981296726997,0.06225904899772027,1.0,False,False
Arthritis,Triglycerides (mg/dL),Potassium (mmol/L),Difference,0.12700805887961747,0.00873336504148902,2471.649620864351,0.12670222642459075,0.008906048185690914,2471.6838106773184,-0.06768050480266471,0.16699744998279076,2476.460263300759,0.03418981296726997,0.06225904899772027,1.0,False,False
Stroke,Insulin (uIU/mL),Potassium (mmol/L),Difference,0.11558606021958669,0.04730750215591437,833.7936928296529,0.11514607442955772,0.0481757403241246,833.8234225343845,-0.06840913361503374,0.4697405058220051,836.9010582885403,0.029729704731607853,0.2782794244465551,1.0,False,False
Stroke,Potassium (mmol/L),Insulin (uIU/mL),Difference,-0.11558606021958669,0.04730750215591437,833.7936928296529,-0.06840913361503374,0.4697405058220051,836.9010582885403,0.11514607442955772,0.0481757403241246,833.8234225343845,0.029729704731607853,0.2782794244465551,1.0,False,False
Diabetes,Calcium (mg/dL),Platelet Count (10^3/uL),Difference,-0.13767796785598993,0.0011078009691400878,3962.1389328853243,-0.022967651859264703,0.5607724732838446,3972.265140221539,0.13750008044964337,0.0011259350786575447,3962.1677906275113,0.028857742187028634,0.01004238838880533,1.0,True,False
Diabetes,Platelet Count (10^3/uL),Calcium (mg/dL),Difference,0.13767796785598993,0.0011078009691400878,3962.1389328853243,0.13750008044964337,0.0011259350786575447,3962.1677906275113,-0.022967651859264703,0.5607724732838446,3972.265140221539,0.028857742187028634,0.01004238838880533,1.0,True,False
Arthritis,Triglycerides (mg/dL),ALT Liver Enzyme (U/L),Difference,0.09782267154816147,0.04848448402042809,2474.959399511871,0.09813963641450772,0.049267922362509105,2474.9872296936683,0.004882234150029997,0.9294422837727143,2478.8586681944453,0.027830181797071418,0.28363866337361954,1.0,False,False
Arthritis,ALT Liver Enzyme (U/L),Triglycerides (mg/dL),Difference,-0.09782267154816147,0.04848448402042809,2474.959399511871,0.004882234150029997,0.9294422837727143,2478.8586681944453,0.09813963641450772,0.049267922362509105,2474.9872296936683,0.027830181797071418,0.28363866337361954,1.0,False,False
Liver Condition,Fasting Glucose (mg/dL),Calcium (mg/dL),Difference,0.20921821469875887,0.0012543163128531751,999.3749063138512,0.20899101970359313,0.0012779628041211604,999.4023621741599,-0.05005530657018656,0.5784094720898658,1007.7276054305007,0.027455860308691626,0.01120133637524696,1.0,True,False
Liver Condition,Calcium (mg/dL),Fasting Glucose (mg/dL),Difference,-0.20921821469875887,0.0012543163128531751,999.3749063138512,-0.05005530657018656,0.5784094720898658,1007.7276054305007,0.20899101970359313,0.0012779628041211604,999.4023621741599,0.027455860308691626,0.01120133637524696,1.0,True,False
Liver Condition,Potassium (mmol/L),Fasting Glucose (mg/dL),Difference,-0.20985263301976265,0.001184281760937639,999.1712113385217,-0.049646226799228727,0.5799089230195833,1007.608321846079,0.20967526562975053,0.0012058863878600772,999.1975176451085,0.026306306586775463,0.01067521587324069,1.0,True,False
Liver Condition,Fasting Glucose (mg/dL),Potassium (mmol/L),Difference,0.20985263301976265,0.001184281760937639,999.1712113385217,0.20967526562975053,0.0012058863878600772,999.1975176451085,-0.049646226799228727,0.5799089230195833,1007.608321846079,0.026306306586775463,0.01067521587324069,1.0,True,False
Liver Condition,Albumin (g/dL),Fasting Glucose (mg/dL),Difference,-0.20938971813433732,0.001236968111916345,999.579995682506,-0.0891107477020002,0.3449405664651698,1007.3803700042646,0.20913902224040415,0.0012594442449988085,999.6056970155748,0.025701333068809618,0.011067002678841484,1.0,True,False
Liver Condition,Fasting Glucose (mg/dL),Albumin (g/dL),Difference,0.20938971813433732,0.001236968111916345,999.579995682506,0.20913902224040415,0.0012594442449988085,999.6056970155748,-0.0891107477020002,0.3449405664651698,1007.3803700042646,0.025701333068809618,0.011067002678841484,1.0,True,False
Heart Attack,Fasting Glucose (mg/dL),Albumin (g/dL),Difference,0.24029975698096967,0.0002804044279334738,857.5646076748461,0.24013692960327168,0.00028413301614998044,857.584896891489,-0.08472786133488634,0.4010222801162997,867.9332882560827,0.02028921664293648,0.002854594388294113,1.0,True,False
Heart Attack,Albumin (g/dL),Fasting Glucose (mg/dL),Difference,-0.24029975698096967,0.0002804044279334738,857.5646076748461,-0.08472786133488634,0.4010222801162997,867.9332882560827,0.24013692960327168,0.00028413301614998044,857.584896891489,0.02028921664293648,0.002854594388294113,1.0,True,False
Heart Attack,Albumin (g/dL),Insulin (uIU/mL),Difference,-0.14894107390933997,0.009603195443369194,861.8636092038196,-0.08429945461097015,0.4034621643844629,867.6485044728545,0.14854999968857358,0.009720902236247879,861.8829914662438,0.019382262424187502,0.06699903797699437,1.0,False,False
Heart Attack,Insulin (uIU/mL),Albumin (g/dL),Difference,0.14894107390933997,0.009603195443369194,861.8636092038196,0.14854999968857358,0.009720902236247879,861.8829914662438,-0.08429945461097015,0.4034621643844629,867.6485044728545,0.019382262424187502,0.06699903797699437,1.0,False,False
Stroke,LDL Cholesterol (mg/dL),Uric Acid (mg/dL),Difference,-0.20015330698881018,0.04778157604951919,816.3079065071823,-0.19986470656000369,0.04833211066868232,816.3264380732484,0.013160411967717046,0.89782531397144,820.402833528494,0.01853156606603079,0.2803808863541468,1.0,False,False
Stroke,Uric Acid (mg/dL),LDL Cholesterol (mg/dL),Difference,0.20015330698881018,0.04778157604951919,816.3079065071823,0.013160411967717046,0.89782531397144,820.402833528494,-0.19986470656000369,0.04833211066868232,816.3264380732484,0.01853156606603079,0.2803808863541468,1.0,False,False
Diabetes,hs-CRP Inflammation (mg/L),Calcium (mg/dL),Ratio,0.2259811160506966,7.561067258157804e-12,3914.926318511621,0.22780761817855003,8.691224479806047e-12,3914.9409213845693,-0.02255906766490908,0.5681025415899497,3964.620272027351,0.014602872948216827,1.9512431633955622e-10,7.258624567831492e-08,True,True
Heart Attack,Hemoglobin (g/dL),LDL Cholesterol (mg/dL),Difference,0.3491526843263159,0.0007179813263229441,850.6974631115775,-0.04018886628743201,0.686798340272132,862.8551654206143,-0.34860224353910557,0.0007225754081224855,850.7099754568181,0.012512345240679679,0.0067508528234086805,1.0,True,False
Heart Attack,LDL Cholesterol (mg/dL),Hemoglobin (g/dL),Difference,-0.3491526843263159,0.0007179813263229441,850.6974631115775,-0.34860224353910557,0.0007225754081224855,850.7099754568181,-0.04018886628743201,0.686798340272132,862.8551654206143,0.012512345240679679,0.0067508528234086805,1.0,True,False
Heart Attack,Calcium (mg/dL),Alkaline Phosphatase (U/L),Difference,-0.19485380654604426,0.00015993871184142748,1671.3653996789071,-0.020918303031417437,0.7511480256291476,1683.043534952928,0.19490753419390944,0.0001611392902236541,1671.3772072739218,0.011807595014715844,0.0017136290554438658,1.0,True,False
Heart Attack,Alkaline Phosphatase (U/L),Calcium (mg/dL),Difference,0.19485380654604426,0.00015993871184142748,1671.3653996789071,0.19490753419390944,0.0001611392902236541,1671.3772072739218,-0.020918303031417437,0.7511480256291476,1683.043534952928,0.011807595014715844,0.0017136290554438658,1.0,True,False
Thyroid Problem,Creatinine Kidney (mg/dL),Triglycerides (mg/dL),Difference,-0.10853220154908359,0.0435340561349144,1628.7049113679195,-0.04779736072819579,0.5399997516936046,1631.6485630070383,0.10840968305576795,0.04383594166767609,1628.714866496341,0.009955128421552217,0.25909915616564055,1.0,False,False
Thyroid Problem,Triglycerides (mg/dL),Creatinine Kidney (mg/dL),Difference,0.10853220154908359,0.0435340561349144,1628.7049113679195,0.10840968305576795,0.04383594166767609,1628.714866496341,-0.04779736072819579,0.5399997516936046,1631.6485630070383,0.009955128421552217,0.25909915616564055,1.0,False,False
Liver Condition,Triglycerides (mg/dL),Potassium (mmol/L),Difference,0.1458147372305201,0.02842874817465027,1003.7202823312323,0.14570507624593104,0.02860184069099053,1003.7285438180838,-0.04978398719615449,0.5788704719581599,1007.37519637909,0.008261486851552036,0.17767967609156418,1.0,False,False
Liver Condition,Potassium (mmol/L),Triglycerides (mg/dL),Difference,-0.1458147372305201,0.02842874817465027,1003.7202823312323,-0.04978398719615449,0.5788704719581599,1007.37519637909,0.14570507624593104,0.02860184069099053,1003.7285438180838,0.008261486851552036,0.17767967609156418,1.0,False,False
Hypertension,Albumin (g/dL),Triglycerides (mg/dL),Difference,-0.18082654979601442,0.0006736591218755417,2832.2952337934767,-0.014824631907975483,0.763785572781962,2845.8202686334844,0.18077594412088308,0.0006750743358910527,2832.3003154877297,0.005081694253021851,0.006384133830212439,1.0,True,False
Hypertension,Triglycerides (mg/dL),Albumin (g/dL),Difference,0.18082654979601442,0.0006736591218755417,2832.2952337934767,0.18077594412088308,0.0006750743358910527,2832.3003154877297,-0.014824631907975483,0.763785572781962,2845.8202686334844,0.005081694253021851,0.006384133830212439,1.0,True,False
Liver Condition,Body Mass Index (kg/m2),Fasting Glucose (mg/dL),Difference,-0.22387564218050204,0.0004388654333193309,995.7827794636275,0.03410640972506127,0.7159886206563387,1005.8092224703478,0.22382892031572904,0.000446925453238066,995.7874358421204,0.0046563784928821406,0.004321136574221104,1.0,True,False
Liver Condition,Fasting Glucose (mg/dL),Body Mass Index (kg/m2),Difference,0.22387564218050204,0.0004388654333193309,995.7827794636275,0.22382892031572904,0.000446925453238066,995.7874358421204,0.03410640972506127,0.7159886206563387,1005.8092224703478,0.0046563784928821406,0.004321136574221104,1.0,True,False
Hypertension,BUN Kidney (mg/dL),Sodium (mmol/L),Ratio,0.23320039227474662,1.4339572666920981e-10,5703.812913406999,0.23314562621099683,1.438835152583186e-10,5703.817363844193,-0.021412573227831216,0.4991371045298463,5747.407867716203,0.00445043719446403,3.31710596632389e-09,1.3765989760244142e-06,True,True
