outcome_var,outcome_name,marker1_var,marker1_name,marker2_var,marker2_name,combination_type,n_samples,n_cases,beta_comp,p_comp,aic_comp,beta_A,p_A,aic_A,beta_B,p_B,aic_B,p_gain,aic_gain,p_comp_fdr,p_comp_bonferroni,survives_fdr,survives_bonferroni
diabetes_binary,Diabetes,LBXPLTSI,Platelet Count (10^3/uL),LBXHSCRP,hs-CRP Inflammation (mg/L),Ratio,7240,801.0,-1.151748244213725,1.7049052176504129e-37,4760.749073414254,-0.3728439046893765,1.1411172364018452e-18,4956.504658330871,0.2690955972272006,1.1292463390001605e-20,4951.924943057611,6.623513889859596e+16,191.17586964335715,4.820150877126822e-36,9.20648817531223e-34,True,True
diabetes_binary,Diabetes,LBXSNASI,Sodium (mmol/L),LBXGH,"Glycohemoglobin (HbA1c, %)",Ratio,5895,800.0,-2.120050465332479,1.6186555933740323e-210,2589.9874092252458,-0.1182536110351033,0.0017452463066662,4675.993430020111,2.160222281417346,2.460576681785758e-187,2762.7437640075423,1.520136026377773e+23,172.7563547822965,8.740740204219776e-207,8.740740204219774e-207,True,True
diabetes_binary,Diabetes,LBXTC,Total Cholesterol (mg/dL),LBXTR,Triglycerides (mg/dL),Ratio,2832,411.0,-1.1062883326134347,7.739475608213869e-34,2141.237048095436,-0.2758989213085599,1.972493836930776e-06,2325.848309699735,0.3877553679746198,2.4208702042508608e-11,2295.0066830867527,3.1279512034143537e+22,153.7696349913167,1.9259524555002254e-32,4.179316828435489e-30,True,True
hypertension_binary,Hypertension,LBXSAL,Albumin (g/dL),LBXGH,"Glycohemoglobin (HbA1c, %)",Ratio,5407,1900.0,-0.6704440473235969,7.153751755068306e-95,6520.853595006929,-0.272414951631155,5.870162544670608e-21,6924.467272306404,0.579124595785795,4.262389228761837e-59,6673.043603358308,5.958257114166717e+35,152.19000835137922,1.7559208853349482e-92,3.8630259477368855e-91,True,True
diabetes_binary,Diabetes,LBXHGB,Hemoglobin (g/dL),LBXHSCRP,hs-CRP Inflammation (mg/L),Ratio,7240,801.0,-0.8771678190607721,2.8071411411157954e-35,4811.5858707139,-0.0094849690880507,0.8000306838037354,5040.6829568320045,0.2690955972272006,1.1292463390001605e-20,4951.924943057611,402276295431052.9,140.33907234371145,7.252900555992964e-34,1.5158562162025295e-31,True,True
diabetes_binary,Diabetes,LBDLDL,LDL Cholesterol (mg/dL),LBXTR,Triglycerides (mg/dL),Ratio,2806,403.0,-1.1691300310935115,1.1005730485739124e-36,2084.609541735499,-0.3754052628781449,5.421583435159036e-10,2271.5250396991323,0.452133994166418,3.8264124382977946e-22,2223.759688444602,347674554020374.94,139.15014670910296,3.032191052193432e-35,5.943094462299127e-33,True,True
hypertension_binary,Hypertension,LBXPLTSI,Platelet Count (10^3/uL),LBXHSCRP,hs-CRP Inflammation (mg/L),Ratio,5401,1893.0,-0.5411118515994464,3.079079874447305e-38,6785.722315657098,-0.1270155101244844,1.382725515636234e-05,6981.745411978705,0.2890298104258881,8.683608740812606e-16,6917.802038885605,2.820195998446228e+22,132.07972322850674,8.844165596816729e-37,1.6627031322015448e-34,True,True
hypertension_binary,Hypertension,LBXSNASI,Sodium (mmol/L),LBXGH,"Glycohemoglobin (HbA1c, %)",Ratio,5407,1900.0,-0.6491728785998969,1.2273340421607175e-87,6547.178186070772,0.0325791404408561,0.2535432379237857,7013.48389733235,0.579124595785795,4.262389228761837e-59,6673.043603358308,3.4728843838291284e+28,125.86541728753672,2.2853806302303016e-85,6.627603827667874e-84,True,True
diabetes_binary,Diabetes,LBXSAL,Albumin (g/dL),LBXGLU,Fasting Glucose (mg/dL),Ratio,2825,411.0,-1.8549938677117928,5.818701175821835e-106,1470.942194286748,-0.3470817644756234,2.8244936378068383e-11,2303.414348164906,1.8485656312928933,2.434872587155754e-81,1596.741804824051,4.184563725790322e+24,125.79961053730337,1.653736123654627e-103,3.142098634943791e-102,True,True
diabetes_binary,Diabetes,systolic_bp,Systolic BP (mmHg),LBDHDD,HDL Cholesterol (mg/dL),Difference,6160,768.0,0.7307929430107867,6.260622209164511e-74,4280.43123012812,0.5383040735193989,1.7469543172574586e-53,4404.609342726374,-0.4849018059884037,4.709497143225058e-25,4516.587226325524,2.7903844999626523e+20,124.1781125982543,7.043199985310075e-72,3.380735992948836e-70,True,True
diabetes_binary,Diabetes,LBDHDD,HDL Cholesterol (mg/dL),systolic_bp,Systolic BP (mmHg),Difference,6160,768.0,-0.7307929430107867,6.260622209164511e-74,4280.43123012812,-0.4849018059884037,4.709497143225058e-25,4516.587226325524,0.5383040735193989,1.7469543172574586e-53,4404.609342726374,2.7903844999626523e+20,124.1781125982543,7.043199985310075e-72,3.380735992948836e-70,True,True
diabetes_binary,Diabetes,LBXTC,Total Cholesterol (mg/dL),LBXHSCRP,hs-CRP Inflammation (mg/L),Ratio,6687,801.0,-0.8298436972629735,3.897479267727167e-32,4701.568883901956,-0.1577227992477627,6.59806926542112e-05,4889.058576212052,0.2629082376926218,1.2275180329077185e-18,4825.3668224303165,31495178000614.51,123.79793852836065,9.150603498142044e-31,2.1046388045726704e-28,True,True
diabetes_binary,Diabetes,BMXBMI,Body Mass Index (kg/m2),BMXWAIST,Waist Circumference (cm),Difference,7583,773.0,-1.2305446277693362,1.7532279917450607e-128,4235.45815036159,0.656466005441749,1.5483338032804478e-76,4650.296492452887,1.0472938753977812,3.3259556080516505e-117,4356.071834739114,189704683230.684,120.6136843775239,8.60675559583939e-126,9.467431155423328e-125,True,True
diabetes_binary,Diabetes,BMXWAIST,Waist Circumference (cm),BMXBMI,Body Mass Index (kg/m2),Difference,7583,773.0,1.2305446277693362,1.7532279917450607e-128,4235.45815036159,1.0472938753977812,3.3259556080516505e-117,4356.071834739114,0.656466005441749,1.5483338032804478e-76,4650.296492452887,189704683230.684,120.6136843775239,8.60675559583939e-126,9.467431155423328e-125,True,True
hypertension_binary,Hypertension,LBXSAL,Albumin (g/dL),LBXHSCRP,hs-CRP Inflammation (mg/L),Ratio,5396,1894.0,-0.5079488421426848,1.9703108824794734e-37,6792.165897236248,-0.2690272446180628,1.872779471853777e-20,6910.000255544124,0.2878917265329542,1.0609502506351277e-15,6915.309888402509,9.504994813290778e+16,117.83435830787676,5.541499356973519e-36,1.0639678765389157e-33,True,True
diabetes_binary,Diabetes,LBXWBCSI,WBC Count (10^3/uL),LBXHSCRP,hs-CRP Inflammation (mg/L),Ratio,7240,801.0,-0.8964174410384262,6.7707947899494995e-31,4835.252111008324,0.0345479124576834,0.1818844982640286,5039.022327557836,0.2690955972272006,1.1292463390001605e-20,4951.924943057611,16678194717.648252,116.67283204928664,1.5298030069341966e-29,3.65622918657273e-27,True,True
diabetes_binary,Diabetes,LBXSAL,Albumin (g/dL),systolic_bp,Systolic BP (mmHg),Ratio,5604,763.0,-0.6874057310847046,7.798039894642609e-59,4177.743814604328,-0.414190803973552,1.9474990446919068e-27,4345.5140333361605,0.4721884369854676,2.033772989696197e-40,4290.852538351332,2.6080566618970947e+18,113.10872374700466,4.627408289128581e-57,4.2109415431070085e-55,True,True
hypertension_binary,Hypertension,LBXHGB,Hemoglobin (g/dL),LBXHSCRP,hs-CRP Inflammation (mg/L),Ratio,5401,1893.0,-0.4914204766848766,4.9351945518917924e-36,6805.382903571184,-0.1134672695416413,6.765843199037638e-05,6985.1019645354345,0.2890298104258881,8.683608740812606e-16,6917.802038885605,1.7595271370778978e+20,112.4191353144206,1.3193094346641423e-34,2.665005058021568e-32,True,True
hypertension_binary,Hypertension,LBXSKSI,Potassium (mmol/L),LBXHSCRP,hs-CRP Inflammation (mg/L),Ratio,5393,1893.0,-0.4855466730573806,5.844565047353049e-36,6799.817116342168,-0.0042637151652758,0.8812425250278083,6994.0604550708185,0.2884371388848222,9.935640574759084e-16,6911.280609527741,1.6999794671219966e+20,111.4634931855726,1.5547118845175597e-34,3.1560651255706465e-32,True,True
diabetes_binary,Diabetes,LBXSCA,Calcium (mg/dL),LBXGH,"Glycohemoglobin (HbA1c, %)",Ratio,5892,800.0,-2.105261230421451,6.697650182461822e-209,2651.709993310819,-0.0587370665726854,0.1225503425821827,4682.496136811176,2.1602397204110955,2.847999663530018e-187,2762.574230559828,4.2522371069597927e+21,110.86423724900897,1.808365549264692e-205,3.6167310985293837e-205,True,True
arthritis_binary,Arthritis,LBXSAL,Albumin (g/dL),LBXGH,"Glycohemoglobin (HbA1c, %)",Ratio,4899,1525.0,-0.4519341766199364,2.123076254774446e-45,5869.080753605356,-0.2613129544824017,4.758776762572175e-17,6008.394323505047,0.3004791748846099,1.4024248994130055e-22,5979.24143279723,6.605626605540827e+22,110.1606791918739,8.555680429688067e-44,1.1464611775782009e-41,True,True
hypertension_binary,Hypertension,LBXSNASI,Sodium (mmol/L),LBXHSCRP,hs-CRP Inflammation (mg/L),Ratio,5396,1894.0,-0.4833100332910798,1.5376526859321822e-35,6805.982643425543,0.036740987741541,0.1985205706346267,6996.2505462884965,0.2878917265329542,1.0609502506351277e-15,6915.309888402509,6.899804229795495e+19,109.32724497696654,4.050402197089651e-34,8.303324504033784e-32,True,True
hypertension_binary,Hypertension,LBXSCA,Calcium (mg/dL),LBXHSCRP,hs-CRP Inflammation (mg/L),Ratio,5393,1893.0,-0.4776904393712596,1.0644420528081163e-34,6806.934687301999,0.1171278201248669,4.526248715583932e-05,6977.336598826938,0.2879415233621321,1.0675925276390557e-15,6911.502914041908,1.0029597429213057e+19,104.56822673990972,2.685975273441041e-33,5.747987085163828e-31,True,True
high_cholesterol_binary,High Cholesterol,LBXSNASI,Sodium (mmol/L),LBXGH,"Glycohemoglobin (HbA1c, %)",Ratio,5385,1763.0,-0.6195413783414477,2.979083819699099e-82,6386.810071864838,0.0420573387044956,0.1485873021735393,6811.947236538208,0.5555038968153562,2.3164784017803965e-57,6491.268844054964,7.775808073820398e+24,104.45877219012527,4.731486066580922e-80,1.6087052626375134e-78,True,True
hypertension_binary,Hypertension,LBXSAL,Albumin (g/dL),BMXBMI,Body Mass Index (kg/m2),Ratio,5325,1857.0,-0.557574532375897,7.791972544043148e-66,6563.416287379087,-0.2636656802616082,1.866401156312238e-19,6807.735358883773,0.4346027774125617,3.340316612669681e-47,6667.855912447616,4.286869074279921e+18,104.4396250685295,6.187742902622499e-64,4.2076651737833e-62,True,True
diabetes_binary,Diabetes,LBXSNASI,Sodium (mmol/L),LBXGLU,Fasting Glucose (mg/dL),Ratio,2825,411.0,-1.7260286994036649,1.5274320401564794e-107,1493.2683445722282,-0.0648524751037774,0.2240197884600253,2346.140734345869,1.8485656312928933,2.434872587155754e-81,1596.741804824051,1.594095529714246e+26,103.4734602518231,4.851842951085287e-105,8.248133016844989e-104,True,True
diabetes_binary,Diabetes,LBXHGB,Hemoglobin (g/dL),BMXBMI,Body Mass Index (kg/m2),Ratio,7281,799.0,-0.8958445523630171,4.541139973525372e-79,4611.975595351708,-0.0185642344661097,0.6200945260202955,5041.719055960279,0.6300483177763643,2.7612940733468013e-72,4709.797292866701,6080618.720068117,97.8216975149935,5.981013623667563e-77,2.452215585703701e-75,True,True
diabetes_binary,Diabetes,LBXPLTSI,Platelet Count (10^3/uL),LBXTR,Triglycerides (mg/dL),Ratio,2832,411.0,-0.9451795671038816,1.8111648902304257e-25,2197.189301555515,-0.205242696362753,0.0003146446116507,2336.2471690724915,0.3877553679746198,2.4208702042508608e-11,2295.0066830867527,133663710980112.1,97.81738153123752,3.530790760738014e-24,9.780290407244298e-22,True,True
hypertension_binary,Hypertension,LBXTC,Total Cholesterol (mg/dL),LBXHSCRP,hs-CRP Inflammation (mg/L),Ratio,5401,1893.0,-0.465957183666906,1.6658036615251182e-33,6821.793599215848,0.0253396131750999,0.3732110234888638,7000.20196890037,0.2876399485775152,1.0578654689757842e-15,6918.4201849661695,6.350481112565576e+17,96.62658575032128,4.1074610832126204e-32,8.995339772235639e-30,True,True
diabetes_binary,Diabetes,LBDHDD,HDL Cholesterol (mg/dL),BMXBMI,Body Mass Index (kg/m2),Ratio,6637,788.0,-0.9234311046279492,3.4012272991748554e-58,4494.516781708011,-0.5002363486311198,4.4855769125507836e-27,4708.793457620821,0.5527988803943933,5.045123251280467e-56,4590.363391340705,148.33243436874753,95.8466096326938,1.9131903557858562e-56,1.836662741554422e-54,True,True
diabetes_binary,Diabetes,LBXSAL,Albumin (g/dL),BMXBMI,Body Mass Index (kg/m2),Ratio,5809,781.0,-0.6852982875215855,4.783794928267929e-50,4336.077136841838,-0.4122403370103124,6.5752009788509125e-28,4469.866448849463,0.4451554708821077,3.924508444784313e-37,4431.073301420911,8203755603305.643,94.99616457907268,2.189194289207357e-48,2.5832492612646815e-46,True,True
hypertension_binary,Hypertension,LBDHDD,HDL Cholesterol (mg/dL),LBXHSCRP,hs-CRP Inflammation (mg/L),Ratio,5401,1893.0,-0.4679823401425101,3.3715540009131595e-32,6824.221613092233,-0.0857294832120842,0.0032759994109228,6992.205721494903,0.2876399485775152,1.0578654689757842e-15,6918.4201849661695,3.1376198295779024e+16,94.19857187393607,7.985259475846957e-31,1.820639160493106e-28,True,True
diabetes_binary,Diabetes,LBXSAL,Albumin (g/dL),LBXTR,Triglycerides (mg/dL),Ratio,2822,410.0,-0.916742758168303,5.0623356428701905e-25,2195.7797328257743,-0.3456814570047865,3.5338679686186137e-11,2299.378885611077,0.387929844338771,2.5484314622364387e-11,2288.437855663657,50341021260130.35,92.65812283788318,9.558256108915745e-24,2.733661247149903e-21,True,True
hypertension_binary,Hypertension,LBXSUA,Uric Acid (mg/dL),LBXSAL,Albumin (g/dL),Ratio,5408,1900.0,0.5481679168742243,7.082088580606149e-70,6669.870105171911,0.4622658276189417,1.0620215712090687e-53,6762.42097665139,-0.272973486221388,4.897345420153763e-21,6924.957903703611,1.499588093429596e+16,92.5508714794796,6.373879722545533e-68,3.82432783352732e-66,True,True
hypertension_binary,Hypertension,BMXBMI,Body Mass Index (kg/m2),BMXWAIST,Waist Circumference (cm),Difference,5453,1879.0,-0.7303496586391002,7.588801072204951e-112,6446.516655412859,0.4517988866641927,1.8049379473450612e-52,6780.554258061407,0.6599515068480912,9.929592545986721e-97,6537.7108712843055,1308453397514299.0,91.19421587144645,3.15227121460821e-109,4.097952578990674e-108,True,True
hypertension_binary,Hypertension,BMXWAIST,Waist Circumference (cm),BMXBMI,Body Mass Index (kg/m2),Difference,5453,1879.0,0.7303496586391002,7.588801072204951e-112,6446.516655412859,0.6599515068480912,9.929592545986721e-97,6537.7108712843055,0.4517988866641927,1.8049379473450612e-52,6780.554258061407,1308453397514299.0,91.19421587144645,3.15227121460821e-109,4.097952578990674e-108,True,True
diabetes_binary,Diabetes,LBDHDD,HDL Cholesterol (mg/dL),systolic_bp,Systolic BP (mmHg),Ratio,6160,768.0,-0.8506430031007175,1.59124244812322e-58,4314.703762797375,-0.4849018059884037,4.709497143225058e-25,4516.587226325524,0.5383040735193989,1.7469543172574586e-53,4404.609342726374,109785.55274954435,89.90557992899903,9.239472279425149e-57,8.592709219865388e-55,True,True
diabetes_binary,Diabetes,LBXHGB,Hemoglobin (g/dL),LBXTR,Triglycerides (mg/dL),Ratio,2832,411.0,-0.881884937177059,8.255471889950663e-25,2206.6317208823903,-0.1207666118062758,0.0210281994172113,2344.5554813199237,0.3877553679746198,2.4208702042508608e-11,2295.0066830867527,29324431559118.65,88.37496220436242,1.5425449206136184e-23,4.457954820573358e-21,True,True
diabetes_binary,Diabetes,LBXSCA,Calcium (mg/dL),LBXGLU,Fasting Glucose (mg/dL),Ratio,2822,411.0,-1.7180642075659809,1.254351245609275e-106,1508.0634710540269,0.0759606609728458,0.1544509121565139,2344.647581065734,1.8484525396970248,2.808529509250617e-81,1596.4247575995155,2.239029553389914e+25,88.36128654548861,3.763053736827825e-104,6.773496726290085e-103,True,True
hypertension_binary,Hypertension,LBXSCA,Calcium (mg/dL),LBXSAL,Albumin (g/dL),Difference,5408,1900.0,0.3900380069950148,1.0267149696027743e-38,6836.73065817419,0.1166156663239827,4.749188133667396e-05,6999.001252417089,-0.272973486221388,4.897345420153763e-21,6924.957903703611,4.7699172264416256e+17,88.22724552942145,3.013185236877707e-37,5.544260835854981e-35,True,True
hypertension_binary,Hypertension,LBXSAL,Albumin (g/dL),LBXSCA,Calcium (mg/dL),Difference,5408,1900.0,-0.3900380069950148,1.0267149696027743e-38,6836.73065817419,-0.272973486221388,4.897345420153763e-21,6924.957903703611,0.1166156663239827,4.749188133667396e-05,6999.001252417089,4.7699172264416256e+17,88.22724552942145,3.013185236877707e-37,5.544260835854981e-35,True,True
heart_attack_binary,Heart Attack,diastolic_bp,Diastolic BP (mmHg),LBXSCR,Creatinine Kidney (mg/dL),Ratio,4673,228.0,-0.76141145578025,5.7365717122418855e-24,1717.8070199525062,-0.284014634492749,3.014396118524089e-06,1805.7688084110357,0.17053074582847,4.971410279962793e-06,1807.781401619536,5.254699618051224e+17,87.96178845852933,1.0325829082035394e-22,3.097748724610618e-20,True,True
diabetes_binary,Diabetes,LBXSBU,BUN Kidney (mg/dL),LBDHDD,HDL Cholesterol (mg/dL),Ratio,5891,799.0,0.6826514760089676,7.200087414044916e-76,4287.229774135513,0.5970073250010213,8.135209228112015e-61,4374.762490379264,-0.4668397404527026,9.519546953671512e-24,4566.050428874847,1129876452922362.8,87.53271624375066,9.041970240893615e-74,3.8880472035842544e-72,True,True
diabetes_binary,Diabetes,diastolic_bp,Diastolic BP (mmHg),LBXTR,Triglycerides (mg/dL),Ratio,2686,392.0,-0.8487867275027821,6.220132475557136e-24,2101.9620321748107,-0.09294832910956,0.0831905395587431,2233.664077633437,0.3680488749119935,7.102191261831081e-10,2189.3617461976355,114180707400366.77,87.39971402282481,1.1159041650501174e-22,3.358871536800854e-20,True,True
high_cholesterol_binary,High Cholesterol,BMXBMI,Body Mass Index (kg/m2),BMXWAIST,Waist Circumference (cm),Difference,5425,1743.0,-0.4917708177884771,4.699719547034972e-58,6541.951720778201,0.2108158100000308,1.8935124823526106e-13,6761.991844725542,0.4024366679965726,1.5931183591656763e-41,6627.05469868244,3.389815803308447e+16,85.1029779042392,2.5896413830600866e-56,2.537848555398885e-54,True,True
high_cholesterol_binary,High Cholesterol,BMXWAIST,Waist Circumference (cm),BMXBMI,Body Mass Index (kg/m2),Difference,5425,1743.0,0.4917708177884771,4.699719547034972e-58,6541.951720778201,0.4024366679965726,1.5931183591656763e-41,6627.05469868244,0.2108158100000308,1.8935124823526106e-13,6761.991844725542,3.389815803308447e+16,85.1029779042392,2.5896413830600866e-56,2.537848555398885e-54,True,True
heart_attack_binary,Heart Attack,LBXTC,Total Cholesterol (mg/dL),LBXSCR,Creatinine Kidney (mg/dL),Ratio,4902,243.0,-0.9253140850733662,4.324884622267792e-26,1804.8504663269416,-0.5012166313911788,2.3963049639381458e-11,1889.2842946242388,0.1708860157167717,3.2487858018640246e-06,1918.6740533035472,554073732187015.6,84.43382829729694,8.681924520537575e-25,2.3354376960246075e-22,True,True
diabetes_binary,Diabetes,LBXPLTSI,Platelet Count (10^3/uL),LBXWBCSI,WBC Count (10^3/uL),Ratio,7524,818.0,-0.5744832574593971,2.8256177869077398e-33,5007.803393358453,-0.3758846144163541,2.818665561492429e-19,5090.589125065457,0.0341667861339683,0.1791185243521532,5176.186230541542,99753957331118.06,82.78573170700383,6.935607295137179e-32,1.5258336049301793e-29,True,True
hypertension_binary,Hypertension,LBXSAL,Albumin (g/dL),LBXGLU,Fasting Glucose (mg/dL),Ratio,2599,931.0,-0.612661639853167,3.2872337973771835e-41,3190.0030573225595,-0.1971036758471006,1.7888752872752912e-06,3371.9951462355643,0.4958212376753969,2.3517134427011816e-22,3271.718705220017,7.154080262187512e+18,81.71564789745798,1.1164190255243265e-39,1.7751062505836791e-37,True,True
heart_attack_binary,Heart Attack,LBXSAL,Albumin (g/dL),LBXSCR,Creatinine Kidney (mg/dL),Ratio,4906,243.0,-0.7078463846122885,4.1156980085632198e-22,1838.650787427027,-0.1675214287216468,0.0083320539951692,1931.4706170078784,0.1709695196702488,3.200615679684623e-06,1919.048990558962,7776604777671600.0,80.39820313193513,6.694207604289574e-21,2.2224769246241386e-18,True,True
arthritis_binary,Arthritis,systolic_bp,Systolic BP (mmHg),diastolic_bp,Diastolic BP (mmHg),Difference,4982,1528.0,0.498442769857026,3.5319383208821816e-55,5882.122531210645,0.413630541959646,1.6595222630474367e-40,5961.854742930711,-0.1010786096414903,0.0009603890229955,6135.288739903826,469861620525959.1,79.7322117200656,1.8338910512272864e-53,1.907246693276378e-51,True,True
arthritis_binary,Arthritis,diastolic_bp,Diastolic BP (mmHg),systolic_bp,Systolic BP (mmHg),Difference,4982,1528.0,-0.498442769857026,3.5319383208821816e-55,5882.122531210645,-0.1010786096414903,0.0009603890229955,6135.288739903826,0.413630541959646,1.6595222630474367e-40,5961.854742930711,469861620525959.1,79.7322117200656,1.8338910512272864e-53,1.907246693276378e-51,True,True
diabetes_binary,Diabetes,LBXTR,Triglycerides (mg/dL),LBXTC,Total Cholesterol (mg/dL),Ratio,2832,411.0,0.6084239690426555,2.1969594795372034e-25,2217.229996727321,0.3877553679746198,2.4208702042508608e-11,2295.0066830867527,-0.2758989213085599,1.972493836930776e-06,2325.848309699735,110191845903358.44,77.77668635943155,4.252179637813942e-24,1.1863581189500898e-21,True,True
diabetes_binary,Diabetes,LBXSNASI,Sodium (mmol/L),LBXTR,Triglycerides (mg/dL),Ratio,2822,410.0,-0.8369408310673062,3.206263445684241e-23,2211.350711247086,-0.0674654220234473,0.2064163205610638,2341.5376134028684,0.387929844338771,2.5484314622364387e-11,2288.437855663657,794829091685.1295,77.08714441657139,5.585104066675775e-22,1.7313822606694903e-19,True,True
hypertension_binary,Hypertension,LBXSUA,Uric Acid (mg/dL),LBXHGB,Hemoglobin (g/dL),Ratio,5405,1899.0,0.5384556248483181,4.770520547155395e-66,6681.923489634863,0.4625271467287339,1.0112898554905187e-53,6758.47240903105,-0.1124842765066772,7.702377085441654e-05,6996.185696407403,2119873178396.725,76.54891939618756,3.844897157408826e-64,2.576081095463913e-62,True,True
arthritis_binary,Arthritis,LBXHGB,Hemoglobin (g/dL),LBXGH,"Glycohemoglobin (HbA1c, %)",Ratio,5001,1552.0,-0.4095710157250449,1.0005237198866173e-38,6022.614019158686,-0.1885852343307578,6.829717316003231e-10,6160.669361244607,0.2958229312661752,1.8877031898222464e-22,6099.131423668179,1.886715079614671e+16,76.51740450949364,2.9685868612020513e-37,5.402828087387733e-35,True,True
heart_attack_binary,Heart Attack,LBXSNASI,Sodium (mmol/L),LBXSCR,Creatinine Kidney (mg/dL),Ratio,4906,243.0,-0.7065613329819604,9.4761426943761e-21,1843.736232505788,-0.0356965716923868,0.5858647438130349,1937.968418496834,0.1709695196702488,3.200615679684623e-06,1919.048990558962,337755116497361.75,75.31275805317387,1.4333661218384018e-19,5.117117054963094e-17,True,True
hypertension_binary,Hypertension,LBXSAL,Albumin (g/dL),LBXSCA,Calcium (mg/dL),Ratio,5408,1900.0,-0.3738039514891633,3.5113023851549915e-36,6849.880486746277,-0.272973486221388,4.897345420153763e-21,6924.957903703611,0.1166156663239827,4.749188133667396e-05,6999.001252417089,1394737588211899.5,75.07741695733421,9.528157226048721e-35,1.8961032879836953e-32,True,True
diabetes_binary,Diabetes,LBXSCA,Calcium (mg/dL),LBXTR,Triglycerides (mg/dL),Ratio,2819,410.0,-0.8261857456629711,1.28767551277038e-22,2214.049776330359,0.073951205069239,0.1661054715192417,2340.273876153921,0.387211914192092,2.7763634985445823e-11,2287.7007913410234,215610491230.92764,73.65101501066465,2.1797641908965677e-21,6.953447768960051e-19,True,True
diabetes_binary,Diabetes,LBXTR,Triglycerides (mg/dL),LBDLDL,LDL Cholesterol (mg/dL),Ratio,2806,403.0,0.611841401405385,4.2408224063224e-33,2151.545680327901,0.452133994166418,3.8264124382977946e-22,2223.759688444602,-0.3754052628781449,5.421583435159036e-10,2271.5250396991323,90228075398.61172,72.21400811670082,1.0269256051184287e-31,2.2900440994140958e-29,True,True
heart_attack_binary,Heart Attack,LBXSCA,Calcium (mg/dL),LBXSCR,Creatinine Kidney (mg/dL),Ratio,4904,243.0,-0.68890935431392,3.1371789035021743e-20,1846.721842229932,0.0312300484694994,0.6345024158596833,1937.8354274429569,0.1709205880204616,3.2254023669251264e-06,1918.862084936135,102812191020552.4,72.14024270620348,4.641305775044313e-19,1.694076607891174e-16,True,True
diabetes_binary,Diabetes,LBXSAL,Albumin (g/dL),LBXSCR,Creatinine Kidney (mg/dL),Difference,5899,800.0,-0.551694087856667,8.501646513827581e-35,4492.026149071482,-0.4137702603686262,1.108029744806147e-28,4562.961768282262,0.3826130868450004,9.21134143610079e-16,4590.648230631745,1303311.9443439366,70.9356192107798,2.155347003505584e-33,4.590889117466893e-31,True,True
diabetes_binary,Diabetes,LBXSCR,Creatinine Kidney (mg/dL),LBXSAL,Albumin (g/dL),Difference,5899,800.0,0.551694087856667,8.501646513827581e-35,4492.026149071482,0.3826130868450004,9.21134143610079e-16,4590.648230631745,-0.4137702603686262,1.108029744806147e-28,4562.961768282262,1303311.9443439366,70.9356192107798,2.155347003505584e-33,4.590889117466893e-31,True,True
diabetes_binary,Diabetes,LBDHDD,HDL Cholesterol (mg/dL),LBXTR,Triglycerides (mg/dL),Ratio,2832,411.0,-0.8897315564314178,1.5023890378632838e-21,2221.2055237100376,-0.4716777638481007,9.902256833792589e-13,2291.3646516551908,0.3877553679746198,2.4208702042508608e-11,2295.0066830867527,659100711.2162974,70.15912794515316,2.3652772024669775e-20,8.112900804461732e-18,True,True
hypertension_binary,Hypertension,LBXSAPSI,Alkaline Phosphatase (U/L),LBXHSCRP,hs-CRP Inflammation (mg/L),Ratio,5394,1893.0,-0.4547535070550529,1.3773651619078218e-27,6843.032076485164,0.1566977876263761,6.107742256785477e-08,6964.7246602991945,0.2882902119185173,1.0078961851624566e-15,6912.194594245071,731756699702.2019,69.16251775990713,2.894074659261571e-26,7.437771874302238e-24,True,True
diabetes_binary,Diabetes,LBDHDD,HDL Cholesterol (mg/dL),LBXHSCRP,hs-CRP Inflammation (mg/L),Ratio,6687,801.0,-0.8679807994881406,5.0481855880903695e-30,4704.421414281138,-0.4982321355725027,2.7907745425823788e-27,4772.407753753234,0.2629082376926218,1.2275180329077185e-18,4825.3668224303165,552.8272473116573,67.986339472096,1.1264546353590082e-28,2.7260202175687996e-26,True,True
hypertension_binary,Hypertension,LBXSUA,Uric Acid (mg/dL),LBXSAL,Albumin (g/dL),Difference,5408,1900.0,0.5248071017271921,4.001839009756748e-66,6694.953804302806,0.4622658276189417,1.0620215712090687e-53,6762.42097665139,-0.272973486221388,4.897345420153763e-21,6924.957903703611,2653833821450.063,67.46717234858443,3.274231917073703e-64,2.160993065268644e-62,True,True
hypertension_binary,Hypertension,LBXSAL,Albumin (g/dL),LBXSUA,Uric Acid (mg/dL),Difference,5408,1900.0,-0.5248071017271921,4.001839009756748e-66,6694.953804302806,-0.272973486221388,4.897345420153763e-21,6924.957903703611,0.4622658276189417,1.0620215712090687e-53,6762.42097665139,2653833821450.063,67.46717234858443,3.274231917073703e-64,2.160993065268644e-62,True,True
diabetes_binary,Diabetes,LBXSUA,Uric Acid (mg/dL),LBXTC,Total Cholesterol (mg/dL),Ratio,5891,799.0,0.3719558459726738,4.36914482599209e-27,4569.028627094548,0.2476827012627935,1.376841750707888e-11,4636.056794976048,-0.2436114059110148,2.253930918737046e-09,4643.412943937305,3151284302861835.5,67.02816788149994,9.039609984811221e-26,2.3593382060357286e-23,True,True
heart_attack_binary,Heart Attack,LBDHDD,HDL Cholesterol (mg/dL),LBXSCR,Creatinine Kidney (mg/dL),Ratio,4902,243.0,-0.8010793244926864,8.015069181036223e-18,1846.0546516054928,-0.3729157890455092,2.1218255229795968e-06,1912.7558696878164,0.1708860157167717,3.2487858018640246e-06,1918.6740533035472,264729533214.7436,66.70121808232352,9.995698285818847e-17,4.3281373577595604e-14,True,True
hypertension_binary,Hypertension,LBXHGB,Hemoglobin (g/dL),BMXBMI,Body Mass Index (kg/m2),Ratio,5452,1898.0,-0.5193436049540718,5.206169564475805e-61,6753.074091495335,-0.0919686948134438,0.0011883240395728,7040.538488055881,0.4385126621355733,5.0412258138093394e-49,6818.876679417508,968317637636.708,65.80258792217319,3.307448899784629e-59,2.8113315648169346e-57,True,True
heart_attack_binary,Heart Attack,LBXPLTSI,Platelet Count (10^3/uL),LBXSCR,Creatinine Kidney (mg/dL),Ratio,4903,243.0,-0.9379401338853012,8.028204630204853e-23,1817.029161025792,-0.5496145080662695,1.0563019946202657e-12,1882.2090532556256,0.171065644275504,3.1763182632079973e-06,1918.7216697191616,13157387526.547297,65.17989222983374,1.371908386174247e-21,4.3352305003106207e-19,True,True
hypertension_binary,Hypertension,LBXSNASI,Sodium (mmol/L),BMXBMI,Body Mass Index (kg/m2),Ratio,5325,1857.0,-0.5177958477816481,6.49580428942034e-59,6602.769781702935,0.0283497397387721,0.3248356099289924,6889.941741204637,0.4346027774125617,3.340316612669681e-47,6667.855912447616,514226793764.4036,65.08613074468121,3.8974825736522036e-57,3.5077343162869836e-55,True,True
diabetes_binary,Diabetes,BMXBMI,Body Mass Index (kg/m2),LBDLDL,LDL Cholesterol (mg/dL),Ratio,2758,394.0,0.601561056950734,6.315765577093404e-32,2112.8418595939493,0.471613943325613,3.817363230248458e-21,2177.5241037899777,-0.3766459610707078,7.425986539177315e-10,2225.1438463791947,60441813168.20276,64.68224419602848,1.4637396616439647e-30,3.4105134116304382e-28,True,True
diabetes_binary,Diabetes,LBDHDD,HDL Cholesterol (mg/dL),LBXHSCRP,hs-CRP Inflammation (mg/L),Difference,6687,801.0,-0.546071405346232,2.8992716471682643e-40,4707.940552821592,-0.4982321355725027,2.7907745425823788e-27,4772.407753753234,0.2629082376926218,1.2275180329077185e-18,4825.3668224303165,9625778065012.104,64.46720093164186,9.319087437326563e-39,1.5656066894708627e-36,True,True
diabetes_binary,Diabetes,LBXHSCRP,hs-CRP Inflammation (mg/L),LBDHDD,HDL Cholesterol (mg/dL),Difference,6687,801.0,0.546071405346232,2.8992716471682643e-40,4707.940552821592,0.2629082376926218,1.2275180329077185e-18,4825.3668224303165,-0.4982321355725027,2.7907745425823788e-27,4772.407753753234,9625778065012.104,64.46720093164186,9.319087437326563e-39,1.5656066894708627e-36,True,True
diabetes_binary,Diabetes,systolic_bp,Systolic BP (mmHg),LBXSAL,Albumin (g/dL),Ratio,5604,763.0,0.5502052384171496,3.7844273827448783e-53,4226.507224410022,0.4721884369854676,2.033772989696197e-40,4290.852538351332,-0.414190803973552,1.9474990446919068e-27,4345.5140333361605,5374057377793.001,64.34531394131045,1.9098979314787235e-51,2.0435907866822342e-49,True,True
heart_attack_binary,Heart Attack,LBXHGB,Hemoglobin (g/dL),LBXSCR,Creatinine Kidney (mg/dL),Ratio,4903,243.0,-0.627182301038842,2.3403644665772942e-19,1854.5817312720517,0.0036785999696603,0.9554557514575588,1937.9563636513533,0.171065644275504,3.1763182632079973e-06,1918.7216697191616,13571895781913.225,64.13993844711013,3.2740850050563185e-18,1.2637968119517388e-15,True,True
hypertension_binary,Hypertension,LBXSKSI,Potassium (mmol/L),LBXGLU,Fasting Glucose (mg/dL),Ratio,2597,930.0,-0.5821444794354544,4.400972830787644e-38,3205.749583072954,-0.0619883557046376,0.1315515226593263,3389.87045798455,0.49350359493026,3.362956792913426e-22,3269.8284978104903,7641394124015885.0,64.07891473753625,1.2508028045396462e-36,2.376525328625328e-34,True,True
stroke_binary,Stroke,LBXSAL,Albumin (g/dL),LBXSCR,Creatinine Kidney (mg/dL),Ratio,4908,239.0,-0.7511516064811226,3.971259827082105e-24,1804.964761642644,-0.4221950400239643,3.702572917224955e-12,1869.0217453789317,0.2394212735599454,1.1828041164834334e-08,1877.3256807495325,932342147943.876,64.05698373628752,7.196242639678983e-23,2.1444803066243366e-20,True,True
hypertension_binary,Hypertension,LBXSCA,Calcium (mg/dL),LBXGH,"Glycohemoglobin (HbA1c, %)",Ratio,5404,1899.0,-0.5970499162871735,7.398938965011548e-79,6605.9570238786255,0.1172185907127172,4.3678172030812926e-05,6994.151199356767,0.5793811943177134,4.202099969196941e-59,6669.150710559797,5.679327791549613e+19,63.19368668117113,9.512921526443419e-77,3.995427041106236e-75,True,True
diabetes_binary,Diabetes,LBDLDL,LDL Cholesterol (mg/dL),LBXTR,Triglycerides (mg/dL),Difference,2806,403.0,-0.6020699139603808,2.1956893517372703e-34,2160.610151460495,-0.3754052628781449,5.421583435159036e-10,2271.5250396991323,0.452133994166418,3.8264124382977946e-22,2223.759688444602,1742692988546.0645,63.14953698410682,5.4892233793431755e-33,1.185672249938126e-30,True,True
diabetes_binary,Diabetes,LBXTR,Triglycerides (mg/dL),LBDLDL,LDL Cholesterol (mg/dL),Difference,2806,403.0,0.6020699139603808,2.1956893517372703e-34,2160.610151460495,0.452133994166418,3.8264124382977946e-22,2223.759688444602,-0.3754052628781449,5.421583435159036e-10,2271.5250396991323,1742692988546.0645,63.14953698410682,5.4892233793431755e-33,1.185672249938126e-30,True,True
diabetes_binary,Diabetes,LBXSAL,Albumin (g/dL),BMXWAIST,Waist Circumference (cm),Ratio,5613,737.0,-0.9318863701380216,4.257657912501051e-71,3973.6018568540567,-0.398501190313352,7.428244309813891e-25,4263.042961863368,0.7148943042726063,1.1347205322109442e-69,4036.425505959336,26.651284709352847,62.8236491052794,4.105598701340299e-69,2.2991352727505675e-67,True,True
arthritis_binary,Arthritis,LBXSCA,Calcium (mg/dL),LBXSAL,Albumin (g/dL),Difference,4900,1524.0,0.3624825128337469,6.582282462047768e-30,5944.818554486343,0.113778515607057,0.0002411455102889,6065.620715912259,-0.261880069674787,4.119888786834632e-17,6007.25734046686,6259058025220.21,62.43878598051742,1.4507887875533855e-28,3.554432529505795e-26,True,True
arthritis_binary,Arthritis,LBXSAL,Albumin (g/dL),LBXSCA,Calcium (mg/dL),Difference,4900,1524.0,-0.3624825128337469,6.582282462047768e-30,5944.818554486343,-0.261880069674787,4.119888786834632e-17,6007.25734046686,0.113778515607057,0.0002411455102889,6065.620715912259,6259058025220.21,62.43878598051742,1.4507887875533855e-28,3.554432529505795e-26,True,True
hypertension_binary,Hypertension,LBXSCA,Calcium (mg/dL),LBXSAL,Albumin (g/dL),Ratio,5408,1900.0,0.3564355212932575,3.5827973938747534e-33,6862.695819868739,0.1166156663239827,4.749188133667396e-05,6999.001252417089,-0.272973486221388,4.897345420153763e-21,6924.957903703611,1366905488020.7285,62.2620838348721,8.754346573268628e-32,1.934710592692367e-29,True,True
hypertension_binary,Hypertension,LBXHGB,Hemoglobin (g/dL),LBXTR,Triglycerides (mg/dL),Ratio,2606,931.0,-0.4389742475197786,6.484417994178305e-19,3310.6426569007053,-0.1114807359157643,0.0062945082595482,3393.8221948683777,0.2550807657149843,1.1082697144955417e-06,3372.3845856986127,1709127504566.3984,61.74192879790735,8.77590405227139e-18,3.5015857168562845e-15,True,True
hypertension_binary,Hypertension,diastolic_bp,Diastolic BP (mmHg),LBXHSCRP,hs-CRP Inflammation (mg/L),Ratio,5143,1813.0,-0.4122365332335466,2.873389218384772e-27,6538.240986164094,0.2664683494666844,5.837124073034802e-18,6601.413354006556,0.2918024424887952,4.856932745836299e-15,6599.892964544371,2031442185.3075807,61.6519783802778,5.967808376645295e-26,1.551630177927777e-23,True,True
high_cholesterol_binary,High Cholesterol,LBXPLTSI,Platelet Count (10^3/uL),BMXBMI,Body Mass Index (kg/m2),Ratio,5427,1767.0,-0.3380685965370513,6.988969419096178e-26,6733.153157715185,-0.152309554212477,3.700144792131517e-07,6826.521325501371,0.2181912155953875,2.3754528111117772e-14,6794.630897618151,339885993007.96106,61.47773990296537,1.3773881336904877e-24,3.7740434863119365e-22,True,True
stroke_binary,Stroke,LBXHGB,Hemoglobin (g/dL),LBXSCR,Creatinine Kidney (mg/dL),Ratio,4905,239.0,-0.6895282301470442,1.4573731217122185e-22,1815.710842863286,-0.2957148720326264,1.8859234062108087e-06,1892.7443180331584,0.2395570112936893,1.1775983331278206e-08,1876.9956038848557,80802803042250.44,61.284761021569466,2.4516557187682178e-21,7.86981485724598e-19,True,True
diabetes_binary,Diabetes,LBXSAPSI,Alkaline Phosphatase (U/L),LBXHSCRP,hs-CRP Inflammation (mg/L),Ratio,5883,797.0,-1.030333811655232,6.009169904655375e-17,4543.833935479548,-0.1125270962780203,0.0112917459523365,4664.016478547184,0.2503944152285414,1.2827913821842742e-15,4604.743902548818,21.347231024213183,60.90996706927035,7.085047485838215e-16,3.2449517485139024e-13,True,True
hypertension_binary,Hypertension,LBXSAL,Albumin (g/dL),LBXTR,Triglycerides (mg/dL),Ratio,2597,930.0,-0.4372662657278101,1.1404819691085416e-18,3302.4900055661747,-0.1963917363789205,1.963595905369592e-06,3369.239270449146,0.2560857270629835,1.072321883250044e-06,3363.157336868245,940235718139.608,60.66733130207058,1.516897200292149e-17,6.158602633186125e-15,True,True
arthritis_binary,Arthritis,LBXSAL,Albumin (g/dL),systolic_bp,Systolic BP (mmHg),Ratio,4670,1457.0,-0.5101134830717792,7.322980056807939e-51,5559.042719642333,-0.2497259534721585,4.337539409114852e-15,5738.728570229472,0.4236520937344379,7.840693261293174e-40,5619.302850964861,107069706601.2618,60.26013132252774,3.49947719528875e-49,3.954409230676287e-47,True,True
hypertension_binary,Hypertension,LBXSNASI,Sodium (mmol/L),LBXGLU,Fasting Glucose (mg/dL),Ratio,2599,931.0,-0.5780051821222919,5.223198116426215e-37,3211.7998321854507,0.0305051660403323,0.4562521561489582,3394.537036104115,0.4958212376753969,2.3517134427011816e-22,3271.718705220017,450243967446951.2,59.91887303456679,1.4464240937795676e-35,2.8205269828701563e-33,True,True
hypertension_binary,Hypertension,LBXHGB,Hemoglobin (g/dL),LBXGLU,Fasting Glucose (mg/dL),Ratio,2655,945.0,-0.5692419145359737,1.9791420791644487e-38,3275.6179078014293,-0.1068139168903677,0.0082827765004148,3454.0577689864394,0.4954404542061454,1.088955354290191e-22,3335.428939170739,5502158565341221.0,59.8110313693096,5.715169640367927e-37,1.0687367227488023e-34,True,True
diabetes_binary,Diabetes,LBXTC,Total Cholesterol (mg/dL),BMXBMI,Body Mass Index (kg/m2),Ratio,6637,788.0,-0.778754561847044,1.3818964796377622e-58,4530.611685647937,-0.1534932090774129,0.0001140703997207,4825.454841683351,0.5527988803943933,5.045123251280467e-56,4590.363391340705,365.0869168291788,59.75170569276816,8.111131510917299e-57,7.462240990043916e-55,True,True
high_cholesterol_binary,High Cholesterol,LBXSAL,Albumin (g/dL),BMXBMI,Body Mass Index (kg/m2),Ratio,5303,1732.0,-0.3204180930036385,3.7075565516424407e-25,6591.894018959942,-0.1450794561557231,7.090702652062193e-07,6679.68651628325,0.2096357520475303,3.998065742362259e-13,6651.575913913306,1078355970212.0048,59.68189495336446,7.074489533169321e-24,2.002080537886918e-21,True,True
hypertension_binary,Hypertension,LBXSCR,Creatinine Kidney (mg/dL),LBXSAL,Albumin (g/dL),Ratio,5410,1900.0,0.9887043436689488,6.414762456496056e-60,6659.296959660996,0.831678232512139,7.735205043346477e-52,6718.715046481842,-0.273023923210648,4.771311746212345e-21,6926.635780346481,120584434.6662166,59.41808682084684,3.8921030634919885e-58,3.46397172650787e-56,True,True
hypertension_binary,Hypertension,LBXSBU,BUN Kidney (mg/dL),LBXSAL,Albumin (g/dL),Ratio,5408,1900.0,0.7415587651950033,2.217875653439253e-84,6528.257170722875,0.6562749620810527,1.3275018441808526e-77,6587.353140603242,-0.272973486221388,4.897345420153763e-21,6924.957903703611,5985465.605893187,59.09596988036628,3.8633962995393436e-82,1.1976528528571966e-80,True,True
arthritis_binary,Arthritis,LBXSAL,Albumin (g/dL),LBXSCA,Calcium (mg/dL),Ratio,4900,1524.0,-0.3572375544578899,3.536252738372545e-29,5948.349870023757,-0.261880069674787,4.119888786834632e-17,6007.25734046686,0.113778515607057,0.0002411455102889,6065.620715912259,1165043646945.52,58.90747044310319,7.638305914884698e-28,1.9095764787211743e-25,True,True
arthritis_binary,Arthritis,LBXSNASI,Sodium (mmol/L),LBXGH,"Glycohemoglobin (HbA1c, %)",Ratio,4899,1525.0,-0.3839389738813429,2.447555454962248e-35,5920.707209291811,-0.0126712282891841,0.6811890668684244,6079.839117772817,0.3004791748846099,1.4024248994130055e-22,5979.24143279723,5729900405605.467,58.534223505419504,6.354230508075067e-34,1.321679945679614e-31,True,True
arthritis_binary,Arthritis,LBXHGB,Hemoglobin (g/dL),BMXWAIST,Waist Circumference (cm),Ratio,4753,1452.0,-0.5219718654272846,6.695906199710678e-51,5607.992021693724,-0.1721274077009763,4.343883444405613e-08,5824.336825142755,0.434754126924223,4.622316052887043e-41,5666.518596413945,6903197140.197047,58.5265747202202,3.228383346289077e-49,3.615789347843766e-47,True,True
heart_attack_binary,Heart Attack,LBXPLTSI,Platelet Count (10^3/uL),LBXGH,"Glycohemoglobin (HbA1c, %)",Ratio,5005,245.0,-0.7958919889231747,4.8829031741624444e-24,1845.392485462794,-0.5538246709822258,6.988661609661485e-13,1903.3751671833436,0.3278013139955042,3.06916312042385e-14,1913.890990141972,6285529347.917694,57.98268172054941,8.818621117216455e-23,2.6367677140477198e-20,True,True
hypertension_binary,Hypertension,LBXWBCSI,WBC Count (10^3/uL),LBXHSCRP,hs-CRP Inflammation (mg/L),Ratio,5401,1893.0,-0.4421131918725262,1.592109666860586e-26,6860.169812474365,0.2574909107882914,0.0004061928355853,6985.642171665095,0.2890298104258881,8.683608740812606e-16,6917.802038885605,54541523875.89887,57.63222641123957,3.2321023312207386e-25,8.597392201047165e-23,True,True
diabetes_binary,Diabetes,systolic_bp,Systolic BP (mmHg),LBDHDD,HDL Cholesterol (mg/dL),Ratio,6160,768.0,0.6161176580713814,2.34466637947163e-62,4347.671767448369,0.5383040735193989,1.7469543172574586e-53,4404.609342726374,-0.4849018059884037,4.709497143225058e-25,4516.587226325524,745075859.2150474,56.93757527800517,1.6881597932195735e-60,1.2661198449146802e-58,True,True
diabetes_binary,Diabetes,LBXSNASI,Sodium (mmol/L),BMXBMI,Body Mass Index (kg/m2),Ratio,5808,781.0,-0.619605911946348,1.0707502145706464e-43,4373.935376735793,-0.1225150901990909,0.0013482321728875,4579.710007064939,0.4451997125429543,3.875102439928404e-37,4430.757460860522,3619053.619785879,56.82208412472846,4.0153133046399235e-42,5.78205115868149e-40,True,True
heart_attack_binary,Heart Attack,LBXTC,Total Cholesterol (mg/dL),LBXGH,"Glycohemoglobin (HbA1c, %)",Ratio,4923,243.0,-0.7209590191313112,4.502913226166934e-23,1834.5477406444224,-0.5021006963833495,2.156536110192341e-11,1891.199697514779,0.3199536422327151,2.280709092928148e-13,1896.8735356497043,5064963454.491398,56.65195687035657,7.768604287955732e-22,2.431573142130144e-19,True,True
hypertension_binary,Hypertension,LBXPLTSI,Platelet Count (10^3/uL),LBXTR,Triglycerides (mg/dL),Ratio,2606,931.0,-0.4326865361967047,1.0109457545449437e-17,3316.0905423825006,-0.1088336490386388,0.0091378904339574,3394.3861341336924,0.2550807657149843,1.1082697144955417e-06,3372.3845856986127,109627020986.34424,56.29404331611204,1.2578587729361052e-16,5.4591070745426956e-14,True,True
arthritis_binary,Arthritis,LBXSAL,Albumin (g/dL),LBXGLU,Fasting Glucose (mg/dL),Ratio,2379,755.0,-0.4504620717486364,4.7969216256023704e-23,2874.0420528967297,-0.2639244666650399,3.406596010248589e-09,2941.423812492826,0.2929034091974838,3.706458265643719e-11,2930.2709630581485,772674343033.1288,56.22891016141875,8.249483050398981e-22,2.59033767782528e-19,True,True
diabetes_binary,Diabetes,LBXSCR,Creatinine Kidney (mg/dL),LBDHDD,HDL Cholesterol (mg/dL),Ratio,5893,799.0,0.5360276655069518,6.2013029941222206e-30,4510.331265124213,0.3836183386666945,8.482196859007944e-16,4584.934760341228,-0.467188368310597,8.816749718996579e-24,4566.460186791334,1421757.6092239576,56.128921667121176,1.3780673320271603e-28,3.348703616825999e-26,True,True
diabetes_binary,Diabetes,LBXSBU,BUN Kidney (mg/dL),LBXTC,Total Cholesterol (mg/dL),Ratio,5891,799.0,0.6696394598612991,4.279958873504828e-70,4319.882366263837,0.5970073250010213,8.135209228112015e-61,4374.762490379264,-0.2436114059110148,2.253930918737046e-09,4643.412943937305,1900768084.1218345,54.88012411542695,3.91725049439425e-68,2.3111777916926072e-66,True,True
hypertension_binary,Hypertension,LBXSNASI,Sodium (mmol/L),BMXWAIST,Waist Circumference (cm),Ratio,5133,1776.0,-0.7358214330537364,6.151973182407203e-96,6113.71605978688,0.0326642442846236,0.2664310379467459,6623.645855521685,0.6556527234959634,2.6550679588410067e-90,6168.485443863317,431579.89804534655,54.76938407643775,1.6610327592499448e-93,3.3220655184998895e-92,True,True
high_cholesterol_binary,High Cholesterol,LBXSCA,Calcium (mg/dL),LBXGH,"Glycohemoglobin (HbA1c, %)",Ratio,5382,1763.0,-0.5777627071507933,1.038351255929097e-74,6435.374592732998,0.1058572765685702,0.0002840394489242,6798.425486326894,0.5550948524830899,2.8014436187746175e-57,6489.4418335873215,2.6979729670264026e+17,54.067240854323245,1.2743401777311646e-72,5.607096782017124e-71,True,True
hypertension_binary,Hypertension,diastolic_bp,Diastolic BP (mmHg),LBXSAL,Albumin (g/dL),Ratio,5149,1819.0,0.3497065561304332,2.1197512441145347e-29,6557.476533376486,0.2655509109171191,6.8875331785424694e-18,6614.264326617022,-0.2638514634481174,5.561379465242743e-19,6611.03936817612,26236000477.33832,53.56283479963349,4.615587386378423e-28,1.1446656718218487e-25,True,True
heart_attack_binary,Heart Attack,LBXGH,"Glycohemoglobin (HbA1c, %)",LBXTC,Total Cholesterol (mg/dL),Ratio,4923,243.0,0.5083735679592021,1.119207099460211e-26,1838.530778558369,0.3199536422327151,2.280709092928148e-13,1896.8735356497043,-0.5021006963833495,2.156536110192341e-11,1891.199697514779,20377900515714.426,52.668918956409925,2.280648429088732e-25,6.043718337085139e-23,True,True
high_cholesterol_binary,High Cholesterol,LBXSNASI,Sodium (mmol/L),BMXWAIST,Waist Circumference (cm),Ratio,5110,1660.0,-0.4685694255644194,4.2291037511858925e-46,6226.587148262855,0.0343233547700454,0.2515051883519781,6446.124428319917,0.3899362674851506,3.0751993771372924e-37,6279.16850691708,727151556.9403965,52.58135865422446,1.7432946760613604e-44,2.283716025640382e-42,True,True
diabetes_binary,Diabetes,LBXWBCSI,WBC Count (10^3/uL),LBDLDL,LDL Cholesterol (mg/dL),Ratio,2806,403.0,0.4625277141371272,3.993398420319642e-21,2219.600000445733,0.2924807275912842,7.932222499552101e-09,2279.292490663377,-0.3754052628781449,5.421583435159036e-10,2271.5250396991323,135763649516.47067,51.92503925339952,6.178897269262484e-20,2.1564351469726067e-17,True,True
diabetes_binary,Diabetes,LBXSASSI,AST Liver Enzyme (U/L),LBXSATSI,ALT Liver Enzyme (U/L),Ratio,5878,800.0,-0.3200456497835477,1.2459322378142977e-12,4624.837953232698,0.0012547869871775,0.9736056954410764,4680.788602793553,0.0703989511277876,0.0358395797126393,4676.688300612659,28765271998.669567,51.85034737996102,1.004184191671225e-11,6.7280340841972074e-09,True,True
high_cholesterol_binary,High Cholesterol,BMXBMI,Body Mass Index (kg/m2),LBXPLTSI,Platelet Count (10^3/uL),Ratio,5427,1767.0,0.3788358788453936,3.26971387756411e-24,6742.782276334598,0.2181912155953875,2.3754528111117772e-14,6794.630897618151,-0.152309554212477,3.700144792131517e-07,6826.521325501371,7265017368.680147,51.84862128355326,5.953991862412508e-23,1.7656454938846196e-20,True,True
high_cholesterol_binary,High Cholesterol,LBXHGB,Hemoglobin (g/dL),LBXTR,Triglycerides (mg/dL),Ratio,2589,865.0,-0.6789108062428157,6.6708678738926e-33,3124.0896911523705,-0.0171508316885832,0.6803003933743166,3302.466348240818,0.6387997921868626,1.0889795641898093e-23,3175.8083302584573,1632440613.0897708,51.71863910608681,1.6081556481705376e-31,3.602268651902004e-29,True,True
diabetes_binary,Diabetes,LBXSBU,BUN Kidney (mg/dL),LBXSAL,Albumin (g/dL),Ratio,5897,800.0,0.6566302145418742,3.0650221192851725e-66,4329.059187112684,0.5968912154788165,7.350462093049586e-61,4379.985031150027,-0.4137211405957595,1.1332605143149435e-28,4562.421075049553,239817.5871815199,50.92584403734236,2.5861124131468644e-64,1.6551119444139932e-62,True,True
hypertension_binary,Hypertension,LBXSAL,Albumin (g/dL),BMXWAIST,Waist Circumference (cm),Ratio,5133,1776.0,-0.7334481441302441,3.870192802687352e-95,6118.3271314886415,-0.2630004621122947,1.2122832203035369e-18,6545.462771819722,0.6556527234959634,2.6550679588410067e-90,6168.485443863317,68602.98941689424,50.15831237467592,9.951924349767477e-93,2.0899041134511702e-91,True,True
diabetes_binary,Diabetes,LBXSUA,Uric Acid (mg/dL),LBDLDL,LDL Cholesterol (mg/dL),Ratio,2793,402.0,0.4491169756266728,6.015233050386549e-21,2215.0918533707904,0.2957121632365962,1.2731916957240309e-08,2273.7691778738604,-0.3709149890671321,8.952777594485163e-10,2264.998436417603,148835091167.579,49.90658304681256,9.149931963968272e-20,3.2482258472087366e-17,True,True
diabetes_binary,Diabetes,LBXSKSI,Potassium (mmol/L),LBXTR,Triglycerides (mg/dL),Ratio,2820,409.0,-0.8003771150148921,3.5048358629007785e-21,2219.759940901812,0.1876600525993007,0.000386236824415,2326.4313072596874,0.3979941260291348,3.2245057978940518e-15,2269.3498033534147,920016.207328262,49.589862451602585,5.438538407949484e-20,1.8926113659664204e-17,True,True
hypertension_binary,Hypertension,LBXSNASI,Sodium (mmol/L),LBXTR,Triglycerides (mg/dL),Ratio,2597,930.0,-0.4058745454182276,9.899298493860139e-17,3313.644360552276,0.0300854743569838,0.4626657499843516,3391.6123058085022,0.2560857270629835,1.072321883250044e-06,3363.157336868245,10832301742.544,49.51297631596936,1.127768182844826e-15,5.345621186684475e-13,True,True
high_cholesterol_binary,High Cholesterol,LBXSAL,Albumin (g/dL),LBXTR,Triglycerides (mg/dL),Ratio,2580,863.0,-0.6793078757223577,1.5632556675365912e-32,3115.3674697254087,-0.1126540871768971,0.006860622157487,3285.239353744369,0.6430172453237801,7.89833987139596e-24,3164.848920483505,505249399.40517336,49.48145075809589,3.7352126569458378e-31,8.441580604697593e-29,True,True
diabetes_binary,Diabetes,BMXBMI,Body Mass Index (kg/m2),LBXTC,Total Cholesterol (mg/dL),Ratio,6637,788.0,0.5797705593446091,3.6524330697656525e-67,4540.923393209225,0.5527988803943933,5.045123251280467e-56,4590.363391340705,-0.1534932090774129,0.0001140703997207,4825.454841683351,138130477818.83575,49.43999813148002,3.1306569169419876e-65,1.9723138576734524e-63,True,True
diabetes_binary,Diabetes,LBDHDD,HDL Cholesterol (mg/dL),LBXSCR,Creatinine Kidney (mg/dL),Ratio,5893,799.0,-0.5719955757873741,3.0707606223676195e-32,4517.302522932179,-0.467188368310597,8.816749718996579e-24,4566.460186791334,0.3836183386666945,8.482196859007944e-16,4584.934760341228,287119407.96605253,49.15766385915504,7.304893110478037e-31,1.6582107360785146e-28,True,True
diabetes_binary,Diabetes,LBXHGB,Hemoglobin (g/dL),LBXGLU,Fasting Glucose (mg/dL),Ratio,2889,416.0,-1.6911357452033446,5.396519780879204e-110,1565.6006217597303,-0.1291623329796307,0.0128892293367723,2379.2877001206625,1.8673586970446785,4.944661259529004e-83,1614.5746304475529,9.162685323694704e+26,48.97400868782256,1.8213254260467312e-107,2.91412068167477e-106,True,True
high_cholesterol_binary,High Cholesterol,LBXHGB,Hemoglobin (g/dL),LBXSATSI,ALT Liver Enzyme (U/L),Ratio,5384,1761.0,-0.2271300370792732,7.072921584587938e-13,6755.755488042236,-0.0074211780826471,0.7982761245859549,6810.297008206693,0.067830014195771,0.0166281465782194,6804.645630081267,23509587062.93676,48.89014203903116,5.986485353726468e-12,3.819377655677486e-09,True,True
arthritis_binary,Arthritis,LBXHGB,Hemoglobin (g/dL),BMXBMI,Body Mass Index (kg/m2),Ratio,4939,1522.0,-0.383416260255933,1.501182238546683e-31,5960.556310479668,-0.1808621574279934,4.278376541484369e-09,6070.202742068682,0.2964793252017877,3.15094756229204e-22,6009.275664675687,2098977380.2163544,48.719354196018685,3.434908511928851e-30,8.106384088152088e-28,True,True
diabetes_binary,Diabetes,diastolic_bp,Diastolic BP (mmHg),LBXHSCRP,hs-CRP Inflammation (mg/L),Ratio,6124,763.0,-0.6099952296941366,3.004621223923358e-22,4480.938597964257,0.0970335727962423,0.0161231374227976,4602.991960906247,0.2738868200380153,2.9658082300096128e-18,4528.538326216482,9870.82233991856,47.59972825222576,4.9466325028006506e-21,1.6224954609186133e-18,True,True
diabetes_binary,Diabetes,LBXTR,Triglycerides (mg/dL),LBXTC,Total Cholesterol (mg/dL),Difference,2832,411.0,0.5884479575372014,3.052387756133235e-19,2247.8270676051534,0.3877553679746198,2.4208702042508608e-11,2295.0066830867527,-0.2758989213085599,1.972493836930776e-06,2325.848309699735,79310703.54303935,47.179615481599285,4.248168526577183e-18,1.6482893883119468e-15,True,True
diabetes_binary,Diabetes,LBXTC,Total Cholesterol (mg/dL),LBXTR,Triglycerides (mg/dL),Difference,2832,411.0,-0.5884479575372014,3.052387756133235e-19,2247.8270676051534,-0.2758989213085599,1.972493836930776e-06,2325.848309699735,0.3877553679746198,2.4208702042508608e-11,2295.0066830867527,79310703.54303935,47.179615481599285,4.248168526577183e-18,1.6482893883119468e-15,True,True
high_cholesterol_binary,High Cholesterol,LBXSCA,Calcium (mg/dL),LBXSAL,Albumin (g/dL),Difference,5386,1763.0,0.2451402233336454,8.385430203207832e-17,6744.24993828219,0.1053066872640303,0.0003045765832112,6801.730944203903,-0.1414465333959145,1.0811283791529854e-06,6790.998864979955,12892938739.617697,46.748926697765455,9.67549638831673e-16,4.528132309732229e-13,True,True
high_cholesterol_binary,High Cholesterol,LBXSAL,Albumin (g/dL),LBXSCA,Calcium (mg/dL),Difference,5386,1763.0,-0.2451402233336454,8.385430203207832e-17,6744.24993828219,-0.1414465333959145,1.0811283791529854e-06,6790.998864979955,0.1053066872640303,0.0003045765832112,6801.730944203903,12892938739.617697,46.748926697765455,9.67549638831673e-16,4.528132309732229e-13,True,True
high_cholesterol_binary,High Cholesterol,LBXPLTSI,Platelet Count (10^3/uL),LBXTR,Triglycerides (mg/dL),Ratio,2589,865.0,-0.6859846125938558,1.4883477494344568e-31,3129.350676487219,-0.1642502695544665,0.0001483479829251,3287.815860952658,0.6387997921868626,1.0889795641898093e-23,3175.8083302584573,73167011.17756924,46.457653771238256,3.420033126360028e-30,8.037077846946067e-28,True,True
hypertension_binary,Hypertension,LBXSCA,Calcium (mg/dL),LBXTR,Triglycerides (mg/dL),Ratio,2594,929.0,-0.3969448376226039,3.558345239361597e-16,3312.8773202282428,0.1804444861941699,1.327066604485928e-05,3369.1275515275893,0.2563801125468882,1.064824866929531e-06,3359.309403403048,2992472048.9475923,46.43208317480549,3.88968912804709e-15,1.9215064292552626e-12,True,True
arthritis_binary,Arthritis,LBXSAL,Albumin (g/dL),BMXWAIST,Waist Circumference (cm),Ratio,4649,1426.0,-0.5053572836132901,2.501089683790811e-46,5511.937884203061,-0.2543982045997336,2.1493196254048533e-15,5671.939714523377,0.4265308793412286,6.025856034982603e-39,5558.365416219054,24092922.673006397,46.427532015993165,1.0389141763438754e-44,1.350588429247038e-42,True,True
diabetes_binary,Diabetes,LBXSNASI,Sodium (mmol/L),LBXHSCRP,hs-CRP Inflammation (mg/L),Ratio,5884,797.0,-0.556489485669781,5.839274893174911e-20,4559.144091115256,-0.1092976636718089,0.0039063200584425,4663.136329170987,0.250390713094557,1.2786837629232882e-15,4605.0294486453895,21897.98881395095,45.88535753013366,8.5221849792282485e-19,3.1532084423144517e-16,True,True
diabetes_binary,Diabetes,LBXSCR,Creatinine Kidney (mg/dL),LBXTC,Total Cholesterol (mg/dL),Ratio,5893,799.0,0.5068022056236162,9.955624144717857e-24,4539.167665309718,0.3836183386666945,8.482196859007944e-16,4584.934760341228,-0.2437419840736063,2.209600953732936e-09,4643.954770159223,85200051.10386106,45.7670950315096,1.7454665708271568e-22,5.3760370381476427e-20,True,True
high_cholesterol_binary,High Cholesterol,LBXSAL,Albumin (g/dL),LBXGH,"Glycohemoglobin (HbA1c, %)",Ratio,5385,1763.0,-0.5755663960743123,2.514637323742713e-74,6445.781764484524,-0.140891453986672,1.1918822903124678e-06,6790.394681840586,0.5555038968153562,2.3164784017803965e-57,6491.268844054964,9.211978124672934e+16,45.48707957044007,3.017564788491256e-72,1.3579041548210651e-70,True,True
hypertension_binary,Hypertension,LBDLDL,LDL Cholesterol (mg/dL),LBXHSCRP,hs-CRP Inflammation (mg/L),Ratio,2567,914.0,-0.45586624017674,2.666403929249698e-15,3268.96324123711,-0.0595730127567788,0.1520235224673254,3344.76516600546,0.2518573937817194,2.899539317010405e-07,3314.261358660078,108743438.50169426,45.29811742296761,2.758348892327274e-14,1.4398581217948369e-11,True,True
diabetes_binary,Diabetes,LBXSUA,Uric Acid (mg/dL),LBXHGB,Hemoglobin (g/dL),Ratio,5894,799.0,0.3372456913572785,2.8614466080600864e-22,4590.353905631126,0.2511210938330238,7.08543943676349e-12,4635.651701035018,-0.1671725556827399,7.049718840440795e-06,4661.842915607433,24761739103.589478,45.29779540389245,4.769077680100144e-21,1.5451811683524466e-18,True,True
hypertension_binary,Hypertension,LBXWBCSI,WBC Count (10^3/uL),LBXPLTSI,Platelet Count (10^3/uL),Ratio,5540,1942.0,0.6693268929178617,2.539027335614085e-13,7117.356494457839,0.2659260679894491,0.0001960510734075,7164.604385993293,-0.1253922917570025,1.389830839218966e-05,7162.176007745988,54738711.14833128,44.8195132881483,2.2587722590306524e-12,1.371074761231606e-09,True,True
high_cholesterol_binary,High Cholesterol,LBXSNASI,Sodium (mmol/L),BMXBMI,Body Mass Index (kg/m2),Ratio,5303,1732.0,-0.2965146136688861,3.9012902957515193e-22,6607.023643781977,0.0452306464034114,0.1234354609288319,6701.963640439835,0.2096357520475303,3.998065742362259e-13,6651.575913913306,1024806010.1336544,44.55227013132935,6.364642778567434e-21,2.1066967597058204e-18,True,True
diabetes_binary,Diabetes,LBXSCA,Calcium (mg/dL),LBXHSCRP,hs-CRP Inflammation (mg/L),Ratio,5881,797.0,-0.5549880645440874,1.1465490031401745e-19,4559.781219952707,-0.0590075221501382,0.1214846268557343,4668.163948395793,0.2502685929711799,1.3295561246766336e-15,4604.242024577408,11596.156126212123,44.46080462470127,1.6379271473431062e-18,6.191364616956943e-16,True,True
diabetes_binary,Diabetes,LBDLDL,LDL Cholesterol (mg/dL),BMXBMI,Body Mass Index (kg/m2),Ratio,2758,394.0,-0.7442087530230308,6.147101412455623e-26,2133.1014307690098,-0.3766459610707078,7.425986539177315e-10,2225.1438463791947,0.471613943325613,3.817363230248458e-21,2177.5241037899777,62100.21559939599,44.42267302096798,1.2203804274728075e-24,3.319434762726036e-22,True,True
high_cholesterol_binary,High Cholesterol,LBXSAL,Albumin (g/dL),LBXGLU,Fasting Glucose (mg/dL),Ratio,2582,864.0,-0.5310209119471244,8.944718971252916e-33,3140.5172763254586,-0.1134387912625519,0.0064585026838483,3288.134640936443,0.4614731847671319,5.5657166309451974e-21,3184.6502478251573,622234935366.0676,44.13297149969867,2.1467325531007e-31,4.8301482444765745e-29,True,True
high_cholesterol_binary,High Cholesterol,LBXSAL,Albumin (g/dL),BMXWAIST,Waist Circumference (cm),Ratio,5110,1660.0,-0.4591471794752451,2.0635099056103357e-44,6235.289232335145,-0.1437063229646324,1.487044900897012e-06,6424.210574049176,0.3899362674851506,3.0751993771372924e-37,6279.16850691708,14902760.43151692,43.879274581934624,8.074603978475226e-43,1.1142953490295812e-40,True,True
arthritis_binary,Arthritis,LBXSAL,Albumin (g/dL),BMXBMI,Body Mass Index (kg/m2),Ratio,4829,1493.0,-0.3726002909503144,4.098588237044285e-29,5844.133939618515,-0.2577782415277705,2.1634107365290112e-16,5908.355064495992,0.2887863359037019,8.297333879668507e-21,5888.012350461667,202443704.99760583,43.87841084315187,8.817679872525552e-28,2.213237648003914e-25,True,True
arthritis_binary,Arthritis,LBXSCA,Calcium (mg/dL),LBXSAL,Albumin (g/dL),Ratio,4900,1524.0,0.3302773224622958,6.853505792134807e-26,5963.592773963129,0.113778515607057,0.0002411455102889,6065.620715912259,-0.261880069674787,4.119888786834632e-17,6007.25734046686,601135960.4543827,43.664566503731294,1.3556385083343574e-24,3.700893127752796e-22,True,True
heart_attack_binary,Heart Attack,systolic_bp,Systolic BP (mmHg),LBXTC,Total Cholesterol (mg/dL),Ratio,4692,228.0,0.535460239746248,1.6345310893974791e-24,1734.0176526144276,0.3464402197294328,3.759572350989633e-09,1795.9616656873031,-0.5287584882622157,1.249846378316108e-11,1777.575672970216,7646513342103.677,43.558020355788585,3.012446376363955e-23,8.826467882746387e-21,True,True
high_cholesterol_binary,High Cholesterol,LBXSNASI,Sodium (mmol/L),LBXTR,Triglycerides (mg/dL),Ratio,2580,863.0,-0.6646467731414936,8.749258257584085e-32,3121.371306106046,0.0497546564713738,0.2339715517002372,3291.1377782102954,0.6430172453237801,7.89833987139596e-24,3164.848920483505,90274393.99847952,43.47761437745794,2.0190595979040195e-30,4.724599459095405e-28,True,True
arthritis_binary,Arthritis,LBXSUA,Uric Acid (mg/dL),LBXHGB,Hemoglobin (g/dL),Difference,4897,1523.0,0.273985486863234,6.613201569995073e-19,5995.439517549234,0.1619833114309763,1.2740574393201332e-07,6047.452948795694,-0.1858900257624025,1.7023200586582186e-09,6038.865509697536,2574123955.909433,43.42599214830261,8.905558223933516e-18,3.57112884779734e-15,True,True
arthritis_binary,Arthritis,LBXHGB,Hemoglobin (g/dL),LBXSUA,Uric Acid (mg/dL),Difference,4897,1523.0,-0.273985486863234,6.613201569995073e-19,5995.439517549234,-0.1858900257624025,1.7023200586582186e-09,6038.865509697536,0.1619833114309763,1.2740574393201332e-07,6047.452948795694,2574123955.909433,43.42599214830261,8.905558223933516e-18,3.57112884779734e-15,True,True
high_cholesterol_binary,High Cholesterol,LBXSAL,Albumin (g/dL),LBXSATSI,ALT Liver Enzyme (U/L),Ratio,5387,1762.0,-0.2540581379010324,2.8594459046821426e-15,6747.473883196086,-0.140803821944691,1.2103681780618085e-06,6790.569268087521,0.0680649857665436,0.0162308201861213,6808.422208845028,423287664.2568811,43.09538489143506,2.95239156506378e-14,1.544100788528357e-11,True,True
diabetes_binary,Diabetes,LBXSCR,Creatinine Kidney (mg/dL),LBDLDL,LDL Cholesterol (mg/dL),Ratio,2795,402.0,0.564053442036445,8.908361645645759e-19,2211.402740476677,0.4519335765476845,1.131886252160145e-09,2254.3857411015047,-0.3713308377842708,8.569550449473074e-10,2265.526356495651,961967058.6298786,42.98300062482758,1.1907216061011657e-17,4.81051528864871e-15,True,True
hypertension_binary,Hypertension,LBXSKSI,Potassium (mmol/L),LBXTR,Triglycerides (mg/dL),Ratio,2595,929.0,-0.4216322832002874,2.6537090348247958e-17,3306.6581449037085,-0.0617199883193326,0.1333956682597641,3386.951492817696,0.2714086506969074,3.153810219065034e-09,3349.3577235887456,118845366.15270846,42.69957868503707,3.2130109390255373e-16,1.4330028788053897e-13,True,True
high_cholesterol_binary,High Cholesterol,LBDHDD,HDL Cholesterol (mg/dL),LBXTC,Total Cholesterol (mg/dL),Difference,5414,1768.0,-0.4145329182395449,1.3986324889496057e-43,6642.835397553615,-0.124699282432795,3.394502574555855e-05,6826.562906737625,0.3669059653017156,3.9694634629094286e-35,6685.42414560207,283810328.60823625,42.58874804845527,5.173024274197172e-42,7.55261544032787e-40,True,True
high_cholesterol_binary,High Cholesterol,LBXTC,Total Cholesterol (mg/dL),LBDHDD,HDL Cholesterol (mg/dL),Difference,5414,1768.0,0.4145329182395449,1.3986324889496057e-43,6642.835397553615,0.3669059653017156,3.9694634629094286e-35,6685.42414560207,-0.124699282432795,3.394502574555855e-05,6826.562906737625,283810328.60823625,42.58874804845527,5.173024274197172e-42,7.55261544032787e-40,True,True
diabetes_binary,Diabetes,LBXSCA,Calcium (mg/dL),BMXBMI,Body Mass Index (kg/m2),Ratio,5805,781.0,-0.5995304969993324,6.639823806259175e-41,4387.632787134008,-0.0465681386562978,0.225746427556397,4587.616056584067,0.444907073680242,4.3938059643795605e-37,4430.138875666919,6617.353250002873,42.506088532910326,2.2409405346124714e-39,3.5855048553799544e-37,True,True
hypertension_binary,Hypertension,LBXSBU,BUN Kidney (mg/dL),LBXSKSI,Potassium (mmol/L),Ratio,5405,1899.0,0.6797408366882333,4.868378473084983e-86,6540.529565886332,0.6572768555925443,1.085061342620242e-77,6582.816588084585,-0.0005881461359705,0.983533156992054,7011.831089271065,222879414.28938717,42.28702219825391,8.76308125155297e-84,2.628924375465891e-82,True,True
high_cholesterol_binary,High Cholesterol,LBXSNASI,Sodium (mmol/L),LBXGLU,Fasting Glucose (mg/dL),Ratio,2582,864.0,-0.5276109490937577,4.124216324162067e-32,3142.585743071395,0.0502507957637117,0.2291331617973346,3294.112502754283,0.4614731847671319,5.5657166309451974e-21,3184.6502478251573,134952102253.65678,42.06450475376232,9.599469030377225e-31,2.227076815047516e-28,True,True
high_cholesterol_binary,High Cholesterol,LBXSNASI,Sodium (mmol/L),LBXHSCRP,hs-CRP Inflammation (mg/L),Ratio,5374,1758.0,-0.212300197503722,2.5742799679123027e-10,6753.702491509443,0.0456005307218465,0.1177941312882899,6795.659774095051,0.0362442467233399,0.1967957015001029,6796.474218311099,457580887.69116646,41.95728258560848,1.703567625824318e-09,1.3901111826726434e-06,True,True
high_cholesterol_binary,High Cholesterol,LBXSASSI,AST Liver Enzyme (U/L),LBXSATSI,ALT Liver Enzyme (U/L),Ratio,5371,1758.0,-0.2131895137555977,2.4844517098664528e-11,6748.09655854756,0.0205488551396884,0.4708889634535323,6795.2195511793325,0.0681453802309319,0.0162523088128213,6789.975132532182,654160785.1856747,41.87857398462256,1.765268320168269e-10,1.3416039233278844e-07,True,True
hypertension_binary,Hypertension,LBXSAL,Albumin (g/dL),LBXGH,"Glycohemoglobin (HbA1c, %)",Difference,5407,1900.0,-0.6117219401826879,3.541490929871056e-67,6631.264228974671,-0.272414951631155,5.870162544670608e-21,6924.467272306404,0.579124595785795,4.262389228761837e-59,6673.043603358308,120355785.54812305,41.77937438363733,3.0845243582747906e-65,1.9124051021303703e-63,True,True
hypertension_binary,Hypertension,LBXGH,"Glycohemoglobin (HbA1c, %)",LBXSAL,Albumin (g/dL),Difference,5407,1900.0,0.6117219401826879,3.541490929871056e-67,6631.264228974671,0.579124595785795,4.262389228761837e-59,6673.043603358308,-0.272414951631155,5.870162544670608e-21,6924.467272306404,120355785.54812305,41.77937438363733,3.0845243582747906e-65,1.9124051021303703e-63,True,True
hypertension_binary,Hypertension,LBXTC,Total Cholesterol (mg/dL),LBXTR,Triglycerides (mg/dL),Ratio,2606,931.0,-0.3751407817327198,1.743053872636655e-15,3330.6148668938517,0.0255563743105733,0.5309271594827208,3400.898923520591,0.2550807657149843,1.1082697144955417e-06,3372.3845856986127,635820689.1328617,41.7697188047614,1.8276681382986287e-14,9.412490912237937e-12,True,True
high_cholesterol_binary,High Cholesterol,LBXSNASI,Sodium (mmol/L),LBXSATSI,ALT Liver Enzyme (U/L),Ratio,5387,1762.0,-0.2109383159102772,2.075014926897724e-11,6766.707016371933,0.0435880288408112,0.1344296653347463,6811.9368760667785,0.0680649857665436,0.0162308201861213,6808.422208845028,782202574.82135,41.71519247309516,1.5060592211354447e-10,1.1205080605247709e-07,True,True
arthritis_binary,Arthritis,LBXHGB,Hemoglobin (g/dL),LBXGLU,Fasting Glucose (mg/dL),Ratio,2427,767.0,-0.4194779147034102,4.4255094555584404e-21,2939.9424622334423,-0.1604406205498897,0.0002283488486601,3018.5070160796977,0.3023466695671435,7.315953764071579e-12,2981.476400039824,1653132557.40144,41.53393780638135,6.789133823868062e-20,2.389775106001558e-17,True,True
heart_attack_binary,Heart Attack,BMXWAIST,Waist Circumference (cm),LBXTC,Total Cholesterol (mg/dL),Ratio,4668,217.0,0.5479184373939364,6.231256501438696e-23,1671.779287242694,0.3545184700305501,5.1074804964728827e-08,1730.951113170297,-0.5176298279336717,7.468273173268252e-11,1713.2882866890627,1198518015033.3965,41.50899944636876,1.0682154002466336e-21,3.364878510776896e-19,True,True
heart_attack_binary,Heart Attack,LBDLDL,LDL Cholesterol (mg/dL),LBXSCR,Creatinine Kidney (mg/dL),Ratio,2352,125.0,-0.9395814229290568,1.666443436628358e-13,914.0067842503496,-0.5133849588708161,1.4626566093282655e-06,955.432798050209,0.164686772584142,0.0015459565591075,971.7424491293376,8777115.245433081,41.42601379985956,1.5149485787530528e-12,8.998794557793134e-10,True,True
high_cholesterol_binary,High Cholesterol,LBDHDD,HDL Cholesterol (mg/dL),LBXSATSI,ALT Liver Enzyme (U/L),Ratio,5383,1761.0,-0.2379111887604339,1.0305211725093784e-13,6750.374223570614,-0.1257855834794326,3.047069485553214e-05,6791.694078219882,0.0687586982998164,0.0152228795227034,6803.695791538064,295682375.75686336,41.31985464926765,9.611078292833582e-13,5.564814331550643e-10,True,True
high_cholesterol_binary,High Cholesterol,LBXHGB,Hemoglobin (g/dL),LBXHSCRP,hs-CRP Inflammation (mg/L),Ratio,5379,1758.0,-0.2090100430574553,5.004386739542323e-10,6759.083355080964,-0.0100960203023468,0.7281927188092825,6801.950195915504,0.0367274013651666,0.1906392005251936,6800.388255158594,380944180.47040975,41.30490007763001,3.248039470376027e-09,2.7023688393528548e-06,True,True
arthritis_binary,Arthritis,LBXHGB,Hemoglobin (g/dL),LBXSCR,Creatinine Kidney (mg/dL),Ratio,4899,1523.0,-0.2798539096823221,5.9543897285109325e-18,5999.155362640592,-0.1856302334239658,1.785700764157722e-09,6040.449991947088,0.1784387923358955,3.0217596770599583e-06,6048.197187874948,299896520.9830645,41.29462930649606,7.530141577039587e-17,3.2153704533959035e-14,True,True
diabetes_binary,Diabetes,LBXSCA,Calcium (mg/dL),LBXWBCSI,WBC Count (10^3/uL),Ratio,5894,799.0,-0.2698066702804498,2.447928744004845e-10,4638.5197865530445,-0.0585874532898592,0.1236829295846793,4679.390287782077,0.044049597717049,0.1661976355668083,4679.439347493629,505255432.3224801,40.870501229032925,1.6219405175001424e-09,1.3218815217626161e-06,True,True
stroke_binary,Stroke,LBXSCA,Calcium (mg/dL),LBXSCR,Creatinine Kidney (mg/dL),Ratio,4906,239.0,-0.6376644669839566,1.3715945470099566e-17,1836.6231541642924,-0.014257714216364,0.8298872765051626,1914.51374541527,0.2393654654513233,1.191206440967148e-08,1877.148929710228,868482922.7149886,40.52577554593563,1.6987638884985702e-16,7.406610553853765e-14,True,True
liver_condition_binary,Liver Condition,LBXSAL,Albumin (g/dL),LBXSASSI,AST Liver Enzyme (U/L),Ratio,4887,269.0,-0.5866201274114095,1.2800473862535233e-19,2002.75357456192,-0.1420917922497715,0.0197733751162474,2081.582178175567,0.2742846655424148,1.19555810204024e-12,2042.9555687441243,9339951.902401296,40.201994182204544,1.8142403899656236e-18,6.912255885769026e-16,True,True
high_cholesterol_binary,High Cholesterol,LBXSCA,Calcium (mg/dL),LBXTR,Triglycerides (mg/dL),Ratio,2577,863.0,-0.6549921758742183,4.27258343882544e-31,3123.072833968062,0.0955572182588691,0.0224378645639123,3284.884291780604,0.6413409776639081,1.0431213691558509e-23,3163.104762532631,24414300.717380755,40.03192856456917,9.735000240361762e-30,2.3071950569657378e-27,True,True
stroke_binary,Stroke,LBXSNASI,Sodium (mmol/L),LBXSCR,Creatinine Kidney (mg/dL),Ratio,4908,239.0,-0.6395052116316221,2.0839971037904973e-17,1837.316325632736,0.1186110995637248,0.0773471179155487,1911.615605828496,0.2394212735599454,1.1828041164834334e-08,1877.3256807495325,567565144.0839717,40.00935511679677,2.5518331883148946e-16,1.1253584360468685e-13,True,True
arthritis_binary,Arthritis,BMXWAIST,Waist Circumference (cm),BMXBMI,Body Mass Index (kg/m2),Difference,4917,1485.0,0.493681055616874,8.538677457375333e-52,5784.705148714499,0.446212414877685,3.3504823439589546e-44,5824.599823349825,0.3042256008784509,3.845656194723589e-23,5928.718610370945,39238891.04237045,39.89467463532583,4.1539511954798916e-50,4.6108858269826795e-48,True,True
arthritis_binary,Arthritis,BMXBMI,Body Mass Index (kg/m2),BMXWAIST,Waist Circumference (cm),Difference,4917,1485.0,-0.493681055616874,8.538677457375333e-52,5784.705148714499,0.3042256008784509,3.845656194723589e-23,5928.718610370945,0.446212414877685,3.3504823439589546e-44,5824.599823349825,39238891.04237045,39.89467463532583,4.1539511954798916e-50,4.6108858269826795e-48,True,True
high_cholesterol_binary,High Cholesterol,LBXSAL,Albumin (g/dL),LBXSCR,Creatinine Kidney (mg/dL),Ratio,5388,1763.0,-0.2940122059546635,1.878645679079076e-21,6721.309728761204,-0.141501898292306,1.0681349297319334e-06,6792.561233001257,0.2689733753644208,3.0544541764700444e-10,6761.024840485805,162588092607.61496,39.71511172460123,2.949036821810177e-20,1.014468666702701e-17,True,True
heart_attack_binary,Heart Attack,LBXTC,Total Cholesterol (mg/dL),systolic_bp,Systolic BP (mmHg),Ratio,4692,228.0,-0.7219011450906422,3.3388411515067824e-19,1738.1953713708565,-0.5287584882622157,1.249846378316108e-11,1777.575672970216,0.3464402197294328,3.759572350989633e-09,1795.9616656873031,37433538.21286365,39.38030159935988,4.634895171757487e-18,1.8029742218136624e-15,True,True
hypertension_binary,Hypertension,LBXSCA,Calcium (mg/dL),LBXGLU,Fasting Glucose (mg/dL),Ratio,2596,930.0,-0.537410936796813,1.4062201601258358e-33,3229.420315176269,0.1816604289554251,1.1535947099396392e-05,3371.7940319909485,0.4965726726400981,2.2493525257653856e-22,3267.7241769796506,159957351597.356,38.30386180338155,3.4832976443484007e-32,7.593588864679513e-30,True,True
diabetes_binary,Diabetes,LBXTC,Total Cholesterol (mg/dL),LBXWBCSI,WBC Count (10^3/uL),Ratio,6730,806.0,-0.3078182265765782,2.789250969122497e-12,4882.276712835106,-0.1549229424919025,8.328468557436889e-05,4920.439588545413,0.0446453257147931,0.145167675116637,4933.798964776742,29859158.0665724,38.16287571030716,2.176583126193856e-11,1.5061955233261483e-08,True,True
high_cholesterol_binary,High Cholesterol,diastolic_bp,Diastolic BP (mmHg),LBXSATSI,ALT Liver Enzyme (U/L),Ratio,5125,1697.0,-0.2051547902065761,1.4953647595846766e-10,6469.175479867676,0.0297898610955293,0.317172100943708,6511.443053847992,0.0672230300353736,0.0203445395802181,6507.076889879155,136050682.2821521,37.90141001147913,1.006854077525842e-09,8.074969701757254e-07,True,True
diabetes_binary,Diabetes,LBXSKSI,Potassium (mmol/L),LBXTC,Total Cholesterol (mg/dL),Ratio,5889,798.0,0.3420217519490772,5.34698082897556e-22,4586.477067645894,0.2707092596394052,3.7064647829041944e-13,4624.245286999643,-0.2433448177299337,2.327021358249863e-09,4639.2082127811545,693188343.376635,37.76821935374937,8.670779722663069e-21,2.8873696476468024e-18,True,True
heart_attack_binary,Heart Attack,LBXSKSI,Potassium (mmol/L),LBXSCR,Creatinine Kidney (mg/dL),Ratio,4903,243.0,-0.5876947214599482,3.908345798127044e-15,1871.6432564924528,0.3363053206123931,4.438440026070435e-08,1909.3268703260212,0.1710273936030438,3.192181572886775e-06,1918.734261205368,11356313.528340872,37.68361383356887,4.0123702110049504e-14,2.110506730988604e-11,True,True
heart_attack_binary,Heart Attack,LBXTC,Total Cholesterol (mg/dL),LBXSBU,BUN Kidney (mg/dL),Ratio,4900,243.0,-0.8945805287294067,8.572013800297639e-20,1834.6967466121207,-0.5010952582996173,2.425747411225612e-11,1889.1061207420491,0.3985525882300365,2.342975413582649e-18,1872.0530678553653,27.332846961834058,37.35632124324434,1.2409885930725803e-18,4.628887452160725e-16,True,True
stroke_binary,Stroke,LBXTC,Total Cholesterol (mg/dL),LBXSCR,Creatinine Kidney (mg/dL),Ratio,4904,238.0,-0.6700531131002265,5.830046259211698e-16,1833.45224190914,-0.2514155896302958,0.0004161721976235,1895.380624858068,0.2407798664590779,1.0880527254158244e-08,1870.6608335288363,18662848.92159576,37.20859161969656,6.269474245464324e-15,3.148224979974317e-12,True,True
stroke_binary,Stroke,LBXSKSI,Potassium (mmol/L),LBXSCR,Creatinine Kidney (mg/dL),Ratio,4905,239.0,-0.6311956187783812,8.536912785008776e-17,1839.8285030438412,0.1061485957999952,0.1022661427696481,1911.827950577884,0.239503692945283,1.1816686840627585e-08,1877.013652009745,138418736.82226488,37.18514896590386,9.829281244999443e-16,4.609932903904739e-13,True,True
diabetes_binary,Diabetes,LBXSNASI,Sodium (mmol/L),systolic_bp,Systolic BP (mmHg),Ratio,5603,763.0,-0.574525092074456,2.999218608811512e-45,4253.645358198382,-0.1189221306491717,0.0021409449447052,4454.171807342432,0.4720733728607987,2.145279124712858e-40,4290.663080987349,71527.93458970165,37.01772278896624,1.1996874435246048e-43,1.6195780487582166e-41,True,True
heart_attack_binary,Heart Attack,BMXWAIST,Waist Circumference (cm),BMXBMI,Body Mass Index (kg/m2),Difference,4918,227.0,0.5367588109849145,2.0422647546793191e-16,1776.940883142084,0.3540072931708696,2.6644974621472953e-08,1813.9360258390532,0.03317104157302,0.6199083805552206,1843.485034413084,130467778.77561133,36.995142696969424,2.2785598502620502e-15,1.1028229675268324e-12,True,True
heart_attack_binary,Heart Attack,BMXBMI,Body Mass Index (kg/m2),BMXWAIST,Waist Circumference (cm),Difference,4918,227.0,-0.5367588109849145,2.0422647546793191e-16,1776.940883142084,0.03317104157302,0.6199083805552206,1843.485034413084,0.3540072931708696,2.6644974621472953e-08,1813.9360258390532,130467778.77561133,36.995142696969424,2.2785598502620502e-15,1.1028229675268324e-12,True,True
high_cholesterol_binary,High Cholesterol,diastolic_bp,Diastolic BP (mmHg),LBXTR,Triglycerides (mg/dL),Ratio,2459,825.0,-0.6248442726273747,1.076583098268987e-28,2991.168055146911,0.0198716290277414,0.6424597505950396,3141.5024102562825,0.6212644885484291,1.4524332374485628e-21,3028.001694260713,13491139.139968816,36.83363911380275,2.2798230316284433e-27,5.81354873065253e-25,True,True
thyroid_binary,Thyroid Problem,LBXHGB,Hemoglobin (g/dL),systolic_bp,Systolic BP (mmHg),Ratio,4779,583.0,-0.3967813120465466,3.6829442515988783e-19,3467.76751440904,-0.2858963265806223,1.902358120612681e-11,3504.594136039158,0.2668897581877055,5.849877191802827e-11,3507.8471938855423,51653188.06514134,36.8266216301181,5.099461271444601e-18,1.9887898958633942e-15,True,True
high_cholesterol_binary,High Cholesterol,LBXWBCSI,WBC Count (10^3/uL),LBXHSCRP,hs-CRP Inflammation (mg/L),Ratio,5379,1758.0,-0.2083947197022954,1.0705297242599993e-08,6764.343379902501,-0.0165679340093139,0.6547160647869283,6801.828875230108,0.0367274013651666,0.1906392005251936,6800.388255158594,17807931.55061365,36.04487525609329,6.130286862146338e-08,5.780860511003996e-05,True,True
arthritis_binary,Arthritis,systolic_bp,Systolic BP (mmHg),LBXSAL,Albumin (g/dL),Ratio,4670,1457.0,0.466429138190685,1.9799597476931528e-46,5583.32535486089,0.4236520937344379,7.840693261293174e-40,5619.302850964861,-0.2497259534721585,4.337539409114852e-15,5738.728570229472,3960026.5967166,35.977496103971134,8.288203594994592e-45,1.0691782637543024e-42,True,True
high_cholesterol_binary,High Cholesterol,LBXHGB,Hemoglobin (g/dL),BMXBMI,Body Mass Index (kg/m2),Ratio,5427,1767.0,-0.2878883311591381,1.4728676073305126e-21,6758.777704844596,-0.0086988157937298,0.7638384681272166,6852.941742340468,0.2181912155953875,2.3754528111117772e-14,6794.630897618151,16128081.025674457,35.85319277355484,2.325580432627125e-20,7.953485079584768e-18,True,True
heart_attack_binary,Heart Attack,LBXTC,Total Cholesterol (mg/dL),systolic_bp,Systolic BP (mmHg),Difference,4692,228.0,-0.6589327129649218,1.1117557145401688e-19,1741.7944403006932,-0.5287584882622157,1.249846378316108e-11,1777.575672970216,0.3464402197294328,3.759572350989633e-09,1795.9616656873031,112420953.8093586,35.78123266952298,1.5924352409859182e-18,6.003480858516911e-16,True,True
heart_attack_binary,Heart Attack,systolic_bp,Systolic BP (mmHg),LBXTC,Total Cholesterol (mg/dL),Difference,4692,228.0,0.6589327129649218,1.1117557145401688e-19,1741.7944403006932,0.3464402197294328,3.759572350989633e-09,1795.9616656873031,-0.5287584882622157,1.249846378316108e-11,1777.575672970216,112420953.8093586,35.78123266952298,1.5924352409859182e-18,6.003480858516911e-16,True,True
diabetes_binary,Diabetes,LBXSAL,Albumin (g/dL),LBXSKSI,Potassium (mmol/L),Difference,5895,799.0,-0.4748806468849187,3.855397461737176e-36,4521.769182795942,-0.415008987591478,8.345118017637741e-29,4557.49977406747,0.2702544683966133,3.919715296966924e-13,4629.810096320443,21645285.86341284,35.73059127152828,1.0357784225562563e-34,2.0819146293380752e-32,True,True
diabetes_binary,Diabetes,LBXSKSI,Potassium (mmol/L),LBXSAL,Albumin (g/dL),Difference,5895,799.0,0.4748806468849187,3.855397461737176e-36,4521.769182795942,0.2702544683966133,3.919715296966924e-13,4629.810096320443,-0.415008987591478,8.345118017637741e-29,4557.49977406747,21645285.86341284,35.73059127152828,1.0357784225562563e-34,2.0819146293380752e-32,True,True
high_cholesterol_binary,High Cholesterol,LBXSCA,Calcium (mg/dL),LBXGLU,Fasting Glucose (mg/dL),Ratio,2579,864.0,-0.5135243826318975,5.151375052263352e-31,3146.995726448068,0.0968841236344238,0.0205869803610986,3287.7367578220365,0.4607331930860803,6.420588675009368e-21,3182.6191299056595,12463834626.42341,35.623403457591394,1.1687993816059707e-29,2.78174252822221e-27,True,True
hypertension_binary,Hypertension,LBXSAPSI,Alkaline Phosphatase (U/L),LBXPLTSI,Platelet Count (10^3/uL),Ratio,5406,1899.0,0.2836709154646809,2.5195393366167143e-14,6946.280252768638,0.1591838555346207,3.6924999325515276e-08,6981.450508192728,-0.1283757532010225,1.0985772803943564e-05,6992.998670756222,1465545.657052486,35.1702554240901,2.447034607505442e-13,1.3605512417730257e-10,True,True
high_cholesterol_binary,High Cholesterol,LBXSKSI,Potassium (mmol/L),LBXTR,Triglycerides (mg/dL),Ratio,2578,861.0,-0.6425165403955457,1.7377584173224606e-29,3129.917008553937,0.11414331643209,0.0062688306214529,3280.6888812535017,0.529451856614282,8.016986417866371e-24,3164.848256742245,461340.6753177436,34.93124818830802,3.814591647781011e-28,9.383895453541287e-26,True,True
hypertension_binary,Hypertension,LBXPLTSI,Platelet Count (10^3/uL),LBXSAPSI,Alkaline Phosphatase (U/L),Ratio,5406,1899.0,-0.2442203793570042,3.1032058387015816e-15,6946.574689304542,-0.1283757532010225,1.0985772803943564e-05,6992.998670756222,0.1591838555346207,3.6924999325515276e-08,6981.450508192728,11898984.870744228,34.875818888186586,3.197960215455829e-14,1.6757311528988542e-11,True,True
diabetes_binary,Diabetes,LBXSKSI,Potassium (mmol/L),LBDHDD,HDL Cholesterol (mg/dL),Ratio,5889,798.0,0.4444695428123051,3.659928249285277e-33,4528.091498235386,0.2707092596394052,3.7064647829041944e-13,4624.245286999643,-0.4652506476913781,1.4048065568127668e-23,4562.650121811563,3838344527.893688,34.558623576176615,8.902528173937159e-32,1.9763612546140493e-29,True,True
diabetes_binary,Diabetes,LBXSUA,Uric Acid (mg/dL),LBXHGB,Hemoglobin (g/dL),Difference,5894,799.0,0.324552152837207,9.867091448955348e-20,4601.464545985638,0.2511210938330238,7.08543943676349e-12,4635.651701035018,-0.1671725556827399,7.049718840440795e-06,4661.842915607433,71808794.65258875,34.187155049379726,1.42086116864957e-18,5.328229382435888e-16,True,True
diabetes_binary,Diabetes,LBXHGB,Hemoglobin (g/dL),LBXSUA,Uric Acid (mg/dL),Difference,5894,799.0,-0.324552152837207,9.867091448955348e-20,4601.464545985638,-0.1671725556827399,7.049718840440795e-06,4661.842915607433,0.2511210938330238,7.08543943676349e-12,4635.651701035018,71808794.65258875,34.187155049379726,1.42086116864957e-18,5.328229382435888e-16,True,True
heart_attack_binary,Heart Attack,systolic_bp,Systolic BP (mmHg),diastolic_bp,Diastolic BP (mmHg),Difference,4987,239.0,0.449605773633048,2.1267514521828922e-18,1854.5954231689848,0.3478288604502486,1.1377179952346922e-09,1888.7044037569249,-0.2571219182169703,2.0935286962254644e-05,1905.6818004132103,534955786.2377108,34.10898058793987,2.7606869811989465e-17,1.1484457841787618e-14,True,True
heart_attack_binary,Heart Attack,diastolic_bp,Diastolic BP (mmHg),systolic_bp,Systolic BP (mmHg),Difference,4987,239.0,-0.449605773633048,2.1267514521828922e-18,1854.5954231689848,-0.2571219182169703,2.0935286962254644e-05,1905.6818004132103,0.3478288604502486,1.1377179952346922e-09,1888.7044037569249,534955786.2377108,34.10898058793987,2.7606869811989465e-17,1.1484457841787618e-14,True,True
diabetes_binary,Diabetes,LBDLDL,LDL Cholesterol (mg/dL),LBXWBCSI,WBC Count (10^3/uL),Ratio,2806,403.0,-0.5599096176328927,1.7846144203910088e-15,2237.6362385090324,-0.3754052628781449,5.421583435159036e-10,2271.5250396991323,0.2924807275912842,7.932222499552101e-09,2279.292490663377,303795.787662142,33.88880119009991,1.8676197422696603e-14,9.636917870111447e-12,True,True
arthritis_binary,Arthritis,LBXSAL,Albumin (g/dL),LBXGH,"Glycohemoglobin (HbA1c, %)",Difference,4899,1525.0,-0.3507559677458621,5.157714004101012e-29,5945.728493857337,-0.2613129544824017,4.758776762572175e-17,6008.394323505047,0.3004791748846099,1.4024248994130055e-22,5979.24143279723,2719082.326584813,33.5129389398935,1.1008559534444847e-27,2.7851655622145465e-25,True,True
arthritis_binary,Arthritis,LBXGH,"Glycohemoglobin (HbA1c, %)",LBXSAL,Albumin (g/dL),Difference,4899,1525.0,0.3507559677458621,5.157714004101012e-29,5945.728493857337,0.3004791748846099,1.4024248994130055e-22,5979.24143279723,-0.2613129544824017,4.758776762572175e-17,6008.394323505047,2719082.326584813,33.5129389398935,1.1008559534444847e-27,2.7851655622145465e-25,True,True
diabetes_binary,Diabetes,LBXSASSI,AST Liver Enzyme (U/L),LBXHSCRP,hs-CRP Inflammation (mg/L),Ratio,5862,797.0,-0.5999439968046952,1.9671606525659624e-17,4565.459202322198,-0.0078316324053687,0.84027419698893,4664.977625412281,0.2502819225005616,1.4309896804734061e-15,4598.827294364094,72.74391537909345,33.36809204189649,2.425266557958036e-16,1.0622667523856197e-13,True,True
hypertension_binary,Hypertension,LBDLDL,LDL Cholesterol (mg/dL),LBXTR,Triglycerides (mg/dL),Ratio,2582,919.0,-0.3956913534841054,5.986789605300372e-17,3287.727205697616,-0.0624406290777053,0.1323471375824914,3363.679372675211,0.2723111644081355,2.5874313743811207e-11,3320.867175586326,432190.129429361,33.139969888710766,7.074105879348361e-16,3.2328663868622007e-13,True,True
diabetes_binary,Diabetes,LBDLDL,LDL Cholesterol (mg/dL),LBXHSCRP,hs-CRP Inflammation (mg/L),Ratio,2789,401.0,-0.6883684413638678,4.2304182604394634e-13,2227.3911911654577,-0.3697943063887298,1.0155288308972472e-09,2260.479252005984,0.1950377230294209,5.60371309690858e-06,2280.886580961133,2400.540013723732,33.08806084052594,3.690510275666091e-12,2.2844258606373103e-09,True,True
arthritis_binary,Arthritis,LBXGH,"Glycohemoglobin (HbA1c, %)",LBXSAL,Albumin (g/dL),Ratio,4899,1525.0,0.3515803538635232,1.1643830514714866e-28,5946.383908116388,0.3004791748846099,1.4024248994130055e-22,5979.24143279723,-0.2613129544824017,4.758776762572175e-17,6008.394323505047,1204436.029570075,32.85752468084229,2.4561204991976673e-27,6.287668477946027e-25,True,True
diabetes_binary,Diabetes,diastolic_bp,Diastolic BP (mmHg),LBXTC,Total Cholesterol (mg/dL),Ratio,6160,768.0,0.273103500550964,8.615101707284159e-13,4587.125360262169,0.0992167149077669,0.013653083081255,4631.764372996109,-0.1701825008806836,2.775787643597018e-05,4619.825695174026,32220021.746813044,32.70033491185677,7.190347638227891e-12,4.652154921933446e-09,True,True
diabetes_binary,Diabetes,LBXSKSI,Potassium (mmol/L),LBXHSCRP,hs-CRP Inflammation (mg/L),Ratio,5879,796.0,-0.5119979160660666,4.1835221860616246e-18,4566.935361504382,0.267808843390016,7.048661982628008e-13,4615.175870621878,0.2510446323880337,1.137353748524722e-15,4599.586058008679,271.8651169854149,32.65069650429723,5.32807070866339e-17,2.2591019804732772e-14,True,True
thyroid_binary,Thyroid Problem,diastolic_bp,Diastolic BP (mmHg),systolic_bp,Systolic BP (mmHg),Difference,4985,591.0,-0.340716028926025,4.871746324521737e-19,3558.5906882965064,-0.1411730769831772,0.0009013425401196,3622.6468930649007,0.2679942617071941,2.760075283089296e-11,3591.178055820149,56654741.42601738,32.58736752364257,6.643290442529642e-18,2.6307430152417382e-15,True,True
thyroid_binary,Thyroid Problem,systolic_bp,Systolic BP (mmHg),diastolic_bp,Diastolic BP (mmHg),Difference,4985,591.0,0.340716028926025,4.871746324521737e-19,3558.5906882965064,0.2679942617071941,2.760075283089296e-11,3591.178055820149,-0.1411730769831772,0.0009013425401196,3622.6468930649007,56654741.42601738,32.58736752364257,6.643290442529642e-18,2.6307430152417382e-15,True,True
diabetes_binary,Diabetes,LBXSKSI,Potassium (mmol/L),LBXSAL,Albumin (g/dL),Ratio,5895,799.0,0.4494037617842513,3.0717190748856e-36,4525.12599594366,0.2702544683966133,3.919715296966924e-13,4629.810096320443,-0.415008987591478,8.345118017637741e-29,4557.49977406747,27167582.10692994,32.37377812380964,8.37741565877891e-35,1.658728300438224e-32,True,True
diabetes_binary,Diabetes,LBXSNASI,Sodium (mmol/L),LBXWBCSI,WBC Count (10^3/uL),Ratio,5897,799.0,-0.2661774085392694,4.490838892310864e-10,4640.647977032784,-0.1192374036251263,0.0016050273676742,4672.718137052501,0.0441610695975633,0.1658120041822189,4680.302505898993,3574003.446042848,32.07016001971715,2.9217506046359837e-09,2.4250530018478664e-06,True,True
high_cholesterol_binary,High Cholesterol,LBXSCA,Calcium (mg/dL),LBXSATSI,ALT Liver Enzyme (U/L),Ratio,5385,1762.0,-0.205740100317752,6.185305865451982e-11,6767.417509258153,0.106126825033863,0.0002741897121,6799.298202631386,0.0679376150826194,0.0164435875942237,6806.860321184261,4432920.829858629,31.880693373233044,4.2602872032449873e-10,3.34006516734407e-07,True,True
diabetes_binary,Diabetes,BMXBMI,Body Mass Index (kg/m2),LBXSAL,Albumin (g/dL),Ratio,5809,781.0,0.4801489613451036,5.254638905865345e-44,4399.193658286755,0.4451554708821077,3.924508444784313e-37,4431.073301420911,-0.4122403370103124,6.5752009788509125e-28,4469.866448849463,7468654.868755472,31.87964313415614,2.0413705101922923e-42,2.8375050091672863e-40,True,True
heart_attack_binary,Heart Attack,LBXSKSI,Potassium (mmol/L),LBXTC,Total Cholesterol (mg/dL),Ratio,4900,243.0,0.5076474015505917,4.39455908362865e-21,1857.3540647528312,0.33629488967844,4.470438088974274e-08,1909.031293774693,-0.500180614145574,2.461088063719321e-11,1889.1714506661676,5600307145.460349,31.81738591333624,6.780176871884203e-20,2.3730619051594712e-17,True,True
high_cholesterol_binary,High Cholesterol,LBXSNASI,Sodium (mmol/L),systolic_bp,Systolic BP (mmHg),Ratio,5127,1698.0,-0.5426075015548127,9.824154415355524e-64,6207.048101450397,0.04545504325873,0.1265557752825588,6513.121934862303,0.4978689808046534,5.522220329104372e-58,6238.830106675858,562106.4262256437,31.782005225461035,7.578633406131405e-62,5.305043384291983e-60,True,True
heart_attack_binary,Heart Attack,LBXPLTSI,Platelet Count (10^3/uL),BMXWAIST,Waist Circumference (cm),Ratio,4753,220.0,-0.7472993104785105,1.0358215509589389e-17,1700.8474980312014,-0.5659353319182681,3.80455882615633e-12,1732.6242054945928,0.3494079101887739,6.626860651523615e-08,1757.6386961233077,367298.6744323054,31.776707463391404,1.285847442569717e-16,5.59343637517827e-14,True,True
high_cholesterol_binary,High Cholesterol,LBXSCA,Calcium (mg/dL),BMXBMI,Body Mass Index (kg/m2),Ratio,5300,1732.0,-0.2752060739712599,2.0083409038034096e-19,6617.813462136643,0.1051925604465212,0.0003500220651786,6689.126780789757,0.2090753683378899,4.648497712895029e-13,6649.50219211336,2314595.945385404,31.688729976717696,2.816893735204782e-18,1.0845040880538411e-15,True,True
heart_attack_binary,Heart Attack,LBXTC,Total Cholesterol (mg/dL),LBXGLU,Fasting Glucose (mg/dL),Ratio,2386,126.0,-0.7304795308650515,3.3074664414945186e-13,933.6688564911012,-0.5070395708277661,1.7766349402178164e-06,965.2747688774714,0.3249216809926123,1.9838519823322548e-08,965.4502922514832,59981.01620755455,31.60591238637028,2.9183527424951635e-12,1.78603187840704e-09,True,True
stroke_binary,Stroke,systolic_bp,Systolic BP (mmHg),LBXSAL,Albumin (g/dL),Ratio,4676,223.0,0.5692309897191884,2.398577210616265e-25,1697.6243470436827,0.4904815952987288,7.501583749738989e-18,1729.2244630385412,-0.4239562273038516,1.4828182424601925e-11,1753.2629589365956,31275139.76425887,31.60011599485847,4.625827477617083e-24,1.295231693732783e-21,True,True
heart_attack_binary,Heart Attack,LBXTC,Total Cholesterol (mg/dL),BMXWAIST,Waist Circumference (cm),Ratio,4668,217.0,-0.696726179395561,1.6211666176020683e-16,1682.0063550165662,-0.5176298279336717,7.468273173268252e-11,1713.2882866890627,0.3545184700305501,5.1074804964728827e-08,1730.951113170297,460672.7705949725,31.281931672496512,1.820020734937873e-15,8.754299735051168e-13,True,True
hypertension_binary,Hypertension,LBXSCA,Calcium (mg/dL),BMXBMI,Body Mass Index (kg/m2),Ratio,5322,1856.0,-0.4836695840679991,1.387436174104541e-52,6633.285327237598,0.1211216302354307,2.9115349646256028e-05,6869.491078755328,0.4344796834856765,3.726844120826436e-47,6664.276812867773,268613.734482724,30.991485630174797,6.937180870522704e-51,7.492155340164521e-49,True,True
hypertension_binary,Hypertension,LBXSKSI,Potassium (mmol/L),LBXGH,"Glycohemoglobin (HbA1c, %)",Ratio,5404,1899.0,-0.5722731313785057,3.792972596747453e-74,6639.492156645592,-0.0015048195281663,0.9578891613076028,7010.96292943741,0.5780191106094269,6.580385813849476e-59,6670.483139421218,1734888836131398.2,30.990982775625525,4.452620004877444e-72,2.0482052022436246e-70,True,True
diabetes_binary,Diabetes,BMXBMI,Body Mass Index (kg/m2),LBDHDD,HDL Cholesterol (mg/dL),Ratio,6637,788.0,0.5739975103300733,2.077832159509373e-62,4559.479374790133,0.5527988803943933,5.045123251280467e-56,4590.363391340705,-0.5002363486311198,4.4855769125507836e-27,4708.793457620821,2428070.635152621,30.884016550571687,1.5162559001825154e-60,1.1220293661350614e-58,True,True
diabetes_binary,Diabetes,LBDHDD,HDL Cholesterol (mg/dL),LBXIN,Insulin (uIU/mL),Difference,2820,410.0,-0.6051137761919637,8.701732635351216e-23,2218.16109322236,-0.4727871809307107,9.558386730074994e-13,2283.967770014742,0.5145348419760499,4.482587020094172e-16,2248.9447928627924,5151372.959775209,30.78369964043304,1.477652711663414e-21,4.698935623089656e-19,True,True
diabetes_binary,Diabetes,LBXIN,Insulin (uIU/mL),LBDHDD,HDL Cholesterol (mg/dL),Difference,2820,410.0,0.6051137761919637,8.701732635351216e-23,2218.16109322236,0.5145348419760499,4.482587020094172e-16,2248.9447928627924,-0.4727871809307107,9.558386730074994e-13,2283.967770014742,5151372.959775209,30.78369964043304,1.477652711663414e-21,4.698935623089656e-19,True,True
stroke_binary,Stroke,LBXSAL,Albumin (g/dL),systolic_bp,Systolic BP (mmHg),Ratio,4676,223.0,-0.6957317384060654,5.899229719293269e-22,1698.4435871415449,-0.4239562273038516,1.4828182424601925e-11,1753.2629589365956,0.4904815952987288,7.501583749738989e-18,1729.2244630385412,12716.208906402246,30.78087589699635,9.537676791671752e-21,3.1855840484183652e-18,True,True
hypertension_binary,Hypertension,LBXSAL,Albumin (g/dL),LBXSCR,Creatinine Kidney (mg/dL),Difference,5410,1900.0,-0.686416160085654,3.3815977421400584e-60,6687.960220340588,-0.273023923210648,4.771311746212345e-21,6926.635780346481,0.831678232512139,7.735205043346477e-52,6718.715046481842,228744091.7928701,30.754826141253943,2.0750713417677633e-58,1.8260627807556316e-56,True,True
hypertension_binary,Hypertension,LBXSCR,Creatinine Kidney (mg/dL),LBXSAL,Albumin (g/dL),Difference,5410,1900.0,0.686416160085654,3.3815977421400584e-60,6687.960220340588,0.831678232512139,7.735205043346477e-52,6718.715046481842,-0.273023923210648,4.771311746212345e-21,6926.635780346481,228744091.7928701,30.754826141253943,2.0750713417677633e-58,1.8260627807556316e-56,True,True
arthritis_binary,Arthritis,LBXSUA,Uric Acid (mg/dL),LBXHGB,Hemoglobin (g/dL),Ratio,4897,1523.0,0.2495725630662893,3.8719747696033007e-16,6008.198093557968,0.1619833114309763,1.2740574393201332e-07,6047.452948795694,-0.1858900257624025,1.7023200586582186e-09,6038.865509697536,4396516.403004941,30.66741613956856,4.2239724759308735e-15,2.0908663755857823e-12,True,True
heart_attack_binary,Heart Attack,LBXSUA,Uric Acid (mg/dL),LBXTC,Total Cholesterol (mg/dL),Ratio,4900,243.0,0.4904493836708285,4.42044597710526e-21,1858.5967710441569,0.3143408807500344,2.481993827289045e-07,1912.2714955321453,-0.5010952582996173,2.425747411225612e-11,1889.1061207420491,5487562621.032456,30.509349697892503,6.789133823868062e-20,2.3870408276368406e-17,True,True
liver_condition_binary,Liver Condition,LBXSCA,Calcium (mg/dL),LBXSASSI,AST Liver Enzyme (U/L),Ratio,4887,269.0,-0.5604548861746815,2.1332331135187325e-17,2012.457379411076,-0.0326238192592619,0.6030981464600143,2086.64031095752,0.2742846655424148,1.19555810204024e-12,2042.9555687441243,56044.41888998183,30.49818933304823,2.606212401131483e-16,1.1519458813001157e-13,True,True
heart_attack_binary,Heart Attack,BMXBMI,Body Mass Index (kg/m2),BMXWAIST,Waist Circumference (cm),Ratio,4918,227.0,-0.6049008650225136,2.915933529538052e-13,1783.5640040104013,0.03317104157302,0.6199083805552206,1843.485034413084,0.3540072931708696,2.6644974621472953e-08,1813.9360258390532,91377.16738589064,30.372021828652123,2.5813182064763083e-12,1.574604105950548e-09,True,True
high_cholesterol_binary,High Cholesterol,diastolic_bp,Diastolic BP (mmHg),LBXHSCRP,hs-CRP Inflammation (mg/L),Ratio,5121,1694.0,-0.1793221749031977,8.36000294141295e-08,6473.65575367131,0.0307182854645321,0.3026919076474212,6503.9426941917045,0.0263707301431341,0.3610958036013016,6504.186620482913,3620715.324727654,30.28694052039464,4.3871735552604403e-07,0.0004514401588362993,True,True
arthritis_binary,Arthritis,LBXPLTSI,Platelet Count (10^3/uL),LBXHSCRP,hs-CRP Inflammation (mg/L),Ratio,4892,1519.0,-0.2984760109123847,4.7968091873415687e-14,5998.243158063586,-0.1191422995131569,0.0001729613605032,6050.863123277078,0.1866294912793798,9.71761796165846e-09,6028.34603400906,202585.043142899,30.102875945473897,4.609033738726774e-13,2.590276961164447e-10,True,True
high_cholesterol_binary,High Cholesterol,LBXSAL,Albumin (g/dL),LBXSCA,Calcium (mg/dL),Ratio,5386,1763.0,-0.2128799637142685,3.357814600130838e-13,6761.219250054953,-0.1414465333959145,1.0811283791529854e-06,6790.998864979955,0.1053066872640303,0.0003045765832112,6801.730944203903,3219738.1568084764,29.779614925002534,2.9579443459553876e-12,1.8132198840706525e-09,True,True
hypertension_binary,Hypertension,LBXSCR,Creatinine Kidney (mg/dL),LBXHGB,Hemoglobin (g/dL),Ratio,5407,1899.0,0.9988400907975062,1.501366878107242e-53,6684.18242372927,0.8343647159696328,5.349091360553968e-52,6713.841686346536,-0.1122289111529166,7.982006061646008e-05,6997.984448825489,35.628142851382954,29.659262617265995,7.648472775263309e-52,8.107381141779107e-50,True,True
heart_attack_binary,Heart Attack,diastolic_bp,Diastolic BP (mmHg),systolic_bp,Systolic BP (mmHg),Ratio,4987,239.0,-0.4435379544018322,1.833989393538157e-17,1859.1110348110728,-0.2571219182169703,2.0935286962254644e-05,1905.6818004132103,0.3478288604502486,1.1377179952346922e-09,1888.7044037569249,62035145.85434932,29.593368945852035,2.2662569165002395e-16,9.903542725106048e-14,True,True
high_cholesterol_binary,High Cholesterol,LBXSCA,Calcium (mg/dL),LBXHSCRP,hs-CRP Inflammation (mg/L),Ratio,5371,1758.0,-0.2091278089479713,4.761011362827384e-10,6752.657845310911,0.1073168623030118,0.0002382506060674,6782.168307762724,0.0359553866833114,0.2005415230186356,6794.123199347254,500420.1584722215,29.51046245181351,3.093797997505159e-09,2.570946135926787e-06,True,True
hypertension_binary,Hypertension,LBXSKSI,Potassium (mmol/L),BMXBMI,Body Mass Index (kg/m2),Ratio,5322,1856.0,-0.4844286162237169,3.8800601418295754e-52,6634.5980311636295,0.0041319338623315,0.8857574641514223,6887.069164658791,0.4347310335611218,3.3468703060564937e-47,6664.032827407284,86258.20692764664,29.43479624365409,1.922231629897221e-50,2.0952324765879707e-48,True,True
hypertension_binary,Hypertension,LBXPLTSI,Platelet Count (10^3/uL),LBXWBCSI,WBC Count (10^3/uL),Ratio,5540,1942.0,-0.2042137576507701,1.0162317016375118e-11,7132.786894998472,-0.1253922917570025,1.389830839218966e-05,7162.176007745988,0.2659260679894491,0.0001960510734075,7164.604385993293,1367631.8471264502,29.389112747515355,7.569174053575949e-11,5.4876511888425636e-08,True,True
arthritis_binary,Arthritis,LBXGH,"Glycohemoglobin (HbA1c, %)",LBXHGB,Hemoglobin (g/dL),Ratio,5001,1552.0,0.3387785549493479,8.206374481729143e-29,6069.779627897076,0.2958229312661752,1.8877031898222464e-22,6099.131423668179,-0.1885852343307578,6.829717316003231e-10,6160.669361244607,2300288.871809434,29.351795771102843,1.744662291391235e-27,4.431442220133737e-25,True,True
liver_condition_binary,Liver Condition,LBDHDD,HDL Cholesterol (mg/dL),LBXSASSI,AST Liver Enzyme (U/L),Ratio,4883,269.0,-0.601601376169066,8.240036503552772e-16,2013.4654866274807,-0.1652532884896209,0.015854968700967,2080.300064388496,0.2743230276274138,1.1990635991542525e-12,2042.503204050723,1455.1678243625067,29.03771742324193,8.79371484568873e-15,4.449619711918497e-12,True,True
arthritis_binary,Arthritis,LBXSCA,Calcium (mg/dL),LBXGH,"Glycohemoglobin (HbA1c, %)",Ratio,4896,1524.0,-0.3471620301057502,2.0309831213366621e-29,5946.353344195248,0.1144317020770454,0.0002227746091787,6062.488649316725,0.3006762432105569,1.365048599981383e-22,5975.351640724891,6721122.325639988,28.998296529643085,4.440206014258289e-28,1.0967308855217975e-25,True,True
heart_attack_binary,Heart Attack,LBXTC,Total Cholesterol (mg/dL),LBXSUA,Uric Acid (mg/dL),Ratio,4900,243.0,-0.7421289310448952,1.4953562514488693e-15,1860.1233636593656,-0.5010952582996173,2.425747411225612e-11,1889.1061207420491,0.3143408807500344,2.481993827289045e-07,1912.2714955321453,16221.869597129617,28.98275708268352,1.570996840043559e-14,8.074923757823894e-12,True,True
hypertension_binary,Hypertension,LBDHDD,HDL Cholesterol (mg/dL),LBXSAPSI,Alkaline Phosphatase (U/L),Ratio,5405,1899.0,-0.2339981307502599,7.670891693986818e-14,6951.893943838478,-0.0866138998587274,0.002946624239732,7002.845956780322,0.1587284463427107,4.023481497882516e-08,6980.761440523728,524512.8804303817,28.867496685250444,7.279818195771825e-13,4.142281514752882e-10,True,True
hypertension_binary,Hypertension,LBXSCA,Calcium (mg/dL),LBXPLTSI,Platelet Count (10^3/uL),Ratio,5405,1899.0,0.3190183684116865,1.834361062080236e-11,6963.487074138722,0.1154543422639873,5.661273572987979e-05,6995.514918666297,-0.128305264187745,1.1113797310340184e-05,6992.156013956561,605867.4892355548,28.66893981783869,1.3349797486837298e-10,9.905549735233274e-08,True,True
heart_attack_binary,Heart Attack,BMXWAIST,Waist Circumference (cm),BMXBMI,Body Mass Index (kg/m2),Ratio,4918,227.0,0.5260334137329178,3.6468871868194775e-14,1785.3151684039424,0.3540072931708696,2.6644974621472953e-08,1813.9360258390532,0.03317104157302,0.6199083805552206,1843.485034413084,730622.398131009,28.62085743511102,3.5229321661583504e-13,1.9693190808825177e-10,True,True
arthritis_binary,Arthritis,LBXHGB,Hemoglobin (g/dL),LBXHSCRP,hs-CRP Inflammation (mg/L),Ratio,4892,1519.0,-0.2875138930377527,6.32201031089767e-14,5999.967363512337,-0.1871154940916851,1.381805153014001e-09,6028.358327300583,0.1866294912793798,9.71761796165846e-09,6028.34603400906,21857.053137545376,28.378670496722407,6.042275341388924e-13,3.4138855678847416e-10,True,True
heart_attack_binary,Heart Attack,diastolic_bp,Diastolic BP (mmHg),BMXWAIST,Waist Circumference (cm),Ratio,4750,222.0,-0.5052721733510888,4.0212220236434245e-14,1741.6846259600993,-0.2859064057017063,3.235670102501915e-06,1777.5678527152302,0.3466306407300994,7.33179367838001e-08,1769.6300923757658,1823275.023182392,27.945466415666488,3.877606951370445e-13,2.1714598927674493e-10,True,True
liver_condition_binary,Liver Condition,LBXSNASI,Sodium (mmol/L),LBXSASSI,AST Liver Enzyme (U/L),Ratio,4887,269.0,-0.5523027572604514,8.186859861363545e-17,2015.0250545280423,-0.0174675894703848,0.7802074601586138,2086.83291222912,0.2742846655424148,1.19555810204024e-12,2042.9555687441243,14603.378124040786,27.930514216081747,9.486919152653035e-16,4.420904325136314e-13,True,True
thyroid_binary,Thyroid Problem,LBXSATSI,ALT Liver Enzyme (U/L),systolic_bp,Systolic BP (mmHg),Difference,4670,569.0,-0.3840904424259321,7.54214063850249e-17,3394.880525707159,-0.3058141110534968,2.968519009057319e-06,3437.5154511829687,0.2745092301634389,2.5985370462623087e-11,3422.73314831796,344535.745328962,27.85262261080061,8.815489057989924e-16,4.0727559447913445e-13,True,True
thyroid_binary,Thyroid Problem,systolic_bp,Systolic BP (mmHg),LBXSATSI,ALT Liver Enzyme (U/L),Difference,4670,569.0,0.3840904424259321,7.54214063850249e-17,3394.880525707159,0.2745092301634389,2.5985370462623087e-11,3422.73314831796,-0.3058141110534968,2.968519009057319e-06,3437.5154511829687,344535.745328962,27.85262261080061,8.815489057989924e-16,4.0727559447913445e-13,True,True
arthritis_binary,Arthritis,LBXSAPSI,Alkaline Phosphatase (U/L),LBXSATSI,ALT Liver Enzyme (U/L),Difference,4901,1524.0,0.2719096154383322,5.716089326574993e-17,6005.439181776181,0.211197897677544,2.2342009536828204e-11,6033.242885871554,-0.1461183056000906,3.8271597953864645e-05,6061.132245132731,390861.7983444854,27.803704095373178,6.769053149891439e-16,3.086688236350496e-13,True,True
arthritis_binary,Arthritis,LBXSATSI,ALT Liver Enzyme (U/L),LBXSAPSI,Alkaline Phosphatase (U/L),Difference,4901,1524.0,-0.2719096154383322,5.716089326574993e-17,6005.439181776181,-0.1461183056000906,3.8271597953864645e-05,6061.132245132731,0.211197897677544,2.2342009536828204e-11,6033.242885871554,390861.7983444854,27.803704095373178,6.769053149891439e-16,3.086688236350496e-13,True,True
heart_attack_binary,Heart Attack,BMXBMI,Body Mass Index (kg/m2),LBXSCR,Creatinine Kidney (mg/dL),Ratio,4829,236.0,-0.5450122597951421,3.6463455736663506e-10,1842.5558304638896,0.0560720982123853,0.3852090947255883,1888.2979486960244,0.1699731823534846,4.031625841877677e-06,1870.2952583189413,11056.620280298695,27.739427855051645,2.3838094549392606e-09,1.9690266097798293e-06,True,True
heart_attack_binary,Heart Attack,LBDLDL,LDL Cholesterol (mg/dL),LBXGLU,Fasting Glucose (mg/dL),Ratio,2361,125.0,-0.7633808657172609,3.333326506860387e-12,927.0625217893238,-0.5117386826015218,1.5159561726286198e-06,956.5142598469432,0.3358416542539786,4.634885624980568e-09,954.6673515963892,1390.4685350929217,27.60482980706547,2.5787912803790958e-11,1.799996313704609e-08,True,True
heart_attack_binary,Heart Attack,LBXSBU,BUN Kidney (mg/dL),LBXTC,Total Cholesterol (mg/dL),Ratio,4900,243.0,0.4472937826160281,2.0318296769777386e-21,1844.5744279951057,0.3985525882300365,2.342975413582649e-18,1872.0530678553653,-0.5010952582996173,2.425747411225612e-11,1889.1061207420491,1153.135737768988,27.47863986025982,3.180255146573852e-20,1.0971880255679788e-17,True,True
high_cholesterol_binary,High Cholesterol,LBXSUA,Uric Acid (mg/dL),LBXPLTSI,Platelet Count (10^3/uL),Ratio,5383,1762.0,0.3645872543713874,1.3972800884563168e-19,6724.861826398821,0.2216571274400089,2.2782058699132143e-14,6752.337844248625,-0.1678038858515412,2.5673653450676546e-08,6779.121179584861,163045.75501609876,27.47601784980361,1.970055477196896e-18,7.545312477664111e-16,True,True
liver_condition_binary,Liver Condition,LBXPLTSI,Platelet Count (10^3/uL),LBXSAPSI,Alkaline Phosphatase (U/L),Ratio,4897,269.0,-0.5741387995820407,9.962253117144959e-13,2029.1922754315085,-0.3098647053717732,7.84108299652925e-06,2066.793319062564,0.2883627543229678,1.8223670927356048e-08,2056.5532900359503,18292.720244171724,27.36101460444206,8.188153246968459e-12,5.3796166832582774e-09,True,True
liver_condition_binary,Liver Condition,LBXHGB,Hemoglobin (g/dL),LBXSASSI,AST Liver Enzyme (U/L),Ratio,4884,268.0,-0.5469233564593431,7.209614965704162e-17,2009.2198777600104,0.0916271011695331,0.1521476565808587,2078.80725914066,0.2759350682744053,9.082960576038806e-13,2036.4176584671652,12598.39897032792,27.197780707154838,8.46346104669619e-16,3.8931920814802473e-13,True,True
arthritis_binary,Arthritis,LBXSNASI,Sodium (mmol/L),LBXTR,Triglycerides (mg/dL),Ratio,2377,754.0,-0.2597826516188395,1.8274669526862093e-07,2944.3725035327,-0.0139408990692352,0.7517724949557637,2973.941900087959,0.0676333416211605,0.1198945882810675,2971.554154662708,656069.8025473646,27.181651130007594,9.336160401613558e-07,0.000986832154450553,True,True
heart_attack_binary,Heart Attack,systolic_bp,Systolic BP (mmHg),LBDHDD,HDL Cholesterol (mg/dL),Difference,4692,228.0,0.5085627348438156,8.701258646898495e-15,1768.910543095095,0.3464402197294328,3.759572350989633e-09,1795.9616656873031,-0.4012151920814796,9.036442901289788e-07,1800.7180094870685,432072.24420684326,27.05112259220823,8.733605333318192e-14,4.6986796693251873e-11,True,True
heart_attack_binary,Heart Attack,LBDHDD,HDL Cholesterol (mg/dL),systolic_bp,Systolic BP (mmHg),Difference,4692,228.0,-0.5085627348438156,8.701258646898495e-15,1768.910543095095,-0.4012151920814796,9.036442901289788e-07,1800.7180094870685,0.3464402197294328,3.759572350989633e-09,1795.9616656873031,432072.24420684326,27.05112259220823,8.733605333318192e-14,4.6986796693251873e-11,True,True
heart_attack_binary,Heart Attack,diastolic_bp,Diastolic BP (mmHg),LBXSUA,Uric Acid (mg/dL),Ratio,4671,228.0,-0.5769630675620843,4.305568718008223e-11,1777.5609573428865,-0.2841080979099392,2.989996382469004e-06,1805.554479649016,0.2967133608901805,2.547000797427261e-06,1804.573879631372,59155.96670828461,27.01292228848524,3.000009171257343e-10,2.3250071077244405e-07,True,True
hypertension_binary,Hypertension,LBXHGB,Hemoglobin (g/dL),LBXIN,Insulin (uIU/mL),Ratio,2598,930.0,-0.3632203316770084,2.7273457501770436e-10,3343.885445275469,-0.1140499529170444,0.0052448873213954,3385.2390960490998,0.2116469079745438,2.3783746030465515e-05,3370.808819355311,87204.7338659633,26.92337407984178,1.8004482947379015e-09,1.4727667050956035e-06,True,True
high_cholesterol_binary,High Cholesterol,LBXSAL,Albumin (g/dL),LBXHSCRP,hs-CRP Inflammation (mg/L),Ratio,5374,1758.0,-0.2287417118383167,1.9925400715650897e-11,6747.577487796992,-0.1413909305086537,1.12976953685993e-06,6774.362525423587,0.0362442467233399,0.1967957015001029,6796.474218311099,56699.96568613671,26.785037626595116,1.448144870316485e-10,1.0759716386451485e-07,True,True
diabetes_binary,Diabetes,LBXSATSI,ALT Liver Enzyme (U/L),LBXSASSI,AST Liver Enzyme (U/L),Ratio,5878,800.0,0.200363117866106,1.3248427171649152e-08,4649.90608471346,0.0703989511277876,0.0358395797126393,4676.688300612659,0.0012547869871775,0.9736056954410764,4680.788602793553,2705195.0581223634,26.7822158991994,7.43674706100888e-08,7.154150672690542e-05,True,True
arthritis_binary,Arthritis,LBXSBU,BUN Kidney (mg/dL),LBXSAL,Albumin (g/dL),Ratio,4900,1524.0,0.5177193424844152,1.6151428877536834e-46,5831.967031970966,0.4717808643119679,1.0551209089207993e-43,5858.730094092071,-0.261880069674787,4.119888786834632e-17,6007.25734046686,653.2678420720073,26.763062121105577,6.813884057710852e-45,8.721771593869891e-43,True,True
heart_attack_binary,Heart Attack,LBXPLTSI,Platelet Count (10^3/uL),LBXGLU,Fasting Glucose (mg/dL),Ratio,2428,127.0,-0.7660850228082942,1.2705088696801357e-12,944.819522206238,-0.4674161580877984,1.1431806352779123e-05,979.5273667714304,0.3445431528501215,1.0923544664685403e-09,971.3435453217512,859.7771275249363,26.524023115513387,1.022466154437069e-11,6.8607478962727325e-09,True,True
hypertension_binary,Hypertension,LBDHDD,HDL Cholesterol (mg/dL),LBXSATSI,ALT Liver Enzyme (U/L),Ratio,5405,1899.0,-0.1761684708550183,7.051369357739218e-09,6976.676510643797,-0.0866138998587274,0.002946624239732,7002.845956780322,0.0528842647267334,0.0585541357485033,7008.268362696437,417879.71814269,26.16944613652504,4.0943434980421265e-08,3.807739453179177e-05,True,True
diabetes_binary,Diabetes,LBDLDL,LDL Cholesterol (mg/dL),systolic_bp,Systolic BP (mmHg),Difference,2662,385.0,-0.6669193583994588,5.047960252778776e-27,2076.604421016823,-0.3559868046272647,7.812380133032748e-09,2168.3068588714177,0.5117145497604101,3.0951079234663755e-24,2102.5446776653234,613.1403118244832,25.940256648500508,1.0364633218633227e-25,2.725898536500539e-23,True,True
diabetes_binary,Diabetes,systolic_bp,Systolic BP (mmHg),LBDLDL,LDL Cholesterol (mg/dL),Difference,2662,385.0,0.6669193583994588,5.047960252778776e-27,2076.604421016823,0.5117145497604101,3.0951079234663755e-24,2102.5446776653234,-0.3559868046272647,7.812380133032748e-09,2168.3068588714177,613.1403118244832,25.940256648500508,1.0364633218633227e-25,2.725898536500539e-23,True,True
hypertension_binary,Hypertension,LBXHGB,Hemoglobin (g/dL),LBXSATSI,ALT Liver Enzyme (U/L),Ratio,5406,1899.0,-0.191529524301833,3.4848194521154793e-10,6971.362417593849,-0.111780900992094,8.52784228542875e-05,6997.244621416171,0.051934935134493,0.0631882565705847,7009.260890122625,244714.0347615965,25.88220382232157,2.280972732293768e-09,1.8818025041423588e-06,True,True
hypertension_binary,Hypertension,LBXSAL,Albumin (g/dL),LBXSUA,Uric Acid (mg/dL),Ratio,5408,1900.0,-0.5448716321126522,2.52094134930212e-54,6736.571317702616,-0.272973486221388,4.897345420153763e-21,6924.957903703611,0.4622658276189417,1.0620215712090687e-53,6762.42097665139,4.2127976182511,25.84965894877496,1.2964841224982332e-52,1.3613083286231448e-50,True,True
arthritis_binary,Arthritis,LBXHGB,Hemoglobin (g/dL),LBXSAPSI,Alkaline Phosphatase (U/L),Ratio,4898,1523.0,-0.2808987839075649,2.909640618262406e-16,6004.141398911221,-0.1851817269814433,1.953862705557624e-09,6039.883251617148,0.2101300737679521,2.814520003590273e-11,6029.897698923744,96730.84661813192,25.756300012522843,3.219684290700204e-15,1.5712059338616994e-12,True,True
high_cholesterol_binary,High Cholesterol,LBXPLTSI,Platelet Count (10^3/uL),LBXSATSI,ALT Liver Enzyme (U/L),Ratio,5384,1761.0,-0.2401096645986592,4.025476464765914e-13,6752.959862773692,-0.1672055654590212,2.873612501013046e-08,6778.70055609997,0.067830014195771,0.0166281465782194,6804.645630081267,71385.64903223574,25.740693326277324,3.5174066196983714e-12,2.1737572909735935e-09,True,True
diabetes_binary,Diabetes,LBXHGB,Hemoglobin (g/dL),LBXWBCSI,WBC Count (10^3/uL),Ratio,7524,818.0,-0.2044366696865215,3.8041414983098905e-07,5150.674168851837,-0.0045002601598093,0.9032631780708184,5177.911940353945,0.0341667861339683,0.1791185243521532,5176.186230541542,470851.37193695945,25.51206168970475,1.896801855112965e-06,0.002054236409087341,True,True
hypertension_binary,Hypertension,LBXSAL,Albumin (g/dL),LBXIN,Insulin (uIU/mL),Ratio,2595,930.0,-0.3555728050836567,3.0024600562154787e-10,3341.8888178921216,-0.1972314108109072,1.7898889552097045e-06,3367.2812526787884,0.2117429452981649,2.3920652583313998e-05,3368.158382169995,5961.4080510560125,25.39243478666685,1.972419015032066e-09,1.6213284303563585e-06,True,True
heart_attack_binary,Heart Attack,diastolic_bp,Diastolic BP (mmHg),BMXWAIST,Waist Circumference (cm),Difference,4750,222.0,-0.4703533202971228,8.018298563734841e-14,1744.353550909213,-0.2859064057017063,3.235670102501915e-06,1777.5678527152302,0.3466306407300994,7.33179367838001e-08,1769.6300923757658,914382.723479548,25.27654146655277,7.569722420309115e-13,4.329881224416814e-10,True,True
heart_attack_binary,Heart Attack,BMXWAIST,Waist Circumference (cm),diastolic_bp,Diastolic BP (mmHg),Difference,4750,222.0,0.4703533202971228,8.018298563734841e-14,1744.353550909213,0.3466306407300994,7.33179367838001e-08,1769.6300923757658,-0.2859064057017063,3.235670102501915e-06,1777.5678527152302,914382.723479548,25.27654146655277,7.569722420309115e-13,4.329881224416814e-10,True,True
hypertension_binary,Hypertension,LBXSNASI,Sodium (mmol/L),systolic_bp,Systolic BP (mmHg),Ratio,5149,1819.0,-1.0087290959591284,8.808255219615676e-159,5768.781229568096,0.0447372934423743,0.1257849596261831,6689.677235705264,0.97974485673952,6.83034320001022e-152,5794.039405643514,7754479.212635987,25.258176075418305,1.5854859395308218e-155,4.7564578185924655e-155,True,True
liver_condition_binary,Liver Condition,LBXPLTSI,Platelet Count (10^3/uL),LBXSASSI,AST Liver Enzyme (U/L),Ratio,4884,268.0,-0.6482391764913481,1.2558656165097038e-14,2011.1613666890264,-0.3090961456393242,8.520569857712635e-06,2059.8073040772024,0.2759350682744053,9.082960576038806e-13,2036.4176584671652,72.3243033062895,25.2562917781388,1.246631310505956e-13,6.7816743291524e-11,True,True
hypertension_binary,Hypertension,LBXTC,Total Cholesterol (mg/dL),LBDLDL,LDL Cholesterol (mg/dL),Difference,2582,919.0,0.2142682420970447,1.9070318223910047e-07,3338.492654393808,0.0268070736221232,0.5133416173958737,3365.532938775212,-0.0624406290777053,0.1323471375824914,3363.679372675211,693995.4332621299,25.18671828140305,9.71506777444474e-07,0.0010297971840911426,True,True
hypertension_binary,Hypertension,LBDLDL,LDL Cholesterol (mg/dL),LBXTC,Total Cholesterol (mg/dL),Difference,2582,919.0,-0.2142682420970447,1.9070318223910047e-07,3338.492654393808,-0.0624406290777053,0.1323471375824914,3363.679372675211,0.0268070736221232,0.5133416173958737,3365.532938775212,693995.4332621299,25.18671828140305,9.71506777444474e-07,0.0010297971840911426,True,True
heart_attack_binary,Heart Attack,diastolic_bp,Diastolic BP (mmHg),LBXGH,"Glycohemoglobin (HbA1c, %)",Ratio,4770,230.0,-0.5243491230574198,5.7417420791847425e-18,1777.3934300034257,-0.2746851539534709,5.7904161904971805e-06,1828.4670772621575,0.332179312167589,5.934243087737888e-14,1802.3955244715871,10335.265858163517,25.00209446816143,7.27826460741728e-17,3.100540722759761e-14,True,True
stroke_binary,Stroke,LBXHGB,Hemoglobin (g/dL),LBXGH,"Glycohemoglobin (HbA1c, %)",Ratio,5007,241.0,-0.4314843275279472,2.515137888523542e-12,1889.309779481947,-0.2976940155071361,1.442622727912282e-06,1914.293505766565,0.2090979130042794,2.089125419234549e-05,1921.400774798013,573575.9993497386,24.983726284617887,1.9655202023194105e-11,1.3581744598027126e-08,True,True
high_cholesterol_binary,High Cholesterol,LBDHDD,HDL Cholesterol (mg/dL),LBXHSCRP,hs-CRP Inflammation (mg/L),Ratio,5379,1758.0,-0.2100808427812927,5.236581925665309e-10,6758.918958151898,-0.1270340704566575,2.5953270727120454e-05,6783.8738157672615,0.0358925930672879,0.2011043395542675,6800.465206318455,49561.471768291085,24.954857615363835,3.3946629530123247e-09,2.8277542398592666e-06,True,True
arthritis_binary,Arthritis,LBXSNASI,Sodium (mmol/L),LBXGLU,Fasting Glucose (mg/dL),Ratio,2379,755.0,-0.3716025405352056,8.105982730056852e-17,2905.478888962189,-0.01326798144816,0.7632614987624008,2977.010495792775,0.2929034091974838,3.706458265643719e-11,2930.2709630581485,457249.7116111823,24.79207409595938,9.41339929942086e-16,4.3772306742307e-13,True,True
arthritis_binary,Arthritis,diastolic_bp,Diastolic BP (mmHg),LBXSCR,Creatinine Kidney (mg/dL),Ratio,4669,1456.0,-0.2328524906862773,1.7360621424610242e-12,5747.317093256566,-0.0994654009176175,0.0015651477488643,5788.872116263388,0.1759644109491345,5.788950500572379e-06,5771.987906263264,3334529.5418780465,24.670813006698157,1.3766131526122659e-11,9.374735569289531e-09,True,True
hypertension_binary,Hypertension,LBXHGB,Hemoglobin (g/dL),LBXSAPSI,Alkaline Phosphatase (U/L),Ratio,5406,1899.0,-0.2240768978978373,3.8318955786033163e-13,6956.839859394864,-0.111780900992094,8.52784228542875e-05,6997.244621416171,0.1591838555346207,3.6924999325515276e-08,6981.450508192728,96362.22743568088,24.610648797864087,3.3536849472379106e-12,2.069223612445791e-09,True,True
arthritis_binary,Arthritis,LBXHGB,Hemoglobin (g/dL),systolic_bp,Systolic BP (mmHg),Ratio,4777,1487.0,-0.4566519373809271,5.613935436134461e-44,5724.490133143493,-0.1884316741788276,1.6246339523472327e-09,5892.083862842004,0.4160578157561276,1.8955030608253434e-39,5749.087966886795,33764.24760115364,24.597833743301635,2.1653750967947205e-42,3.031525135512609e-40,True,True
heart_attack_binary,Heart Attack,LBXGLU,Fasting Glucose (mg/dL),LBXTC,Total Cholesterol (mg/dL),Ratio,2386,126.0,0.452601660581358,1.546637552377987e-14,940.8928268836164,0.3249216809926123,1.9838519823322548e-08,965.4502922514832,-0.5070395708277661,1.7766349402178164e-06,965.2747688774714,1282687.064776128,24.381941993855094,1.5212828384045773e-13,8.351842782841129e-11,True,True
high_cholesterol_binary,High Cholesterol,LBXPLTSI,Platelet Count (10^3/uL),LBXHSCRP,hs-CRP Inflammation (mg/L),Ratio,5379,1758.0,-0.2509988411000239,1.8080365320329457e-12,6744.909352971908,-0.1703693248542495,1.6599960342924766e-08,6769.286533510307,0.0367274013651666,0.1906392005251936,6800.388255158594,9181.20848158962,24.377180538399443,1.431583177855998e-11,9.763397272977907e-09,True,True
hypertension_binary,Hypertension,LBXHSCRP,hs-CRP Inflammation (mg/L),LBXPLTSI,Platelet Count (10^3/uL),Ratio,5401,1893.0,0.3431609980360959,3.8841203421606543e-19,6893.4906376028,0.2890298104258881,8.683608740812606e-16,6917.802038885605,-0.1270155101244844,1.382725515636234e-05,6981.745411978705,2235.6693345866047,24.31140128280458,5.36425827306075e-18,2.097424984766753e-15,True,True
heart_attack_binary,Heart Attack,LBDLDL,LDL Cholesterol (mg/dL),LBXTR,Triglycerides (mg/dL),Ratio,2361,125.0,-0.8657769410553466,8.564199987449733e-10,932.3153313581904,-0.5117386826015218,1.5159561726286198e-06,956.5142598469432,0.1937330349651422,0.0164847431265597,976.5963294541592,1770.1083286823673,24.198928488752927,5.402649524793055e-09,4.6246679932228554e-06,True,True
arthritis_binary,Arthritis,LBXSNASI,Sodium (mmol/L),LBXSCR,Creatinine Kidney (mg/dL),Ratio,4902,1524.0,-0.23156670985907,9.103809751666308e-13,6027.622946763806,-0.0116719380512182,0.7051256407795565,6080.510525485036,0.1797453784366565,2.69505926808438e-06,6051.684309208539,2960364.222891512,24.06136244473328,7.528418477641357e-12,4.916057265899806e-09,True,True
arthritis_binary,Arthritis,LBXSAPSI,Alkaline Phosphatase (U/L),LBXHGB,Hemoglobin (g/dL),Ratio,4898,1523.0,0.2568918895652114,2.543152807065006e-16,6005.882393092141,0.2101300737679521,2.814520003590273e-11,6029.897698923744,-0.1851817269814433,1.953862705557624e-09,6039.883251617148,110670.5029981445,24.015305831602745,2.82572534118334e-15,1.3733025158151033e-12,True,True
heart_attack_binary,Heart Attack,BMXWAIST,Waist Circumference (cm),LBXTC,Total Cholesterol (mg/dL),Difference,4668,217.0,0.6255508068467678,5.851509295766703e-16,1689.354929621909,0.3545184700305501,5.1074804964728827e-08,1730.951113170297,-0.5176298279336717,7.468273173268252e-11,1713.2882866890627,127629.8608748892,23.933357067153796,6.269474245464324e-15,3.1598150197140195e-12,True,True
heart_attack_binary,Heart Attack,LBXTC,Total Cholesterol (mg/dL),BMXWAIST,Waist Circumference (cm),Difference,4668,217.0,-0.6255508068467678,5.851509295766703e-16,1689.354929621909,-0.5176298279336717,7.468273173268252e-11,1713.2882866890627,0.3545184700305501,5.1074804964728827e-08,1730.951113170297,127629.8608748892,23.933357067153796,6.269474245464324e-15,3.1598150197140195e-12,True,True
high_cholesterol_binary,High Cholesterol,LBXPLTSI,Platelet Count (10^3/uL),LBXSCR,Creatinine Kidney (mg/dL),Ratio,5385,1762.0,-0.2739941874948384,7.53687113620695e-18,6733.391931777916,-0.1676323042003814,2.6432301940325088e-08,6780.765578157531,0.2699060710313798,2.8314189401786616e-10,6756.976759199439,37567564.69639759,23.58482742152228,9.421088920258686e-17,4.069910413551753e-14,True,True
heart_attack_binary,Heart Attack,LBXPLTSI,Platelet Count (10^3/uL),LBXSUA,Uric Acid (mg/dL),Ratio,4901,243.0,-0.776218919122817,1.8476645783839235e-15,1858.61459340214,-0.5496320873136608,1.0536675218072901e-12,1881.9999175437192,0.3138948619548859,2.597306326170235e-07,1912.4534677741797,570.2699148613273,23.385324141579304,1.9298624222965545e-14,9.977388723273186e-12,True,True
heart_attack_binary,Heart Attack,LBXGLU,Fasting Glucose (mg/dL),LBXTC,Total Cholesterol (mg/dL),Difference,2386,126.0,0.5461002256187769,2.11002597328312e-13,941.8982826551452,0.3249216809926123,1.9838519823322548e-08,965.4502922514832,-0.5070395708277661,1.7766349402178164e-06,965.2747688774714,94020.2636105686,23.376486222326093,1.9021936987861182e-12,1.1394140255728848e-09,True,True
heart_attack_binary,Heart Attack,LBXTC,Total Cholesterol (mg/dL),LBXGLU,Fasting Glucose (mg/dL),Difference,2386,126.0,-0.5461002256187769,2.11002597328312e-13,941.8982826551452,-0.5070395708277661,1.7766349402178164e-06,965.2747688774714,0.3249216809926123,1.9838519823322548e-08,965.4502922514832,94020.2636105686,23.376486222326093,1.9021936987861182e-12,1.1394140255728848e-09,True,True
hypertension_binary,Hypertension,LBDLDL,LDL Cholesterol (mg/dL),LBXTC,Total Cholesterol (mg/dL),Ratio,2582,919.0,-0.2070156830472498,4.691891561297102e-07,3340.4151731981283,-0.0624406290777053,0.1323471375824914,3363.679372675211,0.0268070736221232,0.5133416173958737,3365.532938775212,282076.29237258685,23.26419947708291,2.3222927984421954e-06,0.002533621443100435,True,True
hypertension_binary,Hypertension,LBXTR,Triglycerides (mg/dL),LBXTC,Total Cholesterol (mg/dL),Ratio,2606,931.0,0.3290178900296283,3.9605486261742885e-11,3349.165471408685,0.2550807657149843,1.1082697144955417e-06,3372.3845856986127,0.0255563743105733,0.5309271594827208,3400.898923520591,27982.732169257062,23.2191142899278,2.770331940588233e-10,2.1386962581341157e-07,True,True
diabetes_binary,Diabetes,LBXSCA,Calcium (mg/dL),systolic_bp,Systolic BP (mmHg),Ratio,5600,763.0,-0.5550638572486012,2.152085337719576e-42,4266.838330923556,-0.0708192740363695,0.0691314157521773,4459.38562534491,0.4718361836385634,2.395324594154484e-40,4289.998309144645,111.30249122428636,23.15997822108875,7.696199220983915e-41,1.162126082368571e-38,True,True
diabetes_binary,Diabetes,LBXSAPSI,Alkaline Phosphatase (U/L),LBXWBCSI,WBC Count (10^3/uL),Ratio,5896,799.0,-0.2742270558877582,1.197315911403394e-06,4652.046173577541,-0.1126622412104427,0.0111035121289403,4675.181250031244,0.0440097401924446,0.1662533836069412,4680.024775176536,9273.669566393482,23.13507645370373,5.6516660153656706e-06,0.006465505921578327,True,True
hypertension_binary,Hypertension,LBXSNASI,Sodium (mmol/L),LBXPLTSI,Platelet Count (10^3/uL),Ratio,5408,1900.0,0.2979951172151013,2.6291334743531887e-10,6972.817854795457,0.0338307833007774,0.2357708886917727,7014.247426579992,-0.128369999097973,1.094803579034735e-05,6995.949669733793,41641.23235713908,23.131814938335992,1.7377381593032092e-09,1.419732076150722e-06,True,True
arthritis_binary,Arthritis,LBXHGB,Hemoglobin (g/dL),LBXTR,Triglycerides (mg/dL),Ratio,2385,756.0,-0.2844616675581534,1.4550473771446713e-08,2947.981622968436,-0.1525895314970195,0.0005031739718613,2971.0943773234085,0.0654461537904593,0.1306863177583242,2980.8722381258085,34581.277542233605,23.11275435497282,8.100263749052809e-08,7.857255836581225e-05,True,True
hypertension_binary,Hypertension,LBXPLTSI,Platelet Count (10^3/uL),LBXIN,Insulin (uIU/mL),Ratio,2598,930.0,-0.3354072021119335,7.91885038897833e-10,3347.747542184401,-0.0990932030407685,0.0173593436050725,3387.303126521164,0.2116469079745438,2.3783746030465515e-05,3370.808819355311,30034.34193373368,23.06127717090976,5.046095414424863e-09,4.276179210048298e-06,True,True
high_cholesterol_binary,High Cholesterol,LBXSAPSI,Alkaline Phosphatase (U/L),LBXHSCRP,hs-CRP Inflammation (mg/L),Ratio,5372,1757.0,-0.2010744481485609,1.2492913788126384e-08,6757.933219971621,0.1075975424496414,0.0001851321358403,6780.986655816229,0.0361075915529673,0.1986178247660802,6793.460190188527,14818.97169708363,23.05343584460843,7.04929304659169e-08,6.746173445588247e-05,True,True
heart_attack_binary,Heart Attack,LBDLDL,LDL Cholesterol (mg/dL),systolic_bp,Systolic BP (mmHg),Difference,2246,116.0,-0.6691961619933983,3.571288766725728e-11,871.7516586242455,-0.5034576389709096,5.312962992544127e-06,894.6301887171505,0.400803326254861,8.406089498725662e-07,895.2374680828416,23537.971997802448,22.878530092905063,2.504540174067393e-10,1.928495934031893e-07,True,True
heart_attack_binary,Heart Attack,systolic_bp,Systolic BP (mmHg),LBDLDL,LDL Cholesterol (mg/dL),Difference,2246,116.0,0.6691961619933983,3.571288766725728e-11,871.7516586242455,0.400803326254861,8.406089498725662e-07,895.2374680828416,-0.5034576389709096,5.312962992544127e-06,894.6301887171505,23537.971997802448,22.878530092905063,2.504540174067393e-10,1.928495934031893e-07,True,True
heart_attack_binary,Heart Attack,LBXSNASI,Sodium (mmol/L),LBXGH,"Glycohemoglobin (HbA1c, %)",Ratio,4903,243.0,-0.4510771465825232,4.617558896532478e-18,1872.1555118730744,-0.0358434236380353,0.5843222468936328,1937.6610846312667,0.3196183807482468,2.605167596395396e-13,1895.028320816544,56418.71938767748,22.87280894346964,5.867016009711855e-17,2.4934818041275384e-14,True,True
diabetes_binary,Diabetes,LBDHDD,HDL Cholesterol (mg/dL),LBXSKSI,Potassium (mmol/L),Ratio,5889,798.0,-0.5207530550013068,1.7536604898120088e-27,4539.962979379029,-0.4652506476913781,1.4048065568127668e-23,4562.650121811563,0.2707092596394052,3.7064647829041944e-13,4624.245286999643,8010.70996908507,22.68714243253362,3.6562805579092074e-26,9.469766644984848e-24,True,True
arthritis_binary,Arthritis,LBXPLTSI,Platelet Count (10^3/uL),LBXSAPSI,Alkaline Phosphatase (U/L),Ratio,4898,1523.0,-0.2737248690618627,1.1911041457956441e-15,6007.21373724307,-0.1202308819235115,0.0001487683470233,6061.411421321462,0.2101300737679521,2.814520003590273e-11,6029.897698923744,23629.503881125405,22.683961680673747,1.2562426537688435e-14,6.4319623872964786e-12,True,True
arthritis_binary,Arthritis,LBXSKSI,Potassium (mmol/L),LBXTR,Triglycerides (mg/dL),Ratio,2375,754.0,-0.2612807504719853,2.0796367643038587e-07,2942.908061204408,0.019520349780797,0.6576644987315355,2972.3186423296183,0.112764492535732,0.0083881868211872,2965.5840149045084,40334.86503589086,22.675953700100308,1.0524872096758048e-06,0.0011230038527240836,True,True
arthritis_binary,Arthritis,LBXPLTSI,Platelet Count (10^3/uL),LBXTR,Triglycerides (mg/dL),Ratio,2385,756.0,-0.2393804719256092,2.0821935993580018e-06,2958.5070035164927,-0.0557928267948842,0.2100768677602893,2981.629382032396,0.0654461537904593,0.1306863177583242,2980.8722381258085,62763.76884388584,22.36523460931585,9.536764577212223e-06,0.01124384543653321,True,True
heart_attack_binary,Heart Attack,systolic_bp,Systolic BP (mmHg),LBXPLTSI,Platelet Count (10^3/uL),Difference,4781,231.0,0.6425126794951954,5.056376442025337e-17,1778.521934434998,0.3573146854267732,8.208723567204756e-10,1819.9975142861765,-0.5510122474246594,2.435396707714944e-12,1800.6514672960889,48164.86145045489,22.129532861090865,6.0541979571922e-16,2.730443278693682e-13,True,True
heart_attack_binary,Heart Attack,LBXPLTSI,Platelet Count (10^3/uL),systolic_bp,Systolic BP (mmHg),Difference,4781,231.0,-0.6425126794951954,5.056376442025337e-17,1778.521934434998,-0.5510122474246594,2.435396707714944e-12,1800.6514672960889,0.3573146854267732,8.208723567204756e-10,1819.9975142861765,48164.86145045489,22.129532861090865,6.0541979571922e-16,2.730443278693682e-13,True,True
diabetes_binary,Diabetes,LBXSKSI,Potassium (mmol/L),LBDLDL,LDL Cholesterol (mg/dL),Ratio,2796,402.0,0.3780992655555243,2.306941985868323e-15,2243.7051671577187,0.1908244136208608,0.0003420063632732,2293.811160374986,-0.371689376834747,8.251707420502964e-10,2265.7566424716897,357690.2874476516,22.05147531397097,2.391072307809778e-14,1.2457486723688944e-11,True,True
hypertension_binary,Hypertension,LBXSCR,Creatinine Kidney (mg/dL),LBXSKSI,Potassium (mmol/L),Ratio,5407,1899.0,0.8271561638281466,3.1425413590561447e-56,6692.896558595838,0.832194365086712,7.982032753636445e-52,6714.905198613224,-0.0006871145077274,0.9807609330929934,7013.561927666399,25399.929043523647,22.008640017385915,1.7141134685760788e-54,1.696972333890318e-52,True,True
diabetes_binary,Diabetes,LBXSAL,Albumin (g/dL),LBXSKSI,Potassium (mmol/L),Ratio,5895,799.0,-0.4757384979187397,3.551412417236919e-32,4535.505865791667,-0.415008987591478,8.345118017637741e-29,4557.49977406747,0.2702544683966133,3.919715296966924e-13,4629.810096320443,2349.802567883805,21.993908275802823,8.37450963016566e-31,1.9177627053079361e-28,True,True
diabetes_binary,Diabetes,LBXHSCRP,hs-CRP Inflammation (mg/L),LBXPLTSI,Platelet Count (10^3/uL),Difference,7240,801.0,0.4320035156992597,7.999097797321483e-24,4929.988957898939,0.2690955972272006,1.1292463390001605e-20,4951.924943057611,-0.3728439046893765,1.1411172364018452e-18,4956.504658330871,1411.7171306222704,21.935985158672334,1.4070074301477526e-22,4.319512810553601e-20,True,True
diabetes_binary,Diabetes,LBXPLTSI,Platelet Count (10^3/uL),LBXHSCRP,hs-CRP Inflammation (mg/L),Difference,7240,801.0,-0.4320035156992597,7.999097797321483e-24,4929.988957898939,-0.3728439046893765,1.1411172364018452e-18,4956.504658330871,0.2690955972272006,1.1292463390001605e-20,4951.924943057611,1411.7171306222704,21.935985158672334,1.4070074301477526e-22,4.319512810553601e-20,True,True
diabetes_binary,Diabetes,systolic_bp,Systolic BP (mmHg),LBDLDL,LDL Cholesterol (mg/dL),Ratio,2662,385.0,0.5427579797062797,9.806114967860584e-27,2080.675431411241,0.5117145497604101,3.0951079234663755e-24,2102.5446776653234,-0.3559868046272647,7.812380133032748e-09,2168.3068588714177,315.63039324039664,21.869246254082555,2.0057962434260283e-25,5.295302082644716e-23,True,True
arthritis_binary,Arthritis,LBXSBU,BUN Kidney (mg/dL),LBXHGB,Hemoglobin (g/dL),Difference,4897,1523.0,0.4992282027410236,7.194584114112237e-47,5833.63222962868,0.4712423152116928,1.3395599475607817e-43,5855.4812170383775,-0.1858900257624025,1.7023200586582186e-09,6038.865509697536,1861.9004605606367,21.848987409697656,3.059114505213077e-45,3.885075421620608e-43,True,True
arthritis_binary,Arthritis,LBXHGB,Hemoglobin (g/dL),LBXSBU,BUN Kidney (mg/dL),Difference,4897,1523.0,-0.4992282027410236,7.194584114112237e-47,5833.63222962868,-0.1858900257624025,1.7023200586582186e-09,6038.865509697536,0.4712423152116928,1.3395599475607817e-43,5855.4812170383775,1861.9004605606367,21.848987409697656,3.059114505213077e-45,3.885075421620608e-43,True,True
high_cholesterol_binary,High Cholesterol,LBXSKSI,Potassium (mmol/L),LBXHSCRP,hs-CRP Inflammation (mg/L),Ratio,5371,1755.0,-0.2036901792820274,9.793710032607166e-10,6750.139287670878,0.1283897662526575,1.0010296587889264e-05,6771.8555755425405,0.0362962068020992,0.1963480373292893,6789.763253994535,10221.148629641875,21.716287871662644,6.128161549951181e-09,5.2886034176078695e-06,True,True
thyroid_binary,Thyroid Problem,systolic_bp,Systolic BP (mmHg),LBXHGB,Hemoglobin (g/dL),Ratio,4779,583.0,0.3212265456643804,5.4715926250732105e-17,3482.8956313708445,0.2668897581877055,5.849877191802827e-11,3507.8471938855423,-0.2858963265806223,1.902358120612681e-11,3504.594136039158,347679.0490387115,21.69850466831349,6.508061712642144e-16,2.9546600175395335e-13,True,True
arthritis_binary,Arthritis,LBXSNASI,Sodium (mmol/L),LBXHSCRP,hs-CRP Inflammation (mg/L),Ratio,4890,1518.0,-0.2693164302097633,8.906195043046352e-13,6003.500068263616,-0.0058244946103133,0.8505049944333404,6062.125267517868,0.1868635579070582,9.436697790163024e-09,6025.193693779974,10595.655882846257,21.693625516357315,7.398992804992355e-12,4.80934532324503e-09,True,True
heart_attack_binary,Heart Attack,LBXPLTSI,Platelet Count (10^3/uL),BMXWAIST,Waist Circumference (cm),Difference,4753,220.0,-0.6664037820271163,1.5855778590773922e-16,1711.203789679267,-0.5659353319182681,3.80455882615633e-12,1732.6242054945928,0.3494079101887739,6.626860651523615e-08,1757.6386961233077,23994.777704389147,21.420415815325896,1.783775091462066e-15,8.562120439017918e-13,True,True
heart_attack_binary,Heart Attack,BMXWAIST,Waist Circumference (cm),LBXPLTSI,Platelet Count (10^3/uL),Difference,4753,220.0,0.6664037820271163,1.5855778590773922e-16,1711.203789679267,0.3494079101887739,6.626860651523615e-08,1757.6386961233077,-0.5659353319182681,3.80455882615633e-12,1732.6242054945928,23994.777704389147,21.420415815325896,1.783775091462066e-15,8.562120439017918e-13,True,True
hypertension_binary,Hypertension,LBXSNASI,Sodium (mmol/L),LBXSATSI,ALT Liver Enzyme (U/L),Ratio,5409,1900.0,-0.1467309911784362,1.0129548243308438e-06,6991.69682367339,0.0330230835140121,0.2470963294084991,7015.179186715701,0.0521879503505106,0.0618484994135997,7013.048632354912,61057.51009622445,21.351808681522016,4.8235944015754464e-06,0.005469956051386556,True,True
heart_attack_binary,Heart Attack,LBDLDL,LDL Cholesterol (mg/dL),LBXGLU,Fasting Glucose (mg/dL),Difference,2361,125.0,-0.5222194842203285,1.1800971661152893e-13,933.3690843682202,-0.5117386826015218,1.5159561726286198e-06,956.5142598469432,0.3358416542539786,4.634885624980568e-09,954.6673515963892,39275.45763234011,21.29826722816904,1.0968200855460522e-12,6.372524697022562e-10,True,True
heart_attack_binary,Heart Attack,LBXGLU,Fasting Glucose (mg/dL),LBDLDL,LDL Cholesterol (mg/dL),Difference,2361,125.0,0.5222194842203285,1.1800971661152893e-13,933.3690843682202,0.3358416542539786,4.634885624980568e-09,954.6673515963892,-0.5117386826015218,1.5159561726286198e-06,956.5142598469432,39275.45763234011,21.29826722816904,1.0968200855460522e-12,6.372524697022562e-10,True,True
arthritis_binary,Arthritis,diastolic_bp,Diastolic BP (mmHg),systolic_bp,Systolic BP (mmHg),Ratio,4982,1528.0,-0.4425112773270393,1.7191759156408732e-43,5940.609323287581,-0.1010786096414903,0.0009603890229955,6135.288739903826,0.413630541959646,1.6595222630474367e-40,5961.854742930711,965.301018906376,21.24541964312993,6.315340098272595e-42,9.283549944460716e-40,True,True
arthritis_binary,Arthritis,LBXTC,Total Cholesterol (mg/dL),LBXHSCRP,hs-CRP Inflammation (mg/L),Ratio,4892,1519.0,-0.2706722654662588,1.3187795417051297e-12,6007.114026731086,-0.0114658943092168,0.711024444864877,6065.106222773522,0.1868557003273776,9.403987372882866e-09,6028.265833540032,7130.825945877113,21.15180680894628,1.0581589190501783e-11,7.1214095252077e-09,True,True
hypertension_binary,Hypertension,LBDLDL,LDL Cholesterol (mg/dL),LBXIN,Insulin (uIU/mL),Ratio,2572,917.0,-0.3173202267247928,9.221549551459189e-09,3314.985995915292,-0.0618529133083241,0.1366055655041891,3352.5535128163856,0.193129377207475,9.659870045202902e-05,3336.124342626802,10475.321952452508,21.13834671151062,5.297485912540385e-08,4.979636757787962e-05,True,True
thyroid_binary,Thyroid Problem,diastolic_bp,Diastolic BP (mmHg),systolic_bp,Systolic BP (mmHg),Ratio,4985,591.0,-0.3199906249582046,2.928973736707165e-16,3570.062919976487,-0.1411730769831772,0.0009013425401196,3622.6468930649007,0.2679942617071941,2.760075283089296e-11,3591.178055820149,94233.52789063416,21.115135843661847,3.234449525198096e-15,1.581645817821869e-12,True,True
heart_attack_binary,Heart Attack,LBDHDD,HDL Cholesterol (mg/dL),LBXSUA,Uric Acid (mg/dL),Ratio,4900,243.0,-0.5690645611646037,9.878575242023104e-10,1891.335151709994,-0.3725435608382727,2.1714648526206217e-06,1912.6019463191649,0.3143408807500344,2.481993827289045e-07,1912.2714955321453,251.2501819827956,20.93634382215123,6.17410952626444e-09,5.334430630692476e-06,True,True
diabetes_binary,Diabetes,LBDLDL,LDL Cholesterol (mg/dL),LBXTC,Total Cholesterol (mg/dL),Ratio,2806,403.0,-0.4097224743925896,1.900894325155902e-15,2250.656179837272,-0.3754052628781449,5.421583435159036e-10,2271.5250396991323,-0.2838179183253873,1.189394542625617e-06,2288.260431846995,285212.24790938257,20.868859861860983,1.9816272887725618e-14,1.0264829355841869e-11,True,True
hypertension_binary,Hypertension,LBXTC,Total Cholesterol (mg/dL),LBDLDL,LDL Cholesterol (mg/dL),Ratio,2582,919.0,0.1959716787561455,2.260802050693579e-06,3342.817789232666,0.0268070736221232,0.5133416173958737,3365.532938775212,-0.0624406290777053,0.1323471375824914,3363.679372675211,58539.90513759901,20.861583442545,1.0328537287432595e-05,0.012208331073745327,True,True
high_cholesterol_binary,High Cholesterol,LBXSASSI,AST Liver Enzyme (U/L),LBXHSCRP,hs-CRP Inflammation (mg/L),Ratio,5356,1753.0,-0.1557014924812082,8.762239936796761e-06,6754.182369300692,0.0245655965244428,0.3878427770602201,6775.899751801837,0.0358195171791925,0.2029200034093427,6775.04220753982,23158.462319342143,20.85983823912829,3.806604638672768e-05,0.04731609565870251,True,True
stroke_binary,Stroke,LBXSAPSI,Alkaline Phosphatase (U/L),LBXTC,Total Cholesterol (mg/dL),Ratio,4903,238.0,0.3640932421882764,2.968541011417985e-14,1858.753151842944,0.2830263047777023,6.438977747281708e-08,1879.5903658718107,-0.2505862141434288,0.0004286796756334,1895.3472540710152,2169071.5144292368,20.83721402886704,2.877939221123361e-13,1.603012146165712e-10,True,True
arthritis_binary,Arthritis,LBXPLTSI,Platelet Count (10^3/uL),LBXSCR,Creatinine Kidney (mg/dL),Ratio,4899,1523.0,-0.2284809043559414,8.185922579544717e-12,6027.370791106161,-0.1199855977157886,0.000153246676598,6062.2137417058775,0.1784387923358955,3.0217596770599583e-06,6048.197187874948,369141.0036800057,20.826396768787163,6.147980796876421e-11,4.420398192954147e-08,True,True
arthritis_binary,Arthritis,LBDLDL,LDL Cholesterol (mg/dL),LBXTC,Total Cholesterol (mg/dL),Ratio,2361,748.0,-0.2108773106477183,1.5708034188793438e-06,2929.5301098146365,-0.0673769557427585,0.1322710343399584,2950.345814578437,0.0212843904040455,0.6296280272518915,2952.398387648771,84205.97558561742,20.815704763801023,7.3123607430590146e-06,0.008482338461948456,True,True
hypertension_binary,Hypertension,LBXSBU,BUN Kidney (mg/dL),LBXSAL,Albumin (g/dL),Difference,5408,1900.0,0.6767566793927136,1.2848894508736409e-80,6566.647818345633,0.6562749620810527,1.3275018441808526e-77,6587.353140603242,-0.272973486221388,4.897345420153763e-21,6924.957903703611,1033.1642487050055,20.705322257608717,1.825895535452016e-78,6.93840303471766e-77,True,True
hypertension_binary,Hypertension,LBXSAL,Albumin (g/dL),LBXSBU,BUN Kidney (mg/dL),Difference,5408,1900.0,-0.6767566793927136,1.2848894508736409e-80,6566.647818345633,-0.272973486221388,4.897345420153763e-21,6924.957903703611,0.6562749620810527,1.3275018441808526e-77,6587.353140603242,1033.1642487050055,20.705322257608717,1.825895535452016e-78,6.93840303471766e-77,True,True
arthritis_binary,Arthritis,LBDLDL,LDL Cholesterol (mg/dL),LBXTC,Total Cholesterol (mg/dL),Difference,2361,748.0,-0.2094288119944483,1.7414954067640445e-06,2929.651522896308,-0.0673769557427585,0.1322710343399584,2950.345814578437,0.0212843904040455,0.6296280272518915,2952.398387648771,75952.55998161805,20.69429168212946,8.037671108141743e-06,0.00940407519652584,True,True
arthritis_binary,Arthritis,LBXTC,Total Cholesterol (mg/dL),LBDLDL,LDL Cholesterol (mg/dL),Difference,2361,748.0,0.2094288119944483,1.7414954067640445e-06,2929.651522896308,0.0212843904040455,0.6296280272518915,2952.398387648771,-0.0673769557427585,0.1322710343399584,2950.345814578437,75952.55998161805,20.69429168212946,8.037671108141743e-06,0.00940407519652584,True,True
thyroid_binary,Thyroid Problem,LBXSAL,Albumin (g/dL),LBXSCA,Calcium (mg/dL),Difference,4900,598.0,-0.268655236657303,1.8818317670270344e-10,3599.744563872051,-0.1872473229013786,1.051660012193362e-05,3620.408768433004,0.0992770940546944,0.022335939915001,3634.318123754455,55884.91121365228,20.66420456095284,1.2499251589109454e-09,1.0161891541945986e-06,True,True
thyroid_binary,Thyroid Problem,LBXSCA,Calcium (mg/dL),LBXSAL,Albumin (g/dL),Difference,4900,598.0,0.268655236657303,1.8818317670270344e-10,3599.744563872051,0.0992770940546944,0.022335939915001,3634.318123754455,-0.1872473229013786,1.051660012193362e-05,3620.408768433004,55884.91121365228,20.66420456095284,1.2499251589109454e-09,1.0161891541945986e-06,True,True
heart_attack_binary,Heart Attack,LBXPLTSI,Platelet Count (10^3/uL),systolic_bp,Systolic BP (mmHg),Ratio,4781,231.0,-0.6665663373271572,5.12798317898099e-16,1779.993748841183,-0.5510122474246594,2.435396707714944e-12,1800.6514672960889,0.3573146854267732,8.208723567204756e-10,1819.9975142861765,4749.229127149545,20.65771845490553,5.53822183329947e-15,2.7691109166497347e-12,True,True
high_cholesterol_binary,High Cholesterol,LBXWBCSI,WBC Count (10^3/uL),LBXSATSI,ALT Liver Enzyme (U/L),Ratio,5384,1761.0,-0.4076046880690027,1.1163474424324192e-06,6784.026703261861,-0.0153695232172612,0.6715052393261467,6810.148436443056,0.067830014195771,0.0166281465782194,6804.645630081267,14895.13564163166,20.618926819405715,5.292604204683989e-06,0.0060282761891350635,True,True
high_cholesterol_binary,High Cholesterol,LBXSUA,Uric Acid (mg/dL),LBXSAL,Albumin (g/dL),Ratio,5386,1763.0,0.2566539832753796,8.661550052301575e-19,6735.601259322865,0.2214983429762937,2.3342588249254884e-14,6756.207103930852,-0.1414465333959145,1.0811283791529854e-06,6790.998864979955,26949.66617788258,20.60584460798691,1.16060472164835e-17,4.67723702824285e-15,True,True
heart_attack_binary,Heart Attack,LBXSAL,Albumin (g/dL),LBXGH,"Glycohemoglobin (HbA1c, %)",Ratio,4903,243.0,-0.4798923050878931,1.6862388079505983e-16,1874.5320753513724,-0.1670151698116941,0.0085412144700962,1931.208318357167,0.3196183807482468,2.605167596395396e-13,1895.028320816544,1544.9576798446683,20.49624546517157,1.8891472122268112e-15,9.10568956293323e-13,True,True
hypertension_binary,Hypertension,BMXBMI,Body Mass Index (kg/m2),LBXPLTSI,Platelet Count (10^3/uL),Ratio,5452,1898.0,0.589218624883123,1.0958191155280776e-50,6798.426562846054,0.4385126621355733,5.0412258138093394e-49,6818.876679417508,-0.1258019308732652,1.5850268517363556e-05,7032.057282891135,46.00417844855684,20.45011657145369,5.190722126185631e-49,5.917423223851619e-47,True,True
hypertension_binary,Hypertension,LBXSKSI,Potassium (mmol/L),LBXPLTSI,Platelet Count (10^3/uL),Ratio,5405,1899.0,0.2807641665638029,9.57582707577452e-10,6971.859884298105,-0.001006933201286,0.9718125486635756,7011.830266657263,-0.1279856806969299,1.1674071218720908e-05,6992.252606252383,12191.188423039348,20.392721954278382,6.005745204318515e-09,5.170946620918241e-06,True,True
high_cholesterol_binary,High Cholesterol,LBXSCA,Calcium (mg/dL),BMXWAIST,Waist Circumference (cm),Ratio,5108,1660.0,-0.4305407417487153,5.836347198549789e-40,6257.436532673764,0.1039426881452831,0.0005294911219294,6433.810954580418,0.3898131614539419,3.292382136918059e-37,6277.738896448354,564.1169082154927,20.30236377459005,1.8217499926109168e-38,3.1516274872168856e-36,True,True
hypertension_binary,Hypertension,LBXSNASI,Sodium (mmol/L),LBXIN,Insulin (uIU/mL),Ratio,2595,930.0,-0.3333809208390503,4.12096357163841e-09,3347.986957876554,0.0291475730687717,0.4768166277193296,3389.871452877535,0.2117429452981649,2.3920652583313998e-05,3368.158382169995,5804.626070451682,20.171424293441305,2.448904380996908e-08,2.2253203286847413e-05,True,True
high_cholesterol_binary,High Cholesterol,LBXSNASI,Sodium (mmol/L),LBXSCR,Creatinine Kidney (mg/dL),Ratio,5388,1763.0,-0.2618431756657998,2.1440136357048573e-17,6740.903742295144,0.0422524360609899,0.1466644070915224,6814.305994752797,0.2689733753644208,3.0544541764700444e-10,6761.024840485805,14246430.739074448,20.121098190660632,2.613470346005921e-16,1.157767363280623e-13,True,True
arthritis_binary,Arthritis,diastolic_bp,Diastolic BP (mmHg),LBXHSCRP,hs-CRP Inflammation (mg/L),Ratio,4663,1452.0,-0.2730567606958468,2.059283840239668e-12,5730.97275420085,-0.096483035098092,0.0021788937727206,5778.660366858191,0.1922926664453826,1.165452836284761e-08,5751.093474735239,5659.50556941738,20.120720534388056,1.6233770419407603e-11,1.1120132737294208e-08,True,True
heart_attack_binary,Heart Attack,LBXSUA,Uric Acid (mg/dL),LBDLDL,LDL Cholesterol (mg/dL),Ratio,2350,125.0,0.4522560667591761,7.532985643673699e-13,935.174366428632,0.3507924029674107,3.799563258219671e-05,964.4742616970216,-0.5129867611338824,1.4928672360569237e-06,955.2563321018712,1981773.6375359388,20.08196567323921,6.3659033608510135e-12,4.067812247583797e-09,True,True
high_cholesterol_binary,High Cholesterol,LBXSCA,Calcium (mg/dL),LBXSAL,Albumin (g/dL),Ratio,5386,1763.0,0.1899327324144965,4.082464485125484e-11,6771.003684349646,0.1053066872640303,0.0003045765832112,6801.730944203903,-0.1414465333959145,1.0811283791529854e-06,6790.998864979955,26482.24823735985,19.995180630308823,2.851915681717673e-10,2.2045308219677613e-07,True,True
heart_attack_binary,Heart Attack,LBDLDL,LDL Cholesterol (mg/dL),systolic_bp,Systolic BP (mmHg),Ratio,2246,116.0,-0.7108229013448165,9.489246162100296e-10,874.7346603598212,-0.5034576389709096,5.312962992544127e-06,894.6301887171505,0.400803326254861,8.406089498725662e-07,895.2374680828416,885.8542981316341,19.89552835732934,5.958363869225767e-09,5.12419292753416e-06,True,True
heart_attack_binary,Heart Attack,LBDHDD,HDL Cholesterol (mg/dL),systolic_bp,Systolic BP (mmHg),Ratio,4692,228.0,-0.5839054412275216,3.5086466671061194e-11,1776.0901344550864,-0.4012151920814796,9.036442901289788e-07,1800.7180094870685,0.3464402197294328,3.759572350989633e-09,1795.9616656873031,107.15163730323616,19.87153123221674,2.4670171878089904e-10,1.8946692002373043e-07,True,True
high_cholesterol_binary,High Cholesterol,LBXSKSI,Potassium (mmol/L),LBXPLTSI,Platelet Count (10^3/uL),Ratio,5383,1759.0,0.3261634811699969,3.0385064540066344e-12,6755.00939625804,0.132016151609385,5.463269698908616e-06,6785.9687255350245,-0.1677684648827705,2.6271849088311725e-08,6774.836463462451,8646.303532996992,19.827067204411836,2.360853935487169e-11,1.6407934851635826e-08,True,True
heart_attack_binary,Heart Attack,LBDLDL,LDL Cholesterol (mg/dL),LBXGH,"Glycohemoglobin (HbA1c, %)",Ratio,2359,125.0,-0.768044617153168,3.3424142983986564e-12,926.6386001212971,-0.5127439862104922,1.4489068451929208e-06,956.2004747068454,0.3903301581487389,4.766462914740199e-11,946.4395136254147,14.260538907531004,19.8009135041176,2.5821226339560434e-11,1.8049037211352743e-08,True,True
heart_attack_binary,Heart Attack,LBXPLTSI,Platelet Count (10^3/uL),LBXSKSI,Potassium (mmol/L),Ratio,4901,243.0,-0.6500658395274354,2.29454598963959e-16,1862.2630704666335,-0.5494847758339435,1.0679956337389232e-12,1882.032093597964,0.3366311344856533,4.306603731245496e-08,1909.0675472627977,4654.496525940959,19.769023131330187,2.5547522358873785e-15,1.2390548344053786e-12,True,True
arthritis_binary,Arthritis,LBXSNASI,Sodium (mmol/L),BMXWAIST,Waist Circumference (cm),Ratio,4649,1426.0,-0.4727014599138005,2.862617864264944e-41,5538.598537776388,-0.0174646503325005,0.5826685205305725,5735.556073833124,0.4265308793412286,6.025856034982603e-39,5558.365416219054,210.50158703351445,19.766878442665984,9.909061837840191e-40,1.5458136467030697e-37,True,True
liver_condition_binary,Liver Condition,LBXSKSI,Potassium (mmol/L),LBXSASSI,AST Liver Enzyme (U/L),Ratio,4886,269.0,-0.5296987162808735,5.9558004440426126e-15,2023.0274602332424,0.0548513856536421,0.377057408139732,2086.022481871785,0.2744160642266126,1.1547237007490485e-12,2042.7750644215123,193.88220132594927,19.74760418827009,6.056746214280623e-14,3.216132239783011e-11,True,True
arthritis_binary,Arthritis,diastolic_bp,Diastolic BP (mmHg),LBXTR,Triglycerides (mg/dL),Ratio,2267,718.0,-0.2310855120259596,4.028974510268104e-06,2812.028649178269,-0.0797628212132921,0.0760455958988349,2831.754189302952,0.046463558122317,0.2871709272660528,2833.7686326406665,18874.677838002644,19.725540124683448,1.8055155481699387e-05,0.02175646235544776,True,True
diabetes_binary,Diabetes,LBXTC,Total Cholesterol (mg/dL),LBXSUA,Uric Acid (mg/dL),Ratio,5891,799.0,-0.3475515318867493,3.293729872693932e-14,4616.349273230733,-0.2436114059110148,2.253930918737046e-09,4643.412943937305,0.2476827012627935,1.376841750707888e-11,4636.056794976048,418.0190252158637,19.707521745314807,3.18748052196187e-13,1.7786141312547234e-10,True,True
stroke_binary,Stroke,diastolic_bp,Diastolic BP (mmHg),LBXSCR,Creatinine Kidney (mg/dL),Ratio,4675,223.0,-0.5396747118282147,3.734153878441938e-13,1741.278963212875,-0.0634001347670191,0.3462375250382254,1795.4087388216567,0.2375264291436906,1.9561008451456304e-08,1760.8717729787263,52384.04492216068,19.59280976585137,3.2734465817510495e-12,2.0164430943586467e-09,True,True
high_cholesterol_binary,High Cholesterol,LBXHGB,Hemoglobin (g/dL),LBXGLU,Fasting Glucose (mg/dL),Ratio,2637,876.0,-0.4849754900513105,2.5809607326750517e-29,3222.322170149738,-0.0288655957362405,0.4843092852473842,3356.3129025648213,0.4656937300052856,1.2596812336011769e-21,3241.899206580013,48806679.53036126,19.5770364302748,5.597264239536257e-28,1.3937187956445279e-25,True,True
diabetes_binary,Diabetes,LBDLDL,LDL Cholesterol (mg/dL),LBXIN,Insulin (uIU/mL),Difference,2794,402.0,-0.5747151465322627,9.868531535574912e-21,2201.755961696585,-0.3732450893836373,7.07777095248045e-10,2264.806158914922,0.4913111986709838,4.457809549668828e-15,2221.150334264042,451719.64375843975,19.39437256745714,1.4844030722034687e-19,5.3290070292104524e-17,True,True
diabetes_binary,Diabetes,LBXIN,Insulin (uIU/mL),LBDLDL,LDL Cholesterol (mg/dL),Difference,2794,402.0,0.5747151465322627,9.868531535574912e-21,2201.755961696585,0.4913111986709838,4.457809549668828e-15,2221.150334264042,-0.3732450893836373,7.07777095248045e-10,2264.806158914922,451719.64375843975,19.39437256745714,1.4844030722034687e-19,5.3290070292104524e-17,True,True
heart_attack_binary,Heart Attack,LBXTC,Total Cholesterol (mg/dL),LBXSKSI,Potassium (mmol/L),Ratio,4900,243.0,-0.6060160946624558,5.990073448120431e-15,1869.8184365137831,-0.500180614145574,2.461088063719321e-11,1889.1714506661676,0.33629488967844,4.470438088974274e-08,1909.031293774693,4108.610829290521,19.35301415238428,6.08014974057337e-14,3.234639661985033e-11,True,True
heart_attack_binary,Heart Attack,LBXSCA,Calcium (mg/dL),LBXGH,"Glycohemoglobin (HbA1c, %)",Ratio,4900,243.0,-0.4486124692624433,6.380915178594012e-17,1875.4647143864424,0.0316765417158976,0.6296604352679858,1937.4221862077347,0.3194639846431727,2.721902527197025e-13,1894.7876516935048,4265.693009567283,19.3229373070626,7.506959033640014e-16,3.4456941964407666e-13,True,True
diabetes_binary,Diabetes,systolic_bp,Systolic BP (mmHg),LBXTC,Total Cholesterol (mg/dL),Ratio,6160,768.0,0.5532797000548465,4.426643095810697e-56,4385.3501363747455,0.5383040735193989,1.7469543172574586e-53,4404.609342726374,-0.1701825008806836,2.775787643597018e-05,4619.825695174026,394.645395945914,19.259206351628563,2.3903872717377766e-54,2.3903872717377766e-52,True,True
stroke_binary,Stroke,LBXTC,Total Cholesterol (mg/dL),LBXGH,"Glycohemoglobin (HbA1c, %)",Ratio,4925,239.0,-0.3970495896514399,1.3385237934760818e-08,1883.028422400712,-0.2490880139601874,0.0004517587083182,1903.5900859291653,0.2051062137290582,3.552269435975925e-05,1902.1598931792896,2653.8709683679604,19.131470778577977,7.50574089799672e-08,7.228028484770841e-05,True,True
stroke_binary,Stroke,LBXSUA,Uric Acid (mg/dL),LBXSCR,Creatinine Kidney (mg/dL),Ratio,4906,239.0,-0.553258547400801,5.692183682449593e-13,1858.1056163830544,0.1013076822133602,0.116786760006931,1912.1427605891672,0.2393654654513233,1.191206440967148e-08,1877.148929710228,20927.055545307358,19.043313327173564,4.8405971472799686e-12,3.0737791885227803e-09,True,True
stroke_binary,Stroke,LBXGH,"Glycohemoglobin (HbA1c, %)",LBXTC,Total Cholesterol (mg/dL),Ratio,4925,239.0,0.3145812960222119,5.351271715536825e-10,1883.2821210299016,0.2051062137290582,3.552269435975925e-05,1902.1598931792896,-0.2490880139601874,0.0004517587083182,1903.5900859291653,66381.78034694638,18.877772149387965,3.46485218991593e-09,2.8896867263898854e-06,True,True
high_cholesterol_binary,High Cholesterol,LBDHDD,HDL Cholesterol (mg/dL),LBXSAPSI,Alkaline Phosphatase (U/L),Ratio,5383,1761.0,-0.1847229838855731,3.9090268324554495e-09,6772.898617454363,-0.1257855834794326,3.047069485553214e-05,6791.694078219882,0.1066516222039735,0.0002063610330524,6795.6859743564055,7794.956689103108,18.795460765518328,2.3316499594262552e-08,2.1108744895259426e-05,True,True
diabetes_binary,Diabetes,LBXSCR,Creatinine Kidney (mg/dL),LBXHGB,Hemoglobin (g/dL),Ratio,5896,799.0,0.4426900359956867,1.977859941757152e-17,4568.296517112909,0.379920275308844,1.2939709389913437e-15,4587.042737081678,-0.1670268461945038,7.180658184354248e-06,4662.460001241397,65.42277901850653,18.74621996876885,2.4273735648837775e-16,1.0680443685488621e-13,True,True
heart_attack_binary,Heart Attack,LBDHDD,HDL Cholesterol (mg/dL),LBXGH,"Glycohemoglobin (HbA1c, %)",Ratio,4923,243.0,-0.6082778062418093,2.0983957428951645e-13,1878.127557583779,-0.372625102484627,2.161969635498266e-06,1914.922765717748,0.3199536422327151,2.280709092928148e-13,1896.8735356497043,1.0868822530975235,18.74597806592556,1.8980464006086914e-12,1.133133701163389e-09,True,True
diabetes_binary,Diabetes,LBXTR,Triglycerides (mg/dL),LBXHGB,Hemoglobin (g/dL),Ratio,2832,411.0,0.4398107117277451,3.518213398133525e-15,2276.290931559097,0.3877553679746198,2.4208702042508608e-11,2295.0066830867527,-0.1207666118062758,0.0210281994172113,2344.5554813199237,6880.964655342327,18.71575152765581,3.61873378093734e-14,1.8998352349921036e-11,True,True
heart_attack_binary,Heart Attack,LBXSAPSI,Alkaline Phosphatase (U/L),LBDLDL,LDL Cholesterol (mg/dL),Ratio,2352,125.0,0.4291505909976226,4.970238538297712e-12,936.7713465996316,0.2822224981398263,5.393165799986306e-05,966.9505119635504,-0.5133849588708161,1.4626566093282655e-06,955.432798050209,294282.98019459244,18.66145145057737,3.801598881984086e-11,2.6839288106807647e-08,True,True
hypertension_binary,Hypertension,LBXSKSI,Potassium (mmol/L),LBXIN,Insulin (uIU/mL),Ratio,2593,929.0,-0.342467755172254,1.1382991132856334e-08,3346.5759847426907,-0.0654081948723898,0.1118901552558965,3384.901687085512,0.2120824337296999,2.3531498891374825e-05,3365.174063750454,2067.25091996712,18.59807900776332,6.483982290867533e-08,6.146815211742421e-05,True,True
arthritis_binary,Arthritis,LBXSCA,Calcium (mg/dL),LBXHSCRP,hs-CRP Inflammation (mg/L),Ratio,4887,1517.0,-0.2618375919664131,3.4405797575861127e-12,6002.804974159183,0.1142645314143942,0.0002329847471844,6044.726103695353,0.186939443846996,9.415306016784904e-09,6021.361349953942,2736.546361416315,18.556375794759333,2.6541615272807156e-11,1.8579130690965008e-08,True,True
high_cholesterol_binary,High Cholesterol,LBXWBCSI,WBC Count (10^3/uL),LBXTR,Triglycerides (mg/dL),Ratio,2589,865.0,-0.6011506683222819,1.4243061819310156e-27,3157.2868993288766,0.0742471877945697,0.0712720453142647,3299.3917659006283,0.6387997921868626,1.0889795641898093e-23,3175.8083302584573,7645.684460299229,18.521430929580674,2.9811059621811955e-26,7.691253382427484e-24,True,True
arthritis_binary,Arthritis,BMXBMI,Body Mass Index (kg/m2),LBXHGB,Hemoglobin (g/dL),Difference,4939,1522.0,0.3241599503788758,4.784238610015923e-26,5990.801087734914,0.2964793252017877,3.15094756229204e-22,6009.275664675687,-0.1808621574279934,4.278376541484369e-09,6070.202742068682,6586.100358154069,18.47457694077275,9.533169186009588e-25,2.5834888494085987e-22,True,True
arthritis_binary,Arthritis,LBXHGB,Hemoglobin (g/dL),BMXBMI,Body Mass Index (kg/m2),Difference,4939,1522.0,-0.3241599503788758,4.784238610015923e-26,5990.801087734914,-0.1808621574279934,4.278376541484369e-09,6070.202742068682,0.2964793252017877,3.15094756229204e-22,6009.275664675687,6586.100358154069,18.47457694077275,9.533169186009588e-25,2.5834888494085987e-22,True,True
arthritis_binary,Arthritis,LBXTC,Total Cholesterol (mg/dL),LBXTR,Triglycerides (mg/dL),Ratio,2385,756.0,-0.2113047275090944,9.875413917818206e-06,2962.447174050636,0.0255592279915527,0.5602126805792793,2982.87428902275,0.0654461537904593,0.1306863177583242,2980.8722381258085,13233.502802604253,18.42506407517249,4.266178812497465e-05,0.05332723515621831,True,False
heart_attack_binary,Heart Attack,LBXSAPSI,Alkaline Phosphatase (U/L),LBXTC,Total Cholesterol (mg/dL),Difference,4901,243.0,0.5143112618620191,3.302710128269691e-16,1870.8941657496264,0.2195265078320837,2.0890631892022812e-05,1920.4917445116032,-0.5001753539479745,2.4599181146568278e-11,1889.2734592716347,74481.8049153346,18.37929352200854,3.6249257505399046e-15,1.7834634692656332e-12,True,True
heart_attack_binary,Heart Attack,LBXTC,Total Cholesterol (mg/dL),LBXSAPSI,Alkaline Phosphatase (U/L),Difference,4901,243.0,-0.5143112618620191,3.302710128269691e-16,1870.8941657496264,-0.5001753539479745,2.4599181146568278e-11,1889.2734592716347,0.2195265078320837,2.0890631892022812e-05,1920.4917445116032,74481.8049153346,18.37929352200854,3.6249257505399046e-15,1.7834634692656332e-12,True,True
arthritis_binary,Arthritis,LBXSATSI,ALT Liver Enzyme (U/L),LBXTR,Triglycerides (mg/dL),Ratio,2375,753.0,-0.2667793352484901,1.7843387672372204e-06,2943.9788353172,-0.1391152328286011,0.0047388990316202,2962.328971848758,0.0981342296021785,0.0220514493200123,2965.729209836514,2655.829217317108,18.350136531558743,8.2143472660537e-06,0.00963542934308099,True,True
high_cholesterol_binary,High Cholesterol,LBXSAL,Albumin (g/dL),LBXSKSI,Potassium (mmol/L),Difference,5386,1760.0,-0.1884332755805882,1.0002299349468408e-10,6768.39969469844,-0.1416243533165566,1.058817283525114e-06,6786.629548696013,0.1314140913871688,5.986286951167918e-06,6789.964843743807,10585.738803961978,18.229853997573628,6.760002063470513e-10,5.40124164871294e-07,True,True
high_cholesterol_binary,High Cholesterol,LBXSKSI,Potassium (mmol/L),LBXSAL,Albumin (g/dL),Difference,5386,1760.0,0.1884332755805882,1.0002299349468408e-10,6768.39969469844,0.1314140913871688,5.986286951167918e-06,6789.964843743807,-0.1416243533165566,1.058817283525114e-06,6786.629548696013,10585.738803961978,18.229853997573628,6.760002063470513e-10,5.40124164871294e-07,True,True
stroke_binary,Stroke,LBXSAL,Albumin (g/dL),LBXSCR,Creatinine Kidney (mg/dL),Difference,4908,239.0,-0.3541422899032436,9.145188820962912e-13,1850.813813261418,-0.4221950400239643,3.702572917224955e-12,1869.0217453789317,0.2394212735599454,1.1828041164834334e-08,1877.3256807495325,4.048656610279924,18.207932117513337,7.539544982167897e-12,4.938401963319972e-09,True,True
stroke_binary,Stroke,LBXSCR,Creatinine Kidney (mg/dL),LBXSAL,Albumin (g/dL),Difference,4908,239.0,0.3541422899032436,9.145188820962912e-13,1850.813813261418,0.2394212735599454,1.1828041164834334e-08,1877.3256807495325,-0.4221950400239643,3.702572917224955e-12,1869.0217453789317,4.048656610279924,18.207932117513337,7.539544982167897e-12,4.938401963319972e-09,True,True
diabetes_binary,Diabetes,LBXSAL,Albumin (g/dL),LBXSCR,Creatinine Kidney (mg/dL),Ratio,5899,800.0,-0.4945248569741088,3.574742222202739e-30,4544.768813682518,-0.4137702603686262,1.108029744806147e-28,4562.961768282262,0.3826130868450004,9.21134143610079e-16,4590.648230631745,30.99607400847451,18.192954599743643,8.009795850578751e-29,1.930360799989479e-26,True,True
hypertension_binary,Hypertension,LBDHDD,HDL Cholesterol (mg/dL),LBXSASSI,AST Liver Enzyme (U/L),Ratio,5389,1894.0,-0.1512160312839075,2.251409904489315e-07,6964.546835789414,-0.0844176888416972,0.0037851751537147,6983.330599571846,0.0842643779806489,0.0026000042984738,6982.704734657991,11548.338191501489,18.15789886857692,1.1372884456728065e-06,0.00121576134842423,True,True
diabetes_binary,Diabetes,LBXWBCSI,WBC Count (10^3/uL),LBXTR,Triglycerides (mg/dL),Ratio,2832,411.0,-0.5862547607949146,1.8776607820782855e-14,2276.8847510501246,0.3008711990002129,2.3221613451504413e-09,2313.383669726574,0.3877553679746198,2.4208702042508608e-11,2295.0066830867527,1289.301149258347,18.121932036628092,1.8302108706178232e-13,1.0139368223222742e-10,True,True
hypertension_binary,Hypertension,LBXGH,"Glycohemoglobin (HbA1c, %)",LBXSAL,Albumin (g/dL),Ratio,5407,1900.0,0.5907266599503197,3.238370493245258e-64,6655.112704364241,0.579124595785795,4.262389228761837e-59,6673.043603358308,-0.272414951631155,5.870162544670608e-21,6924.467272306404,131621.420021351,17.93089899406732,2.5343769077571583e-62,1.7487200663524392e-60,True,True
heart_attack_binary,Heart Attack,LBXGLU,Fasting Glucose (mg/dL),LBXPLTSI,Platelet Count (10^3/uL),Difference,2428,127.0,0.5934599248246951,2.0227874387938218e-12,953.4400520165112,0.3445431528501215,1.0923544664685403e-09,971.3435453217512,-0.4674161580877984,1.1431806352779123e-05,979.5273667714304,540.0243473530297,17.903493305239977,1.596937451679333e-11,1.0923052169486637e-08,True,True
heart_attack_binary,Heart Attack,LBXPLTSI,Platelet Count (10^3/uL),LBXGLU,Fasting Glucose (mg/dL),Difference,2428,127.0,-0.5934599248246951,2.0227874387938218e-12,953.4400520165112,-0.4674161580877984,1.1431806352779123e-05,979.5273667714304,0.3445431528501215,1.0923544664685403e-09,971.3435453217512,540.0243473530297,17.903493305239977,1.596937451679333e-11,1.0923052169486637e-08,True,True
stroke_binary,Stroke,LBXSATSI,ALT Liver Enzyme (U/L),LBXSAPSI,Alkaline Phosphatase (U/L),Difference,4907,239.0,-0.3840435646055452,4.525737387868125e-12,1867.8670970368407,-0.3585413425314376,0.0005657596240607,1899.1337472168136,0.2838129558482632,5.66073201146198e-08,1885.6913065436684,12507.866732692815,17.82420950682763,3.466522254537287e-11,2.4438981894487874e-08,True,True
stroke_binary,Stroke,LBXSAPSI,Alkaline Phosphatase (U/L),LBXSATSI,ALT Liver Enzyme (U/L),Difference,4907,239.0,0.3840435646055452,4.525737387868125e-12,1867.8670970368407,0.2838129558482632,5.66073201146198e-08,1885.6913065436684,-0.3585413425314376,0.0005657596240607,1899.1337472168136,12507.866732692815,17.82420950682763,3.466522254537287e-11,2.4438981894487874e-08,True,True
high_cholesterol_binary,High Cholesterol,LBXSAL,Albumin (g/dL),LBXSCR,Creatinine Kidney (mg/dL),Difference,5388,1763.0,-0.2763076687467049,8.334474879859701e-15,6743.255361054171,-0.141501898292306,1.0681349297319334e-06,6792.561233001257,0.2689733753644208,3.0544541764700444e-10,6761.024840485805,36648.42981111081,17.769479431633954,8.396672453589997e-14,4.5006164351242386e-11,True,True
high_cholesterol_binary,High Cholesterol,LBXSCR,Creatinine Kidney (mg/dL),LBXSAL,Albumin (g/dL),Difference,5388,1763.0,0.2763076687467049,8.334474879859701e-15,6743.255361054171,0.2689733753644208,3.0544541764700444e-10,6761.024840485805,-0.141501898292306,1.0681349297319334e-06,6792.561233001257,36648.42981111081,17.769479431633954,8.396672453589997e-14,4.5006164351242386e-11,True,True
thyroid_binary,Thyroid Problem,LBXSBU,BUN Kidney (mg/dL),LBXSATSI,ALT Liver Enzyme (U/L),Difference,4899,598.0,0.3684464636968396,5.8842452027123e-10,3593.6897797333663,0.2054796028800192,3.7463424181619976e-08,3611.380980481388,-0.2692889489986479,1.1397742234984837e-05,3615.359220529488,63.667340314695714,17.691200748021856,3.796287227556323e-09,3.177492409464642e-06,True,True
thyroid_binary,Thyroid Problem,LBXSATSI,ALT Liver Enzyme (U/L),LBXSBU,BUN Kidney (mg/dL),Difference,4899,598.0,-0.3684464636968396,5.8842452027123e-10,3593.6897797333663,-0.2692889489986479,1.1397742234984837e-05,3615.359220529488,0.2054796028800192,3.7463424181619976e-08,3611.380980481388,63.667340314695714,17.691200748021856,3.796287227556323e-09,3.177492409464642e-06,True,True
diabetes_binary,Diabetes,LBXSCA,Calcium (mg/dL),LBXSATSI,ALT Liver Enzyme (U/L),Ratio,5896,800.0,-0.189124206467238,5.936533482616448e-06,4664.318648346107,-0.0594416906702361,0.1181015501995867,4683.605230006213,0.0699130096442138,0.0371796865610145,4682.004601564311,6262.861427445047,17.685953218204304,2.6233454014835365e-05,0.03205728080612882,True,True
heart_attack_binary,Heart Attack,systolic_bp,Systolic BP (mmHg),LBDLDL,LDL Cholesterol (mg/dL),Ratio,2246,116.0,0.4463743196839372,1.0812602592240308e-11,876.970263496117,0.400803326254861,8.406089498725662e-07,895.2374680828416,-0.5034576389709096,5.312962992544127e-06,894.6301887171505,77743.44268195257,17.659925221033518,8.042431680178741e-11,5.838805399809767e-08,True,True
hypertension_binary,Hypertension,LBXSCA,Calcium (mg/dL),LBXIN,Insulin (uIU/mL),Ratio,2592,929.0,-0.3225121623531207,1.1429738622802845e-08,3346.646600618164,0.179940934523628,1.4085404079935756e-05,3367.468550178867,0.2121064374203167,2.3606725355297264e-05,3364.29244049772,1232.3469980174998,17.64583987955575,6.492636693641665e-08,6.172058856313536e-05,True,True
arthritis_binary,Arthritis,LBXSAL,Albumin (g/dL),LBXSCR,Creatinine Kidney (mg/dL),Ratio,4902,1524.0,-0.3025168266763356,2.5697361373998703e-20,5991.068758584718,-0.2619778844649151,3.9820167144073306e-17,6008.678581583527,0.1797453784366565,2.69505926808438e-06,6051.684309208539,1549.5819420730272,17.60982299880925,3.812245918120687e-19,1.38765751419593e-16,True,True
arthritis_binary,Arthritis,LBDLDL,LDL Cholesterol (mg/dL),LBXHSCRP,hs-CRP Inflammation (mg/L),Ratio,2347,741.0,-0.3407886277425401,1.1209363086734213e-08,2891.773866452724,-0.0601447465460554,0.1801829609307398,2929.3822163256164,0.2071004250546994,1.2407368974809e-05,2909.363285805174,1106.8754646276536,17.589419352450022,6.391822668253934e-08,6.053056066836475e-05,True,True
diabetes_binary,Diabetes,LBDLDL,LDL Cholesterol (mg/dL),LBXSUA,Uric Acid (mg/dL),Ratio,2793,402.0,-0.487483721043295,1.2943532866923457e-12,2247.553612895585,-0.3709149890671321,8.952777594485163e-10,2264.998436417603,0.2957121632365962,1.2731916957240309e-08,2273.7691778738604,691.6795967941284,17.444823522017487,1.0401053196634921e-11,6.989507748138667e-09,True,True
liver_condition_binary,Liver Condition,LBXSATSI,ALT Liver Enzyme (U/L),LBXPLTSI,Platelet Count (10^3/uL),Ratio,4897,269.0,0.3419029952815429,3.55001114878352e-18,2021.7034419083077,0.3116486749982705,1.4582378320545933e-14,2039.1409905961268,-0.3098647053717732,7.84108299652925e-06,2066.793319062564,4107.699302731167,17.437548687819344,4.531929126106621e-17,1.9170060203431006e-14,True,True
high_cholesterol_binary,High Cholesterol,LBDHDD,HDL Cholesterol (mg/dL),BMXBMI,Body Mass Index (kg/m2),Ratio,5328,1737.0,-0.2584006167533358,5.779678755306769e-16,6661.303633739752,-0.1246316829423827,4.005078608596135e-05,6713.999692283684,0.2092217624802437,3.973739657748245e-13,6678.571675353376,687.5364230407525,17.26804161362452,6.2295938679953195e-15,3.121026527865655e-12,True,True
hypertension_binary,Hypertension,LBXSAPSI,Alkaline Phosphatase (U/L),LBXHGB,Hemoglobin (g/dL),Ratio,5406,1899.0,0.1977516782089284,7.508608043449383e-12,6964.195198465352,0.1591838555346207,3.6924999325515276e-08,6981.450508192728,-0.111780900992094,8.52784228542875e-05,6997.244621416171,4917.689019302208,17.255309727376698,5.6550186101292426e-11,4.054648343462667e-08,True,True
diabetes_binary,Diabetes,LBXSBU,BUN Kidney (mg/dL),LBDLDL,LDL Cholesterol (mg/dL),Ratio,2793,402.0,0.6880611705233803,1.170148323958094e-36,2116.16961163358,0.6552946325727932,9.808389645899769e-34,2133.2755804735143,-0.3709149890671321,8.952777594485163e-10,2264.998436417603,838.217638318049,17.10596883993412,3.2075131722709175e-35,6.318800949373708e-33,True,True
thyroid_binary,Thyroid Problem,LBXSAL,Albumin (g/dL),LBXGH,"Glycohemoglobin (HbA1c, %)",Ratio,4899,600.0,-0.2521701816811088,1.215096257756269e-09,3611.218066068069,-0.1856493576380522,1.2212295010477792e-05,3628.3112682849496,0.1190111635220174,0.001852356450516,3638.209043188958,10050.47536976894,17.0932022168804,7.550655686862892e-09,6.561519791883853e-06,True,True
arthritis_binary,Arthritis,LBDLDL,LDL Cholesterol (mg/dL),LBXTR,Triglycerides (mg/dL),Ratio,2361,748.0,-0.2440019078481367,4.1134681058393844e-07,2925.2761168592865,-0.0673769557427585,0.1322710343399584,2950.345814578437,0.1395162263522543,0.0012087456299649,2942.286986040965,2938.5073589097747,17.010869181678572,2.0462384848034296e-06,0.0022212727771532674,True,True
hypertension_binary,Hypertension,LBXSKSI,Potassium (mmol/L),LBXSATSI,ALT Liver Enzyme (U/L),Ratio,5407,1899.0,-0.1318797349085613,9.589920407433995e-06,6993.315742051394,-0.0006871145077274,0.9807609330929934,7013.561927666399,0.0509647709727864,0.0682349244417622,7010.253547752451,7115.275366505373,16.937805701056277,4.1461625460483246e-05,0.05178557020014358,True,False
arthritis_binary,Arthritis,LBXGLU,Fasting Glucose (mg/dL),LBXHGB,Hemoglobin (g/dL),Ratio,2427,767.0,0.3544664147995292,6.093498421149417e-15,2964.6577556580837,0.3023466695671435,7.315953764071579e-12,2981.476400039824,-0.1604406205498897,0.0002283488486601,3018.5070160796977,1200.6163386666751,16.81864438174034,6.173525604916857e-14,3.2904891474206855e-11,True,True
arthritis_binary,Arthritis,LBXSKSI,Potassium (mmol/L),LBXHSCRP,hs-CRP Inflammation (mg/L),Ratio,4887,1518.0,-0.2555652475182497,6.763648348854564e-12,6006.273227498206,0.1201176620266472,9.795333717829832e-05,6044.747093135297,0.1868733511140599,9.521025273903704e-09,6022.979819028833,1407.6759735026894,16.70659153062661,5.1153642974530316e-11,3.652370108381464e-08,True,True
heart_attack_binary,Heart Attack,LBXPLTSI,Platelet Count (10^3/uL),LBXSAPSI,Alkaline Phosphatase (U/L),Difference,4902,243.0,-0.5673798774246721,8.089484611978315e-17,1865.530356186464,-0.5497762452379419,1.0387250101370498e-12,1882.0725969867208,0.2194784779715136,2.095612728433851e-05,1920.5990472985957,12840.43495921832,16.542240800256877,9.41339929942086e-16,4.36832169046829e-13,True,True
heart_attack_binary,Heart Attack,LBXSAPSI,Alkaline Phosphatase (U/L),LBXPLTSI,Platelet Count (10^3/uL),Difference,4902,243.0,0.5673798774246721,8.089484611978315e-17,1865.530356186464,0.2194784779715136,2.095612728433851e-05,1920.5990472985957,-0.5497762452379419,1.0387250101370498e-12,1882.0725969867208,12840.43495921832,16.542240800256877,9.41339929942086e-16,4.36832169046829e-13,True,True
high_cholesterol_binary,High Cholesterol,LBXSAL,Albumin (g/dL),LBXSUA,Uric Acid (mg/dL),Difference,5386,1763.0,-0.2507632353768197,6.5367412124486304e-18,6739.693943530127,-0.1414465333959145,1.0811283791529854e-06,6790.998864979955,0.2214983429762937,2.3342588249254884e-14,6756.207103930852,3570.9824652077464,16.5131604007247,8.228065861823451e-17,3.52984025472226e-14,True,True
high_cholesterol_binary,High Cholesterol,LBXSUA,Uric Acid (mg/dL),LBXSAL,Albumin (g/dL),Difference,5386,1763.0,0.2507632353768197,6.5367412124486304e-18,6739.693943530127,0.2214983429762937,2.3342588249254884e-14,6756.207103930852,-0.1414465333959145,1.0811283791529854e-06,6790.998864979955,3570.9824652077464,16.5131604007247,8.228065861823451e-17,3.52984025472226e-14,True,True
heart_attack_binary,Heart Attack,LBDHDD,HDL Cholesterol (mg/dL),LBXSAPSI,Alkaline Phosphatase (U/L),Ratio,4901,243.0,-0.5226957424255869,4.377697254721361e-09,1896.097958430836,-0.3734952758724987,2.061237169669591e-06,1912.5873713099736,0.2195265078320837,2.0890631892022812e-05,1920.4917445116032,470.8496384592471,16.48941287913749,2.5863856865968653e-08,2.3639565175495348e-05,True,True
arthritis_binary,Arthritis,LBXTC,Total Cholesterol (mg/dL),LBDLDL,LDL Cholesterol (mg/dL),Ratio,2361,748.0,0.1863928971535738,1.7469693482248224e-05,2933.8898212270424,0.0212843904040455,0.6296280272518915,2952.398387648771,-0.0673769557427585,0.1322710343399584,2950.345814578437,7571.457076471617,16.455993351395136,7.284659830435554e-05,0.09433634480414041,True,False
arthritis_binary,Arthritis,BMXBMI,Body Mass Index (kg/m2),LBXSAL,Albumin (g/dL),Ratio,4829,1493.0,0.3136522707668431,3.2746955243268793e-24,5871.597981838917,0.2887863359037019,8.297333879668507e-21,5888.012350461667,-0.2577782415277705,2.1634107365290112e-16,5908.355064495992,2533.772626502136,16.414368622749862,5.953991862412508e-23,1.7683355831365148e-20,True,True
arthritis_binary,Arthritis,LBXHGB,Hemoglobin (g/dL),LBXSCR,Creatinine Kidney (mg/dL),Difference,4899,1523.0,-0.2222265629511307,5.624973898619638e-13,6024.066177313788,-0.1856302334239658,1.785700764157722e-09,6040.449991947088,0.1784387923358955,3.0217596770599583e-06,6048.197187874948,3174.593867174977,16.383814633300062,4.790987232262784e-12,3.037485905254605e-09,True,True
arthritis_binary,Arthritis,LBXSCR,Creatinine Kidney (mg/dL),LBXHGB,Hemoglobin (g/dL),Difference,4899,1523.0,0.2222265629511307,5.624973898619638e-13,6024.066177313788,0.1784387923358955,3.0217596770599583e-06,6048.197187874948,-0.1856302334239658,1.785700764157722e-09,6040.449991947088,3174.593867174977,16.383814633300062,4.790987232262784e-12,3.037485905254605e-09,True,True
arthritis_binary,Arthritis,LBXSATSI,ALT Liver Enzyme (U/L),BMXWAIST,Waist Circumference (cm),Difference,4647,1425.0,-0.4931110009139482,2.165304623110932e-39,5538.966718822619,-0.1349590295176917,0.0001927982059738,5717.4907289338935,0.4267268523269714,5.836399922253919e-39,5555.202174963681,2.6954174761187453,16.23545614106115,6.532203890949181e-38,1.1692644964799033e-35,True,True
arthritis_binary,Arthritis,BMXWAIST,Waist Circumference (cm),LBXSATSI,ALT Liver Enzyme (U/L),Difference,4647,1425.0,0.4931110009139482,2.165304623110932e-39,5538.966718822619,0.4267268523269714,5.836399922253919e-39,5555.202174963681,-0.1349590295176917,0.0001927982059738,5717.4907289338935,2.6954174761187453,16.23545614106115,6.532203890949181e-38,1.1692644964799033e-35,True,True
diabetes_binary,Diabetes,LBXSAL,Albumin (g/dL),LBXSCA,Calcium (mg/dL),Ratio,5897,800.0,-0.4392736116740507,4.064308371106799e-32,4546.31401903894,-0.4137211405957595,1.1332605143149435e-28,4562.421075049553,-0.0591620171554467,0.1198382128890579,4683.919721315176,2788.3231557214062,16.107056010612723,9.500980607782128e-31,2.1947265203976713e-28,True,True
arthritis_binary,Arthritis,LBXSCA,Calcium (mg/dL),LBXSCR,Creatinine Kidney (mg/dL),Ratio,4900,1524.0,-0.212374604943014,4.226930540489777e-11,6034.186333034855,0.113778515607057,0.0002411455102889,6065.620715912259,0.1794309911658728,2.7784364564202e-06,6050.283464089996,65731.77462476733,16.09713105514129,2.949021307318449e-10,2.2825424918644794e-07,True,True
stroke_binary,Stroke,BMXWAIST,Waist Circumference (cm),LBXTC,Total Cholesterol (mg/dL),Ratio,4671,210.0,0.3219491825031252,7.971987878243011e-08,1691.2209467269367,0.2159489113796065,0.0014005018503903,1707.332423065438,-0.232693536587325,0.0019981131449151,1707.3059669140507,17567.787003446472,16.08502018711397,4.1876200916840715e-07,0.0004304873454251226,True,True
diabetes_binary,Diabetes,LBXSAPSI,Alkaline Phosphatase (U/L),LBXSATSI,ALT Liver Enzyme (U/L),Ratio,5898,800.0,-0.219059486614915,1.105528044593739e-05,4663.55652123103,-0.1111632143056788,0.0120017813522875,4679.632095133701,0.0699855991312475,0.0369551337070549,4682.578345314548,1085.615277783205,16.07557390267084,4.708084732496996e-05,0.059698514408061905,True,False
high_cholesterol_binary,High Cholesterol,LBXPLTSI,Platelet Count (10^3/uL),LBXSAPSI,Alkaline Phosphatase (U/L),Ratio,5384,1761.0,-0.2104846115502044,1.7673912389090708e-11,6762.645815943608,-0.1672055654590212,2.873612501013046e-08,6778.70055609997,0.1071043076182836,0.0001940771982237,6796.3596460279605,1625.906272335487,16.05474015636173,1.2967272676778508e-10,9.543912690108983e-08,True,True
heart_attack_binary,Heart Attack,LBXSCA,Calcium (mg/dL),LBXTC,Total Cholesterol (mg/dL),Ratio,4900,243.0,0.4689114149472426,4.629418082790268e-17,1873.058659839571,0.0315624875187516,0.630898320765283,1937.4238588930912,-0.5010952582996173,2.425747411225612e-11,1889.1061207420491,523985.3838743276,16.047460902478406,5.567674308923707e-16,2.499885764706745e-13,True,True
heart_attack_binary,Heart Attack,LBDLDL,LDL Cholesterol (mg/dL),LBXSUA,Uric Acid (mg/dL),Ratio,2350,125.0,-0.7541700271537923,4.3171907932958164e-09,939.306739631968,-0.5129867611338824,1.4928672360569237e-06,955.2563321018712,0.3507924029674107,3.799563258219671e-05,964.4742616970216,345.7959834379346,15.949592469902996,2.553431575443309e-08,2.331283028379741e-05,True,True
diabetes_binary,Diabetes,diastolic_bp,Diastolic BP (mmHg),LBXSATSI,ALT Liver Enzyme (U/L),Ratio,5601,763.0,-0.1829262097872322,1.784905477674042e-05,4443.509384420325,-0.055628626434978,0.1481902469661305,4460.909224811346,0.0674697052202986,0.0499720808357804,4459.404611408165,2799.704604016364,15.895226987840031,7.414222753415251e-05,0.09638489579439827,True,False
diabetes_binary,Diabetes,LBXSBU,BUN Kidney (mg/dL),LBXSAL,Albumin (g/dL),Difference,5897,800.0,0.6129924618516644,2.5099205006135304e-63,4364.164227674864,0.5968912154788165,7.350462093049586e-61,4379.985031150027,-0.4137211405957595,1.1332605143149435e-28,4562.421075049553,292.8563709987158,15.820803475162393,1.8824403754601478e-61,1.3553570703313063e-59,True,True
diabetes_binary,Diabetes,LBXSAL,Albumin (g/dL),LBXSBU,BUN Kidney (mg/dL),Difference,5897,800.0,-0.6129924618516644,2.5099205006135304e-63,4364.164227674864,-0.4137211405957595,1.1332605143149435e-28,4562.421075049553,0.5968912154788165,7.350462093049586e-61,4379.985031150027,292.8563709987158,15.820803475162393,1.8824403754601478e-61,1.3553570703313063e-59,True,True
hypertension_binary,Hypertension,LBXSAL,Albumin (g/dL),LBXSCR,Creatinine Kidney (mg/dL),Ratio,5410,1900.0,-0.5493329033539504,1.4927571195868891e-62,6703.007387641055,-0.273023923210648,4.771311746212345e-21,6926.635780346481,0.831678232512139,7.735205043346477e-52,6718.715046481842,51818242511.46192,15.70765884078719,1.1042312939409865e-60,8.060888445769202e-59,True,True
thyroid_binary,Thyroid Problem,LBXSAL,Albumin (g/dL),systolic_bp,Systolic BP (mmHg),Ratio,4672,570.0,-0.3442787495077364,4.322409463309477e-14,3411.4791835676365,-0.1826734833794498,2.7542418097169013e-05,3452.354148961841,0.2746234715204539,2.4666212634489456e-11,3427.1021454847078,570.658861541628,15.622961917070825,4.1606080395492293e-13,2.3341011101871175e-10,True,True
heart_attack_binary,Heart Attack,LBXHGB,Hemoglobin (g/dL),LBXTR,Triglycerides (mg/dL),Ratio,2386,126.0,-0.4538344169258306,0.0002042413402173,973.8986383944108,-0.0024741652473447,0.9784291253098149,990.3802434817948,0.0693664440704957,0.2909481968767264,989.4744339560276,1424.5313733603375,15.575795561616928,0.0007590524688048314,1.0,True,False
arthritis_binary,Arthritis,LBXGH,"Glycohemoglobin (HbA1c, %)",LBXHGB,Hemoglobin (g/dL),Difference,5001,1552.0,0.3268772221011825,2.4538224934577052e-26,6083.558945053237,0.2958229312661752,1.8877031898222464e-22,6099.131423668179,-0.1885852343307578,6.829717316003231e-10,6160.669361244607,7692.908492179747,15.572478614942156,4.944269203235674e-25,1.3250641464671608e-22,True,True
arthritis_binary,Arthritis,LBXHGB,Hemoglobin (g/dL),LBXGH,"Glycohemoglobin (HbA1c, %)",Difference,5001,1552.0,-0.3268772221011825,2.4538224934577052e-26,6083.558945053237,-0.1885852343307578,6.829717316003231e-10,6160.669361244607,0.2958229312661752,1.8877031898222464e-22,6099.131423668179,7692.908492179747,15.572478614942156,4.944269203235674e-25,1.3250641464671608e-22,True,True
heart_attack_binary,Heart Attack,LBXSAL,Albumin (g/dL),LBXTR,Triglycerides (mg/dL),Ratio,2378,126.0,-0.4677579757224439,0.0001623488501296,972.3191242884136,-0.1167558517059428,0.1908762362256708,987.8303178130972,0.0688618110023747,0.2958438496937449,988.6218225886064,1175.7165885265497,15.511193524683677,0.0006109294708709687,0.87668379069984,True,False
liver_condition_binary,Liver Condition,diastolic_bp,Diastolic BP (mmHg),LBXSASSI,AST Liver Enzyme (U/L),Ratio,4653,255.0,-0.5191459812042318,6.478349097904726e-14,1921.9135206601504,0.0279727369159046,0.6662550481709113,1980.6177790463348,0.2799599632289196,1.908274962272965e-12,1937.3515205406572,29.4561922093725,15.43799988050705,6.180757089873767e-13,3.498308512868552e-10,True,True
thyroid_binary,Thyroid Problem,LBXSAL,Albumin (g/dL),LBXSCA,Calcium (mg/dL),Ratio,4900,598.0,-0.2507896848093871,3.2531926930341843e-09,3605.065524857917,-0.1872473229013786,1.051660012193362e-05,3620.408768433004,0.0992770940546944,0.022335939915001,3634.318123754455,3232.701261272356,15.34324357508649,1.9519156158205106e-08,1.7567240542384594e-05,True,True
arthritis_binary,Arthritis,LBXGLU,Fasting Glucose (mg/dL),LBXSAL,Albumin (g/dL),Ratio,2379,755.0,0.3471494522326564,1.451995027897622e-13,2914.946480680651,0.2929034091974838,3.706458265643719e-11,2930.2709630581485,-0.2639244666650399,3.406596010248589e-09,2941.423812492826,255.2665948870629,15.324482377497588,1.3357364822226847e-12,7.840773150647159e-10,True,True
high_cholesterol_binary,High Cholesterol,LBXSAL,Albumin (g/dL),LBXSBU,BUN Kidney (mg/dL),Ratio,5386,1763.0,-0.5251819621669509,4.238111913978472e-50,6558.038869503979,-0.1414465333959145,1.0811283791529854e-06,6790.998864979955,0.469173540771239,8.955402906860078e-48,6573.2685181995,211.30642816020665,15.229648695521064,1.9560516526054485e-48,2.288580433548375e-46,True,True
diabetes_binary,Diabetes,LBXSNASI,Sodium (mmol/L),LBXTC,Total Cholesterol (mg/dL),Ratio,5894,799.0,0.265550552252084,1.7157865657617752e-13,4628.975677391725,-0.1198161000647554,0.0015226744120517,4671.74791030921,-0.2440198818689832,2.121195339803881e-09,4644.16149152389,12362.815877755243,15.185814132164523,1.5571844462375774e-12,9.265247455113586e-10,True,True
stroke_binary,Stroke,BMXBMI,Body Mass Index (kg/m2),BMXWAIST,Waist Circumference (cm),Difference,4919,223.0,-0.3586242280306742,5.689672630747511e-08,1790.5994286114542,0.0388986229268324,0.5630998462962202,1819.189064198653,0.2456763028019859,0.0001682525603701,1805.7791014976744,2957.157138724277,15.179672886220033,3.0234963570090224e-07,0.0003072423220603656,True,True
stroke_binary,Stroke,BMXWAIST,Waist Circumference (cm),BMXBMI,Body Mass Index (kg/m2),Difference,4919,223.0,0.3586242280306742,5.689672630747511e-08,1790.5994286114542,0.2456763028019859,0.0001682525603701,1805.7791014976744,0.0388986229268324,0.5630998462962202,1819.189064198653,2957.157138724277,15.179672886220033,3.0234963570090224e-07,0.0003072423220603656,True,True
high_cholesterol_binary,High Cholesterol,LBXSCR,Creatinine Kidney (mg/dL),LBXPLTSI,Platelet Count (10^3/uL),Ratio,5385,1762.0,0.3457301905671662,2.6242386446291884e-13,6741.825046623695,0.2699060710313798,2.8314189401786616e-10,6756.976759199439,-0.1676323042003814,2.6432301940325088e-08,6780.765578157531,1078.9487251753922,15.15171257574366,2.326911113464305e-12,1.4170888680997617e-09,True,True
high_cholesterol_binary,High Cholesterol,LBXSAL,Albumin (g/dL),systolic_bp,Systolic BP (mmHg),Ratio,5127,1698.0,-0.5278814470322631,1.5516804728154432e-60,6223.753855423118,-0.1391231483313511,2.690592930419783e-06,6493.385657917585,0.4978689808046534,5.522220329104372e-58,6238.830106675858,355.88643576113265,15.076251252739894,9.743109945585341e-59,8.379074553203394e-57,True,True
hypertension_binary,Hypertension,LBXPLTSI,Platelet Count (10^3/uL),LBXSATSI,ALT Liver Enzyme (U/L),Ratio,5406,1899.0,-0.1784117612693964,1.1708635524441394e-08,6977.980536437382,-0.1283757532010225,1.0985772803943564e-05,6992.998670756222,0.051934935134493,0.0631882565705847,7009.260890122625,938.2624287015444,15.018134318839657,6.62514503872877e-08,6.322663183198352e-05,True,True
high_cholesterol_binary,High Cholesterol,LBXSAL,Albumin (g/dL),LBXSUA,Uric Acid (mg/dL),Ratio,5386,1763.0,-0.2670248774382783,1.275536138462727e-16,6741.282260754871,-0.1414465333959145,1.0811283791529854e-06,6790.998864979955,0.2214983429762937,2.3342588249254884e-14,6756.207103930852,183.0021709724925,14.92484317598155,1.4470367957350264e-15,6.887895147698725e-13,True,True
diabetes_binary,Diabetes,LBXSCA,Calcium (mg/dL),LBDLDL,LDL Cholesterol (mg/dL),Ratio,2793,402.0,0.3559524795617899,7.489417745017088e-14,2250.0798650258857,0.0778670903387036,0.1484377064038189,2303.5460850300315,-0.3709149890671321,8.952777594485163e-10,2264.998436417603,11953.903359766104,14.91857139171725,7.13277880477818e-13,4.0442855823092275e-10,True,True
hypertension_binary,Hypertension,LBXHGB,Hemoglobin (g/dL),LBXWBCSI,WBC Count (10^3/uL),Difference,5540,1942.0,-0.3387019400125952,1.2402584979949964e-07,7149.743449644194,-0.1088781579468678,0.0001074627888576,7166.403936728822,0.2659260679894491,0.0001960510734075,7164.604385993293,866.4547675450295,14.860936349099577,6.421280814163931e-07,0.0006697395889172981,True,True
hypertension_binary,Hypertension,LBXWBCSI,WBC Count (10^3/uL),LBXHGB,Hemoglobin (g/dL),Difference,5540,1942.0,0.3387019400125952,1.2402584979949964e-07,7149.743449644194,0.2659260679894491,0.0001960510734075,7164.604385993293,-0.1088781579468678,0.0001074627888576,7166.403936728822,866.4547675450295,14.860936349099577,6.421280814163931e-07,0.0006697395889172981,True,True
diabetes_binary,Diabetes,LBXHSCRP,hs-CRP Inflammation (mg/L),LBDLDL,LDL Cholesterol (mg/dL),Difference,2789,401.0,0.4345343673060486,1.0758310142355294e-12,2245.6187275513817,0.1950377230294209,5.60371309690858e-06,2280.886580961133,-0.3697943063887298,1.0155288308972472e-09,2260.479252005984,943.948275760453,14.860524454602,8.736071393792269e-12,5.809487476871859e-09,True,True
diabetes_binary,Diabetes,LBDLDL,LDL Cholesterol (mg/dL),LBXHSCRP,hs-CRP Inflammation (mg/L),Difference,2789,401.0,-0.4345343673060486,1.0758310142355294e-12,2245.6187275513817,-0.3697943063887298,1.0155288308972472e-09,2260.479252005984,0.1950377230294209,5.60371309690858e-06,2280.886580961133,943.948275760453,14.860524454602,8.736071393792269e-12,5.809487476871859e-09,True,True
arthritis_binary,Arthritis,LBXHGB,Hemoglobin (g/dL),LBXSCA,Calcium (mg/dL),Ratio,4897,1523.0,-0.2214815499619251,1.073205319780583e-12,6024.01681153579,-0.1858900257624025,1.7023200586582186e-09,6038.865509697536,0.114440449775452,0.0002230216683357,6061.646439527931,1586.201658976363,14.848698161746142,8.736071393792269e-12,5.795308726815148e-09,True,True
diabetes_binary,Diabetes,LBXHGB,Hemoglobin (g/dL),LBXSATSI,ALT Liver Enzyme (U/L),Ratio,5895,799.0,-0.2419022634392166,1.2666677416441752e-08,4647.426691883149,-0.1667338411106984,7.455025857420735e-06,4662.2394751775455,0.0707281888745488,0.0349276874733267,4677.910769045799,588.5541734680851,14.812783294396468,7.139880798411843e-08,6.840005804878546e-05,True,True
heart_attack_binary,Heart Attack,LBDHDD,HDL Cholesterol (mg/dL),LBXGLU,Fasting Glucose (mg/dL),Ratio,2386,126.0,-0.6724109641753192,3.5093160007306573e-09,950.6620316225128,-0.3911793995641138,0.0004566956543418,976.4984301715416,0.3249216809926123,1.9838519823322548e-08,965.4502922514832,5.653101578538971,14.788260628970534,2.1009208873553823e-08,1.895030640394555e-05,True,True
arthritis_binary,Arthritis,LBXSKSI,Potassium (mmol/L),LBXGLU,Fasting Glucose (mg/dL),Ratio,2377,755.0,-0.3469698665127628,7.757596976644722e-15,2913.5538698443474,0.019145842477723,0.6636559278885795,2975.384267251451,0.2944092328431575,3.157650311930667e-11,2928.333069360357,4070.397471584556,14.779199516009612,7.844760987618259e-14,4.1891023673881504e-11,True,True
high_cholesterol_binary,High Cholesterol,LBDHDD,HDL Cholesterol (mg/dL),LBXSCR,Creatinine Kidney (mg/dL),Ratio,5384,1762.0,-0.2563825528116965,5.10988709013795e-16,6741.697134289709,-0.1266763830227182,2.679997331321073e-05,6793.673627497296,0.2693831935904235,2.9653306107071824e-10,6756.327699422522,580312.3549305525,14.63056513281299,5.529737532413813e-15,2.7593390286744927e-12,True,True
hypertension_binary,Hypertension,LBXSASSI,AST Liver Enzyme (U/L),LBXHSCRP,hs-CRP Inflammation (mg/L),Ratio,5378,1888.0,-0.3596351404065122,1.0409597129139029e-18,6877.835278889907,0.0769507075143422,0.0058857600133953,6967.354455715084,0.2882067751147751,1.1016769372759769e-15,6892.462698808713,1058.328121260439,14.627419918805572,1.387946283885204e-17,5.621182449735076e-15,True,True
stroke_binary,Stroke,LBXHGB,Hemoglobin (g/dL),LBXGH,"Glycohemoglobin (HbA1c, %)",Difference,5007,241.0,-0.3676031538394371,2.9597782592143404e-10,1899.738432683435,-0.2976940155071361,1.442622727912282e-06,1914.293505766565,0.2090979130042794,2.089125419234549e-05,1921.400774798013,4874.090562092376,14.555073083130084,1.9467481851105285e-09,1.598280259975744e-06,True,True
stroke_binary,Stroke,LBXGH,"Glycohemoglobin (HbA1c, %)",LBXHGB,Hemoglobin (g/dL),Difference,5007,241.0,0.3676031538394371,2.9597782592143404e-10,1899.738432683435,0.2090979130042794,2.089125419234549e-05,1921.400774798013,-0.2976940155071361,1.442622727912282e-06,1914.293505766565,4874.090562092376,14.555073083130084,1.9467481851105285e-09,1.598280259975744e-06,True,True
high_cholesterol_binary,High Cholesterol,LBDHDD,HDL Cholesterol (mg/dL),LBXSASSI,AST Liver Enzyme (U/L),Ratio,5367,1757.0,-0.1679819072566556,2.010936160939276e-08,6758.92323211664,-0.125340541319809,3.3251296380815104e-05,6773.415983404051,0.0211712189522962,0.4574855294582888,6790.575319894922,1653.5232210098586,14.49275128741101,1.10020823394854e-07,0.0001085905526907209,True,True
arthritis_binary,Arthritis,LBXHGB,Hemoglobin (g/dL),BMXWAIST,Waist Circumference (cm),Difference,4753,1452.0,-0.4515691352563595,6.588455058509097e-44,5652.084820763351,-0.1721274077009763,4.343883444405613e-08,5824.336825142755,0.434754126924223,4.622316052887043e-41,5666.518596413945,701.5781411329879,14.433775650593816,2.5054688250668394e-42,3.5577657315949124e-40,True,True
arthritis_binary,Arthritis,BMXWAIST,Waist Circumference (cm),LBXHGB,Hemoglobin (g/dL),Difference,4753,1452.0,0.4515691352563595,6.588455058509097e-44,5652.084820763351,0.434754126924223,4.622316052887043e-41,5666.518596413945,-0.1721274077009763,4.343883444405613e-08,5824.336825142755,701.5781411329879,14.433775650593816,2.5054688250668394e-42,3.5577657315949124e-40,True,True
heart_attack_binary,Heart Attack,LBXSAPSI,Alkaline Phosphatase (U/L),LBXTC,Total Cholesterol (mg/dL),Ratio,4901,243.0,0.4011822422223499,2.205608866263636e-17,1874.8412812369247,0.2195265078320837,2.0890631892022812e-05,1920.4917445116032,-0.5001753539479745,2.4599181146568278e-11,1889.2734592716347,1115301.1543810118,14.432178034709978,2.676469186027783e-16,1.1910287877823634e-13,True,True
arthritis_binary,Arthritis,LBXSCA,Calcium (mg/dL),LBXGLU,Fasting Glucose (mg/dL),Ratio,2376,754.0,-0.3431567834925456,9.7486607784051e-15,2911.900990484116,0.1682281584405391,0.0001513062631457,2958.8040738471946,0.2935095417600112,3.51909707253743e-11,2926.324167017082,3609.826162310225,14.423176532965954,9.748660778405101e-14,5.2642768203387544e-11,True,True
high_cholesterol_binary,High Cholesterol,LBDLDL,LDL Cholesterol (mg/dL),LBXPLTSI,Platelet Count (10^3/uL),Ratio,2565,848.0,0.3434829126648279,2.085952990372933e-15,3192.9160959461965,0.3034809032243942,9.524041515874848e-13,3207.237991562045,-0.1636123211208082,0.0001762420016649,3245.0404409227904,456.57987307624376,14.321895615848462,2.1661819515411228e-14,1.1264146148013838e-11,True,True
high_cholesterol_binary,High Cholesterol,LBXSKSI,Potassium (mmol/L),LBDHDD,HDL Cholesterol (mg/dL),Ratio,5382,1759.0,0.17063854162962,5.202745710007634e-09,6771.126164452484,0.1313263016781448,6.116291312739135e-06,6785.394929249055,-0.1267947805961994,2.6678119899883005e-05,6787.74900932222,1175.5891319028467,14.268764796571304,3.050469797398613e-08,2.8094826834041226e-05,True,True
liver_condition_binary,Liver Condition,LBXPLTSI,Platelet Count (10^3/uL),BMXWAIST,Waist Circumference (cm),Ratio,4749,256.0,-0.3972349888570066,7.262935476025e-08,1965.596918468604,-0.2869345639959578,5.05137321530321e-05,1979.8114345507347,0.2200318007689668,0.0003493239141592,1984.7994861069344,695.5002191576433,14.214516082131013,3.826326982491219e-07,0.00039219851570534997,True,True
high_cholesterol_binary,High Cholesterol,LBXPLTSI,Platelet Count (10^3/uL),LBXSAPSI,Alkaline Phosphatase (U/L),Difference,5384,1761.0,-0.2002246136003067,2.387744157854412e-11,6764.494620132887,-0.1672055654590212,2.873612501013046e-08,6778.70055609997,0.1071043076182836,0.0001940771982237,6796.3596460279605,1203.484255865682,14.20593596708295,1.6987903099359455e-10,1.2893818452413824e-07,True,True
high_cholesterol_binary,High Cholesterol,LBXSAPSI,Alkaline Phosphatase (U/L),LBXPLTSI,Platelet Count (10^3/uL),Difference,5384,1761.0,0.2002246136003067,2.387744157854412e-11,6764.494620132887,0.1071043076182836,0.0001940771982237,6796.3596460279605,-0.1672055654590212,2.873612501013046e-08,6778.70055609997,1203.484255865682,14.20593596708295,1.6987903099359455e-10,1.2893818452413824e-07,True,True
arthritis_binary,Arthritis,LBXGLU,Fasting Glucose (mg/dL),LBXSATSI,ALT Liver Enzyme (U/L),Difference,2377,754.0,0.3436327179968229,1.0067994356936529e-13,2912.7739491499483,0.2939159445497859,3.310314178091335e-11,2926.947620951827,-0.1407658598334878,0.004294159893387,2965.186541309854,328.7957919653217,14.173671801878754,9.406084693331705e-13,5.436716952745725e-10,True,True
arthritis_binary,Arthritis,LBXSATSI,ALT Liver Enzyme (U/L),LBXGLU,Fasting Glucose (mg/dL),Difference,2377,754.0,-0.3436327179968229,1.0067994356936529e-13,2912.7739491499483,-0.1407658598334878,0.004294159893387,2965.186541309854,0.2939159445497859,3.310314178091335e-11,2926.947620951827,328.7957919653217,14.173671801878754,9.406084693331705e-13,5.436716952745725e-10,True,True
hypertension_binary,Hypertension,LBXSNASI,Sodium (mmol/L),LBXSAPSI,Alkaline Phosphatase (U/L),Ratio,5409,1900.0,-0.2011478314299967,6.012891911627946e-11,6971.27170702216,0.0330230835140121,0.2470963294084991,7015.179186715701,0.1587227227047605,3.9870274363051365e-08,6985.432212925549,663.0798449236846,14.160505903389094,4.162771323434732e-10,3.246961632279091e-07,True,True
thyroid_binary,Thyroid Problem,diastolic_bp,Diastolic BP (mmHg),LBDHDD,HDL Cholesterol (mg/dL),Ratio,4690,573.0,-0.2286803906592458,2.9350514517072016e-06,3463.097143337761,-0.1227918040641478,0.0046141898774327,3478.3162390907128,0.1286033932628889,0.0022690381493694,3477.204172080765,773.0829209313081,14.10702874300432,1.3280761129205472e-05,0.015849277839218887,True,True
liver_condition_binary,Liver Condition,LBXPLTSI,Platelet Count (10^3/uL),LBXTR,Triglycerides (mg/dL),Ratio,2384,132.0,-0.5285057620906713,4.592769283762537e-05,1003.8523527316904,-0.243944062097876,0.0129112023427228,1017.9489717814204,0.1013260133098493,0.0813211208813388,1022.0713071524082,281.1202031935218,14.096619049730066,0.00018182517692315027,0.24800954132317699,True,False
hypertension_binary,Hypertension,LBXGLU,Fasting Glucose (mg/dL),LBXHGB,Hemoglobin (g/dL),Ratio,2655,945.0,0.5230358374801959,1.2638851017771469e-25,3321.363562624288,0.4954404542061454,1.088955354290191e-22,3335.428939170739,-0.1068139168903677,0.0082827765004148,3454.0577689864394,861.5936312240823,14.065376546451262,2.4818107453078524e-24,6.824979549596593e-22,True,True
heart_attack_binary,Heart Attack,LBXWBCSI,WBC Count (10^3/uL),LBDLDL,LDL Cholesterol (mg/dL),Ratio,2361,125.0,0.4256792241305028,6.162939420723074e-11,942.4684624780964,0.2339900160143434,0.0014157158273248,972.5846942156228,-0.5117386826015218,1.5159561726286198e-06,956.5142598469432,24597.94051408603,14.045797368846934,4.250303048774534e-10,3.32798728719046e-07,True,True
high_cholesterol_binary,High Cholesterol,LBXSAL,Albumin (g/dL),LBXIN,Insulin (uIU/mL),Ratio,2578,863.0,-0.2462356104611199,4.472561075521535e-06,3266.024426413177,-0.1129488420661412,0.0067271013030055,3283.5742220266693,0.1388792808209066,0.0018587304687617,3280.029494409033,415.5852625321693,14.00506799585628,1.9943707520905275e-05,0.02415182980781629,True,True
liver_condition_binary,Liver Condition,LBXPLTSI,Platelet Count (10^3/uL),LBXSAPSI,Alkaline Phosphatase (U/L),Difference,4897,269.0,-0.4277583145537125,2.2503411428677103e-11,2042.579781870416,-0.3098647053717732,7.84108299652925e-06,2066.793319062564,0.2883627543229678,1.8223670927356048e-08,2056.5532900359503,809.8181462448315,13.973508165534668,1.609515519402071e-10,1.2151842171485635e-07,True,True
liver_condition_binary,Liver Condition,LBXSAPSI,Alkaline Phosphatase (U/L),LBXPLTSI,Platelet Count (10^3/uL),Difference,4897,269.0,0.4277583145537125,2.2503411428677103e-11,2042.579781870416,0.2883627543229678,1.8223670927356048e-08,2056.5532900359503,-0.3098647053717732,7.84108299652925e-06,2066.793319062564,809.8181462448315,13.973508165534668,1.609515519402071e-10,1.2151842171485635e-07,True,True
hypertension_binary,Hypertension,diastolic_bp,Diastolic BP (mmHg),LBXHGB,Hemoglobin (g/dL),Ratio,5274,1859.0,0.277879930542197,2.0896668853643884e-20,6759.708104107929,0.2587395274202768,1.8093309022985625e-17,6773.680347124237,-0.102837043542372,0.0003509171033737,6836.560636462589,865.8465686424744,13.972243016308312,3.1085953666577676e-19,1.1284201180967698e-16,True,True
diabetes_binary,Diabetes,LBXSUA,Uric Acid (mg/dL),LBXSASSI,AST Liver Enzyme (U/L),Ratio,5878,800.0,0.2777288909574149,4.179654388208312e-15,4620.908821027295,0.2507180308627691,7.595158590104083e-12,4634.809536608591,0.0012547869871775,0.9736056954410764,4680.788602793553,1817.173834164765,13.900715581296026,4.282757817139447e-14,2.2570133696324887e-11,True,True
stroke_binary,Stroke,LBXHGB,Hemoglobin (g/dL),LBXSAPSI,Alkaline Phosphatase (U/L),Ratio,4904,239.0,-0.5042417892653115,5.924314377439456e-10,1871.5166961521136,-0.2954389453617637,1.9286452967645574e-06,1892.6855208046825,0.2839504492641196,5.577465177925469e-08,1885.3637894490064,94.14532758702283,13.84709329689258,3.817577283791536e-09,3.1991297638173064e-06,True,True
heart_attack_binary,Heart Attack,LBXSAL,Albumin (g/dL),LBXSUA,Uric Acid (mg/dL),Ratio,4904,243.0,-0.4912307596152884,5.249134465016588e-09,1898.8476749678132,-0.1674296002549122,0.0083714781080579,1931.2753850949969,0.3143255746941225,2.4905934662096466e-07,1912.6830546138576,47.44769795493848,13.835379646044204,3.0743303808123185e-08,2.8345326111089576e-05,True,True
diabetes_binary,Diabetes,LBXSKSI,Potassium (mmol/L),LBXHGB,Hemoglobin (g/dL),Ratio,5892,798.0,0.2807368167825804,1.0230403862083971e-16,4612.073403926552,0.2686741684729339,5.518697486420297e-13,4625.901825134046,-0.1685056037615951,6.00402561831137e-06,4657.252519517098,5394.408237267884,13.828421207494102,1.1630353864263882e-15,5.524418085525344e-13,True,True
heart_attack_binary,Heart Attack,LBXSAPSI,Alkaline Phosphatase (U/L),LBDLDL,LDL Cholesterol (mg/dL),Difference,2352,125.0,0.5414768433659386,1.8415166564371483e-10,941.6126570538244,0.2822224981398263,5.393165799986306e-05,966.9505119635504,-0.5133849588708161,1.4626566093282655e-06,955.432798050209,7942.673796706907,13.820140996384566,1.2291952960149073e-09,9.9441899447606e-07,True,True
heart_attack_binary,Heart Attack,LBDLDL,LDL Cholesterol (mg/dL),LBXSAPSI,Alkaline Phosphatase (U/L),Difference,2352,125.0,-0.5414768433659386,1.8415166564371483e-10,941.6126570538244,-0.5133849588708161,1.4626566093282655e-06,955.432798050209,0.2822224981398263,5.393165799986306e-05,966.9505119635504,7942.673796706907,13.820140996384566,1.2291952960149073e-09,9.9441899447606e-07,True,True
high_cholesterol_binary,High Cholesterol,LBXSKSI,Potassium (mmol/L),LBXSAL,Albumin (g/dL),Ratio,5386,1760.0,0.1768201974814466,8.491601001710834e-10,6772.823621794867,0.1314140913871688,5.986286951167918e-06,6789.964843743807,-0.1416243533165566,1.058817283525114e-06,6786.629548696013,1246.8994755073747,13.80592690114645,5.3693964179436185e-09,4.5854645409238505e-06,True,True
heart_attack_binary,Heart Attack,diastolic_bp,Diastolic BP (mmHg),LBXGLU,Fasting Glucose (mg/dL),Ratio,2309,118.0,-0.5901247678033106,9.764127720310385e-12,891.3858063778509,-0.2777605433694395,0.0009987540573917,925.729249809574,0.3596130563649422,4.725190680519011e-10,905.0932407074758,48.39337231005419,13.707434329624904,7.29270950064676e-11,5.272628968967608e-08,True,True
arthritis_binary,Arthritis,LBXWBCSI,WBC Count (10^3/uL),LBXHSCRP,hs-CRP Inflammation (mg/L),Ratio,4892,1519.0,-0.2738678160497238,6.388873484025529e-11,6014.640739010223,0.0455096285046719,0.2794111343796739,6063.403565357457,0.1866294912793798,9.71761796165846e-09,6028.34603400906,152.10221310464175,13.705294998836507,4.394893861622657e-10,3.4499916813737856e-07,True,True
heart_attack_binary,Heart Attack,LBXGLU,Fasting Glucose (mg/dL),LBDLDL,LDL Cholesterol (mg/dL),Ratio,2361,125.0,0.4022736058497056,5.672429291797691e-11,941.0289550301668,0.3358416542539786,4.634885624980568e-09,954.6673515963892,-0.5117386826015218,1.5159561726286198e-06,956.5142598469432,81.70900660996503,13.638396566222468,3.9321075963681043e-10,3.063111817570753e-07,True,True
stroke_binary,Stroke,LBXTC,Total Cholesterol (mg/dL),LBXSAPSI,Alkaline Phosphatase (U/L),Ratio,4903,238.0,-0.5094060254442008,1.1721742174584235e-09,1865.961882525796,-0.2505862141434288,0.0004286796756334,1895.3472540710152,0.2830263047777023,6.438977747281708e-08,1879.5903658718107,54.93191755439795,13.628483346014946,7.292328080962543e-09,6.329740774275487e-06,True,True
high_cholesterol_binary,High Cholesterol,LBXSATSI,ALT Liver Enzyme (U/L),LBXSASSI,AST Liver Enzyme (U/L),Ratio,5371,1758.0,0.1263942462132666,9.91595190033674e-06,6776.352604425914,0.0681453802309319,0.0162523088128213,6789.975132532182,0.0205488551396884,0.4708889634535323,6795.2195511793325,1639.0064187654427,13.622528106267964,4.2802670073396e-05,0.05354614026181839,True,False
arthritis_binary,Arthritis,BMXBMI,Body Mass Index (kg/m2),LBXHGB,Hemoglobin (g/dL),Ratio,4939,1522.0,0.3155769615715822,5.989642159042491e-25,5995.675089253444,0.2964793252017877,3.15094756229204e-22,6009.275664675687,-0.1808621574279934,4.278376541484369e-09,6070.202742068682,526.0660785110663,13.60057542224331,1.1269709985654862e-23,3.2344067658829453e-21,True,True
arthritis_binary,Arthritis,LBXSCA,Calcium (mg/dL),LBXTR,Triglycerides (mg/dL),Ratio,2374,753.0,-0.2507183727764897,4.441133712464714e-07,2942.4969730710254,0.1667337517994582,0.0001741492635418,2956.0140022948726,0.0678549887314409,0.1190144350337236,2967.7187346496034,392.12794483787445,13.517029223847205,2.2022150640320897e-06,0.0023982122047309456,True,True
diabetes_binary,Diabetes,LBXSNASI,Sodium (mmol/L),LBDLDL,LDL Cholesterol (mg/dL),Ratio,2796,402.0,0.3519162756175068,1.2767782751422905e-13,2252.2448320716967,-0.0577819365295784,0.2835074681175685,2305.415993389471,-0.371689376834747,8.251707420502964e-10,2265.7566424716897,6462.913397851601,13.51181039999301,1.1785645616698065e-12,6.894602685768369e-10,True,True
liver_condition_binary,Liver Condition,LBXPLTSI,Platelet Count (10^3/uL),LBXGH,"Glycohemoglobin (HbA1c, %)",Ratio,5000,273.0,-0.3866804245873759,1.8248368779549952e-08,2088.7617865990264,-0.2999215216831795,1.305488140577168e-05,2102.2226104662377,0.1688837506838487,0.000590251918519,2112.2545073339816,715.3999112732555,13.460823867211277,1.0055223613221402e-07,9.854119140956974e-05,True,True
thyroid_binary,Thyroid Problem,LBXSCA,Calcium (mg/dL),LBXSAL,Albumin (g/dL),Ratio,4900,598.0,0.2317156683314949,4.607587338631463e-09,3606.9752572742177,0.0992770940546944,0.022335939915001,3634.318123754455,-0.1872473229013786,1.051660012193362e-05,3620.408768433004,2282.452691402968,13.433511158786132,2.710345493312625e-08,2.4880971628609898e-05,True,True
heart_attack_binary,Heart Attack,LBXSNASI,Sodium (mmol/L),LBXTR,Triglycerides (mg/dL),Ratio,2378,126.0,-0.4189324840934912,0.000505726833158,975.1935985422816,0.0393034534116817,0.6682589871789831,989.3275721753128,0.0688618110023747,0.2958438496937449,988.6218225886064,584.9874483549594,13.428224046325,0.001794300196486991,1.0,True,False
arthritis_binary,Arthritis,LBXSATSI,ALT Liver Enzyme (U/L),LBXIN,Insulin (uIU/mL),Ratio,2374,752.0,-0.2677958432871531,2.2613810076655043e-05,2945.9541925884723,-0.141212598383035,0.0042294880220791,2959.7956374429277,0.1339521509721253,0.0037118747511874,2959.3192073698638,164.14194417504694,13.365014781390984,9.202304025164826e-05,0.12211457441393724,True,False
stroke_binary,Stroke,LBXSAPSI,Alkaline Phosphatase (U/L),LBXHGB,Hemoglobin (g/dL),Ratio,4904,239.0,0.3332856311957891,9.880308603238418e-12,1872.0421925459848,0.2839504492641196,5.577465177925469e-08,1885.3637894490064,-0.2954389453617637,1.9286452967645574e-06,1892.6855208046825,5645.031346589086,13.321596903021373,7.369290947166777e-11,5.335366645748746e-08,True,True
high_cholesterol_binary,High Cholesterol,LBXSKSI,Potassium (mmol/L),LBXSATSI,ALT Liver Enzyme (U/L),Ratio,5385,1760.0,-0.1759529373491642,1.4153176568691183e-08,6776.004965078127,0.1310054726958915,6.40137929133397e-06,6789.302577417697,0.0672164287948377,0.017623204096202,6804.097066048871,452.2927598808256,13.29761233957015,7.8872191404471e-08,7.642715347093239e-05,True,True
heart_attack_binary,Heart Attack,LBXSBU,BUN Kidney (mg/dL),LBDLDL,LDL Cholesterol (mg/dL),Ratio,2350,125.0,0.4427900921121383,6.4715351345455525e-12,931.9340067201392,0.4066093549035323,3.0843954996619616e-10,945.1676177997468,-0.5129867611338824,1.4928672360569237e-06,955.2563321018712,47.660955793892256,13.2336110796075,4.9081867593463456e-11,3.494628972654598e-08,True,True
high_cholesterol_binary,High Cholesterol,LBXSCR,Creatinine Kidney (mg/dL),LBDHDD,HDL Cholesterol (mg/dL),Ratio,5384,1762.0,0.2861777735159155,2.507197597830229e-13,6743.109388360148,0.2693831935904235,2.9653306107071824e-10,6756.327699422522,-0.1266763830227182,2.679997331321073e-05,6793.673627497296,1182.7271266027974,13.218311062373688,2.2378292608732624e-12,1.3538867028283238e-09,True,True
thyroid_binary,Thyroid Problem,LBXHGB,Hemoglobin (g/dL),LBXGH,"Glycohemoglobin (HbA1c, %)",Ratio,5002,612.0,-0.3268966921527381,4.784628376214331e-15,3660.861572957999,-0.2889069351251417,3.9563527639375456e-12,3674.0134309820223,0.1211794773740219,0.0013361391396406,3711.8388673843847,826.8882038165461,13.151858024023568,4.8933699302192017e-14,2.5836993231557387e-11,True,True
heart_attack_binary,Heart Attack,LBDLDL,LDL Cholesterol (mg/dL),BMXWAIST,Waist Circumference (cm),Ratio,2240,110.0,-0.6444349159615249,9.086125681187053e-08,848.8488977663267,-0.4759553056118661,2.32008414766543e-05,861.9746369012128,0.3260491264062127,0.0003703452936278,869.3368609969045,255.34361168580315,13.12573913488609,4.7589795032405516e-07,0.0004906507867841009,True,True
arthritis_binary,Arthritis,LBXSATSI,ALT Liver Enzyme (U/L),LBXSASSI,AST Liver Enzyme (U/L),Ratio,4888,1519.0,-0.1834831165143039,1.9837325014574428e-08,6029.409570425781,-0.1505158597658109,2.5043998888647826e-05,6042.528331376795,-0.0462005374980166,0.1613725545237172,6060.212490158059,1262.4685470570284,13.118760951014336,1.0886336898242064e-07,0.00010712155507870191,True,True
arthritis_binary,Arthritis,LBXSCA,Calcium (mg/dL),LBXHGB,Hemoglobin (g/dL),Difference,4897,1523.0,0.21725242602987,2.4521729516970464e-12,6025.762246997972,0.114440449775452,0.0002230216683357,6061.646439527931,-0.1858900257624025,1.7023200586582186e-09,6038.865509697536,694.2088067157393,13.103262699564766,1.919091875241167e-11,1.324173393916405e-08,True,True
arthritis_binary,Arthritis,LBXHGB,Hemoglobin (g/dL),LBXSCA,Calcium (mg/dL),Difference,4897,1523.0,-0.21725242602987,2.4521729516970464e-12,6025.762246997972,-0.1858900257624025,1.7023200586582186e-09,6038.865509697536,0.114440449775452,0.0002230216683357,6061.646439527931,694.2088067157393,13.103262699564766,1.919091875241167e-11,1.324173393916405e-08,True,True
diabetes_binary,Diabetes,LBXSKSI,Potassium (mmol/L),LBXSNASI,Sodium (mmol/L),Ratio,5895,799.0,0.3010318593298754,5.099858611161777e-16,4616.748244730668,0.2702544683966133,3.919715296966924e-13,4629.810096320443,-0.1174031862292837,0.0018947094800595,4672.439640479575,768.5929347900079,13.06185158977496,5.529737532413813e-15,2.7539236500273597e-12,True,True
stroke_binary,Stroke,LBXSATSI,ALT Liver Enzyme (U/L),systolic_bp,Systolic BP (mmHg),Difference,4674,223.0,-0.6065461907339375,5.541602216686801e-20,1716.0782325222222,-0.3353259203979222,0.0015469971144221,1783.2009118958508,0.4903090640340372,7.74582582078412e-18,1729.0846661728103,139.77592612945023,13.006433650588178,8.109661780517269e-19,2.9924651970108726e-16,True,True
stroke_binary,Stroke,systolic_bp,Systolic BP (mmHg),LBXSATSI,ALT Liver Enzyme (U/L),Difference,4674,223.0,0.6065461907339375,5.541602216686801e-20,1716.0782325222222,0.4903090640340372,7.74582582078412e-18,1729.0846661728103,-0.3353259203979222,0.0015469971144221,1783.2009118958508,139.77592612945023,13.006433650588178,8.109661780517269e-19,2.9924651970108726e-16,True,True
heart_attack_binary,Heart Attack,LBXTC,Total Cholesterol (mg/dL),LBXTR,Triglycerides (mg/dL),Ratio,2386,126.0,-0.7453963192083507,5.4923898328976635e-08,952.2684401513876,-0.5070395708277661,1.7766349402178164e-06,965.2747688774714,0.0693664440704957,0.2909481968767264,989.4744339560276,32.34721121899141,13.006328726083666,2.9249413311289335e-07,0.00029658905097647384,True,True
stroke_binary,Stroke,LBXPLTSI,Platelet Count (10^3/uL),LBXSCR,Creatinine Kidney (mg/dL),Ratio,4905,239.0,-0.5595822827927389,4.393814612858473e-11,1864.0114670427704,-0.2041019187961773,0.0041156505182771,1905.8579460575029,0.2395570112936893,1.1775983331278206e-08,1876.9956038848557,268.0127490316924,12.984136842084808,3.057551405855123e-10,2.3726598909435755e-07,True,True
high_cholesterol_binary,High Cholesterol,LBXPLTSI,Platelet Count (10^3/uL),LBXSUA,Uric Acid (mg/dL),Ratio,5383,1762.0,-0.2669194485912526,4.081017221581896e-16,6739.372642099517,-0.1678038858515412,2.5673653450676546e-08,6779.121179584861,0.2216571274400089,2.2782058699132143e-14,6752.337844248625,55.82446106488444,12.965202149107428,4.443042942851257e-15,2.2037492996542237e-12,True,True
high_cholesterol_binary,High Cholesterol,LBXSCA,Calcium (mg/dL),LBXPLTSI,Platelet Count (10^3/uL),Ratio,5383,1762.0,0.3102355721421275,9.895522138167291e-11,6766.21512651198,0.1040709187080572,0.0003592662452747,6798.223092484337,-0.1678038858515412,2.5673653450676546e-08,6779.121179584861,259.4471832027194,12.90605307288115,6.704619767390637e-10,5.343581954610337e-07,True,True
diabetes_binary,Diabetes,LBXHSCRP,hs-CRP Inflammation (mg/L),LBXPLTSI,Platelet Count (10^3/uL),Ratio,7240,801.0,0.2903084321702786,2.9431000035820005e-22,4939.034230410911,0.2690955972272006,1.1292463390001605e-20,4951.924943057611,-0.3728439046893765,1.1411172364018452e-18,4956.504658330871,38.36928196886864,12.890712646700194,4.879941232099727e-21,1.5892740019342803e-18,True,True
stroke_binary,Stroke,LBXPLTSI,Platelet Count (10^3/uL),LBXGH,"Glycohemoglobin (HbA1c, %)",Ratio,5007,241.0,-0.3725596988881257,2.8654768272373205e-07,1908.5801962168096,-0.2000108396520846,0.0047744528698216,1928.174029931429,0.2090979130042794,2.089125419234549e-05,1921.400774798013,72.90672879908537,12.820578581203335,1.4340662527415692e-06,0.001547357486708153,True,True
high_cholesterol_binary,High Cholesterol,LBXHGB,Hemoglobin (g/dL),LBXIN,Insulin (uIU/mL),Ratio,2581,864.0,-0.2407507728484132,8.371261449984844e-06,3271.146119573486,-0.0120538319965974,0.7724370664393927,3294.6622106535906,0.138092396908863,0.0019383560390595,3283.9468946843385,231.54885922993955,12.800775110852555,3.648491673116881e-05,0.04520481182991816,True,True
hypertension_binary,Hypertension,LBXSCA,Calcium (mg/dL),LBXHGB,Hemoglobin (g/dL),Ratio,5405,1899.0,0.1518681170709933,7.235580874567392e-08,6982.740504098921,0.1154543422639873,5.661273572987979e-05,6995.514918666297,-0.1124842765066772,7.702377085441654e-05,6996.185696407403,782.4214352833781,12.77441456737597,3.8156383518226484e-07,0.0003907213672266392,True,True
liver_condition_binary,Liver Condition,LBXPLTSI,Platelet Count (10^3/uL),LBXSUA,Uric Acid (mg/dL),Ratio,4896,269.0,-0.4407562415335723,6.034237571950665e-08,2053.9238111402237,-0.3097562498673294,7.895923775958241e-06,2066.694562379342,0.218261106940529,0.0002387192716683,2074.891304240289,130.85205349987166,12.770751239119363,3.188344705335968e-07,0.0003258488288853359,True,True
arthritis_binary,Arthritis,LBXTR,Triglycerides (mg/dL),LBDLDL,LDL Cholesterol (mg/dL),Ratio,2361,748.0,0.2075477639681219,2.344805497368274e-06,2929.554649605693,0.1395162263522543,0.0012087456299649,2942.286986040965,-0.0673769557427585,0.1322710343399584,2950.345814578437,515.4993159652778,12.732336435271918,1.0703254172264311e-05,0.01266194968578868,True,True
stroke_binary,Stroke,LBXSAPSI,Alkaline Phosphatase (U/L),LBXTC,Total Cholesterol (mg/dL),Difference,4903,238.0,0.4094799018656622,7.27516033680471e-11,1866.871858909395,0.2830263047777023,6.438977747281708e-08,1879.5903658718107,-0.2505862141434288,0.0004286796756334,1895.3472540710152,885.0633455742834,12.718506962415631,4.960336593275938e-10,3.928586581874543e-07,True,True
stroke_binary,Stroke,LBXTC,Total Cholesterol (mg/dL),LBXSAPSI,Alkaline Phosphatase (U/L),Difference,4903,238.0,-0.4094799018656622,7.27516033680471e-11,1866.871858909395,-0.2505862141434288,0.0004286796756334,1895.3472540710152,0.2830263047777023,6.438977747281708e-08,1879.5903658718107,885.0633455742834,12.718506962415631,4.960336593275938e-10,3.928586581874543e-07,True,True
high_cholesterol_binary,High Cholesterol,LBXPLTSI,Platelet Count (10^3/uL),LBXIN,Insulin (uIU/mL),Ratio,2581,864.0,-0.2637842469430028,7.961135097576619e-07,3266.11317491394,-0.1710057975828644,7.946226750903793e-05,3278.710859482082,0.138092396908863,0.0019383560390595,3283.9468946843385,99.81273591654832,12.597684568142084,3.841834631538315e-06,0.004299012952691374,True,True
stroke_binary,Stroke,BMXWAIST,Waist Circumference (cm),LBXSATSI,ALT Liver Enzyme (U/L),Difference,4650,210.0,0.3839199688997901,7.515704870114713e-07,1689.9672475154805,0.2139759569083982,0.0015614121503182,1705.587320641767,-0.3427747107943922,0.001713558902859,1702.5634280153222,2077.532549910334,12.596180499841694,3.6333756757940423e-06,0.004058480629861945,True,True
stroke_binary,Stroke,LBXSATSI,ALT Liver Enzyme (U/L),BMXWAIST,Waist Circumference (cm),Difference,4650,210.0,-0.3839199688997901,7.515704870114713e-07,1689.9672475154805,-0.3427747107943922,0.001713558902859,1702.5634280153222,0.2139759569083982,0.0015614121503182,1705.587320641767,2077.532549910334,12.596180499841694,3.6333756757940423e-06,0.004058480629861945,True,True
high_cholesterol_binary,High Cholesterol,LBXHGB,Hemoglobin (g/dL),LBXSASSI,AST Liver Enzyme (U/L),Ratio,5368,1757.0,-0.1057008038056556,0.0003099253472191,6778.822001250537,-0.0076571984777127,0.7922673483527931,6791.844182908031,0.0203357283837302,0.4757039410025606,6791.41098520826,1534.898469166399,12.58898395772303,0.0011285211564282807,1.0,True,False
thyroid_binary,Thyroid Problem,LBXSATSI,ALT Liver Enzyme (U/L),LBXGH,"Glycohemoglobin (HbA1c, %)",Ratio,4897,599.0,-0.3490060164457287,1.120035495488107e-07,3606.387911533583,-0.2678540525355855,1.2176882732885206e-05,3618.955521321551,0.1198507296523764,0.0017169616328783,3633.622580614527,108.7187217006776,12.56760978796774,5.832393129831994e-07,0.0006048191675635779,True,True
hypertension_binary,Hypertension,LBXTC,Total Cholesterol (mg/dL),LBXIN,Insulin (uIU/mL),Ratio,2596,929.0,-0.2894915873553018,1.0168945740707605e-07,3355.9352582931297,0.0261568127155325,0.5219496625940038,3389.6880844854268,0.2083575720135501,3.002723919100768e-05,3368.4664582130818,295.2836995757068,12.531199919952089,5.305536908195271e-07,0.0005491230699982107,True,True
thyroid_binary,Thyroid Problem,LBXSUA,Uric Acid (mg/dL),LBXHSCRP,hs-CRP Inflammation (mg/L),Ratio,4887,596.0,-0.2132731331503252,8.065812916236498e-05,3610.4362742091535,-0.0761646015578532,0.0868985810530592,3625.277824619015,0.0860108290513174,0.0145075830863494,3622.933211769463,179.86510767123832,12.496937560308652,0.00031177802253168997,0.43555389747677087,True,False
stroke_binary,Stroke,LBXHGB,Hemoglobin (g/dL),BMXWAIST,Waist Circumference (cm),Ratio,4756,214.0,-0.3865497545915224,1.3580341259110332e-07,1720.7874475167837,-0.2705905538054846,3.822003811935574e-05,1733.2837126984457,0.2211144649885676,0.000953163687166,1738.91181509884,281.43650730217064,12.496265181662013,7.017592612363234e-07,0.0007333384279919579,True,True
diabetes_binary,Diabetes,LBXSCA,Calcium (mg/dL),LBXTC,Total Cholesterol (mg/dL),Ratio,5891,799.0,0.2583856319975927,7.578840199107694e-13,4630.939980304775,-0.0599483589076049,0.1152224037133879,4678.404890013831,-0.2436114059110148,2.253930918737046e-09,4643.412943937305,2973.97868212397,12.472963632530082,6.394646417997116e-12,4.092573707518155e-09,True,True
arthritis_binary,Arthritis,LBXHSCRP,hs-CRP Inflammation (mg/L),LBXWBCSI,WBC Count (10^3/uL),Ratio,4892,1519.0,0.213416608353201,2.7564728800066238e-11,6015.962821200946,0.1866294912793798,9.71761796165846e-09,6028.34603400906,0.0455096285046719,0.2794111343796739,6063.403565357457,352.538130599533,12.383212808113967,1.9559728714895886e-10,1.488495355203577e-07,True,True
hypertension_binary,Hypertension,LBDHDD,HDL Cholesterol (mg/dL),LBXTR,Triglycerides (mg/dL),Ratio,2606,931.0,-0.2905630940862518,1.2713209204515855e-09,3360.036213026542,-0.0235436582578587,0.5667433525809582,3400.9615968143594,0.2550807657149843,1.1082697144955417e-06,3372.3845856986127,871.7466193365821,12.348372672070582,7.881897784659657e-09,6.865132970438562e-06,True,True
arthritis_binary,Arthritis,LBXSBU,BUN Kidney (mg/dL),LBXSAL,Albumin (g/dL),Difference,4900,1524.0,0.4870057593208406,1.1145918402599068e-45,5846.42264271372,0.4717808643119679,1.0551209089207993e-43,5858.730094092071,-0.261880069674787,4.119888786834632e-17,6007.25734046686,94.66433099624705,12.307451378351288,4.525410479250749e-44,6.018795937403497e-42,True,True
arthritis_binary,Arthritis,LBXSAL,Albumin (g/dL),LBXSBU,BUN Kidney (mg/dL),Difference,4900,1524.0,-0.4870057593208406,1.1145918402599068e-45,5846.42264271372,-0.261880069674787,4.119888786834632e-17,6007.25734046686,0.4717808643119679,1.0551209089207993e-43,5858.730094092071,94.66433099624705,12.307451378351288,4.525410479250749e-44,6.018795937403497e-42,True,True
diabetes_binary,Diabetes,LBXTR,Triglycerides (mg/dL),LBXPLTSI,Platelet Count (10^3/uL),Difference,2832,411.0,0.439030190749189,9.78982607183797e-14,2282.7847994032472,0.3877553679746198,2.4208702042508608e-11,2295.0066830867527,-0.205242696362753,0.0003146446116507,2336.2471690724915,247.2842915171792,12.22188368350544,9.177961942348096e-13,5.286506078792503e-10,True,True
diabetes_binary,Diabetes,LBXPLTSI,Platelet Count (10^3/uL),LBXTR,Triglycerides (mg/dL),Difference,2832,411.0,-0.439030190749189,9.78982607183797e-14,2282.7847994032472,-0.205242696362753,0.0003146446116507,2336.2471690724915,0.3877553679746198,2.4208702042508608e-11,2295.0066830867527,247.2842915171792,12.22188368350544,9.177961942348096e-13,5.286506078792503e-10,True,True
hypertension_binary,Hypertension,LBXWBCSI,WBC Count (10^3/uL),LBXTR,Triglycerides (mg/dL),Ratio,2606,931.0,-0.2822328186496446,8.902625323292611e-10,3360.204679246071,0.179333152462614,1.6522303143409638e-05,3382.1621234142267,0.2550807657149843,1.1082697144955417e-06,3372.3845856986127,1244.8796554381454,12.179906452541672,5.603050902771573e-09,4.80741767457801e-06,True,True
stroke_binary,Stroke,LBXSBU,BUN Kidney (mg/dL),LBXSAL,Albumin (g/dL),Ratio,4906,239.0,0.4057316481081132,1.4285751032406626e-20,1838.106352631385,0.397091213199763,4.343633722150001e-18,1850.2414401556437,-0.4221016062762147,3.76377990236661e-12,1868.849373181408,304.0535784430689,12.135087524258095,2.1310236346683919e-19,7.714305557499578e-17,True,True
high_cholesterol_binary,High Cholesterol,LBXSNASI,Sodium (mmol/L),LBXIN,Insulin (uIU/mL),Ratio,2578,863.0,-0.23818243196285,1.1258317344536076e-05,3267.9264445614767,0.0495354096615182,0.2361306752290858,3289.521182970099,0.1388792808209066,0.0018587304687617,3280.029494409033,165.09842562431083,12.103049847556122,4.779474344378523e-05,0.06079491366049481,True,False
liver_condition_binary,Liver Condition,LBXSAL,Albumin (g/dL),LBXTR,Triglycerides (mg/dL),Ratio,2376,132.0,-0.4104533161016635,0.0004800103955356,1009.1250775396524,-0.0863866075482306,0.3264495719062421,1022.6335827592396,0.1009268853147785,0.0830736455151947,1021.1854830002978,173.0663466621045,12.060405460645484,0.0017109281425031287,1.0,True,False
arthritis_binary,Arthritis,diastolic_bp,Diastolic BP (mmHg),LBXSAPSI,Alkaline Phosphatase (U/L),Ratio,4668,1456.0,-0.2469161387015321,5.007764161091233e-13,5742.844059030847,-0.0994942609305489,0.0015611316367502,5788.119763294166,0.2084846204705914,1.2522387975000283e-10,5754.893460562241,250.059459115414,12.049401531393414,4.3060392467981935e-12,2.7041926469892656e-09,True,True
diabetes_binary,Diabetes,LBXSUA,Uric Acid (mg/dL),LBXTR,Triglycerides (mg/dL),Ratio,2819,410.0,-0.5565129621975896,2.367816662275049e-13,2275.7185504625763,0.2850762668151296,3.093568266199471e-08,2312.0479857651067,0.387211914192092,2.7763634985445823e-11,2287.7007913410234,117.25415834674438,11.9822408784471,2.1169221815041824e-12,1.2786209976285263e-09,True,True
thyroid_binary,Thyroid Problem,LBXSUA,Uric Acid (mg/dL),LBXTR,Triglycerides (mg/dL),Ratio,2375,305.0,-0.284919425753393,0.0001292917546869,1808.443088263248,-0.1345771761269094,0.0334599301440076,1820.4061043548213,0.0621101191510639,0.2194068967803963,1823.6686464258537,258.7939983105074,11.96301609157308,0.0004902917663688623,0.6981754753092599,True,False
stroke_binary,Stroke,LBXGH,"Glycohemoglobin (HbA1c, %)",LBXHGB,Hemoglobin (g/dL),Ratio,5007,241.0,0.3132126106936004,1.8080486450237396e-10,1902.3389650870783,0.2090979130042794,2.089125419234549e-05,1921.400774798013,-0.2976940155071361,1.442622727912282e-06,1914.293505766565,7978.893332780549,11.9545406794864,1.2098466769675582e-09,9.763462683128194e-07,True,True
stroke_binary,Stroke,LBXSKSI,Potassium (mmol/L),LBXTC,Total Cholesterol (mg/dL),Ratio,4902,238.0,0.30123825965411,1.837396188816457e-07,1883.3159995450355,0.1075374054093249,0.0984419816490563,1905.522419137132,-0.2506229210524606,0.0004279004781996,1895.24407337726,2328.8416554038968,11.928073832224529,9.378014574299497e-07,0.0009921939419608868,True,True
hypertension_binary,Hypertension,LBXWBCSI,WBC Count (10^3/uL),LBDHDD,HDL Cholesterol (mg/dL),Ratio,5433,1905.0,0.3102599578937735,6.588782893341331e-07,7015.737879343946,0.260485591659304,0.0003324663756498,7027.660438458848,-0.0870692614794766,0.0027477437679273,7034.300367390028,504.59452228392905,11.92255911490247,3.196714072241077e-06,0.0035579427624043186,True,True
diabetes_binary,Diabetes,LBXHGB,Hemoglobin (g/dL),BMXWAIST,Waist Circumference (cm),Difference,7010,750.0,-1.0172687039055823,2.5952543408288946e-110,4176.214226058328,-0.0034081540934401,0.9297035357646112,4773.253978664623,1.0150176472932426,5.789921727367309e-108,4188.082727625986,223.0965048889225,11.868501567658312,9.34291562698402e-108,1.4014373440476032e-106,True,True
diabetes_binary,Diabetes,BMXWAIST,Waist Circumference (cm),LBXHGB,Hemoglobin (g/dL),Difference,7010,750.0,1.0172687039055823,2.5952543408288946e-110,4176.214226058328,1.0150176472932426,5.789921727367309e-108,4188.082727625986,-0.0034081540934401,0.9297035357646112,4773.253978664623,223.0965048889225,11.868501567658312,9.34291562698402e-108,1.4014373440476032e-106,True,True
stroke_binary,Stroke,LBXSCA,Calcium (mg/dL),LBXGH,"Glycohemoglobin (HbA1c, %)",Ratio,4902,239.0,-0.3081518836745087,6.470321287263643e-08,1887.582596475476,-0.0138067562852988,0.835191066175228,1914.116914306985,0.2077633922913055,2.6838887236708405e-05,1899.4379410345875,414.79991557048027,11.8553445591117,3.4154188613121873e-07,0.00034939734951223674,True,True
heart_attack_binary,Heart Attack,diastolic_bp,Diastolic BP (mmHg),LBXTR,Triglycerides (mg/dL),Ratio,2269,117.0,-0.5615452700617225,2.1704719484667137e-05,903.5887568062828,-0.2815401067955896,0.0008587858701045,915.444025627694,0.0693896828986103,0.3051725718965792,924.8009278345744,39.56678042815684,11.855268821411071,8.852378037553063e-05,0.11720548521720255,True,False
heart_attack_binary,Heart Attack,LBXSNASI,Sodium (mmol/L),LBXTC,Total Cholesterol (mg/dL),Ratio,4903,243.0,0.4556893039088441,4.638436106380936e-16,1877.498423035779,-0.0351601782068937,0.5915462434302661,1937.672392530752,-0.5014773510590501,2.3381041177771118e-11,1889.3331594307635,50407.16448719996,11.834736394984477,5.039749491842466e-15,2.5047554974457056e-12,True,True
hypertension_binary,Hypertension,LBXTR,Triglycerides (mg/dL),LBDLDL,LDL Cholesterol (mg/dL),Ratio,2582,919.0,0.3185751505964534,7.880777325944126e-13,3309.0439178030983,0.2723111644081355,2.5874313743811207e-11,3320.867175586326,-0.0624406290777053,0.1323471375824914,3363.679372675211,32.832184787953565,11.823257783227746,6.62869120873805e-12,4.2556197560098275e-09,True,True
diabetes_binary,Diabetes,systolic_bp,Systolic BP (mmHg),LBXSNASI,Sodium (mmol/L),Ratio,5603,763.0,0.4888450742216402,8.243738064535764e-43,4279.012312530276,0.4720733728607987,2.145279124712858e-40,4290.663080987349,-0.1189221306491717,0.0021409449447052,4454.171807342432,260.2313547469156,11.650768457072443,3.007850374898184e-41,4.451618554849313e-39,True,True
heart_attack_binary,Heart Attack,LBXSAL,Albumin (g/dL),LBXGLU,Fasting Glucose (mg/dL),Ratio,2380,126.0,-0.4983765236825427,3.319781517309588e-10,953.2485116801196,-0.1166807969469359,0.191158759351358,988.0501113333976,0.324783667506717,2.0867706801244005e-08,964.8650586016364,62.85867516412821,11.616546921516829,2.175584974935895e-09,1.7926820193471773e-06,True,True
high_cholesterol_binary,High Cholesterol,LBXSAPSI,Alkaline Phosphatase (U/L),LBXPLTSI,Platelet Count (10^3/uL),Ratio,5384,1761.0,0.2230446271252028,8.630262994084283e-10,6767.104215080268,0.1071043076182836,0.0001940771982237,6796.3596460279605,-0.1672055654590212,2.873612501013046e-08,6778.70055609997,33.29692852909347,11.596341019701867,5.437972014942255e-09,4.660342016805512e-06,True,True
hypertension_binary,Hypertension,LBXSKSI,Potassium (mmol/L),LBXSBU,BUN Kidney (mg/dL),Difference,5405,1899.0,-0.6674750690998668,1.3828298341827305e-79,6571.245130682849,-0.0005881461359705,0.983533156992054,7011.831089271065,0.6572768555925443,1.085061342620242e-77,6582.816588084585,78.46672929656067,11.571457401736552,1.866820276146686e-77,7.467281104586745e-76,True,True
hypertension_binary,Hypertension,LBXSBU,BUN Kidney (mg/dL),LBXSKSI,Potassium (mmol/L),Difference,5405,1899.0,0.6674750690998668,1.3828298341827305e-79,6571.245130682849,0.6572768555925443,1.085061342620242e-77,6582.816588084585,-0.0005881461359705,0.983533156992054,7011.831089271065,78.46672929656067,11.571457401736552,1.866820276146686e-77,7.467281104586745e-76,True,True
heart_attack_binary,Heart Attack,LBDHDD,HDL Cholesterol (mg/dL),BMXWAIST,Waist Circumference (cm),Ratio,4668,217.0,-0.5296705388853413,6.990243199296466e-09,1719.4497305246202,-0.3813708128747472,5.043251609386492e-06,1736.2000783123683,0.3545184700305501,5.1074804964728827e-08,1730.951113170297,7.3065848366862625,11.501382645676811,4.0632199436168906e-08,3.7747313276200916e-05,True,True
thyroid_binary,Thyroid Problem,LBXSASSI,AST Liver Enzyme (U/L),LBXHSCRP,hs-CRP Inflammation (mg/L),Ratio,4875,595.0,-0.2235905647797148,0.0002233554211458,3604.5481033737615,-0.1179635676008288,0.0363629540745404,3616.015958305081,0.0851978836200403,0.0157140170443807,3615.9866950930727,70.35431226054176,11.438591719311262,0.00082667530787342,1.0,True,False
thyroid_binary,Thyroid Problem,LBXSCR,Creatinine Kidney (mg/dL),LBXTR,Triglycerides (mg/dL),Ratio,2377,306.0,-0.2699242696515475,0.0008314666579573,1816.3963904022407,-0.1018882461500188,0.2651753846664795,1827.8276209043577,0.0607132773207195,0.2306746771996352,1828.110037810065,277.4310611159573,11.431230502116932,0.002876305690576325,1.0,True,False
stroke_binary,Stroke,LBXSCR,Creatinine Kidney (mg/dL),LBDLDL,LDL Cholesterol (mg/dL),Ratio,2356,111.0,0.5034284476103943,4.338690443765471e-10,850.3549165502257,0.44653386960732,8.02766096718127e-06,861.784589768751,-0.2877202667937238,0.0067763252875963,891.183214354784,18502.49763431892,11.429673218525297,2.8295807241948727e-09,2.3428928396333545e-06,True,True
hypertension_binary,Hypertension,LBXHGB,Hemoglobin (g/dL),BMXWAIST,Waist Circumference (cm),Difference,5253,1812.0,-0.6667841598803953,9.265962552613483e-95,6291.434633042888,-0.0761365429958129,0.0085479933566851,6765.70292855554,0.6581049396481425,7.728388550837389e-93,6302.861310537435,83.40621394652175,11.42667749454722,2.0848415743380337e-92,5.00361977841128e-91,True,True
hypertension_binary,Hypertension,BMXWAIST,Waist Circumference (cm),LBXHGB,Hemoglobin (g/dL),Difference,5253,1812.0,0.6667841598803953,9.265962552613483e-95,6291.434633042888,0.6581049396481425,7.728388550837389e-93,6302.861310537435,-0.0761365429958129,0.0085479933566851,6765.70292855554,83.40621394652175,11.42667749454722,2.0848415743380337e-92,5.00361977841128e-91,True,True
high_cholesterol_binary,High Cholesterol,LBXSCA,Calcium (mg/dL),LBXIN,Insulin (uIU/mL),Ratio,2575,863.0,-0.2334948277277603,1.63518199880219e-05,3266.341184094066,0.1003200841401668,0.016604171210611,3282.7225084346983,0.1381003931467223,0.0019594507011793,3277.702551365677,119.83074071355624,11.361367271611016,6.844947901962656e-05,0.08829982793531826,True,False
stroke_binary,Stroke,LBXSAPSI,Alkaline Phosphatase (U/L),LBDLDL,LDL Cholesterol (mg/dL),Ratio,2356,111.0,0.4209779239952084,3.275342691555213e-11,859.2192442872866,0.3975254581709674,1.1866544517333593e-08,870.5638349120003,-0.2877202667937238,0.0067763252875963,891.183214354784,362.2993266606575,11.344590624713646,2.3089883204175132e-10,1.7686850534398148e-07,True,True
hypertension_binary,Hypertension,LBXHGB,Hemoglobin (g/dL),LBXSCA,Calcium (mg/dL),Ratio,5405,1899.0,-0.149917316751621,1.5656645581557558e-07,6984.1724313390505,-0.1124842765066772,7.702377085441654e-05,6996.185696407403,0.1154543422639873,5.661273572987979e-05,6995.514918666297,361.5891758868558,11.34248732724609,8.044327891570963e-07,0.0008454588614041082,True,True
high_cholesterol_binary,High Cholesterol,LBXPLTSI,Platelet Count (10^3/uL),LBXSKSI,Potassium (mmol/L),Ratio,5383,1759.0,-0.1958763007456024,1.0163654125846168e-10,6763.515031552171,-0.1677684648827705,2.6271849088311725e-08,6774.836463462451,0.132016151609385,5.463269698908616e-06,6785.9687255350245,258.4882244418612,11.321431910279898,6.860466534946164e-10,5.48837322795693e-07,True,True
arthritis_binary,Arthritis,LBXSAPSI,Alkaline Phosphatase (U/L),diastolic_bp,Diastolic BP (mmHg),Difference,4668,1456.0,0.2348537081222392,5.191604944155023e-13,5743.59354621535,0.2084846204705914,1.2522387975000283e-10,5754.893460562241,-0.0994942609305489,0.0015611316367502,5788.119763294166,241.2045621672087,11.299914346890546,4.435864983929925e-12,2.8034666698437124e-09,True,True
arthritis_binary,Arthritis,diastolic_bp,Diastolic BP (mmHg),LBXSAPSI,Alkaline Phosphatase (U/L),Difference,4668,1456.0,-0.2348537081222392,5.191604944155023e-13,5743.59354621535,-0.0994942609305489,0.0015611316367502,5788.119763294166,0.2084846204705914,1.2522387975000283e-10,5754.893460562241,241.2045621672087,11.299914346890546,4.435864983929925e-12,2.8034666698437124e-09,True,True
liver_condition_binary,Liver Condition,LBXSCA,Calcium (mg/dL),LBXTR,Triglycerides (mg/dL),Ratio,2373,132.0,-0.3969385104619261,0.0006626225079999,1009.6054842529592,-0.0103361811932574,0.9081941689334668,1023.2286292340966,0.1005687350458997,0.0845109627485824,1020.864619943722,127.54013292375888,11.259135690762603,0.0023249912561400005,1.0,True,False
heart_attack_binary,Heart Attack,LBXSATSI,ALT Liver Enzyme (U/L),LBXHSCRP,hs-CRP Inflammation (mg/L),Ratio,4892,243.0,-0.3442437628384807,0.001950800992112,1924.25225199666,-0.0831689789871949,0.2694405878394935,1935.507583396793,0.0418589512941755,0.4568859314539624,1936.3408203951687,138.11792639482857,11.255331400133173,0.006446955543087393,1.0,True,False
high_cholesterol_binary,High Cholesterol,LBXTR,Triglycerides (mg/dL),LBXPLTSI,Platelet Count (10^3/uL),Ratio,2589,865.0,0.7062308118246052,1.5090821693815818e-25,3164.6139778529077,0.6387997921868626,1.0889795641898093e-23,3175.8083302584573,-0.1642502695544665,0.0001483479829251,3287.815860952658,72.16171433766726,11.194352405550037,2.9525520705291814e-24,8.149043714660542e-22,True,True
liver_condition_binary,Liver Condition,BMXBMI,Body Mass Index (kg/m2),LBXTR,Triglycerides (mg/dL),Ratio,2343,128.0,-0.4125348297286164,0.0007201233553559,983.4593186912105,-0.0175767441101188,0.8482974353385573,997.071707081988,0.1036293725305314,0.0769985185752472,994.614816156944,106.92406794275476,11.155497465733674,0.0025104364873607876,1.0,True,False
diabetes_binary,Diabetes,systolic_bp,Systolic BP (mmHg),LBXSNASI,Sodium (mmol/L),Difference,5603,763.0,0.488656329811246,1.1485811200385188e-42,4279.522914476425,0.4720733728607987,2.145279124712858e-40,4290.663080987349,-0.1189221306491717,0.0021409449447052,4454.171807342432,186.7764572554452,11.140166510923336,4.134892032138668e-41,6.202338048208001e-39,True,True
diabetes_binary,Diabetes,LBXSNASI,Sodium (mmol/L),systolic_bp,Systolic BP (mmHg),Difference,5603,763.0,-0.488656329811246,1.1485811200385188e-42,4279.522914476425,-0.1189221306491717,0.0021409449447052,4454.171807342432,0.4720733728607987,2.145279124712858e-40,4290.663080987349,186.7764572554452,11.140166510923336,4.134892032138668e-41,6.202338048208001e-39,True,True
heart_attack_binary,Heart Attack,LBDLDL,LDL Cholesterol (mg/dL),BMXWAIST,Waist Circumference (cm),Difference,2240,110.0,-0.5795850593004223,7.724332851398033e-08,850.8361797432851,-0.4759553056118661,2.32008414766543e-05,861.9746369012128,0.3260491264062127,0.0003703452936278,869.3368609969045,300.36045731062933,11.138457157927633,4.061479785545217e-07,0.0004171139739754938,True,True
heart_attack_binary,Heart Attack,BMXWAIST,Waist Circumference (cm),LBDLDL,LDL Cholesterol (mg/dL),Difference,2240,110.0,0.5795850593004223,7.724332851398033e-08,850.8361797432851,0.3260491264062127,0.0003703452936278,869.3368609969045,-0.4759553056118661,2.32008414766543e-05,861.9746369012128,300.36045731062933,11.138457157927633,4.061479785545217e-07,0.0004171139739754938,True,True
heart_attack_binary,Heart Attack,LBXSNASI,Sodium (mmol/L),LBXHSCRP,hs-CRP Inflammation (mg/L),Ratio,4894,243.0,-0.2748217719176815,0.0018475912890295,1925.422052354539,-0.0379236962454105,0.5627348061676272,1936.7096568541108,0.041909082164255,0.456237343031691,1936.543209742976,246.93629253433392,11.12115738843704,0.006139687975851877,1.0,True,False
stroke_binary,Stroke,LBXWBCSI,WBC Count (10^3/uL),LBDLDL,LDL Cholesterol (mg/dL),Ratio,2365,111.0,0.3189369713568071,2.135770157524331e-06,880.9826875001006,0.1665646164415615,0.0338332454954836,895.8755288794957,-0.286885349533942,0.0068767459421673,892.0830468253316,3219.796810972641,11.100359325231013,9.773863432738464e-06,0.011533158850631388,True,True
arthritis_binary,Arthritis,LBXHGB,Hemoglobin (g/dL),LBXHSCRP,hs-CRP Inflammation (mg/L),Difference,4892,1519.0,-0.2151390805444083,9.157946350753325e-11,6017.297628226719,-0.1871154940916851,1.381805153014001e-09,6028.358327300583,0.1866294912793798,9.71761796165846e-09,6028.34603400906,15.08859191886765,11.048405782340524,6.212677172621602e-10,4.945291029406795e-07,True,True
arthritis_binary,Arthritis,LBXHSCRP,hs-CRP Inflammation (mg/L),LBXHGB,Hemoglobin (g/dL),Difference,4892,1519.0,0.2151390805444083,9.157946350753325e-11,6017.297628226719,0.1866294912793798,9.71761796165846e-09,6028.34603400906,-0.1871154940916851,1.381805153014001e-09,6028.358327300583,15.08859191886765,11.048405782340524,6.212677172621602e-10,4.945291029406795e-07,True,True
heart_attack_binary,Heart Attack,LBXHGB,Hemoglobin (g/dL),LBXHSCRP,hs-CRP Inflammation (mg/L),Ratio,4896,243.0,-0.2722350786747635,0.0020898690360453,1925.89493066846,0.0021755814358927,0.9736398803962716,1937.2462259610625,0.0420116866011153,0.4549205430534244,1936.744096023096,217.678971843266,10.84916535463617,0.0068896781408086805,1.0,True,False
arthritis_binary,Arthritis,LBXSKSI,Potassium (mmol/L),LBXHGB,Hemoglobin (g/dL),Difference,4897,1524.0,0.2109091483235488,8.319821936083446e-12,6029.908619630114,0.1236569091573988,5.916864098083808e-05,6060.787757819591,-0.1851782502074775,1.947776331146664e-09,6040.721167735943,234.11274256953376,10.812548105828682,6.231211990964024e-11,4.492703845485061e-08,True,True
arthritis_binary,Arthritis,LBXHGB,Hemoglobin (g/dL),LBXSKSI,Potassium (mmol/L),Difference,4897,1524.0,-0.2109091483235488,8.319821936083446e-12,6029.908619630114,-0.1851782502074775,1.947776331146664e-09,6040.721167735943,0.1236569091573988,5.916864098083808e-05,6060.787757819591,234.11274256953376,10.812548105828682,6.231211990964024e-11,4.492703845485061e-08,True,True
arthritis_binary,Arthritis,LBXSUA,Uric Acid (mg/dL),LBXSATSI,ALT Liver Enzyme (U/L),Ratio,4899,1524.0,0.1878267444267456,6.026920291977716e-10,6039.822421836028,0.1616469506739938,1.3412332177948984e-07,6050.633864873696,-0.1463409422154447,3.742421882160794e-05,6059.592362260658,222.5403942342129,10.81144303766814,3.879066695670997e-09,3.2545369576679664e-06,True,True
arthritis_binary,Arthritis,LBXSATSI,ALT Liver Enzyme (U/L),LBXIN,Insulin (uIU/mL),Difference,2374,752.0,-0.2072985577703047,3.233693065048e-05,2948.520079906146,-0.141212598383035,0.0042294880220791,2959.7956374429277,0.1339521509721253,0.0037118747511874,2959.3192073698638,114.78747909960738,10.799127463717468,0.0001289656022988124,0.17461942551259202,True,False
arthritis_binary,Arthritis,LBXIN,Insulin (uIU/mL),LBXSATSI,ALT Liver Enzyme (U/L),Difference,2374,752.0,0.2072985577703047,3.233693065048e-05,2948.520079906146,0.1339521509721253,0.0037118747511874,2959.3192073698638,-0.141212598383035,0.0042294880220791,2959.7956374429277,114.78747909960738,10.799127463717468,0.0001289656022988124,0.17461942551259202,True,False
heart_attack_binary,Heart Attack,LBDHDD,HDL Cholesterol (mg/dL),BMXWAIST,Waist Circumference (cm),Difference,4668,217.0,-0.4533641731632836,7.98271499363066e-10,1720.1822660582516,-0.3813708128747472,5.043251609386492e-06,1736.2000783123683,0.3545184700305501,5.1074804964728827e-08,1730.951113170297,63.9817468185711,10.768847112045478,5.065412569401359e-09,4.310666096560556e-06,True,True
heart_attack_binary,Heart Attack,BMXWAIST,Waist Circumference (cm),LBDHDD,HDL Cholesterol (mg/dL),Difference,4668,217.0,0.4533641731632836,7.98271499363066e-10,1720.1822660582516,0.3545184700305501,5.1074804964728827e-08,1730.951113170297,-0.3813708128747472,5.043251609386492e-06,1736.2000783123683,63.9817468185711,10.768847112045478,5.065412569401359e-09,4.310666096560556e-06,True,True
stroke_binary,Stroke,LBXTC,Total Cholesterol (mg/dL),BMXWAIST,Waist Circumference (cm),Ratio,4671,210.0,-0.3431357500719133,1.0723351974416911e-05,1696.5685666127138,-0.232693536587325,0.0019981131449151,1707.3059669140507,0.2159489113796065,0.0014005018503903,1707.332423065438,130.60299183795624,10.737400301336947,4.570331543950381e-05,0.05790610066185132,True,False
hypertension_binary,Hypertension,diastolic_bp,Diastolic BP (mmHg),LBXHGB,Hemoglobin (g/dL),Difference,5274,1859.0,0.2771361813054442,1.251101673100425e-19,6763.029302503355,0.2587395274202768,1.8093309022985625e-17,6773.680347124237,-0.102837043542372,0.0003509171033737,6836.560636462589,144.619013881962,10.651044620882203,1.777881324932183e-18,6.755949034742295e-16,True,True
hypertension_binary,Hypertension,LBXHGB,Hemoglobin (g/dL),diastolic_bp,Diastolic BP (mmHg),Difference,5274,1859.0,-0.2771361813054442,1.251101673100425e-19,6763.029302503355,-0.102837043542372,0.0003509171033737,6836.560636462589,0.2587395274202768,1.8093309022985625e-17,6773.680347124237,144.619013881962,10.651044620882203,1.777881324932183e-18,6.755949034742295e-16,True,True
heart_attack_binary,Heart Attack,LBXSNASI,Sodium (mmol/L),LBXGLU,Fasting Glucose (mg/dL),Ratio,2380,126.0,-0.4766015028958637,3.1536724042262625e-10,954.2193390561844,0.0384786166248402,0.6748084431237236,989.5528681705908,0.324783667506717,2.0867706801244005e-08,964.8650586016364,66.16954498279217,10.64571954545204,2.0692382725178395e-09,1.7029830982821818e-06,True,True
high_cholesterol_binary,High Cholesterol,LBXSCA,Calcium (mg/dL),LBXSCR,Creatinine Kidney (mg/dL),Ratio,5386,1763.0,-0.2436925762144261,1.912921850608189e-15,6748.933486812849,0.1053066872640303,0.0003045765832112,6801.730944203903,0.2686091050014717,3.2053095695794317e-10,6759.569608719699,167560.92615912904,10.636121906850349,1.9903233127715262e-14,1.032977799328422e-11,True,True
arthritis_binary,Arthritis,LBXSKSI,Potassium (mmol/L),LBXSCR,Creatinine Kidney (mg/dL),Ratio,4899,1524.0,-0.1997167213647241,5.772357247210492e-10,6038.721895161807,0.1258832497892235,4.342055436294665e-05,6061.689366770376,0.1802140918807156,2.617406427311817e-06,6049.35307254035,4534.380522925336,10.631177378542816,3.733021453285827e-09,3.1170729134936657e-06,True,True
liver_condition_binary,Liver Condition,diastolic_bp,Diastolic BP (mmHg),LBXTR,Triglycerides (mg/dL),Ratio,2266,126.0,-0.3917180076556788,0.0008460354004918,964.0546998806142,-0.0879491816915153,0.3231711373730511,976.0559107697898,0.1020100864389876,0.0845071721548104,974.6392960180202,99.88609472568804,10.584596137406038,0.002919227579971706,1.0,True,False
arthritis_binary,Arthritis,LBXHSCRP,hs-CRP Inflammation (mg/L),LBXSATSI,ALT Liver Enzyme (U/L),Difference,4888,1517.0,0.233288254583772,7.033986973328625e-11,6011.424038895028,0.1872078696505453,9.028605235208384e-09,6022.002694908839,-0.1543482828709479,1.6762215263799888e-05,6038.436063662248,128.35686601983946,10.57865601381036,4.808041728604377e-10,3.7983529655974576e-07,True,True
arthritis_binary,Arthritis,LBXSATSI,ALT Liver Enzyme (U/L),LBXHSCRP,hs-CRP Inflammation (mg/L),Difference,4888,1517.0,-0.233288254583772,7.033986973328625e-11,6011.424038895028,-0.1543482828709479,1.6762215263799888e-05,6038.436063662248,0.1872078696505453,9.028605235208384e-09,6022.002694908839,128.35686601983946,10.57865601381036,4.808041728604377e-10,3.7983529655974576e-07,True,True
stroke_binary,Stroke,BMXWAIST,Waist Circumference (cm),LBXHGB,Hemoglobin (g/dL),Ratio,4756,214.0,0.3213421675557086,4.80837563832359e-08,1722.7287382838736,0.2211144649885676,0.000953163687166,1738.91181509884,-0.2705905538054846,3.822003811935574e-05,1733.2837126984457,794.8638166855225,10.554974414572143,2.568271854297466e-07,0.00025965228446947383,True,True
arthritis_binary,Arthritis,LBXTR,Triglycerides (mg/dL),LBXSATSI,ALT Liver Enzyme (U/L),Ratio,2375,753.0,0.1878553205337318,1.367011231424911e-05,2951.7917265048363,0.0981342296021785,0.0220514493200123,2965.729209836514,-0.1391152328286011,0.0047388990316202,2962.328971848758,346.66130918914143,10.537245343921768,5.753593647462602e-05,0.07381860649694519,True,False
liver_condition_binary,Liver Condition,LBXWBCSI,WBC Count (10^3/uL),LBXTR,Triglycerides (mg/dL),Ratio,2384,132.0,-0.3841534762043263,0.0009203336314528,1011.5494230364566,0.0152323648790843,0.8628411993145134,1024.46853065328,0.1013260133098493,0.0813211208813388,1022.0713071524082,88.36047939806811,10.521884115951591,0.0031554295935524567,1.0,True,False
liver_condition_binary,Liver Condition,LBXSNASI,Sodium (mmol/L),LBXTR,Triglycerides (mg/dL),Ratio,2376,132.0,-0.4104390179785214,0.0004650696204446,1009.1203920456184,-0.1777999288608652,0.0456857637720779,1019.6092308526868,0.1009268853147785,0.0830736455151947,1021.1854830002978,98.2342465809715,10.488838807068303,0.0016642475541507815,1.0,True,False
stroke_binary,Stroke,LBXSAL,Albumin (g/dL),LBXSCA,Calcium (mg/dL),Ratio,4906,239.0,-0.4661093843676508,1.2286192710274022e-14,1858.368921169912,-0.4221016062762147,3.76377990236661e-12,1868.849373181408,-0.014257714216364,0.8298872765051626,1914.51374541527,306.34224866253675,10.480452011496029,1.2218313192537702e-13,6.634544063547972e-11,True,True
stroke_binary,Stroke,LBDLDL,LDL Cholesterol (mg/dL),LBXTC,Total Cholesterol (mg/dL),Ratio,2365,111.0,-0.3836586281967046,1.0356829760813807e-05,881.6082537281411,-0.286885349533942,0.0068767459421673,892.0830468253316,-0.1764540562064455,0.0850831046985699,896.7369929969899,663.9817493366835,10.474793097190512,4.431607029191328e-05,0.05592688070839456,True,False
hypertension_binary,Hypertension,LBXSAPSI,Alkaline Phosphatase (U/L),LBXPLTSI,Platelet Count (10^3/uL),Difference,5406,1899.0,0.1869293839087721,1.7942020307413858e-10,6970.989719437752,0.1591838555346207,3.6924999325515276e-08,6981.450508192728,-0.1283757532010225,1.0985772803943564e-05,6992.998670756222,205.80179206606635,10.46078875497642,1.2020708394545265e-09,9.688690966003482e-07,True,True
hypertension_binary,Hypertension,LBXPLTSI,Platelet Count (10^3/uL),LBXSAPSI,Alkaline Phosphatase (U/L),Difference,5406,1899.0,-0.1869293839087721,1.7942020307413858e-10,6970.989719437752,-0.1283757532010225,1.0985772803943564e-05,6992.998670756222,0.1591838555346207,3.6924999325515276e-08,6981.450508192728,205.80179206606635,10.46078875497642,1.2020708394545265e-09,9.688690966003482e-07,True,True
hypertension_binary,Hypertension,LBXHGB,Hemoglobin (g/dL),LBXWBCSI,WBC Count (10^3/uL),Ratio,5540,1942.0,-0.1503707025477147,2.590911392862072e-07,7154.147401848703,-0.1088781579468678,0.0001074627888576,7166.403936728822,0.2659260679894491,0.0001960510734075,7164.604385993293,414.768290238172,10.456984144590024,1.3039069451495983e-06,0.001399092152145519,True,True
stroke_binary,Stroke,LBXSATSI,ALT Liver Enzyme (U/L),LBXGH,"Glycohemoglobin (HbA1c, %)",Ratio,4903,239.0,-0.5040854277277081,1.356739289240076e-05,1888.263352517767,-0.3588260132136505,0.000563341305284,1898.7200727732984,0.2078476670445118,2.6564664592722565e-05,1899.522711208377,1.9579785743215052,10.45672025553108,5.714814478858354e-05,0.0732639216189641,True,False
high_cholesterol_binary,High Cholesterol,LBXSAL,Albumin (g/dL),LBXSKSI,Potassium (mmol/L),Ratio,5386,1760.0,-0.1715515240003829,5.841992373637385e-09,6776.176504592557,-0.1416243533165566,1.058817283525114e-06,6786.629548696013,0.1314140913871688,5.986286951167918e-06,6789.964843743807,181.24249670423055,10.453044103456705,3.41415138719068e-08,3.154675881764188e-05,True,True
arthritis_binary,Arthritis,LBXSKSI,Potassium (mmol/L),LBXHGB,Hemoglobin (g/dL),Ratio,4897,1524.0,0.2065151453149657,9.389315722088603e-12,6030.30793405598,0.1236569091573988,5.916864098083808e-05,6060.787757819591,-0.1851782502074775,1.947776331146664e-09,6040.721167735943,207.44603640971093,10.413233679963014,7.022479902947154e-11,5.070230489927846e-08,True,True
high_cholesterol_binary,High Cholesterol,LBXHGB,Hemoglobin (g/dL),LBXSCR,Creatinine Kidney (mg/dL),Ratio,5385,1762.0,-0.2420466411447574,1.4467608393649377e-15,6746.595008411124,-0.0064615633312961,0.8238794199128106,6812.547506501665,0.2699060710313798,2.8314189401786616e-10,6756.976759199439,195707.4633995157,10.381750788315005,1.5229061466999345e-14,7.812508532570664e-12,True,True
heart_attack_binary,Heart Attack,LBXSCA,Calcium (mg/dL),LBXHSCRP,hs-CRP Inflammation (mg/L),Ratio,4891,243.0,-0.2650536890557229,0.0025510711824426,1925.8626195225795,0.0313403963801898,0.6333216001835857,1936.5107038829028,0.0417183182432506,0.4586518748878196,1936.242638334738,179.7879565432853,10.380018812158596,0.008323736788634465,1.0,True,False
stroke_binary,Stroke,LBXHSCRP,hs-CRP Inflammation (mg/L),LBXSATSI,ALT Liver Enzyme (U/L),Difference,4894,237.0,0.3602684455463715,2.022626612371e-07,1874.861788995396,0.1554639059762293,0.0001318857615758,1889.9075184036424,-0.3706833176962192,0.0004350720383094,1885.2370310387632,652.0519445813416,10.375242043367052,1.024595094446848e-06,0.00109221837068034,True,True
stroke_binary,Stroke,LBXSATSI,ALT Liver Enzyme (U/L),LBXHSCRP,hs-CRP Inflammation (mg/L),Difference,4894,237.0,-0.3602684455463715,2.022626612371e-07,1874.861788995396,-0.3706833176962192,0.0004350720383094,1885.2370310387632,0.1554639059762293,0.0001318857615758,1889.9075184036424,652.0519445813416,10.375242043367052,1.024595094446848e-06,0.00109221837068034,True,True
thyroid_binary,Thyroid Problem,diastolic_bp,Diastolic BP (mmHg),LBXGH,"Glycohemoglobin (HbA1c, %)",Ratio,4768,581.0,-0.1968328043427579,5.033417726220756e-06,3517.5681158024845,-0.1380235534195399,0.0012751630305104,3527.909901485549,0.0948024328382724,0.0171372692409769,3532.7589101215726,253.33940075502068,10.3417856830647,2.237074544987003e-05,0.027180455721592084,True,True
hypertension_binary,Hypertension,LBXTR,Triglycerides (mg/dL),LBXHGB,Hemoglobin (g/dL),Ratio,2606,931.0,0.2906473291482923,9.26729579100056e-09,3362.0675608155907,0.2550807657149843,1.1082697144955417e-06,3372.3845856986127,-0.1114807359157643,0.0062945082595482,3393.8221948683777,119.58933215143284,10.317024883021986,5.318108105356326e-08,5.0043397271403025e-05,True,True
heart_attack_binary,Heart Attack,BMXWAIST,Waist Circumference (cm),LBDLDL,LDL Cholesterol (mg/dL),Ratio,2240,110.0,0.3904013211841847,4.573252877438676e-09,851.6965905955801,0.3260491264062127,0.0003703452936278,869.3368609969045,-0.4759553056118661,2.32008414766543e-05,861.9746369012128,5073.159542764734,10.278046305632644,2.693082392384826e-08,2.4695565538168853e-05,True,True
stroke_binary,Stroke,LBXSAL,Albumin (g/dL),LBXGH,"Glycohemoglobin (HbA1c, %)",Ratio,4905,239.0,-0.4551595961313377,1.0688524303244806e-14,1858.657111532076,-0.4217796349825228,3.919131968289133e-12,1868.8244383834567,0.2079757054575372,2.613565788310492e-05,1899.698705653916,366.6672645445891,10.167326851380494,1.0668767326713855e-13,5.7718031237521956e-11,True,True
arthritis_binary,Arthritis,systolic_bp,Systolic BP (mmHg),LBXHGB,Hemoglobin (g/dL),Difference,4777,1487.0,0.4276229265482778,1.8445954540141176e-41,5738.930565836923,0.4160578157561276,1.8955030608253434e-39,5749.087966886795,-0.1884316741788276,1.6246339523472327e-09,5892.083862842004,102.75982501748246,10.157401049871623,6.510336896520415e-40,9.960815451676235e-38,True,True
arthritis_binary,Arthritis,LBXHGB,Hemoglobin (g/dL),systolic_bp,Systolic BP (mmHg),Difference,4777,1487.0,-0.4276229265482778,1.8445954540141176e-41,5738.930565836923,-0.1884316741788276,1.6246339523472327e-09,5892.083862842004,0.4160578157561276,1.8955030608253434e-39,5749.087966886795,102.75982501748246,10.157401049871623,6.510336896520415e-40,9.960815451676235e-38,True,True
thyroid_binary,Thyroid Problem,LBXSCA,Calcium (mg/dL),LBXTR,Triglycerides (mg/dL),Ratio,2375,305.0,-0.2325830231862986,0.0011495948243478,1813.3593678382128,0.0759244016633853,0.2144300088379713,1823.488832878804,0.0621101191510639,0.2194068967803963,1823.6686464258537,186.52659554170475,10.129465040591183,0.003919073264822046,1.0,True,False
hypertension_binary,Hypertension,LBXSKSI,Potassium (mmol/L),LBXSAPSI,Alkaline Phosphatase (U/L),Ratio,5407,1899.0,-0.1917526310891055,4.0051575519802605e-10,6972.301013418038,-0.0006871145077274,0.9807609330929934,7013.561927666399,0.1589410673279959,3.8517870155557805e-08,6982.40352489219,96.17067407626324,10.10251147415238,2.6152177485723587e-09,2.162785078069341e-06,True,True
diabetes_binary,Diabetes,LBXSNASI,Sodium (mmol/L),LBXSATSI,ALT Liver Enzyme (U/L),Ratio,5898,800.0,-0.1804262722803137,1.4361436261035462e-05,4666.732758671026,-0.1187331488323804,0.0016705150236749,4676.788026222956,0.0699855991312475,0.0369551337070549,4682.578345314548,116.31949571835833,10.055267551930228,6.035156094131634e-05,0.07755175580959149,True,False
diabetes_binary,Diabetes,diastolic_bp,Diastolic BP (mmHg),LBXTC,Total Cholesterol (mg/dL),Difference,6160,768.0,0.2133683420644601,1.929635776455086e-07,4609.776688252448,0.0992167149077669,0.013653083081255,4631.764372996109,-0.1701825008806836,2.775787643597018e-05,4619.825695174026,143.8503409537933,10.04900692157753,9.811707337907218e-07,0.0010420033192857464,True,True
diabetes_binary,Diabetes,LBXTC,Total Cholesterol (mg/dL),diastolic_bp,Diastolic BP (mmHg),Difference,6160,768.0,-0.2133683420644601,1.929635776455086e-07,4609.776688252448,-0.1701825008806836,2.775787643597018e-05,4619.825695174026,0.0992167149077669,0.013653083081255,4631.764372996109,143.8503409537933,10.04900692157753,9.811707337907218e-07,0.0010420033192857464,True,True
liver_condition_binary,Liver Condition,LBXSASSI,AST Liver Enzyme (U/L),LBXPLTSI,Platelet Count (10^3/uL),Ratio,4884,268.0,0.2947281479515304,1.8783218478817168e-13,2026.3747974514197,0.2759350682744053,9.082960576038806e-13,2036.4176584671652,-0.3090961456393242,8.520569857712635e-06,2059.8073040772024,4.835678500083542,10.042861015745984,1.7018352313022267e-12,1.0142937978561271e-09,True,True
thyroid_binary,Thyroid Problem,LBXSASSI,AST Liver Enzyme (U/L),systolic_bp,Systolic BP (mmHg),Difference,4657,567.0,-0.3279597965459648,3.681556959527382e-13,3401.392448416478,-0.1526185795201095,0.0126461622107178,3446.344895812712,0.2750348560784706,2.562214795862306e-11,3411.4294028577438,69.59595692881061,10.036954441265152,3.2325865986094085e-12,1.9880407581447863e-09,True,True
thyroid_binary,Thyroid Problem,systolic_bp,Systolic BP (mmHg),LBXSASSI,AST Liver Enzyme (U/L),Difference,4657,567.0,0.3279597965459648,3.681556959527382e-13,3401.392448416478,0.2750348560784706,2.562214795862306e-11,3411.4294028577438,-0.1526185795201095,0.0126461622107178,3446.344895812712,69.59595692881061,10.036954441265152,3.2325865986094085e-12,1.9880407581447863e-09,True,True
stroke_binary,Stroke,LBXSNASI,Sodium (mmol/L),LBXGH,"Glycohemoglobin (HbA1c, %)",Ratio,4905,239.0,-0.2943086991414711,1.572626855615561e-07,1889.684305397955,0.1184409580129694,0.0777754052284801,1911.32505781536,0.2079757054575372,2.613565788310492e-05,1899.698705653916,166.19109479009146,10.01440025596048,8.072419220840333e-07,0.000849218502032403,True,True
thyroid_binary,Thyroid Problem,LBXSUA,Uric Acid (mg/dL),LBXGLU,Fasting Glucose (mg/dL),Ratio,2377,305.0,-0.2422536722927079,0.0001616033776178,1810.878529535574,-0.1355871138227485,0.0321705661927408,1820.8863521287503,0.0998795131416231,0.0644480130969461,1822.417520853797,199.0711250405967,10.00782259317657,0.0006085482839164017,0.8726582391361201,True,False
heart_attack_binary,Heart Attack,LBXGH,"Glycohemoglobin (HbA1c, %)",LBDLDL,LDL Cholesterol (mg/dL),Ratio,2359,125.0,0.4558704579592148,7.529051443208368e-12,936.4340417653092,0.3903301581487389,4.766462914740199e-11,946.4395136254147,-0.5127439862104922,1.4489068451929208e-06,956.2004747068454,6.330761518490911,10.005471860105786,5.6625177985132576e-11,4.0656877793325184e-08,True,True
arthritis_binary,Arthritis,LBXSNASI,Sodium (mmol/L),systolic_bp,Systolic BP (mmHg),Ratio,4670,1457.0,-0.4503383048446477,2.7748740319702075e-41,5609.315824810581,-0.0116602049919694,0.7119008217154023,5801.059595417274,0.4236520937344379,7.840693261293174e-40,5619.302850964861,28.25603314225457,9.987026154280102,9.667303079122013e-40,1.498431977263912e-37,True,True
high_cholesterol_binary,High Cholesterol,LBXTR,Triglycerides (mg/dL),LBXHGB,Hemoglobin (g/dL),Ratio,2589,865.0,0.6253433520580024,2.077506057690312e-25,3165.855006340712,0.6387997921868626,1.0889795641898093e-23,3175.8083302584573,-0.0171508316885832,0.6803003933743166,3302.466348240818,52.41763604773761,9.953323917745363,4.035443421412836e-24,1.1218532711527683e-21,True,True
thyroid_binary,Thyroid Problem,LBXSNASI,Sodium (mmol/L),LBXGH,"Glycohemoglobin (HbA1c, %)",Ratio,4899,600.0,-0.179193482346897,8.57963458747787e-06,3628.28615090408,0.0532962839254192,0.223917666185947,3645.6607595708574,0.1190111635220174,0.001852356450516,3638.209043188958,215.90155520370965,9.922892284877436,3.736292481643589e-05,0.0463300267723805,True,True
arthritis_binary,Arthritis,LBXSASSI,AST Liver Enzyme (U/L),LBXTR,Triglycerides (mg/dL),Ratio,2367,751.0,-0.2100980673190199,0.0002329581326413,2945.850836668442,-0.0402247755471094,0.3903359404006271,2961.041321716891,0.1057273471466144,0.014174151514409,2955.7619787856725,60.844201289308046,9.911142117230613,0.0008616259700431644,1.0,True,False
hypertension_binary,Hypertension,LBXHGB,Hemoglobin (g/dL),LBXSASSI,AST Liver Enzyme (U/L),Ratio,5390,1894.0,-0.1447493734333927,5.385224052150952e-07,6967.323352077776,-0.1123808157332745,7.992490897420179e-05,6977.139024305352,0.0834243934137079,0.0028554601439505,6983.749390102004,148.41519721408508,9.815672227576217,2.6557269298278667e-06,0.002908020988161514,True,True
liver_condition_binary,Liver Condition,LBXHGB,Hemoglobin (g/dL),LBXTR,Triglycerides (mg/dL),Ratio,2384,132.0,-0.3702390630633799,0.0012046605608739,1012.298974467758,0.0761506891486228,0.4031207747376908,1023.7912981713162,0.1013260133098493,0.0813211208813388,1022.0713071524082,67.50542312296282,9.772332684650223,0.004088728490709654,1.0,True,False
heart_attack_binary,Heart Attack,LBDHDD,HDL Cholesterol (mg/dL),LBXSKSI,Potassium (mmol/L),Ratio,4900,243.0,-0.4775452056866102,7.578183463347356e-09,1899.326662156367,-0.374339002872976,1.987724941444043e-06,1912.396169509216,0.33629488967844,4.470438088974274e-08,1909.031293774693,5.899089287816791,9.704631618325948,4.395509205378703e-08,4.0922190702075725e-05,True,True
thyroid_binary,Thyroid Problem,systolic_bp,Systolic BP (mmHg),LBXSAL,Albumin (g/dL),Ratio,4672,570.0,0.2997429609029928,1.1879016409300045e-13,3417.4038440133927,0.2746234715204539,2.4666212634489456e-11,3427.1021454847078,-0.1826734833794498,2.7542418097169013e-05,3452.354148961841,207.6452442239103,9.698301471314608,1.1021767802443342e-12,6.414668861022025e-10,True,True
arthritis_binary,Arthritis,LBXSAPSI,Alkaline Phosphatase (U/L),LBXSATSI,ALT Liver Enzyme (U/L),Ratio,4901,1524.0,0.2264895794299847,8.30442840663846e-14,6023.596289055159,0.211197897677544,2.2342009536828204e-11,6033.242885871554,-0.1461183056000906,3.8271597953864645e-05,6061.132245132731,269.0372948361897,9.646596816394776,7.826162896308497e-13,4.4843913395847686e-10,True,True
hypertension_binary,Hypertension,LBXTC,Total Cholesterol (mg/dL),LBXSATSI,ALT Liver Enzyme (U/L),Ratio,5405,1899.0,-0.1054333460474703,0.0003238726545349,6998.625844337589,0.0264069677815714,0.3529430684135949,7010.969917076125,0.0528842647267334,0.0585541357485033,7008.268362696437,180.7937006370109,9.642518358848063,0.0011785123547765905,1.0,True,False
thyroid_binary,Thyroid Problem,LBDLDL,LDL Cholesterol (mg/dL),LBXTC,Total Cholesterol (mg/dL),Difference,2361,304.0,-0.1996898198724641,0.0004698612036028,1805.6217724976275,0.0095115279405291,0.8766752745878237,1817.3221328952536,0.0874863110233762,0.1459084313216194,1815.260425061732,310.5351755003241,9.638652564104632,0.001678075727152857,1.0,True,False
thyroid_binary,Thyroid Problem,LBXTC,Total Cholesterol (mg/dL),LBDLDL,LDL Cholesterol (mg/dL),Difference,2361,304.0,0.1996898198724641,0.0004698612036028,1805.6217724976275,0.0874863110233762,0.1459084313216194,1815.260425061732,0.0095115279405291,0.8766752745878237,1817.3221328952536,310.5351755003241,9.638652564104632,0.001678075727152857,1.0,True,False
arthritis_binary,Arthritis,LBXHGB,Hemoglobin (g/dL),LBXSKSI,Potassium (mmol/L),Ratio,4897,1524.0,-0.2103355219144847,1.807281296783556e-11,6031.084824255539,-0.1851782502074775,1.947776331146664e-09,6040.721167735943,0.1236569091573988,5.916864098083808e-05,6060.787757819591,107.773833249597,9.636343480403411,1.3238065578286447e-10,9.759319002631203e-08,True,True
high_cholesterol_binary,High Cholesterol,systolic_bp,Systolic BP (mmHg),diastolic_bp,Diastolic BP (mmHg),Difference,5490,1797.0,0.5031811805604697,1.1375508912840896e-61,6646.401142225684,0.4932227333372739,7.38224152244644e-61,6656.030853485428,0.0307677898786393,0.2862638627307667,6945.142860149243,6.489592315393663,9.629711259744,7.491188796261078e-60,6.142774812934084e-58,True,True
high_cholesterol_binary,High Cholesterol,diastolic_bp,Diastolic BP (mmHg),systolic_bp,Systolic BP (mmHg),Difference,5490,1797.0,-0.5031811805604697,1.1375508912840896e-61,6646.401142225684,0.0307677898786393,0.2862638627307667,6945.142860149243,0.4932227333372739,7.38224152244644e-61,6656.030853485428,6.489592315393663,9.629711259744,7.491188796261078e-60,6.142774812934084e-58,True,True
heart_attack_binary,Heart Attack,LBXGLU,Fasting Glucose (mg/dL),LBXPLTSI,Platelet Count (10^3/uL),Ratio,2428,127.0,0.3944528624718564,3.585130498812411e-11,961.7196199416816,0.3445431528501215,1.0923544664685403e-09,971.3435453217512,-0.4674161580877984,1.1431806352779123e-05,979.5273667714304,30.46902942111556,9.623925380069863,2.510986341580677e-10,1.935970469358702e-07,True,True
arthritis_binary,Arthritis,LBXSUA,Uric Acid (mg/dL),LBDLDL,LDL Cholesterol (mg/dL),Ratio,2350,745.0,0.2122688348264521,1.0556621312003763e-06,2915.461261952838,0.1682194390947443,0.0001352907400294,2925.072758360232,-0.0639662819264858,0.1536466008843016,2937.5857413385907,128.1572351900128,9.611496407394045,5.0214278860046464e-06,0.005700575508482032,True,True
high_cholesterol_binary,High Cholesterol,LBXSAPSI,Alkaline Phosphatase (U/L),LBDHDD,HDL Cholesterol (mg/dL),Ratio,5383,1761.0,0.1497302509851061,1.712662988902313e-07,6782.098720905605,0.1066516222039735,0.0002063610330524,6795.6859743564055,-0.1257855834794326,3.047069485553214e-05,6791.694078219882,177.91413169418428,9.595357314276953,8.757935738705009e-07,0.000924838014007249,True,True
liver_condition_binary,Liver Condition,LBXGLU,Fasting Glucose (mg/dL),LBXPLTSI,Platelet Count (10^3/uL),Ratio,2426,135.0,0.3155018975274085,1.0494203849235393e-07,1022.0505294830788,0.2567202454789258,1.935226708343453e-05,1031.6329924385243,-0.2084914295012266,0.0294880078657348,1041.3181694211069,184.4091020286836,9.582462955445637,5.469951813308024e-07,0.0005666870078587113,True,True
diabetes_binary,Diabetes,LBXTR,Triglycerides (mg/dL),LBXSAL,Albumin (g/dL),Ratio,2822,410.0,0.4399454945071527,4.856022940484321e-13,2278.9496262938906,0.387929844338771,2.5484314622364387e-11,2288.437855663657,-0.3456814570047865,3.5338679686186137e-11,2299.378885611077,52.47980690104128,9.48822936976694,4.196994201538383e-12,2.6222523878615336e-09,True,True
hypertension_binary,Hypertension,LBXSASSI,AST Liver Enzyme (U/L),LBDHDD,HDL Cholesterol (mg/dL),Difference,5389,1894.0,0.1223764440645406,1.805402102904193e-05,6973.326880247389,0.0842643779806489,0.0026000042984738,6982.704734657991,-0.0844176888416972,0.0037851751537147,6983.330599571846,144.01247756892866,9.377854410601683,7.487842823104947e-05,0.09749171355682641,True,False
hypertension_binary,Hypertension,LBDHDD,HDL Cholesterol (mg/dL),LBXSASSI,AST Liver Enzyme (U/L),Difference,5389,1894.0,-0.1223764440645406,1.805402102904193e-05,6973.326880247389,-0.0844176888416972,0.0037851751537147,6983.330599571846,0.0842643779806489,0.0026000042984738,6982.704734657991,144.01247756892866,9.377854410601683,7.487842823104947e-05,0.09749171355682641,True,False
diabetes_binary,Diabetes,LBXSNASI,Sodium (mmol/L),BMXWAIST,Waist Circumference (cm),Difference,5612,737.0,-0.7258099050607896,2.6414260457310567e-71,4026.80245989977,-0.1205484363756245,0.0021257241390241,4359.604684552056,0.714887411915131,1.1475203756242518e-69,4036.16444777354,43.44321422433227,9.361987873769976,2.641426045731057e-69,1.4263700646947706e-67,True,True
diabetes_binary,Diabetes,BMXWAIST,Waist Circumference (cm),LBXSNASI,Sodium (mmol/L),Difference,5612,737.0,0.7258099050607896,2.6414260457310567e-71,4026.80245989977,0.714887411915131,1.1475203756242518e-69,4036.16444777354,-0.1205484363756245,0.0021257241390241,4359.604684552056,43.44321422433227,9.361987873769976,2.641426045731057e-69,1.4263700646947706e-67,True,True
stroke_binary,Stroke,LBXSUA,Uric Acid (mg/dL),LBDLDL,LDL Cholesterol (mg/dL),Ratio,2354,111.0,0.3099792394152848,4.981901956314847e-06,881.6515779636514,0.1274447871028757,0.1761360734294896,896.9531525970282,-0.2873634208514967,0.0068455147848246,891.0094015997832,1374.0765765467572,9.357823636131798,2.2160025176359283e-05,0.026902270564100172,True,True
thyroid_binary,Thyroid Problem,LBXHGB,Hemoglobin (g/dL),LBXSCA,Calcium (mg/dL),Difference,4898,598.0,-0.3124694532201807,1.6561264497141573e-13,3585.3015126143914,-0.2829853385040441,1.7957142574819094e-11,3594.632045090706,0.0996385400739533,0.0218559376924341,3633.759728147547,108.42857185161462,9.330532476314602,1.5116328159463437e-12,8.943082828456449e-10,True,True
thyroid_binary,Thyroid Problem,LBXSCA,Calcium (mg/dL),LBXHGB,Hemoglobin (g/dL),Difference,4898,598.0,0.3124694532201807,1.6561264497141573e-13,3585.3015126143914,0.0996385400739533,0.0218559376924341,3633.759728147547,-0.2829853385040441,1.7957142574819094e-11,3594.632045090706,108.42857185161462,9.330532476314602,1.5116328159463437e-12,8.943082828456449e-10,True,True
arthritis_binary,Arthritis,BMXWAIST,Waist Circumference (cm),LBXSAL,Albumin (g/dL),Ratio,4649,1426.0,0.4342001405757468,8.73231711764896e-41,5549.044285302509,0.4265308793412286,6.025856034982603e-39,5558.365416219054,-0.2543982045997336,2.1493196254048533e-15,5671.939714523377,69.00638116776237,9.321130916545371,2.928851704056173e-39,4.7154512435304385e-37,True,True
high_cholesterol_binary,High Cholesterol,LBXSCA,Calcium (mg/dL),LBDHDD,HDL Cholesterol (mg/dL),Ratio,5382,1762.0,0.1509227050506489,1.9732449612455522e-07,6782.877463165566,0.1050516365062256,0.0003163373499543,6797.189850588215,-0.1263028418907309,2.8284035222551583e-05,6792.194750534431,143.33767868687795,9.317287368864529,1.002401015120036e-06,0.0010655522790725981,True,True
diabetes_binary,Diabetes,LBXHGB,Hemoglobin (g/dL),LBXGLU,Fasting Glucose (mg/dL),Difference,2889,416.0,-1.884287570465976,9.593350283574234e-84,1605.3237896261537,-0.1291623329796307,0.0128892293367723,2379.2877001206625,1.8673586970446785,4.944661259529004e-83,1614.5746304475529,5.154259057959417,9.25084082139938,1.5698209554939654e-81,5.180409153130086e-80,True,True
diabetes_binary,Diabetes,LBXGLU,Fasting Glucose (mg/dL),LBXHGB,Hemoglobin (g/dL),Difference,2889,416.0,1.884287570465976,9.593350283574234e-84,1605.3237896261537,1.8673586970446785,4.944661259529004e-83,1614.5746304475529,-0.1291623329796307,0.0128892293367723,2379.2877001206625,5.154259057959417,9.25084082139938,1.5698209554939654e-81,5.180409153130086e-80,True,True
high_cholesterol_binary,High Cholesterol,diastolic_bp,Diastolic BP (mmHg),LBXIN,Insulin (uIU/mL),Ratio,2452,824.0,-0.2220098228914257,6.871227500611021e-05,3115.759096730904,0.0223535873847966,0.6019690291914044,3134.3535133359665,0.1336836186262951,0.0033667428794748,3124.994251687882,48.99769188511805,9.235154956978022,0.0002673244128479792,0.37104628503299514,True,False
liver_condition_binary,Liver Condition,LBXPLTSI,Platelet Count (10^3/uL),systolic_bp,Systolic BP (mmHg),Ratio,4775,261.0,-0.3671750354793954,2.8471551428722146e-07,2000.326258490809,-0.2969059112529878,2.093755575626431e-05,2009.5450305365664,0.2167981373026575,0.0001862147158832,2015.5663446278445,73.53851372897957,9.218772045757078,1.4275429685710267e-06,0.0015374637771509959,True,True
liver_condition_binary,Liver Condition,LBXTC,Total Cholesterol (mg/dL),LBXTR,Triglycerides (mg/dL),Ratio,2384,132.0,-0.3536643930339235,0.0014600267786791,1012.8566695948808,0.0959924518139518,0.2682073973427867,1023.298612348348,0.1013260133098493,0.0813211208813388,1022.0713071524082,55.69837626876303,9.21463755752734,0.004915302122735125,1.0,True,False
thyroid_binary,Thyroid Problem,LBXPLTSI,Platelet Count (10^3/uL),LBXTR,Triglycerides (mg/dL),Ratio,2386,309.0,-0.2214848710644421,0.0022599005051243,1832.9612268234127,-0.0417821138900588,0.4996324436714403,1842.8856842802704,0.0585490863311432,0.248050485817847,1842.1417957731128,109.76168431105032,9.180568949699593,0.007405013791062634,1.0,True,False
arthritis_binary,Arthritis,LBXSNASI,Sodium (mmol/L),BMXBMI,Body Mass Index (kg/m2),Ratio,4829,1493.0,-0.317621432399964,3.4883433074243644e-22,5878.832728843523,-0.0067495417169775,0.8283583694891862,5976.826848428005,0.2887863359037019,8.297333879668507e-21,5888.012350461667,23.78588673313489,9.179621618143756,5.708198139421687e-21,1.883705386009157e-18,True,True
high_cholesterol_binary,High Cholesterol,LBXSNASI,Sodium (mmol/L),LBXSASSI,AST Liver Enzyme (U/L),Ratio,5371,1758.0,-0.0988039847313255,0.0007526298923453,6784.302113772155,0.0456556413289877,0.117455318326178,6793.276950433788,0.0205488551396884,0.4708889634535323,6795.2195511793325,156.05986358071254,8.974836661633162,0.0026203748669662284,1.0,True,False
heart_attack_binary,Heart Attack,systolic_bp,Systolic BP (mmHg),LBDHDD,HDL Cholesterol (mg/dL),Ratio,4692,228.0,0.3710770521213672,6.495454738957259e-11,1786.99259547177,0.3464402197294328,3.759572350989633e-09,1795.9616656873031,-0.4012151920814796,9.036442901289788e-07,1800.7180094870685,57.88004846590881,8.969070215533065,4.4625261565355215e-10,3.50754555903692e-07,True,True
stroke_binary,Stroke,BMXWAIST,Waist Circumference (cm),LBXSATSI,ALT Liver Enzyme (U/L),Ratio,4650,210.0,0.2893892711700168,7.879502028481466e-07,1693.6669465295108,0.2139759569083982,0.0015614121503182,1705.587320641767,-0.3427747107943922,0.001713558902859,1702.5634280153222,1981.6127271423632,8.896481485811364,3.805841766887291e-06,0.004254931095379991,True,True
liver_condition_binary,Liver Condition,LBXSAL,Albumin (g/dL),LBXSUA,Uric Acid (mg/dL),Ratio,4899,270.0,-0.328652872449149,1.1954850503285476e-05,2072.678161284878,-0.1414030829999255,0.0201582795773838,2088.659315468346,0.212682519739387,0.0003411692942585,2081.5543199040458,28.538148106898348,8.876158619167654,5.05134528307837e-05,0.06455619271774157,True,False
hypertension_binary,Hypertension,LBXHGB,Hemoglobin (g/dL),LBXSCA,Calcium (mg/dL),Difference,5405,1899.0,-0.1428572052696644,5.498373938832462e-07,6986.653848607332,-0.1124842765066772,7.702377085441654e-05,6996.185696407403,0.1154543422639873,5.661273572987979e-05,6995.514918666297,102.96268744119116,8.861070058964287,2.7041183305733416e-06,0.0029691219269695293,True,True
hypertension_binary,Hypertension,LBXSCA,Calcium (mg/dL),LBXHGB,Hemoglobin (g/dL),Difference,5405,1899.0,0.1428572052696644,5.498373938832462e-07,6986.653848607332,0.1154543422639873,5.661273572987979e-05,6995.514918666297,-0.1124842765066772,7.702377085441654e-05,6996.185696407403,102.96268744119116,8.861070058964287,2.7041183305733416e-06,0.0029691219269695293,True,True
hypertension_binary,Hypertension,LBXTR,Triglycerides (mg/dL),LBXPLTSI,Platelet Count (10^3/uL),Ratio,2606,931.0,0.3116562750218481,4.688761859164056e-08,3363.548437459931,0.2550807657149843,1.1082697144955417e-06,3372.3845856986127,-0.1088336490386388,0.0091378904339574,3394.3861341336924,23.636724316238386,8.836148238681744,2.506862776186723e-07,0.000253193140394859,True,True
heart_attack_binary,Heart Attack,LBXPLTSI,Platelet Count (10^3/uL),LBXIN,Insulin (uIU/mL),Difference,2379,126.0,-0.5066491801826847,9.167725781323294e-08,959.7112942655845,-0.4669476743174287,1.18906594409884e-05,968.546948172304,0.170349039334672,0.0017155049125952,981.2584001313448,129.70129915111912,8.835653906719472,4.792421996045091e-07,0.0004950571921914579,True,True
heart_attack_binary,Heart Attack,LBXIN,Insulin (uIU/mL),LBXPLTSI,Platelet Count (10^3/uL),Difference,2379,126.0,0.5066491801826847,9.167725781323294e-08,959.7112942655845,0.170349039334672,0.0017155049125952,981.2584001313448,-0.4669476743174287,1.18906594409884e-05,968.546948172304,129.70129915111912,8.835653906719472,4.792421996045091e-07,0.0004950571921914579,True,True
diabetes_binary,Diabetes,BMXBMI,Body Mass Index (kg/m2),LBXSNASI,Sodium (mmol/L),Difference,5808,781.0,0.4630032909521607,9.073630814017351e-39,4421.923288769572,0.4451997125429543,3.875102439928404e-37,4430.757460860522,-0.1225150901990909,0.0013482321728875,4579.710007064939,42.7072967740981,8.834172090950233,2.707050077110149e-37,4.899760639569369e-35,True,True
diabetes_binary,Diabetes,LBXSNASI,Sodium (mmol/L),BMXBMI,Body Mass Index (kg/m2),Difference,5808,781.0,-0.4630032909521607,9.073630814017351e-39,4421.923288769572,-0.1225150901990909,0.0013482321728875,4579.710007064939,0.4451997125429543,3.875102439928404e-37,4430.757460860522,42.7072967740981,8.834172090950233,2.707050077110149e-37,4.899760639569369e-35,True,True
stroke_binary,Stroke,BMXWAIST,Waist Circumference (cm),BMXBMI,Body Mass Index (kg/m2),Ratio,4919,223.0,0.3278442568396658,2.214392039880506e-06,1796.967545380404,0.2456763028019859,0.0001682525603701,1805.7791014976744,0.0388986229268324,0.5630998462962202,1819.189064198653,75.981378789309,8.811556117270129,1.0125077913086141e-05,0.011957717015354733,True,True
stroke_binary,Stroke,LBXSKSI,Potassium (mmol/L),LBDLDL,LDL Cholesterol (mg/dL),Ratio,2357,111.0,0.3034496987224345,7.703675802355471e-06,882.4639583774451,0.0357257748937776,0.7120103165188159,898.899179872346,-0.2880571306929457,0.0067109354200379,891.2613700361511,871.1341951832949,8.797411658705983,3.376611147136327e-05,0.04159984933271955,True,True
stroke_binary,Stroke,LBXSATSI,ALT Liver Enzyme (U/L),LBXSASSI,AST Liver Enzyme (U/L),Ratio,4894,239.0,-0.3677199833885183,3.5668461460551027e-06,1889.2187536905608,-0.3565850131836298,0.000598899599223,1897.97943652412,-0.095323435911637,0.2545157775741651,1911.85413825244,167.9073261641722,8.760682833558803,1.6050807657247963e-05,0.019260969188697553,True,True
thyroid_binary,Thyroid Problem,LBXSATSI,ALT Liver Enzyme (U/L),LBDHDD,HDL Cholesterol (mg/dL),Ratio,4897,599.0,-0.3512308569786466,5.51562375578413e-07,3610.344066708564,-0.2669936741017909,1.276946450931123e-05,3619.078729701474,0.117641689251893,0.0043270552624736,3634.8288190181097,23.15144229321323,8.734662992909762,2.7101336015681803e-06,0.00297843682812343,True,True
thyroid_binary,Thyroid Problem,LBXHGB,Hemoglobin (g/dL),LBXSCA,Calcium (mg/dL),Ratio,4898,598.0,-0.3122540933534371,2.528244476345792e-13,3585.9148939357983,-0.2829853385040441,1.7957142574819094e-11,3594.632045090706,0.0996385400739533,0.0218559376924341,3633.759728147547,71.02613193789519,8.717151154907697,2.2528911175358545e-12,1.3652520172267278e-09,True,True
stroke_binary,Stroke,LBXSAPSI,Alkaline Phosphatase (U/L),LBXSATSI,ALT Liver Enzyme (U/L),Ratio,4907,239.0,0.3322024493133789,3.37779397297529e-11,1876.9826332279556,0.2838129558482632,5.66073201146198e-08,1885.6913065436684,-0.3585413425314376,0.0005657596240607,1899.1337472168136,1675.866573494946,8.708673315712986,2.378107881886123e-10,1.8240087454066567e-07,True,True
liver_condition_binary,Liver Condition,LBXSAPSI,Alkaline Phosphatase (U/L),LBXPLTSI,Platelet Count (10^3/uL),Ratio,4897,269.0,0.3208275420070455,1.2871302958119318e-08,2047.8466685324315,0.2883627543229678,1.8223670927356048e-08,2056.5532900359503,-0.3098647053717732,7.84108299652925e-06,2066.793319062564,1.4158373077420583,8.706621503518818,7.232573982710127e-08,6.950503597384433e-05,True,True
depression_binary,Depression,LBXGH,"Glycohemoglobin (HbA1c, %)",LBXSUA,Uric Acid (mg/dL),Difference,790,410.0,0.3064996784315995,5.449823379014144e-05,1080.7356670828683,0.2210666891541065,0.0046812905964692,1089.3120537674615,-0.1904806856795916,0.0083153689516512,1090.9744244104766,85.89802404415028,8.576386684593217,0.0002137185638829076,0.29429046246676377,True,False
depression_binary,Depression,LBXSUA,Uric Acid (mg/dL),LBXGH,"Glycohemoglobin (HbA1c, %)",Difference,790,410.0,-0.3064996784315995,5.449823379014144e-05,1080.7356670828683,-0.1904806856795916,0.0083153689516512,1090.9744244104766,0.2210666891541065,0.0046812905964692,1089.3120537674615,85.89802404415028,8.576386684593217,0.0002137185638829076,0.29429046246676377,True,False
stroke_binary,Stroke,LBDLDL,LDL Cholesterol (mg/dL),LBXGH,"Glycohemoglobin (HbA1c, %)",Ratio,2363,111.0,-0.4245860035012372,7.747964174337907e-05,882.920070919826,-0.2878257216188089,0.0067049376636128,891.8419774931408,0.2240505875461578,0.0016865644058819,891.4497874875069,21.76783949863899,8.529716567680907,0.0003001363453473795,0.41839006541424695,True,False
heart_attack_binary,Heart Attack,diastolic_bp,Diastolic BP (mmHg),LBXSAPSI,Alkaline Phosphatase (U/L),Ratio,4672,228.0,-0.4040116993977904,2.852164617484669e-07,1797.182358260976,-0.2840127838923433,3.017047193561244e-06,1805.6698314908692,0.187366010344688,0.0003590410079022,1814.1262492102032,10.578096281910916,8.48747322989334,1.4287281015229325e-06,0.0015401688934417212,True,True
hypertension_binary,Hypertension,LBXWBCSI,WBC Count (10^3/uL),LBDLDL,LDL Cholesterol (mg/dL),Ratio,2582,919.0,0.2079963046563449,5.488680251348152e-07,3340.0196963121743,0.1721802972432809,3.747606213601596e-05,3348.468821140157,-0.0624406290777053,0.1323471375824914,3363.679372675211,68.27882190224314,8.449124827982814,2.7041183305733416e-06,0.0029638873357280024,True,True
heart_attack_binary,Heart Attack,BMXBMI,Body Mass Index (kg/m2),LBXTR,Triglycerides (mg/dL),Ratio,2345,120.0,-0.3405693590395801,0.0048070399995841,941.889120660799,0.0654252955603404,0.4674065309463582,950.649462733249,0.0684800370390639,0.3096205681094237,950.324542341483,64.40981729634193,8.435421680684044,0.01510943888111417,1.0,True,False
heart_attack_binary,Heart Attack,LBXSKSI,Potassium (mmol/L),LBDLDL,LDL Cholesterol (mg/dL),Ratio,2353,125.0,0.3974621739731349,6.34200957820103e-10,947.1350646931004,0.2882312779199582,0.0011020802637402,970.6505227228716,-0.5137276187756835,1.4360563484159105e-06,955.5046835577998,2264.3553761759867,8.369618864699305,4.077006157414948e-09,3.424685172228556e-06,True,True
diabetes_binary,Diabetes,BMXWAIST,Waist Circumference (cm),LBXSNASI,Sodium (mmol/L),Ratio,5612,737.0,0.7230542382059861,3.263874973218085e-71,4027.803464704829,0.714887411915131,1.1475203756242518e-69,4036.16444777354,-0.1205484363756245,0.0021257241390241,4359.604684552056,35.15822098089837,8.360983068710539,3.204531791886847e-69,1.7624924855377658e-67,True,True
stroke_binary,Stroke,LBXPLTSI,Platelet Count (10^3/uL),BMXWAIST,Waist Circumference (cm),Ratio,4756,214.0,-0.3297322480210872,2.684726418019876e-05,1730.5528644858443,-0.2195952410073731,0.003665512199308,1740.673775562945,0.2211144649885676,0.000953163687166,1738.91181509884,35.50319618298775,8.358950612995613,0.00010843322855128893,0.1449752265730733,True,False
stroke_binary,Stroke,LBXTC,Total Cholesterol (mg/dL),LBXTR,Triglycerides (mg/dL),Ratio,2390,113.0,-0.3662921661025287,0.002398598651245,903.598528849999,-0.1514699559967384,0.1344046755393974,911.9332754524056,0.0429230275256052,0.5821346222762118,913.9834292096411,56.03466652064929,8.334746602406767,0.007840455639662833,1.0,True,False
high_cholesterol_binary,High Cholesterol,LBXIN,Insulin (uIU/mL),LBXPLTSI,Platelet Count (10^3/uL),Difference,2581,864.0,0.2107997569342312,1.2960690360383292e-06,3270.386348798127,0.138092396908863,0.0019383560390595,3283.9468946843385,-0.1710057975828644,7.946226750903793e-05,3278.710859482082,61.31021211025055,8.32451068395494,6.091186070154027e-06,0.006998772794606978,True,True
high_cholesterol_binary,High Cholesterol,LBXPLTSI,Platelet Count (10^3/uL),LBXIN,Insulin (uIU/mL),Difference,2581,864.0,-0.2107997569342312,1.2960690360383292e-06,3270.386348798127,-0.1710057975828644,7.946226750903793e-05,3278.710859482082,0.138092396908863,0.0019383560390595,3283.9468946843385,61.31021211025055,8.32451068395494,6.091186070154027e-06,0.006998772794606978,True,True
high_cholesterol_binary,High Cholesterol,LBXSNASI,Sodium (mmol/L),LBXPLTSI,Platelet Count (10^3/uL),Ratio,5386,1762.0,0.2913944727898885,9.773937462585966e-10,6773.292509864106,0.0431037433054359,0.1388137666109817,6811.194217851138,-0.1674820402430403,2.7137147603295174e-08,6781.611368671463,27.764805849407686,8.318858807357174,6.122884257304433e-09,5.277926229796421e-06,True,True
heart_attack_binary,Heart Attack,LBXSCA,Calcium (mg/dL),LBXTR,Triglycerides (mg/dL),Ratio,2375,126.0,-0.4027729717172209,0.0007590623847889,975.820369016081,0.2037468283789299,0.0239192454441382,984.1388106875002,0.0684176766936646,0.3000011639197451,988.3092361840592,31.511567327615005,8.318441671419123,0.0026376685185714667,1.0,True,False
liver_condition_binary,Liver Condition,LBDHDD,HDL Cholesterol (mg/dL),LBXTR,Triglycerides (mg/dL),Ratio,2384,132.0,-0.3656769007516783,0.0029154497336215,1013.770655643327,-0.0988107389083815,0.2981050742695065,1023.373205956889,0.1013260133098493,0.0813211208813388,1022.0713071524082,27.893165141394395,8.300651509081149,0.009478283300154185,1.0,True,False
thyroid_binary,Thyroid Problem,LBXSKSI,Potassium (mmol/L),LBXTR,Triglycerides (mg/dL),Ratio,2376,307.0,-0.2284679247139303,0.0014738585340373,1821.736208677928,-0.0006899100608465,0.9910024378164336,1832.9487209459387,0.0942462439221532,0.0732492891504602,1830.0101322103983,49.6989958390415,8.273923532470235,0.0049495249277372024,1.0,True,False
hypertension_binary,Hypertension,LBDLDL,LDL Cholesterol (mg/dL),LBXSATSI,ALT Liver Enzyme (U/L),Ratio,2572,917.0,-0.1472155231974262,0.0006209986383148,3342.676090189745,-0.0630767259462348,0.129106460382564,3352.465060169703,0.07978610132285,0.0531857939766865,3350.947600287798,85.64558872627384,8.271510098053113,0.002186044750260704,1.0,True,False
stroke_binary,Stroke,LBXSATSI,ALT Liver Enzyme (U/L),LBXTR,Triglycerides (mg/dL),Ratio,2380,113.0,-0.6103212281078704,0.0004272862284984,896.1347352502773,-0.3901869438672736,0.0092127192968183,904.3965799961388,0.0614209634636422,0.4507887870055049,912.7676697845518,21.56100216286642,8.261844745861367,0.0015351601023894613,1.0,True,False
stroke_binary,Stroke,LBXSCA,Calcium (mg/dL),LBXSAL,Albumin (g/dL),Ratio,4906,239.0,0.4075752430830275,5.184275774669447e-15,1860.5964615433415,-0.014257714216364,0.8298872765051626,1914.51374541527,-0.4221016062762147,3.76377990236661e-12,1868.849373181408,725.999168631532,8.252911638066053,5.292077350324199e-14,2.7995089183215012e-11,True,True
stroke_binary,Stroke,systolic_bp,Systolic BP (mmHg),LBXHGB,Hemoglobin (g/dL),Ratio,4783,227.0,0.4732079485926578,9.030749281844066e-21,1754.0840173337324,0.4912924790799186,3.61333312956585e-18,1762.284136530729,-0.2748795279751547,1.6354616696150902e-05,1813.0056074354727,400.1144331213249,8.200119196996638,1.369832756234774e-19,4.876604612195796e-17,True,True
diabetes_binary,Diabetes,LBXPLTSI,Platelet Count (10^3/uL),LBXSATSI,ALT Liver Enzyme (U/L),Ratio,5895,799.0,-0.2205365263126219,6.151683305535882e-07,4654.803079625943,-0.1717802847375556,1.743121457026997e-05,4662.975312509113,0.0707281888745488,0.0349276874733267,4677.910769045799,28.33568261646966,8.172232883170182,3.0008211246516497e-06,0.0033219089849893762,True,True
liver_condition_binary,Liver Condition,BMXWAIST,Waist Circumference (cm),LBXPLTSI,Platelet Count (10^3/uL),Difference,4749,256.0,0.3473536686926879,8.839695221395328e-07,1971.659601450868,0.2200318007689668,0.0003493239141592,1984.7994861069344,-0.2869345639959578,5.05137321530321e-05,1979.8114345507347,57.14420111540747,8.151833099866963,4.2392854525341716e-06,0.004773435419553477,True,True
liver_condition_binary,Liver Condition,LBXPLTSI,Platelet Count (10^3/uL),BMXWAIST,Waist Circumference (cm),Difference,4749,256.0,-0.3473536686926879,8.839695221395328e-07,1971.659601450868,-0.2869345639959578,5.05137321530321e-05,1979.8114345507347,0.2200318007689668,0.0003493239141592,1984.7994861069344,57.14420111540747,8.151833099866963,4.2392854525341716e-06,0.004773435419553477,True,True
stroke_binary,Stroke,LBXSNASI,Sodium (mmol/L),LBXTC,Total Cholesterol (mg/dL),Ratio,4905,238.0,0.2834004828937796,1.8606262326362288e-06,1887.33458623518,0.1153033110451905,0.0864904540649001,1905.5517106686,-0.2516949934064796,0.0004101158557164,1895.451278407438,220.41818422359836,8.116692172258126,8.550963111689902e-06,0.010047381656235635,True,True
heart_attack_binary,Heart Attack,diastolic_bp,Diastolic BP (mmHg),LBXSKSI,Potassium (mmol/L),Ratio,4671,228.0,-0.3824433045603238,2.775332869419048e-09,1791.9744572440518,-0.2840364070443708,3.0134816443338914e-06,1805.5671476334808,0.3285443474443926,2.1976294321331962e-07,1800.050241790812,79.18435501371836,8.075784546760133,1.676375558709492e-08,1.4986797494862859e-05,True,True
hypertension_binary,Hypertension,LBXGLU,Fasting Glucose (mg/dL),LBXSAL,Albumin (g/dL),Ratio,2599,931.0,0.5271388331210964,3.0770780461008017e-23,3263.6429537793774,0.4958212376753969,2.3517134427011816e-22,3271.718705220017,-0.1971036758471006,1.7888752872752912e-06,3371.9951462355643,7.642683765142764,8.075751440640033,5.377417944642178e-22,1.661622144894433e-19,True,True
high_cholesterol_binary,High Cholesterol,LBDHDD,HDL Cholesterol (mg/dL),LBXSAPSI,Alkaline Phosphatase (U/L),Difference,5383,1761.0,-0.146959754163067,4.426967572821978e-07,6783.672196876922,-0.1257855834794326,3.047069485553214e-05,6791.694078219882,0.1066516222039735,0.0002063610330524,6795.6859743564055,68.82972227444743,8.021881342960114,2.1972081703344375e-06,0.002390562489323868,True,True
high_cholesterol_binary,High Cholesterol,LBXSAPSI,Alkaline Phosphatase (U/L),LBDHDD,HDL Cholesterol (mg/dL),Difference,5383,1761.0,0.146959754163067,4.426967572821978e-07,6783.672196876922,0.1066516222039735,0.0002063610330524,6795.6859743564055,-0.1257855834794326,3.047069485553214e-05,6791.694078219882,68.82972227444743,8.021881342960114,2.1972081703344375e-06,0.002390562489323868,True,True
thyroid_binary,Thyroid Problem,LBXSATSI,ALT Liver Enzyme (U/L),BMXWAIST,Waist Circumference (cm),Ratio,4646,557.0,-0.3289711385448568,1.0792889896112414e-06,3380.9514917183933,-0.270126147896115,2.131908765127125e-05,3388.966369874015,0.1068662303667565,0.0160096427140589,3405.657040790379,19.752900156009524,8.014878155621773,5.125910768602202e-06,0.005828160543900704,True,True
stroke_binary,Stroke,BMXBMI,Body Mass Index (kg/m2),BMXWAIST,Waist Circumference (cm),Ratio,4919,223.0,-0.348154205285551,7.36319789018152e-06,1797.7715113186855,0.0388986229268324,0.5630998462962202,1819.189064198653,0.2456763028019859,0.0001682525603701,1805.7791014976744,22.85047378592776,8.007590178988721,3.235253751585045e-05,0.039761268606980205,True,True
stroke_binary,Stroke,LBXPLTSI,Platelet Count (10^3/uL),LBXTR,Triglycerides (mg/dL),Ratio,2390,113.0,-0.4056052292503828,0.0019398621076106,902.7448975519346,-0.1901801823288371,0.0667593052778621,910.7242240995738,0.0429230275256052,0.5821346222762118,913.9834292096411,34.41445915972354,7.979326547639175,0.0064147307906290505,1.0,True,False
liver_condition_binary,Liver Condition,systolic_bp,Systolic BP (mmHg),LBXPLTSI,Platelet Count (10^3/uL),Difference,4775,261.0,0.3497982395017173,3.618095827159938e-07,2001.5683066339095,0.2167981373026575,0.0001862147158832,2015.5663446278445,-0.2969059112529878,2.093755575626431e-05,2009.5450305365664,57.86899174724032,7.976723902656431,1.805704017251725e-06,0.0019537717466663663,True,True
liver_condition_binary,Liver Condition,LBXPLTSI,Platelet Count (10^3/uL),systolic_bp,Systolic BP (mmHg),Difference,4775,261.0,-0.3497982395017173,3.618095827159938e-07,2001.5683066339095,-0.2969059112529878,2.093755575626431e-05,2009.5450305365664,0.2167981373026575,0.0001862147158832,2015.5663446278445,57.86899174724032,7.976723902656431,1.805704017251725e-06,0.0019537717466663663,True,True
diabetes_binary,Diabetes,LBXTR,Triglycerides (mg/dL),LBXSASSI,AST Liver Enzyme (U/L),Ratio,2812,410.0,0.4446197039215152,1.7167765271070031e-19,2251.1630396670994,0.4402892343473596,3.93211411382645e-17,2259.121329016387,0.0182884826461624,0.7199663138471555,2339.863271367113,229.04053333328048,7.958289349287497,2.4142169912442233e-18,9.270593246377817e-16,True,True
stroke_binary,Stroke,LBDLDL,LDL Cholesterol (mg/dL),LBXTR,Triglycerides (mg/dL),Ratio,2365,111.0,-0.4552467568905714,0.0002650115307375,884.1337485671272,-0.286885349533942,0.0068767459421673,892.0830468253316,0.1031588131182175,0.2545867829122539,898.5667760558895,25.948855595186323,7.949298258204408,0.0009748380558463897,1.0,True,False
high_cholesterol_binary,High Cholesterol,LBXSKSI,Potassium (mmol/L),LBXIN,Insulin (uIU/mL),Ratio,2576,861.0,-0.2206652578506867,7.862048073164591e-05,3267.5962015938567,0.1158743198854839,0.005542278331418,3278.838440824194,0.1397339518331248,0.001769416174315,3275.536666551483,22.5057918477317,7.940464957626318,0.0003043373447676616,0.42455059595088795,True,False
diabetes_binary,Diabetes,LBDHDD,HDL Cholesterol (mg/dL),LBXSUA,Uric Acid (mg/dL),Difference,5891,799.0,-0.4804805063455264,2.4621885130248174e-25,4558.123196552102,-0.4668397404527026,9.519546953671512e-24,4566.050428874847,0.2476827012627935,1.376841750707888e-11,4636.056794976048,38.66294925556564,7.927232322745112,4.714829067494331e-24,1.3295817970334014e-21,True,True
diabetes_binary,Diabetes,LBXSUA,Uric Acid (mg/dL),LBDHDD,HDL Cholesterol (mg/dL),Difference,5891,799.0,0.4804805063455264,2.4621885130248174e-25,4558.123196552102,0.2476827012627935,1.376841750707888e-11,4636.056794976048,-0.4668397404527026,9.519546953671512e-24,4566.050428874847,38.66294925556564,7.927232322745112,4.714829067494331e-24,1.3295817970334014e-21,True,True
liver_condition_binary,Liver Condition,LBXSCR,Creatinine Kidney (mg/dL),LBXTR,Triglycerides (mg/dL),Ratio,2375,132.0,-0.375216335085267,0.0034839176577047,1013.2001116565684,-0.0619534448668424,0.608160639421333,1023.1538622860776,0.1007978989694868,0.0835834260141806,1021.0791208471394,23.99121742425067,7.879009190570969,0.011178345425790482,1.0,True,False
diabetes_binary,Diabetes,LBXTC,Total Cholesterol (mg/dL),LBDLDL,LDL Cholesterol (mg/dL),Ratio,2806,403.0,0.3301167772438675,1.5648885169817768e-12,2263.65089765448,-0.2838179183253873,1.189394542625617e-06,2288.260431846995,-0.3754052628781449,5.421583435159036e-10,2271.5250396991323,346.4517361029476,7.874142044652672,1.2519108135854214e-11,8.450397991701594e-09,True,True
liver_condition_binary,Liver Condition,LBXSKSI,Potassium (mmol/L),LBXTR,Triglycerides (mg/dL),Ratio,2374,132.0,-0.3846184022012511,0.0010565171758927,1010.700516015162,0.0304112022789972,0.7331971017743414,1023.2404963516818,0.1539857308395641,0.0155954458093171,1018.562341123106,14.761185303154052,7.861825107944014,0.003613168302609614,1.0,True,False
thyroid_binary,Thyroid Problem,LBXSNASI,Sodium (mmol/L),LBXTR,Triglycerides (mg/dL),Ratio,2378,307.0,-0.2161171179151301,0.0021940011377977,1823.215160201992,0.0962500575279612,0.117266945092056,1831.0401016885723,0.0590656001654173,0.2446390504248469,1832.2810370727857,53.44889894166853,7.824941486580428,0.0072153508794808655,1.0,True,False
stroke_binary,Stroke,LBXSNASI,Sodium (mmol/L),LBDLDL,LDL Cholesterol (mg/dL),Ratio,2357,111.0,0.2952107517955208,1.5609100092010624e-05,883.5474258833377,0.1385313024167326,0.1566790732382904,897.0214171424693,-0.2880571306929457,0.0067109354200379,891.2613700361511,429.93736861697033,7.713944152813383,6.549272765878584e-05,0.08428914049685737,True,False
high_cholesterol_binary,High Cholesterol,LBDHDD,HDL Cholesterol (mg/dL),LBXIN,Insulin (uIU/mL),Ratio,2579,863.0,-0.2076411308751561,9.071556787203454e-05,3273.677549101376,-0.0745550469825836,0.0802754900848859,3288.6354908988096,0.1350693189099206,0.002343212822002,3281.373701532091,25.83032743957945,7.696152430715301,0.00035015301394495106,0.4898640665089865,True,False
stroke_binary,Stroke,LBXTC,Total Cholesterol (mg/dL),LBDLDL,LDL Cholesterol (mg/dL),Ratio,2365,111.0,0.286877290212055,1.3036717660428556e-05,884.3888401835071,-0.1764540562064455,0.0850831046985699,896.7369929969899,-0.286885349533942,0.0068767459421673,892.0830468253316,527.4905939737379,7.694206641824508,5.499865262993297e-05,0.07039827536631421,True,False
heart_attack_binary,Heart Attack,LBXSATSI,ALT Liver Enzyme (U/L),LBXTR,Triglycerides (mg/dL),Ratio,2376,126.0,-0.3766044723232961,0.0074066998626871,980.0555450601177,-0.0982542978715669,0.3492252082154045,988.3347172285264,0.095869661352184,0.1744020861638693,987.7345885528188,23.54653076229758,7.679043492701339,0.022647893124864295,1.0,True,False
high_cholesterol_binary,High Cholesterol,LBXWBCSI,WBC Count (10^3/uL),LBXIN,Insulin (uIU/mL),Ratio,2581,864.0,-0.2020494932187817,5.83861721941204e-05,3276.2969340801837,0.0761027895465954,0.0648296525343074,3291.344772679424,0.138092396908863,0.0019383560390595,3283.9468946843385,33.19888881591653,7.64996060415524,0.00022830219395238965,0.31528532984825014,True,False
hypertension_binary,Hypertension,LBDHDD,HDL Cholesterol (mg/dL),LBXIN,Insulin (uIU/mL),Ratio,2596,929.0,-0.2677761860453306,8.683660577725679e-07,3360.828455978779,-0.0245444440995128,0.5510775011268447,3389.7407616710525,0.2083575720135501,3.002723919100768e-05,3368.4664582130818,34.579010685919805,7.638002234302803,4.179301882327867e-06,0.004689176711971867,True,True
diabetes_binary,Diabetes,LBXWBCSI,WBC Count (10^3/uL),LBXSASSI,AST Liver Enzyme (U/L),Ratio,5875,799.0,0.131535814050642,0.0115136407633012,4666.328734094652,0.0437699740810122,0.1675187760089788,4673.924378990797,0.002248562280782,0.9526321877295232,4676.211756138368,14.549592040680192,7.5956448961451315,0.03442616839525276,1.0,True,False
heart_attack_binary,Heart Attack,LBXSCA,Calcium (mg/dL),LBXGLU,Fasting Glucose (mg/dL),Ratio,2377,126.0,-0.4602252634056367,2.181164051471316e-09,957.0061335286692,0.203483980089489,0.024105947870952,984.369916272846,0.3245458958744395,2.1815679692241552e-08,964.6017145688224,10.001851844901651,7.595581040153206,1.3278789039396963e-08,1.1778285877945107e-05,True,True
stroke_binary,Stroke,LBXGH,"Glycohemoglobin (HbA1c, %)",LBDLDL,LDL Cholesterol (mg/dL),Ratio,2363,111.0,0.2796700843575698,6.616952413870872e-05,883.8785413478972,0.2240505875461578,0.0016865644058819,891.4497874875069,-0.2878257216188089,0.0067049376636128,891.8419774931408,25.48853762868904,7.571246139609684,0.0002578033408001639,0.3573154303490271,True,False
heart_attack_binary,Heart Attack,LBXSASSI,AST Liver Enzyme (U/L),LBXHSCRP,hs-CRP Inflammation (mg/L),Ratio,4879,243.0,-0.2425947250069366,0.0108578261898491,1927.452295079525,0.020268490493327,0.7439110685571485,1935.4108202003472,0.0416018590897476,0.4602278571469451,1935.021316900932,42.38674013562747,7.56902182140675,0.03251927976993074,1.0,True,False
high_cholesterol_binary,High Cholesterol,LBXSKSI,Potassium (mmol/L),BMXBMI,Body Mass Index (kg/m2),Ratio,5300,1729.0,-0.2329268195998592,1.7405532934414958e-14,6637.0525667868005,0.1331860472659484,5.38349324233264e-06,6676.882085738371,0.210231902389773,3.531751422231079e-13,6644.6130872784015,20.29096974817674,7.5605204916009825,1.7058054055506492e-13,9.398987784584078e-11,True,True
liver_condition_binary,Liver Condition,BMXWAIST,Waist Circumference (cm),LBXTR,Triglycerides (mg/dL),Ratio,2262,126.0,-0.340177029693435,0.002931800428151,966.404227536532,0.1301130620703341,0.1441340084128277,974.4595438555295,0.1068442907537447,0.0680067888595833,973.8847202100924,23.19625449487806,7.480492673560434,0.009525705362223465,1.0,True,False
thyroid_binary,Thyroid Problem,LBXSASSI,AST Liver Enzyme (U/L),LBDHDD,HDL Cholesterol (mg/dL),Ratio,4884,597.0,-0.2275158962512422,0.0004198631359841,3616.0157173261778,-0.1228843714047152,0.0303859035135296,3625.8563654067,0.1182866171227545,0.0041601970180074,3623.4872912781657,9.908459832406075,7.471573951987921,0.0015094946300360451,1.0,True,False
arthritis_binary,Arthritis,LBXPLTSI,Platelet Count (10^3/uL),LBXIN,Insulin (uIU/mL),Ratio,2378,753.0,-0.2076123559534785,0.0001395394819672,2956.522590486388,-0.05822952000194,0.1915423257650117,2971.5491200309502,0.1334091771541188,0.0037987602070133,2963.9576455909946,27.223551022680468,7.435055104607272,0.0005280400859305396,0.75351320262288,True,False
hypertension_binary,Hypertension,LBXSAPSI,Alkaline Phosphatase (U/L),LBDLDL,LDL Cholesterol (mg/dL),Ratio,2572,917.0,0.2620100313049855,8.534781717191968e-10,3314.625381281701,0.2343033713467625,1.7813518025499154e-08,3322.043465513537,-0.0630767259462348,0.129106460382564,3352.465060169703,20.871673835098367,7.418084231836019,5.3903884529633484e-09,4.608782127283663e-06,True,True
thyroid_binary,Thyroid Problem,LBXSUA,Uric Acid (mg/dL),LBXSBU,BUN Kidney (mg/dL),Difference,4900,598.0,-0.2296139975178582,7.033344494717285e-10,3604.341678989378,-0.0795440105038028,0.0735452123123364,3636.278955287914,0.2051268426683251,3.980284131578805e-08,3611.748884522302,56.59162770383818,7.407205532923854,4.500007141169827e-09,3.798006027147334e-06,True,True
thyroid_binary,Thyroid Problem,LBXSBU,BUN Kidney (mg/dL),LBXSUA,Uric Acid (mg/dL),Difference,4900,598.0,0.2296139975178582,7.033344494717285e-10,3604.341678989378,0.2051268426683251,3.980284131578805e-08,3611.748884522302,-0.0795440105038028,0.0735452123123364,3636.278955287914,56.59162770383818,7.407205532923854,4.500007141169827e-09,3.798006027147334e-06,True,True
stroke_binary,Stroke,LBXSCA,Calcium (mg/dL),LBDLDL,LDL Cholesterol (mg/dL),Ratio,2354,111.0,0.2908901339644146,2.0304345431522396e-05,883.6514052123109,-0.040680260653582,0.6763522614574349,898.5709099634315,-0.2873634208514967,0.0068455147848246,891.0094015997832,337.1453075358475,7.357996387472326,8.337906108762049e-05,0.10964346533022094,True,False
thyroid_binary,Thyroid Problem,LBXSAL,Albumin (g/dL),LBDHDD,HDL Cholesterol (mg/dL),Ratio,4899,600.0,-0.2383334870193626,6.500555088931793e-07,3620.919697466024,-0.1858445449830049,1.1941174523497384e-05,3628.269797002709,0.1220383261342148,0.0030019512491571,3638.657990125644,18.36946900708386,7.350099536684866,3.1567443777186763e-06,0.0035102997480231683,True,True
diabetes_binary,Diabetes,LBXSCR,Creatinine Kidney (mg/dL),LBDHDD,HDL Cholesterol (mg/dL),Difference,5893,799.0,0.4831085705672475,3.915003869984673e-25,4559.123050522701,0.3836183386666945,8.482196859007944e-16,4584.934760341228,-0.467188368310597,8.816749718996579e-24,4566.460186791334,22.520411248102025,7.337136268633003,7.417902069444644e-24,2.1141020897917236e-21,True,True
diabetes_binary,Diabetes,LBDHDD,HDL Cholesterol (mg/dL),LBXSCR,Creatinine Kidney (mg/dL),Difference,5893,799.0,-0.4831085705672475,3.915003869984673e-25,4559.123050522701,-0.467188368310597,8.816749718996579e-24,4566.460186791334,0.3836183386666945,8.482196859007944e-16,4584.934760341228,22.520411248102025,7.337136268633003,7.417902069444644e-24,2.1141020897917236e-21,True,True
stroke_binary,Stroke,LBXSCA,Calcium (mg/dL),LBXTC,Total Cholesterol (mg/dL),Ratio,4902,238.0,0.2779458074087593,2.9365238496798767e-06,1887.8554519268905,-0.0177791251450354,0.7892053819915004,1908.1424071272916,-0.251319657509178,0.0004183203167,1895.1916578960536,142.45425479710266,7.336205969163302,1.3280761129205472e-05,0.015857228788271335,True,True
stroke_binary,Stroke,LBXPLTSI,Platelet Count (10^3/uL),LBXSAPSI,Alkaline Phosphatase (U/L),Ratio,4904,239.0,-0.4642514316072346,1.5096019429858842e-08,1878.0817260540148,-0.204278994743687,0.0040844277483261,1905.7434908572984,0.2839504492641196,5.577465177925469e-08,1885.3637894490064,3.6946595119595855,7.282063394991383,8.360872299614128e-08,8.151850492123774e-05,True,True
hypertension_binary,Hypertension,LBXTC,Total Cholesterol (mg/dL),LBXPLTSI,Platelet Count (10^3/uL),Ratio,5433,1905.0,0.2197563071591705,6.21033691362164e-07,7016.251130810266,0.0225142086214999,0.4275295863032941,7042.788213074419,-0.1288158926477519,9.98909278267045e-06,7023.52147487397,16.08462297876393,7.270344063704215,3.02669849580838e-06,0.0033535819333556853,True,True
hypertension_binary,Hypertension,LBDLDL,LDL Cholesterol (mg/dL),LBXTR,Triglycerides (mg/dL),Difference,2582,919.0,-0.2957777319868149,9.013265238796124e-13,3313.609689959846,-0.0624406290777053,0.1323471375824914,3363.679372675211,0.2723111644081355,2.5874313743811207e-11,3320.867175586326,28.70692591230918,7.257485626480047,7.464974277530532e-12,4.867163228949907e-09,True,True
hypertension_binary,Hypertension,LBXTR,Triglycerides (mg/dL),LBDLDL,LDL Cholesterol (mg/dL),Difference,2582,919.0,0.2957777319868149,9.013265238796124e-13,3313.609689959846,0.2723111644081355,2.5874313743811207e-11,3320.867175586326,-0.0624406290777053,0.1323471375824914,3363.679372675211,28.70692591230918,7.257485626480047,7.464974277530532e-12,4.867163228949907e-09,True,True
heart_attack_binary,Heart Attack,LBXSNASI,Sodium (mmol/L),BMXWAIST,Waist Circumference (cm),Ratio,4649,217.0,-0.4427703115095863,7.735980208871513e-09,1721.932975587837,-0.0474984360538256,0.4919263139336586,1757.2367911589008,0.3544314462478898,5.2393371809345e-08,1729.177631649497,6.772686898715306,7.244656061659953,4.477416198060683e-08,4.177429312790617e-05,True,True
thyroid_binary,Thyroid Problem,LBXSNASI,Sodium (mmol/L),LBXHSCRP,hs-CRP Inflammation (mg/L),Ratio,4890,598.0,-0.1740012665498912,0.0008989607694091,3624.4993024588007,0.0511522733345548,0.2435923413665568,3635.5510492447943,0.0851332629868136,0.0155714835536824,3631.712601609749,17.32164971327563,7.213299150948387,0.0030899988254673074,1.0,True,False
stroke_binary,Stroke,LBXTC,Total Cholesterol (mg/dL),BMXWAIST,Waist Circumference (cm),Difference,4671,210.0,-0.3034040140972454,4.695622741484454e-05,1700.1158860081953,-0.232693536587325,0.0019981131449151,1707.3059669140507,0.2159489113796065,0.0014005018503903,1707.332423065438,29.82568931735677,7.190080905855439,0.00018562491071754064,0.2535636280401605,True,False
stroke_binary,Stroke,BMXWAIST,Waist Circumference (cm),LBXTC,Total Cholesterol (mg/dL),Difference,4671,210.0,0.3034040140972454,4.695622741484454e-05,1700.1158860081953,0.2159489113796065,0.0014005018503903,1707.332423065438,-0.232693536587325,0.0019981131449151,1707.3059669140507,29.82568931735677,7.190080905855439,0.00018562491071754064,0.2535636280401605,True,False
diabetes_binary,Diabetes,LBDLDL,LDL Cholesterol (mg/dL),LBXSATSI,ALT Liver Enzyme (U/L),Ratio,2795,402.0,-0.4309422551600428,1.2105774108360888e-10,2258.3457308681136,-0.3713308377842708,8.569550449473074e-10,2265.526356495651,0.1005275461980544,0.0297342415612647,2301.7698228573868,7.078895056826221,7.180625627537211,8.161196028108463e-10,6.537118018514879e-07,True,True
hypertension_binary,Hypertension,LBXHGB,Hemoglobin (g/dL),BMXBMI,Body Mass Index (kg/m2),Difference,5452,1898.0,-0.4454013664756241,2.227053592189503e-50,6811.711354553614,-0.0919686948134438,0.0011883240395728,7040.538488055881,0.4385126621355733,5.0412258138093394e-49,6818.876679417508,22.636302204353846,7.165324863894057,1.0367318446399412e-48,1.2026089397823316e-46,True,True
hypertension_binary,Hypertension,BMXBMI,Body Mass Index (kg/m2),LBXHGB,Hemoglobin (g/dL),Difference,5452,1898.0,0.4454013664756241,2.227053592189503e-50,6811.711354553614,0.4385126621355733,5.0412258138093394e-49,6818.876679417508,-0.0919686948134438,0.0011883240395728,7040.538488055881,22.636302204353846,7.165324863894057,1.0367318446399412e-48,1.2026089397823316e-46,True,True
thyroid_binary,Thyroid Problem,LBXSATSI,ALT Liver Enzyme (U/L),LBXTR,Triglycerides (mg/dL),Ratio,2376,306.0,-0.2590846046434459,0.0017685440198233,1817.279445864606,-0.1497217435068084,0.0411838128524358,1824.427084584251,0.0849822457629983,0.1038170290198183,1826.719602076265,23.286846349772524,7.147638719644874,0.005884249973534085,1.0,True,False
hypertension_binary,Hypertension,LBXSNASI,Sodium (mmol/L),LBDHDD,HDL Cholesterol (mg/dL),Ratio,5407,1900.0,0.1121843224218091,7.88208864420556e-05,6999.115583014021,0.0329189631954784,0.2486327286507478,7013.456550241348,-0.0843865438605588,0.0037383390022219,7006.248740546838,47.428279114446696,7.133157532817677,0.0003048945464090976,0.42563278678710026,True,False
diabetes_binary,Diabetes,LBXSAL,Albumin (g/dL),BMXBMI,Body Mass Index (kg/m2),Difference,5809,781.0,-0.4551446476399905,1.2637610840742687e-38,4423.948606684382,-0.4122403370103124,6.5752009788509125e-28,4469.866448849463,0.4451554708821077,3.924508444784313e-37,4431.073301420911,31.054196036263438,7.124694736528909,3.6689837924736832e-37,6.82430985400105e-35,True,True
diabetes_binary,Diabetes,BMXBMI,Body Mass Index (kg/m2),LBXSAL,Albumin (g/dL),Difference,5809,781.0,0.4551446476399905,1.2637610840742687e-38,4423.948606684382,0.4451554708821077,3.924508444784313e-37,4431.073301420911,-0.4122403370103124,6.5752009788509125e-28,4469.866448849463,31.054196036263438,7.124694736528909,3.6689837924736832e-37,6.82430985400105e-35,True,True
heart_attack_binary,Heart Attack,LBXSAPSI,Alkaline Phosphatase (U/L),LBDHDD,HDL Cholesterol (mg/dL),Difference,4901,243.0,0.3207093003765564,1.3707187722482596e-08,1905.4694785016025,0.2195265078320837,2.0890631892022812e-05,1920.4917445116032,-0.3734952758724987,2.061237169669591e-06,1912.5873713099736,150.37637270325988,7.11789280837138,7.662403074679712e-08,7.401881370140601e-05,True,True
heart_attack_binary,Heart Attack,LBDHDD,HDL Cholesterol (mg/dL),LBXSAPSI,Alkaline Phosphatase (U/L),Difference,4901,243.0,-0.3207093003765564,1.3707187722482596e-08,1905.4694785016025,-0.3734952758724987,2.061237169669591e-06,1912.5873713099736,0.2195265078320837,2.0890631892022812e-05,1920.4917445116032,150.37637270325988,7.11789280837138,7.662403074679712e-08,7.401881370140601e-05,True,True
high_cholesterol_binary,High Cholesterol,LBXSUA,Uric Acid (mg/dL),LBXHGB,Hemoglobin (g/dL),Ratio,5383,1762.0,0.2329948617822218,6.64633844194103e-16,6745.237100460473,0.2216571274400089,2.2782058699132143e-14,6752.337844248625,-0.0067032936049727,0.8174180032182939,6810.958119739105,34.277608487958304,7.100743788151704,7.106975759699319e-15,3.589022758648156e-12,True,True
heart_attack_binary,Heart Attack,BMXBMI,Body Mass Index (kg/m2),LBXHSCRP,hs-CRP Inflammation (mg/L),Ratio,4823,236.0,-0.2181995559829545,0.0092335864629358,1880.6263849758448,0.0559723810971916,0.3860454899718001,1887.6989088358496,0.0475903010780321,0.3918221084697839,1887.7837589137416,41.808834684270174,7.0725238600048215,0.02793051492931633,1.0,True,False
thyroid_binary,Thyroid Problem,LBXSAPSI,Alkaline Phosphatase (U/L),LBXSASSI,AST Liver Enzyme (U/L),Difference,4888,597.0,0.1775572247134078,1.0638241467887811e-05,3613.513542993329,0.1366457961765141,0.0004413708370876,3620.5809583767177,-0.1230956255269361,0.0301554774884648,3626.882296764162,41.48907866210124,7.067415383388834,4.5376385408052275e-05,0.05744650392659418,True,False
thyroid_binary,Thyroid Problem,LBXSASSI,AST Liver Enzyme (U/L),LBXSAPSI,Alkaline Phosphatase (U/L),Difference,4888,597.0,-0.1775572247134078,1.0638241467887811e-05,3613.513542993329,-0.1230956255269361,0.0301554774884648,3626.882296764162,0.1366457961765141,0.0004413708370876,3620.5809583767177,41.48907866210124,7.067415383388834,4.5376385408052275e-05,0.05744650392659418,True,False
heart_attack_binary,Heart Attack,systolic_bp,Systolic BP (mmHg),LBXSCR,Creatinine Kidney (mg/dL),Ratio,4673,228.0,-0.4731178120621248,2.624225515833912e-09,1786.955146496371,0.3465655491279942,3.6509781685957162e-09,1794.022210356007,0.17053074582847,4.971410279962793e-06,1807.781401619536,1.3912593054852331,7.067063859635937,1.5886567024106643e-08,1.4170817785503124e-05,True,True
arthritis_binary,Arthritis,LBXHGB,Hemoglobin (g/dL),LBXIN,Insulin (uIU/mL),Ratio,2378,753.0,-0.2271477099457883,6.642257487858405e-05,2954.375544322713,-0.1512394468699039,0.0005762394460237,2961.4042235263287,0.1334091771541188,0.0037987602070133,2963.9576455909946,8.675355435663786,7.028679203615866,0.00025860267076016863,0.3586819043443539,True,False
stroke_binary,Stroke,LBXHGB,Hemoglobin (g/dL),LBXSBU,BUN Kidney (mg/dL),Difference,4903,239.0,-0.4100149377708361,7.895185050504021e-20,1842.842655072343,-0.2958289118383417,1.866823295666109e-06,1892.526327757334,0.3972572295314374,4.1769863912405904e-18,1849.868429622501,52.90549068224736,7.025774550158076,1.1460752492667127e-18,4.2633999272721713e-16,True,True
stroke_binary,Stroke,LBXSBU,BUN Kidney (mg/dL),LBXHGB,Hemoglobin (g/dL),Difference,4903,239.0,0.4100149377708361,7.895185050504021e-20,1842.842655072343,0.3972572295314374,4.1769863912405904e-18,1849.868429622501,-0.2958289118383417,1.866823295666109e-06,1892.526327757334,52.90549068224736,7.025774550158076,1.1460752492667127e-18,4.2633999272721713e-16,True,True
thyroid_binary,Thyroid Problem,diastolic_bp,Diastolic BP (mmHg),BMXWAIST,Waist Circumference (cm),Ratio,4749,553.0,-0.1826606437072129,5.763521115201175e-05,3404.987853867868,-0.13488312752461,0.0020874217826281,3411.941652910693,0.0993220074444269,0.0255204535048743,3416.281630540924,36.21782137871671,6.953799042824812,0.00022552908711656773,0.3112301402208634,True,False
thyroid_binary,Thyroid Problem,LBDHDD,HDL Cholesterol (mg/dL),diastolic_bp,Diastolic BP (mmHg),Difference,4690,573.0,0.1729537307429914,5.267953637326035e-05,3470.25568815286,0.1286033932628889,0.0022690381493694,3477.204172080765,-0.1227918040641478,0.0046141898774327,3478.3162390907128,43.07247758014102,6.948483927905272,0.00020703747919621974,0.28446949641560587,True,False
thyroid_binary,Thyroid Problem,diastolic_bp,Diastolic BP (mmHg),LBDHDD,HDL Cholesterol (mg/dL),Difference,4690,573.0,-0.1729537307429914,5.267953637326035e-05,3470.25568815286,-0.1227918040641478,0.0046141898774327,3478.3162390907128,0.1286033932628889,0.0022690381493694,3477.204172080765,43.07247758014102,6.948483927905272,0.00020703747919621974,0.28446949641560587,True,False
diabetes_binary,Diabetes,LBXSCA,Calcium (mg/dL),LBXSAL,Albumin (g/dL),Ratio,5897,800.0,0.3996125869302813,1.3458768195004264e-30,4555.476412315547,-0.0591620171554467,0.1198382128890579,4683.919721315176,-0.4137211405957595,1.1332605143149435e-28,4562.421075049553,84.20239489194834,6.94466273400576,3.0282228438759594e-29,7.267734825302302e-27,True,True
thyroid_binary,Thyroid Problem,LBXSATSI,ALT Liver Enzyme (U/L),LBXHSCRP,hs-CRP Inflammation (mg/L),Ratio,4888,597.0,-0.3447509924525526,1.5812148858833792e-06,3602.4441692950013,-0.2635565649409991,1.5572787999100395e-05,3609.382747766003,0.0856296023515571,0.0149571806057866,3627.1863454447553,9.848622181671612,6.93857847100162,7.354487841318043e-06,0.008538560383770247,True,True
hypertension_binary,Hypertension,LBXSNASI,Sodium (mmol/L),LBDLDL,LDL Cholesterol (mg/dL),Ratio,2573,918.0,0.1229738531233266,0.002465006000889,3347.6635347322926,0.0321887446800372,0.4345246807477224,3356.235133516053,-0.0622894393492126,0.1337554362865055,3354.5825237419976,54.26170818175012,6.918989009705001,0.008052651182577496,1.0,True,False
heart_attack_binary,Heart Attack,LBXSNASI,Sodium (mmol/L),LBXSUA,Uric Acid (mg/dL),Ratio,4904,243.0,-0.4493666823689713,1.1731493833080444e-07,1905.7659717288684,-0.0357411770698976,0.5853980446334168,1937.7644398645984,0.3143255746941225,2.4905934662096466e-07,1912.6830546138576,2.12299772019372,6.917082884989213,6.09721527417078e-07,0.000633500666986344,True,True
thyroid_binary,Thyroid Problem,LBXSNASI,Sodium (mmol/L),LBDHDD,HDL Cholesterol (mg/dL),Ratio,4899,600.0,-0.1809058026041106,0.0001264375040223,3631.746817541456,0.0540499261836778,0.217461392325216,3645.618587498785,0.1220383261342148,0.0030019512491571,3638.657990125644,23.742569677952712,6.911172584187625,0.00048115752059226213,0.68276252172042,True,False
liver_condition_binary,Liver Condition,LBDHDD,HDL Cholesterol (mg/dL),LBXSAPSI,Alkaline Phosphatase (U/L),Ratio,4896,270.0,-0.4743081042693997,9.80301308842867e-09,2054.3926662890435,-0.1640009663516681,0.0163677506340728,2087.520158245273,0.2917671164612405,1.1667273909206672e-08,2061.296824756053,1.1901722260249294,6.904158467009438,5.619561643048282e-08,5.293627067751482e-05,True,True
thyroid_binary,Thyroid Problem,LBXSATSI,ALT Liver Enzyme (U/L),LBXSAPSI,Alkaline Phosphatase (U/L),Difference,4901,599.0,-0.2262738680185205,3.060872506621126e-08,3613.150422567256,-0.2676274780153956,1.2281904262678293e-05,3620.0246093499136,0.1369397191097033,0.000421470532325,3631.769670228676,401.2550093514412,6.874186782657944,1.6578446876383234e-07,0.0001652871153575408,True,True
thyroid_binary,Thyroid Problem,LBXSAPSI,Alkaline Phosphatase (U/L),LBXSATSI,ALT Liver Enzyme (U/L),Difference,4901,599.0,0.2262738680185205,3.060872506621126e-08,3613.150422567256,0.1369397191097033,0.000421470532325,3631.769670228676,-0.2676274780153956,1.2281904262678293e-05,3620.0246093499136,401.2550093514412,6.874186782657944,1.6578446876383234e-07,0.0001652871153575408,True,True
stroke_binary,Stroke,LBXPLTSI,Platelet Count (10^3/uL),LBXWBCSI,WBC Count (10^3/uL),Ratio,5020,243.0,-0.2814496435909752,0.0002064753314818,1934.6551813524284,-0.1976742106240314,0.0050723797382331,1941.504621383916,0.0189123913381913,0.652025816933036,1949.55521879028,24.56651698693552,6.849440031487575,0.0007668272283368089,1.0,True,False
stroke_binary,Stroke,BMXBMI,Body Mass Index (kg/m2),LBDLDL,LDL Cholesterol (mg/dL),Ratio,2324,105.0,0.2748942345451841,0.0001266141840515,847.4915380770697,0.1338969336753241,0.1441231821892978,857.5563545784055,-0.2404923995008875,0.0254999940642432,854.3372890733704,201.3991896347448,6.845750996300694,0.00048149055906908454,0.6837165938781,True,False
stroke_binary,Stroke,LBXSCR,Creatinine Kidney (mg/dL),LBXHGB,Hemoglobin (g/dL),Difference,4905,239.0,0.3792656470614821,1.6713089068928097e-12,1870.1599469519351,0.2395570112936893,1.1775983331278206e-08,1876.9956038848557,-0.2957148720326264,1.8859234062108087e-06,1892.7443180331584,7045.96456269198,6.835656932920301,1.329170559237286e-11,9.025068097221173e-09,True,True
stroke_binary,Stroke,LBXHGB,Hemoglobin (g/dL),LBXSCR,Creatinine Kidney (mg/dL),Difference,4905,239.0,-0.3792656470614821,1.6713089068928097e-12,1870.1599469519351,-0.2957148720326264,1.8859234062108087e-06,1892.7443180331584,0.2395570112936893,1.1775983331278206e-08,1876.9956038848557,7045.96456269198,6.835656932920301,1.329170559237286e-11,9.025068097221173e-09,True,True
hypertension_binary,Hypertension,LBXHSCRP,hs-CRP Inflammation (mg/L),LBXWBCSI,WBC Count (10^3/uL),Ratio,5401,1893.0,0.2908843946003355,1.974580334151935e-17,6910.972870131383,0.2890298104258881,8.683608740812606e-16,6917.802038885605,0.2574909107882914,0.0004061928355853,6985.642171665095,43.97698382092993,6.829168754221428,2.4273735648837775e-16,1.0662733804420449e-13,True,True
liver_condition_binary,Liver Condition,LBDHDD,HDL Cholesterol (mg/dL),LBXSASSI,AST Liver Enzyme (U/L),Difference,4883,269.0,-0.3884181150457988,5.7801437025751e-14,2035.674701422152,-0.1652532884896209,0.015854968700967,2080.300064388496,0.2743230276274138,1.1990635991542525e-12,2042.503204050723,20.74452921680927,6.8285026285711865,5.534180140763393e-13,3.121277599390554e-10,True,True
liver_condition_binary,Liver Condition,LBXSASSI,AST Liver Enzyme (U/L),LBDHDD,HDL Cholesterol (mg/dL),Difference,4883,269.0,0.3884181150457988,5.7801437025751e-14,2035.674701422152,0.2743230276274138,1.1990635991542525e-12,2042.503204050723,-0.1652532884896209,0.015854968700967,2080.300064388496,20.74452921680927,6.8285026285711865,5.534180140763393e-13,3.121277599390554e-10,True,True
thyroid_binary,Thyroid Problem,LBXSATSI,ALT Liver Enzyme (U/L),LBXGLU,Fasting Glucose (mg/dL),Ratio,2378,306.0,-0.2540560633687526,0.0020410274352957,1818.154424612916,-0.1504890056452153,0.0402758105690994,1824.9336999948669,0.0985801464919865,0.0680542096448979,1826.6012727574243,19.733105921362785,6.779275381950811,0.006736887622614168,1.0,True,False
thyroid_binary,Thyroid Problem,LBXSAL,Albumin (g/dL),LBXGLU,Fasting Glucose (mg/dL),Ratio,2380,307.0,-0.2128880030946429,0.0002541369746626,1821.0659193711888,-0.1502949841504022,0.0119739611189813,1827.826210342275,0.0967354141036491,0.0735911584953896,1831.0905080163047,47.11617085579216,6.760290971086533,0.0009361116392756071,1.0,True,False
thyroid_binary,Thyroid Problem,LBDLDL,LDL Cholesterol (mg/dL),LBXTR,Triglycerides (mg/dL),Ratio,2361,304.0,-0.1890415977282926,0.0052390271194146,1809.0169859111215,0.0095115279405291,0.8766752745878237,1817.3221328952536,0.0750847935088027,0.2029538346429721,1815.7679205686677,38.73884024972321,6.750934657545713,0.016362490714192504,1.0,True,False
hypertension_binary,Hypertension,LBXHSCRP,hs-CRP Inflammation (mg/L),LBXHGB,Hemoglobin (g/dL),Difference,5401,1893.0,0.2985672321582437,3.732768196151829e-17,6911.06506363171,0.2890298104258881,8.683608740812606e-16,6917.802038885605,-0.1134672695416413,6.765843199037638e-05,6985.1019645354345,23.263187759059555,6.7369752538952525,4.499318807861579e-16,2.0156948259219876e-13,True,True
hypertension_binary,Hypertension,LBXHGB,Hemoglobin (g/dL),LBXHSCRP,hs-CRP Inflammation (mg/L),Difference,5401,1893.0,-0.2985672321582437,3.732768196151829e-17,6911.06506363171,-0.1134672695416413,6.765843199037638e-05,6985.1019645354345,0.2890298104258881,8.683608740812606e-16,6917.802038885605,23.263187759059555,6.7369752538952525,4.499318807861579e-16,2.0156948259219876e-13,True,True
liver_condition_binary,Liver Condition,LBXPLTSI,Platelet Count (10^3/uL),BMXBMI,Body Mass Index (kg/m2),Ratio,4936,267.0,-0.3586394372736319,8.917122581469498e-07,2054.516946274754,-0.2997299352045494,1.6387686514808798e-05,2061.2518285024817,0.1054798494019893,0.0745930616568417,2077.9500548614506,18.377774181173347,6.734882227727667,4.272623064767994e-06,0.004815246193993529,True,True
thyroid_binary,Thyroid Problem,diastolic_bp,Diastolic BP (mmHg),LBXSAPSI,Alkaline Phosphatase (U/L),Difference,4670,569.0,-0.1733654169549627,1.7618689394631262e-05,3447.0958387058818,-0.1256120513455914,0.0038471433481689,3457.003276692797,0.1368865160884377,0.0005895268461397,3453.8201921116924,33.460312111492094,6.724353405810689,7.335460503547325e-05,0.09514092273100881,True,False
thyroid_binary,Thyroid Problem,LBXSAPSI,Alkaline Phosphatase (U/L),diastolic_bp,Diastolic BP (mmHg),Difference,4670,569.0,0.1733654169549627,1.7618689394631262e-05,3447.0958387058818,0.1368865160884377,0.0005895268461397,3453.8201921116924,-0.1256120513455914,0.0038471433481689,3457.003276692797,33.460312111492094,6.724353405810689,7.335460503547325e-05,0.09514092273100881,True,False
heart_attack_binary,Heart Attack,LBXSCA,Calcium (mg/dL),LBXSUA,Uric Acid (mg/dL),Ratio,4904,243.0,-0.4427511933471021,1.2346161215423228e-07,1905.9761013223865,0.0312300484694994,0.6345024158596833,1937.8354274429569,0.3143255746941225,2.4905934662096466e-07,1912.6830546138576,2.0173019149452838,6.706953291471109,6.404348757280061e-07,0.0006666927056328543,True,True
diabetes_binary,Diabetes,LBXSATSI,ALT Liver Enzyme (U/L),LBXTC,Total Cholesterol (mg/dL),Difference,5892,799.0,0.2571302139538469,6.570410498775894e-11,4637.148162811911,0.0705324042477123,0.0354857152497158,4677.061540289532,-0.2429761394619642,2.399519481598485e-09,4643.853174494096,36.52008473512469,6.705011682184704,4.5025655702271355e-10,3.548021669338983e-07,True,True
diabetes_binary,Diabetes,LBXTC,Total Cholesterol (mg/dL),LBXSATSI,ALT Liver Enzyme (U/L),Difference,5892,799.0,-0.2571302139538469,6.570410498775894e-11,4637.148162811911,-0.2429761394619642,2.399519481598485e-09,4643.853174494096,0.0705324042477123,0.0354857152497158,4677.061540289532,36.52008473512469,6.705011682184704,4.5025655702271355e-10,3.548021669338983e-07,True,True
arthritis_binary,Arthritis,LBXSASSI,AST Liver Enzyme (U/L),LBXSAPSI,Alkaline Phosphatase (U/L),Difference,4888,1519.0,-0.2269000570334578,1.1286405121299653e-12,6009.345752615606,-0.0462005374980166,0.1613725545237172,6060.212490158059,0.2104553754268993,2.760448400261815e-11,6016.042889702861,24.458172204472,6.697137087255214,9.110102788492993e-12,6.094658765501813e-09,True,True
arthritis_binary,Arthritis,LBXSAPSI,Alkaline Phosphatase (U/L),LBXSASSI,AST Liver Enzyme (U/L),Difference,4888,1519.0,0.2269000570334578,1.1286405121299653e-12,6009.345752615606,0.2104553754268993,2.760448400261815e-11,6016.042889702861,-0.0462005374980166,0.1613725545237172,6060.212490158059,24.458172204472,6.697137087255214,9.110102788492993e-12,6.094658765501813e-09,True,True
hypertension_binary,Hypertension,diastolic_bp,Diastolic BP (mmHg),LBXPLTSI,Platelet Count (10^3/uL),Ratio,5274,1859.0,0.3895236931470159,1.7219381930983313e-18,6766.9987040943015,0.2587395274202768,1.8093309022985625e-17,6773.680347124237,-0.1154697398079101,8.535243971514469e-05,6833.674355820756,10.50752523842324,6.681643029935913,2.2569092822162596e-17,9.29846624273099e-15,True,True
depression_binary,Depression,LBXSUA,Uric Acid (mg/dL),LBXGH,"Glycohemoglobin (HbA1c, %)",Ratio,790,410.0,-0.2832403463322362,0.0001153929611859,1082.6981290371791,-0.1904806856795916,0.0083153689516512,1090.9744244104766,0.2210666891541065,0.0046812905964692,1089.3120537674615,40.56825085654536,6.613924730282406,0.00044130452578177055,0.6231219904038601,True,False
thyroid_binary,Thyroid Problem,LBXSAL,Albumin (g/dL),LBXTR,Triglycerides (mg/dL),Ratio,2378,307.0,-0.24395123064429,0.0006642765475322,1820.653075574562,-0.1503841748156549,0.0119284582628738,1827.266869146959,0.0590656001654173,0.2446390504248469,1832.2810370727857,17.957066687343204,6.613793572396844,0.0023292814004375845,1.0,True,False
liver_condition_binary,Liver Condition,LBXSAL,Albumin (g/dL),LBXSAPSI,Alkaline Phosphatase (U/L),Ratio,4900,270.0,-0.4527230643049345,3.911990487481828e-09,2055.1919036399368,-0.1417654776716184,0.0198237957476783,2088.7445133130523,0.2915751510481414,1.1920846189544353e-08,2061.789370587992,3.0472584807377365,6.597466948055171,2.3316499594262552e-08,2.1124748632401872e-05,True,True
hypertension_binary,Hypertension,LBDHDD,HDL Cholesterol (mg/dL),LBXSAPSI,Alkaline Phosphatase (U/L),Difference,5405,1899.0,-0.1752852384690968,1.3867817197457427e-09,6974.172242223815,-0.0866138998587274,0.002946624239732,7002.845956780322,0.1587284463427107,4.023481497882516e-08,6980.761440523728,29.01308432750465,6.589198299912823,8.529181419848531e-09,7.48862128662701e-06,True,True
hypertension_binary,Hypertension,LBXSAPSI,Alkaline Phosphatase (U/L),LBDHDD,HDL Cholesterol (mg/dL),Difference,5405,1899.0,0.1752852384690968,1.3867817197457427e-09,6974.172242223815,0.1587284463427107,4.023481497882516e-08,6980.761440523728,-0.0866138998587274,0.002946624239732,7002.845956780322,29.01308432750465,6.589198299912823,8.529181419848531e-09,7.48862128662701e-06,True,True
heart_attack_binary,Heart Attack,LBXGLU,Fasting Glucose (mg/dL),diastolic_bp,Diastolic BP (mmHg),Difference,2309,118.0,0.4008853475364023,1.1173954279862962e-11,898.5044393640628,0.3596130563649422,4.725190680519011e-10,905.0932407074758,-0.2777605433694395,0.0009987540573917,925.729249809574,42.287542638638406,6.588801343413024,8.288372680118131e-11,6.033935311125999e-08,True,True
heart_attack_binary,Heart Attack,diastolic_bp,Diastolic BP (mmHg),LBXGLU,Fasting Glucose (mg/dL),Difference,2309,118.0,-0.4008853475364023,1.1173954279862962e-11,898.5044393640628,-0.2777605433694395,0.0009987540573917,925.729249809574,0.3596130563649422,4.725190680519011e-10,905.0932407074758,42.287542638638406,6.588801343413024,8.288372680118131e-11,6.033935311125999e-08,True,True
arthritis_binary,Arthritis,LBXSCA,Calcium (mg/dL),LBXHGB,Hemoglobin (g/dL),Ratio,4897,1523.0,0.1985314224279535,6.026073348057915e-11,6032.283477482473,0.114440449775452,0.0002230216683357,6061.646439527931,-0.1858900257624025,1.7023200586582186e-09,6038.865509697536,28.249242256681843,6.582032215063009,4.1665551958403e-10,3.254079607951274e-07,True,True
high_cholesterol_binary,High Cholesterol,LBXSAL,Albumin (g/dL),LBXSBU,BUN Kidney (mg/dL),Difference,5386,1763.0,-0.4766339562538489,8.326143411494039e-49,6566.709485611129,-0.1414465333959145,1.0811283791529854e-06,6790.998864979955,0.469173540771239,8.955402906860078e-48,6573.2685181995,10.755763460064069,6.559032588371338,3.7467645351723174e-47,4.4961174422067814e-45,True,True
high_cholesterol_binary,High Cholesterol,LBXSBU,BUN Kidney (mg/dL),LBXSAL,Albumin (g/dL),Difference,5386,1763.0,0.4766339562538489,8.326143411494039e-49,6566.709485611129,0.469173540771239,8.955402906860078e-48,6573.2685181995,-0.1414465333959145,1.0811283791529854e-06,6790.998864979955,10.755763460064069,6.559032588371338,3.7467645351723174e-47,4.4961174422067814e-45,True,True
hypertension_binary,Hypertension,LBXHGB,Hemoglobin (g/dL),systolic_bp,Systolic BP (mmHg),Difference,5274,1859.0,-0.9728162555695684,2.3211294422048653e-154,5938.751013081973,-0.102837043542372,0.0003509171033737,6836.560636462589,0.9684089346189833,1.0402506508601045e-153,5945.286458626213,4.481657213705236,6.535445544240247,2.5068197975812544e-151,1.2534098987906273e-150,True,True
hypertension_binary,Hypertension,systolic_bp,Systolic BP (mmHg),LBXHGB,Hemoglobin (g/dL),Difference,5274,1859.0,0.9728162555695684,2.3211294422048653e-154,5938.751013081973,0.9684089346189833,1.0402506508601045e-153,5945.286458626213,-0.102837043542372,0.0003509171033737,6836.560636462589,4.481657213705236,6.535445544240247,2.5068197975812544e-151,1.2534098987906273e-150,True,True
arthritis_binary,Arthritis,LBXWBCSI,WBC Count (10^3/uL),LBDLDL,LDL Cholesterol (mg/dL),Ratio,2361,748.0,0.1820630249526925,2.814222610438945e-05,2934.86421959889,0.1468165060180241,0.0008728566059139,2941.367900770761,-0.0673769557427585,0.1322710343399584,2950.345814578437,31.015904807112864,6.503681171870539,0.00011323995600872058,0.15196802096370302,True,False
liver_condition_binary,Liver Condition,systolic_bp,Systolic BP (mmHg),LBDHDD,HDL Cholesterol (mg/dL),Difference,4686,256.0,0.287535306091902,5.074400418853488e-06,1969.7048230438827,0.2255688113284967,0.0001109392308006,1976.1686954504848,-0.1666635283606861,0.0172105229491692,1984.2222797726888,21.8625298840216,6.463872406601922,2.2478886186881734e-05,0.027401762261808835,True,True
liver_condition_binary,Liver Condition,LBDHDD,HDL Cholesterol (mg/dL),systolic_bp,Systolic BP (mmHg),Difference,4686,256.0,-0.287535306091902,5.074400418853488e-06,1969.7048230438827,-0.1666635283606861,0.0172105229491692,1984.2222797726888,0.2255688113284967,0.0001109392308006,1976.1686954504848,21.8625298840216,6.463872406601922,2.2478886186881734e-05,0.027401762261808835,True,True
thyroid_binary,Thyroid Problem,LBXSKSI,Potassium (mmol/L),LBXHSCRP,hs-CRP Inflammation (mg/L),Ratio,4887,598.0,-0.1677319158393852,0.0012590517018411,3624.475998007657,0.0855590226366936,0.0472366210588796,3632.226562509734,0.0851118529704062,0.0156185352419757,3630.934018108706,12.404999110947138,6.458020101048987,0.004259949367131541,1.0,True,False
arthritis_binary,Arthritis,LBXHSCRP,hs-CRP Inflammation (mg/L),LBDLDL,LDL Cholesterol (mg/dL),Ratio,2347,741.0,0.2428844388427554,1.4416067100626682e-06,2902.920255992519,0.2071004250546994,1.2407368974809e-05,2909.363285805174,-0.0601447465460554,0.1801829609307398,2929.3822163256164,8.606625432722657,6.443029812655368,6.7225183370798e-06,0.007784676234338409,True,True
stroke_binary,Stroke,BMXBMI,Body Mass Index (kg/m2),LBXSCR,Creatinine Kidney (mg/dL),Ratio,4831,227.0,-0.5410876014717475,9.133561438596183e-10,1791.1478642138532,0.0487996988246912,0.4601187034445104,1834.8952497561927,0.243494364161606,1.3156413860614614e-08,1797.587573703121,14.404472941977316,6.439709489267898,5.7417033490593e-09,4.932123176841939e-06,True,True
thyroid_binary,Thyroid Problem,LBXSUA,Uric Acid (mg/dL),LBDHDD,HDL Cholesterol (mg/dL),Ratio,4896,598.0,-0.1735772400973055,0.0002357604696424,3624.2201627221184,-0.0795422681924641,0.0735724000080614,3635.237837944304,0.1176215526126981,0.004360953618847,3630.638994042454,18.497391125243304,6.418831320335812,0.0008713939329698564,1.0,True,False
heart_attack_binary,Heart Attack,LBXIN,Insulin (uIU/mL),diastolic_bp,Diastolic BP (mmHg),Difference,2263,117.0,0.2608696245503441,3.454246171568511e-05,908.3229067633208,0.1857036410786152,0.0010478963879042,915.4255230805976,-0.2824877769045361,0.0008199984901919,914.7326313800417,23.73885500521823,6.409724616720837,0.00013745710631149564,0.1865292932646996,True,False
heart_attack_binary,Heart Attack,diastolic_bp,Diastolic BP (mmHg),LBXIN,Insulin (uIU/mL),Difference,2263,117.0,-0.2608696245503441,3.454246171568511e-05,908.3229067633208,-0.2824877769045361,0.0008199984901919,914.7326313800417,0.1857036410786152,0.0010478963879042,915.4255230805976,23.73885500521823,6.409724616720837,0.00013745710631149564,0.1865292932646996,True,False
liver_condition_binary,Liver Condition,BMXWAIST,Waist Circumference (cm),BMXBMI,Body Mass Index (kg/m2),Difference,4914,262.0,0.2721124522682623,1.0043689883332256e-05,2030.7007473980136,0.2206403619738237,0.0002841866063947,2037.0589755204624,0.1109108894863711,0.0655714904916875,2046.6068726074257,28.295039940088323,6.358228122448736,4.314711644390945e-05,0.054235925369994185,True,False
liver_condition_binary,Liver Condition,BMXBMI,Body Mass Index (kg/m2),BMXWAIST,Waist Circumference (cm),Difference,4914,262.0,-0.2721124522682623,1.0043689883332256e-05,2030.7007473980136,0.1109108894863711,0.0655714904916875,2046.6068726074257,0.2206403619738237,0.0002841866063947,2037.0589755204624,28.295039940088323,6.358228122448736,4.314711644390945e-05,0.054235925369994185,True,False
thyroid_binary,Thyroid Problem,LBXSUA,Uric Acid (mg/dL),BMXWAIST,Waist Circumference (cm),Ratio,4646,557.0,-0.1607981402394158,0.000619374693345,3399.3531414787385,-0.0889285740736636,0.0536149117299267,3407.618597417677,0.1065472852847972,0.0163353654659464,3405.6918102053914,26.37396335604957,6.338668726652941,0.002181750387516634,1.0,True,False
hypertension_binary,Hypertension,LBXSCA,Calcium (mg/dL),LBXSAPSI,Alkaline Phosphatase (U/L),Ratio,5407,1900.0,-0.1819747554863904,2.661726380679467e-09,6977.512046292477,0.1162493390096719,5.017980353469526e-05,6998.241104449175,0.1584451039949942,4.216888182661575e-08,6983.814806624859,15.84268095049318,6.302760332381695,1.6095545863011335e-08,1.4373322455669121e-05,True,True
stroke_binary,Stroke,LBXSATSI,ALT Liver Enzyme (U/L),LBXGLU,Fasting Glucose (mg/dL),Ratio,2382,114.0,-0.5647434599739665,0.0008262885519958,904.0560094992873,-0.3945677987518838,0.0083751026249512,910.343791743462,0.170453746206465,0.0186768902639575,914.8162038413589,10.135808616399066,6.28778224417465,0.002860229603062385,1.0,True,False
thyroid_binary,Thyroid Problem,LBDHDD,HDL Cholesterol (mg/dL),LBXSASSI,AST Liver Enzyme (U/L),Difference,4884,597.0,0.1700275984786971,0.0001987013585648,3617.201627841599,0.1182866171227545,0.0041601970180074,3623.4872912781657,-0.1228843714047152,0.0303859035135296,3625.8563654067,20.936932933195354,6.285663436566665,0.0007405019573843479,1.0,True,False
thyroid_binary,Thyroid Problem,LBXSASSI,AST Liver Enzyme (U/L),LBDHDD,HDL Cholesterol (mg/dL),Difference,4884,597.0,-0.1700275984786971,0.0001987013585648,3617.201627841599,-0.1228843714047152,0.0303859035135296,3625.8563654067,0.1182866171227545,0.0041601970180074,3623.4872912781657,20.936932933195354,6.285663436566665,0.0007405019573843479,1.0,True,False
thyroid_binary,Thyroid Problem,LBXSUA,Uric Acid (mg/dL),LBXGH,"Glycohemoglobin (HbA1c, %)",Ratio,4896,598.0,-0.1763695272199117,0.0001074332240146,3623.0386292198273,-0.0790709638915876,0.0752563280790638,3635.275580229634,0.1206217402834042,0.001600920768936,3629.30439669373,14.901542643058397,6.265767473902542,0.0004123236742564606,0.58013940967884,True,False
stroke_binary,Stroke,LBXSCA,Calcium (mg/dL),LBXTR,Triglycerides (mg/dL),Ratio,2379,113.0,-0.2825536694834374,0.0165297449085946,906.6689080813456,-0.0434851698703332,0.6526556118440925,912.9754988701212,0.0417266172678005,0.595156742459142,912.9320585344176,36.00519825019733,6.263150453072058,0.04845853556265518,1.0,True,False
heart_attack_binary,Heart Attack,LBXSUA,Uric Acid (mg/dL),LBXSAL,Albumin (g/dL),Ratio,4904,243.0,0.3367141613065289,4.409095526577318e-09,1906.4359089276088,0.3143255746941225,2.4905934662096466e-07,1912.6830546138576,-0.1674296002549122,0.0083714781080579,1931.2753850949969,56.48762770497373,6.247145686249041,2.602089163225958e-08,2.3809115843517516e-05,True,True
thyroid_binary,Thyroid Problem,LBXSATSI,ALT Liver Enzyme (U/L),BMXBMI,Body Mass Index (kg/m2),Ratio,4825,585.0,-0.3054738060122817,1.6833307064085062e-06,3539.8170584430545,-0.2638333847759062,1.909863742557103e-05,3546.048000556721,0.0686136418075532,0.1079287031550274,3566.135652032246,11.34574290890184,6.23094211366697,7.789190929396687e-06,0.009089985814605933,True,True
diabetes_binary,Diabetes,LBXSNASI,Sodium (mmol/L),LBXHSCRP,hs-CRP Inflammation (mg/L),Difference,5884,797.0,-0.2681030559039859,5.286774339924858e-17,4598.808498229128,-0.1092976636718089,0.0039063200584425,4663.136329170987,0.250390713094557,1.2786837629232882e-15,4605.0294486453895,24.1864638190981,6.220950416261076,6.302115107195195e-16,2.8548581435594236e-13,True,True
diabetes_binary,Diabetes,LBXHSCRP,hs-CRP Inflammation (mg/L),LBXSNASI,Sodium (mmol/L),Difference,5884,797.0,0.2681030559039859,5.286774339924858e-17,4598.808498229128,0.250390713094557,1.2786837629232882e-15,4605.0294486453895,-0.1092976636718089,0.0039063200584425,4663.136329170987,24.1864638190981,6.220950416261076,6.302115107195195e-16,2.8548581435594236e-13,True,True
liver_condition_binary,Liver Condition,LBXSNASI,Sodium (mmol/L),LBXSAPSI,Alkaline Phosphatase (U/L),Ratio,4900,270.0,-0.4503252545784506,4.696282757389058e-09,2055.5689293662745,-0.0192485242673497,0.7579895828048253,2093.973611497607,0.2915751510481414,1.1920846189544353e-08,2061.789370587992,2.5383578471267043,6.220441221717465,2.7565137923805343e-08,2.5359926889900914e-05,True,True
heart_attack_binary,Heart Attack,LBXHGB,Hemoglobin (g/dL),LBXTC,Total Cholesterol (mg/dL),Ratio,4924,243.0,0.4346465122883761,9.165433774161688e-15,1885.124837749134,0.0030882588216243,0.9625897988998536,1940.0875439558515,-0.5017517954648616,2.187868134808501e-11,1891.34511472982,2387.086294787628,6.220276980686094,9.182438289512638e-14,4.9493342380473115e-11,True,True
diabetes_binary,Diabetes,LBXTR,Triglycerides (mg/dL),LBXPLTSI,Platelet Count (10^3/uL),Ratio,2832,411.0,0.428757196548103,5.92784646114055e-12,2288.787891016744,0.3877553679746198,2.4208702042508608e-11,2295.0066830867527,-0.205242696362753,0.0003146446116507,2336.2471690724915,4.083894918872565,6.218792070008931,4.521238826293639e-11,3.2010370890158974e-08,True,True
diabetes_binary,Diabetes,diastolic_bp,Diastolic BP (mmHg),LBXHGB,Hemoglobin (g/dL),Ratio,6297,780.0,0.1584751706046972,4.825147998852862e-05,4704.538628776168,0.0989701581064144,0.0131228863964017,4714.913836240687,-0.1228062221990688,0.001122189111749,4710.723543403919,23.257092052219384,6.184914627751823,0.00019046636837577086,0.26055799193805457,True,False
thyroid_binary,Thyroid Problem,diastolic_bp,Diastolic BP (mmHg),LBXTR,Triglycerides (mg/dL),Ratio,2269,290.0,-0.1816757262548615,0.0102310217899055,1731.318290313215,-0.0599926099786701,0.333175945031342,1737.5031077799763,0.0344839486873008,0.5348169015579236,1738.0742794978391,32.56526590140488,6.184817466761615,0.030778561373531865,1.0,True,False
thyroid_binary,Thyroid Problem,LBXSCA,Calcium (mg/dL),LBXGH,"Glycohemoglobin (HbA1c, %)",Ratio,4896,598.0,-0.1637087870591969,6.479585290330734e-05,3623.138684652779,0.0997563120081066,0.0216986057674403,3633.22636936694,0.1206217402834042,0.001600920768936,3629.30439669373,24.707148639976705,6.165712040950893,0.00025263365030892394,0.34989760567785966,True,False
liver_condition_binary,Liver Condition,LBDLDL,LDL Cholesterol (mg/dL),LBXPLTSI,Platelet Count (10^3/uL),Ratio,2360,131.0,0.2775343298069495,0.0001465020485414,1003.3067594897676,0.0857657487143824,0.3253608551877964,1015.1420328111884,-0.2466973468028014,0.0123530979760893,1009.453060035382,84.32030882215128,6.146300545614395,0.0005536116599884955,0.79111106212356,True,False
liver_condition_binary,Liver Condition,systolic_bp,Systolic BP (mmHg),LBXTR,Triglycerides (mg/dL),Ratio,2266,126.0,-0.3126839928329324,0.005062482392575,968.1096164296184,0.1457471629346524,0.0899823834708553,974.2547795451536,0.1020100864389876,0.0845071721548104,974.6392960180202,16.692832804466416,6.14516311553507,0.015866166523450378,1.0,True,False
liver_condition_binary,Liver Condition,LBDHDD,HDL Cholesterol (mg/dL),LBXSUA,Uric Acid (mg/dL),Ratio,4895,270.0,-0.3110871590731949,5.586172253118278e-05,2074.961741436832,-0.1632402643937353,0.0168343992144697,2087.4602024003925,0.2127060808008503,0.0003404407518869,2081.0973013707567,6.094347550720052,6.135559933924469,0.00021874786197852576,0.301653301668387,True,False
heart_attack_binary,Heart Attack,LBXSUA,Uric Acid (mg/dL),LBDHDD,HDL Cholesterol (mg/dL),Ratio,4900,243.0,0.3288849429687528,3.5284206075310563e-09,1906.146019459684,0.3143408807500344,2.481993827289045e-07,1912.2714955321453,-0.3725435608382727,2.1714648526206217e-06,1912.6019463191649,70.34291268992932,6.125476072461424,2.1100189679587713e-08,1.9053471280667705e-05,True,True
hypertension_binary,Hypertension,LBXSAL,Albumin (g/dL),systolic_bp,Systolic BP (mmHg),Difference,5149,1819.0,-0.9839124407364108,1.0919839052463601e-152,5787.9200641397865,-0.2638514634481174,5.561379465242743e-19,6611.03936817612,0.97974485673952,6.83034320001022e-152,5794.039405643514,6.254985231187306,6.11934150372781,8.423875840471922e-150,5.8967130883303446e-149,True,True
hypertension_binary,Hypertension,systolic_bp,Systolic BP (mmHg),LBXSAL,Albumin (g/dL),Difference,5149,1819.0,0.9839124407364108,1.0919839052463601e-152,5787.9200641397865,0.97974485673952,6.83034320001022e-152,5794.039405643514,-0.2638514634481174,5.561379465242743e-19,6611.03936817612,6.254985231187306,6.11934150372781,8.423875840471922e-150,5.8967130883303446e-149,True,True
stroke_binary,Stroke,LBXSASSI,AST Liver Enzyme (U/L),LBXSAPSI,Alkaline Phosphatase (U/L),Difference,4894,239.0,-0.3295605817364759,1.924310984114637e-09,1878.304884858151,-0.095323435911637,0.2545157775741651,1911.85413825244,0.2837329722729144,5.7351993530159607e-08,1884.4170574573816,29.803911116033504,6.112172599230917,1.1754840853188958e-08,1.039127931421904e-05,True,True
stroke_binary,Stroke,LBXSAPSI,Alkaline Phosphatase (U/L),LBXSASSI,AST Liver Enzyme (U/L),Difference,4894,239.0,0.3295605817364759,1.924310984114637e-09,1878.304884858151,0.2837329722729144,5.7351993530159607e-08,1884.4170574573816,-0.095323435911637,0.2545157775741651,1911.85413825244,29.803911116033504,6.112172599230917,1.1754840853188958e-08,1.039127931421904e-05,True,True
heart_attack_binary,Heart Attack,LBXTC,Total Cholesterol (mg/dL),LBXSAPSI,Alkaline Phosphatase (U/L),Ratio,4901,243.0,-0.5830194434204733,6.9654818470132194e-12,1883.165427426473,-0.5001753539479745,2.4599181146568278e-11,1889.2734592716347,0.2195265078320837,2.0890631892022812e-05,1920.4917445116032,3.531583555431466,6.108031845161804,5.260643632709284e-11,3.7613601973871383e-08,True,True
stroke_binary,Stroke,LBXHSCRP,hs-CRP Inflammation (mg/L),LBXTC,Total Cholesterol (mg/dL),Difference,4898,236.0,0.3052420089068373,1.936302420266169e-05,1876.8377941857837,0.154891157248233,0.0001430256263743,1884.476672325084,-0.2516357267881918,0.0004304252914848,1882.9386409433475,7.386533471080942,6.100846757563886,7.987802192083508e-05,0.10456033069437312,True,False
stroke_binary,Stroke,LBXTC,Total Cholesterol (mg/dL),LBXHSCRP,hs-CRP Inflammation (mg/L),Difference,4898,236.0,-0.3052420089068373,1.936302420266169e-05,1876.8377941857837,-0.2516357267881918,0.0004304252914848,1882.9386409433475,0.154891157248233,0.0001430256263743,1884.476672325084,7.386533471080942,6.100846757563886,7.987802192083508e-05,0.10456033069437312,True,False
hypertension_binary,Hypertension,BMXBMI,Body Mass Index (kg/m2),LBXSAL,Albumin (g/dL),Difference,5325,1857.0,0.4407879296126179,2.2905997730778345e-48,6661.791895696722,0.4346027774125617,3.340316612669681e-47,6667.855912447616,-0.2636656802616082,1.866401156312238e-19,6807.735358883773,14.58271607257414,6.064016750893643,9.975192560177666e-47,1.2369238774620306e-44,True,True
hypertension_binary,Hypertension,LBXSAL,Albumin (g/dL),BMXBMI,Body Mass Index (kg/m2),Difference,5325,1857.0,-0.4407879296126179,2.2905997730778345e-48,6661.791895696722,-0.2636656802616082,1.866401156312238e-19,6807.735358883773,0.4346027774125617,3.340316612669681e-47,6667.855912447616,14.58271607257414,6.064016750893643,9.975192560177666e-47,1.2369238774620306e-44,True,True
hypertension_binary,Hypertension,LBXPLTSI,Platelet Count (10^3/uL),LBXTR,Triglycerides (mg/dL),Difference,2606,931.0,-0.2680160695538056,4.1769866046818614e-08,3366.4070086694564,-0.1088336490386388,0.0091378904339574,3394.3861341336924,0.2550807657149843,1.1082697144955417e-06,3372.3845856986127,26.53275720954706,5.977577029156237,2.2465864208448256e-07,0.0002255572766528205,True,True
hypertension_binary,Hypertension,LBXTR,Triglycerides (mg/dL),LBXPLTSI,Platelet Count (10^3/uL),Difference,2606,931.0,0.2680160695538056,4.1769866046818614e-08,3366.4070086694564,0.2550807657149843,1.1082697144955417e-06,3372.3845856986127,-0.1088336490386388,0.0091378904339574,3394.3861341336924,26.53275720954706,5.977577029156237,2.2465864208448256e-07,0.0002255572766528205,True,True
hypertension_binary,Hypertension,LBXSCA,Calcium (mg/dL),LBXSATSI,ALT Liver Enzyme (U/L),Ratio,5407,1900.0,-0.1396324923797122,3.1693014076881685e-06,6992.270278927015,0.1162493390096719,5.017980353469526e-05,6998.241104449175,0.0520529189258424,0.0625586140782591,7011.336195050414,15.833080253259558,5.97082552215943,1.430955485076598e-05,0.01711422760151611,True,True
liver_condition_binary,Liver Condition,LBXSAL,Albumin (g/dL),LBXGH,"Glycohemoglobin (HbA1c, %)",Ratio,4898,270.0,-0.2380561559233605,4.79905292550097e-05,2078.0112930372893,-0.1409735391539585,0.0205538379112444,2088.5788357364163,0.1676278274293791,0.0007142061681002,2083.958669318732,14.882231540001923,5.947376281442757,0.00018957487781788763,0.2591488579770524,True,False
diabetes_binary,Diabetes,LBXSASSI,AST Liver Enzyme (U/L),LBXSATSI,ALT Liver Enzyme (U/L),Difference,5878,800.0,-0.1143999516488373,0.0013307275039652,4670.770422724522,0.0012547869871775,0.9736056954410764,4680.788602793553,0.0703989511277876,0.0358395797126393,4676.688300612659,26.93232055837474,5.9178778881369,0.004488400075835153,1.0,True,False
diabetes_binary,Diabetes,LBXSATSI,ALT Liver Enzyme (U/L),LBXSASSI,AST Liver Enzyme (U/L),Difference,5878,800.0,0.1143999516488373,0.0013307275039652,4670.770422724522,0.0703989511277876,0.0358395797126393,4676.688300612659,0.0012547869871775,0.9736056954410764,4680.788602793553,26.93232055837474,5.9178778881369,0.004488400075835153,1.0,True,False
diabetes_binary,Diabetes,LBXTC,Total Cholesterol (mg/dL),LBXSKSI,Potassium (mmol/L),Ratio,5889,798.0,-0.3086675625263032,1.4513514192645482e-13,4618.328163779417,-0.2433448177299337,2.327021358249863e-09,4639.2082127811545,0.2707092596394052,3.7064647829041944e-13,4624.245286999643,2.553802431104104,5.917123220226131,1.3357364822226847e-12,7.837297664028561e-10,True,True
high_cholesterol_binary,High Cholesterol,LBXSCR,Creatinine Kidney (mg/dL),LBXSAL,Albumin (g/dL),Ratio,5388,1763.0,0.2942847284569551,6.153550941761821e-11,6755.120096110655,0.2689733753644208,3.0544541764700444e-10,6761.024840485805,-0.141501898292306,1.0681349297319334e-06,6792.561233001257,4.963726156454837,5.904744375149676,4.249255126024787e-10,3.322917508551383e-07,True,True
heart_attack_binary,Heart Attack,LBDLDL,LDL Cholesterol (mg/dL),LBXSKSI,Potassium (mmol/L),Ratio,2353,125.0,-0.5824554218360584,1.2288115353348493e-07,949.6517167158026,-0.5137276187756835,1.4360563484159105e-06,955.5046835577998,0.2882312779199582,0.0011020802637402,970.6505227228716,11.686546774030626,5.852966841997159,6.380367587315564e-07,0.0006635582290808186,True,True
hypertension_binary,Hypertension,LBXSKSI,Potassium (mmol/L),LBDHDD,HDL Cholesterol (mg/dL),Ratio,5404,1899.0,0.1068026995475206,0.0001703658474534,6996.753062227975,-0.001684195717369,0.9528755123356808,7010.962225134099,-0.0835251512402084,0.0041085605234817,7002.601033281819,24.11610416580342,5.847971053844049,0.0006402056898040083,0.91997557624836,True,False
high_cholesterol_binary,High Cholesterol,LBXPLTSI,Platelet Count (10^3/uL),LBXSCA,Calcium (mg/dL),Ratio,5383,1762.0,-0.1832854439727147,1.5153947499788003e-09,6773.275524451723,-0.1678038858515412,2.5673653450676546e-08,6779.121179584861,0.1040709187080572,0.0003592662452747,6798.223092484337,16.941891511129825,5.84565513313828,9.288458172401273e-09,8.183131649885522e-06,True,True
diabetes_binary,Diabetes,LBDLDL,LDL Cholesterol (mg/dL),LBXSATSI,ALT Liver Enzyme (U/L),Difference,2795,402.0,-0.3836178958291003,8.155819314055736e-11,2259.6874460314903,-0.3713308377842708,8.569550449473074e-10,2265.526356495651,0.1005275461980544,0.0297342415612647,2301.7698228573868,10.50728335129288,5.838910464160563,5.546778878576949e-10,4.4041424295900974e-07,True,True
diabetes_binary,Diabetes,LBXSATSI,ALT Liver Enzyme (U/L),LBDLDL,LDL Cholesterol (mg/dL),Difference,2795,402.0,0.3836178958291003,8.155819314055736e-11,2259.6874460314903,0.1005275461980544,0.0297342415612647,2301.7698228573868,-0.3713308377842708,8.569550449473074e-10,2265.526356495651,10.50728335129288,5.838910464160563,5.546778878576949e-10,4.4041424295900974e-07,True,True
heart_attack_binary,Heart Attack,LBXGLU,Fasting Glucose (mg/dL),LBDHDD,HDL Cholesterol (mg/dL),Difference,2386,126.0,0.3785996050769978,7.933583346012424e-10,959.634135195438,0.3249216809926123,1.9838519823322548e-08,965.4502922514832,-0.3911793995641138,0.0004566956543418,976.4984301715416,25.00574955614953,5.816157056045313,5.046095414424863e-09,4.284135006846709e-06,True,True
heart_attack_binary,Heart Attack,LBDHDD,HDL Cholesterol (mg/dL),LBXGLU,Fasting Glucose (mg/dL),Difference,2386,126.0,-0.3785996050769978,7.933583346012424e-10,959.634135195438,-0.3911793995641138,0.0004566956543418,976.4984301715416,0.3249216809926123,1.9838519823322548e-08,965.4502922514832,25.00574955614953,5.816157056045313,5.046095414424863e-09,4.284135006846709e-06,True,True
thyroid_binary,Thyroid Problem,LBXSASSI,AST Liver Enzyme (U/L),LBXGH,"Glycohemoglobin (HbA1c, %)",Ratio,4884,597.0,-0.2263927034798897,0.0005814030298984,3616.3231592035618,-0.1231658042149641,0.0300792872728692,3625.834344982024,0.1214276701831599,0.0014926189480742,3622.117215884037,2.567270673382851,5.794056680475478,0.002054696571630471,1.0,True,False
thyroid_binary,Thyroid Problem,LBXPLTSI,Platelet Count (10^3/uL),LBXHSCRP,hs-CRP Inflammation (mg/L),Ratio,4893,598.0,-0.1659261434351905,0.001882329527038,3626.7225337546006,-0.0246987481643333,0.5746766790349016,3637.380977580377,0.0851085445118035,0.0155884639839295,3632.497024493159,8.281474502744915,5.774490738558143,0.006228296229169853,1.0,True,False
thyroid_binary,Thyroid Problem,LBXSATSI,ALT Liver Enzyme (U/L),LBXSAPSI,Alkaline Phosphatase (U/L),Ratio,4901,599.0,-0.2980813045569617,1.0563596441669035e-06,3614.25593396005,-0.2676274780153956,1.2281904262678293e-05,3620.0246093499136,0.1369397191097033,0.000421470532325,3631.769670228676,11.626631451227386,5.768675389863347,5.0214278860046464e-06,0.005704342078501279,True,True
heart_attack_binary,Heart Attack,LBXSAL,Albumin (g/dL),LBXHSCRP,hs-CRP Inflammation (mg/L),Ratio,4894,243.0,-0.2921685565355848,0.0011744707183507,1924.2710455517536,-0.1701364918697552,0.0073840780364159,1930.0380203973448,0.041909082164255,0.456237343031691,1936.543209742976,6.287153797061185,5.766974845590767,0.003995594326051471,1.0,True,False
thyroid_binary,Thyroid Problem,LBXSATSI,ALT Liver Enzyme (U/L),LBXSASSI,AST Liver Enzyme (U/L),Ratio,4888,597.0,-0.25553532562857,1.980408717609264e-07,3603.1492850805207,-0.2673483985323975,1.3038028760415434e-05,3608.884996698851,-0.1230956255269361,0.0301554774884648,3626.882296764162,65.83504023429494,5.735711618330242,1.0050946499144761e-06,0.0010694207075090025,True,True
hypertension_binary,Hypertension,LBXSASSI,AST Liver Enzyme (U/L),LBDLDL,LDL Cholesterol (mg/dL),Ratio,2565,914.0,0.1404153361771025,0.0014245353456422,3333.8820498577147,0.0946040048065581,0.0211548841139915,3339.6094931825883,-0.0625949839408986,0.1326011376642932,3342.7914334382804,14.850375021375427,5.727443324873548,0.00479880902462126,1.0,True,False
hypertension_binary,Hypertension,LBXPLTSI,Platelet Count (10^3/uL),LBXSCA,Calcium (mg/dL),Ratio,5405,1899.0,-0.1462939651413499,6.381489360725557e-07,6986.446399529668,-0.128305264187745,1.1113797310340184e-05,6992.156013956561,0.1154543422639873,5.661273572987979e-05,6995.514918666297,17.415679447401878,5.7096144268925855,3.1017140007126917e-06,0.003446004254791801,True,True
liver_condition_binary,Liver Condition,LBXSCA,Calcium (mg/dL),LBXSAPSI,Alkaline Phosphatase (U/L),Ratio,4898,270.0,-0.4487550540132953,6.111209675847287e-09,2055.895435946933,-0.0358392182662354,0.56715919735871,2093.514181909615,0.2914285871491922,1.2150496781873873e-08,2061.597743586798,1.988231042030033,5.702307639864557,3.5676251080622e-08,3.300053224957535e-05,True,True
liver_condition_binary,Liver Condition,BMXWAIST,Waist Circumference (cm),LBDHDD,HDL Cholesterol (mg/dL),Ratio,4664,252.0,0.2483808658630084,1.3192050400161876e-05,1947.3713732696924,0.2163093015600963,0.0004902387273226,1953.0710948792168,-0.2342556492955548,0.0013572621665049,1953.8243907566773,37.16167786294945,5.699721609524204,5.561051690934749e-05,0.07123707216087413,True,False
hypertension_binary,Hypertension,LBXSATSI,ALT Liver Enzyme (U/L),LBDLDL,LDL Cholesterol (mg/dL),Ratio,2572,917.0,0.1424402825666585,0.0045204057159538,3345.2554051183324,0.07978610132285,0.0531857939766865,3350.947600287798,-0.0630767259462348,0.129106460382564,3352.465060169703,11.76571248659788,5.692195169465776,0.014241651613856777,1.0,True,False
arthritis_binary,Arthritis,diastolic_bp,Diastolic BP (mmHg),BMXBMI,Body Mass Index (kg/m2),Ratio,4920,1503.0,-0.3142626857793771,8.864472737256718e-22,5963.392076048816,-0.0970590613688336,0.0016336146393262,6050.042702178769,0.2899807441350768,2.582006020834333e-21,5969.073268760591,2.912757585662545,5.681192711774202,1.420419963833421e-20,4.786815278118628e-18,True,True
thyroid_binary,Thyroid Problem,LBXSUA,Uric Acid (mg/dL),BMXBMI,Body Mass Index (kg/m2),Ratio,4824,584.0,-0.1340034080919415,0.0034085075670007,3555.6528497595173,-0.0789923872771329,0.0788478113333119,3561.3166586584152,0.0709402087206689,0.0963776725661684,3561.7397943588708,23.132649637240807,5.663808898897969,0.010955917179645107,1.0,True,False
heart_attack_binary,Heart Attack,LBXSATSI,ALT Liver Enzyme (U/L),LBXSASSI,AST Liver Enzyme (U/L),Ratio,4892,243.0,-0.1852421033305947,0.0104640868281558,1929.861296070481,-0.0829979290042533,0.270499649926937,1935.51325204354,0.0176030333234433,0.7784196730322379,1936.763357645084,25.850287212745656,5.651955973058648,0.031427179572881714,1.0,True,False
high_cholesterol_binary,High Cholesterol,LBXSNASI,Sodium (mmol/L),LBDHDD,HDL Cholesterol (mg/dL),Ratio,5385,1762.0,0.1412730616592281,1.0976186646151384e-06,6788.617340677807,0.0421548720428829,0.1477073863139471,6810.497278952758,-0.1274586710903788,2.3998503922944578e-05,6794.246479396611,21.864154370369832,5.629138718803915,5.208383821548109e-06,0.005927140788921747,True,True
thyroid_binary,Thyroid Problem,LBXSCA,Calcium (mg/dL),LBXHSCRP,hs-CRP Inflammation (mg/L),Ratio,4887,596.0,-0.1635293545894317,0.0017061489091073,3617.209584362665,0.1015584057495072,0.0196116957915636,3622.815442992408,0.0860108290513174,0.0145075830863494,3622.933211769463,8.503116585491874,5.60585862974267,0.005680150498877571,1.0,True,False
stroke_binary,Stroke,LBXSKSI,Potassium (mmol/L),LBXTR,Triglycerides (mg/dL),Ratio,2380,113.0,-0.2789501359698341,0.019098996169994,907.0191833877284,0.0257389450698548,0.7887536064475846,913.2040295402876,0.0708958782305723,0.3838396995127863,912.5986666133768,20.097375594840283,5.579483225648346,0.05565816476954539,1.0,False,False
thyroid_binary,Thyroid Problem,LBXSCA,Calcium (mg/dL),LBDHDD,HDL Cholesterol (mg/dL),Ratio,4896,598.0,-0.1683342175010921,0.0003407989473022,3625.0668680043727,0.0996358606833328,0.0218599291638306,3633.2391631913015,0.1176215526126981,0.004360953618847,3630.638994042454,12.796264933822805,5.572126038081478,0.0012367703732741129,1.0,True,False
thyroid_binary,Thyroid Problem,BMXBMI,Body Mass Index (kg/m2),LBXSUA,Uric Acid (mg/dL),Ratio,4824,584.0,0.1238155521697787,0.0025495989693335,3555.7466534516243,0.0709402087206689,0.0963776725661684,3561.7397943588708,-0.0789923872771329,0.0788478113333119,3561.3166586584152,30.925573896792592,5.570005206790938,0.008323736788634465,1.0,True,False
high_cholesterol_binary,High Cholesterol,LBDHDD,HDL Cholesterol (mg/dL),LBXSCA,Calcium (mg/dL),Ratio,5382,1762.0,-0.1452095656328557,1.787509845324306e-06,6786.627076337442,-0.1263028418907309,2.8284035222551583e-05,6792.194750534431,0.1050516365062256,0.0003163373499543,6797.189850588215,15.823149336232069,5.567674196988264,8.221936256176535e-06,0.009652553164751252,True,True
thyroid_binary,Thyroid Problem,LBXTR,Triglycerides (mg/dL),LBXSATSI,ALT Liver Enzyme (U/L),Ratio,2376,306.0,0.1731884238066707,0.0008018493171539,1818.8693907172933,0.0849822457629983,0.1038170290198183,1826.719602076265,-0.1497217435068084,0.0411838128524358,1824.427084584251,51.36103750591135,5.557693866957607,0.002777414079761989,1.0,True,False
thyroid_binary,Thyroid Problem,LBXSASSI,AST Liver Enzyme (U/L),BMXWAIST,Waist Circumference (cm),Difference,4634,556.0,-0.1605476976688714,0.0007783241865751,3392.700587178495,-0.132077735052638,0.0263308960205046,3398.461284481539,0.1101632143397745,0.0130700685938909,3398.2525786049564,16.792576691471762,5.551991426461427,0.0026993902424569944,1.0,True,False
thyroid_binary,Thyroid Problem,BMXWAIST,Waist Circumference (cm),LBXSASSI,AST Liver Enzyme (U/L),Difference,4634,556.0,0.1605476976688714,0.0007783241865751,3392.700587178495,0.1101632143397745,0.0130700685938909,3398.2525786049564,-0.132077735052638,0.0263308960205046,3398.461284481539,16.792576691471762,5.551991426461427,0.0026993902424569944,1.0,True,False
thyroid_binary,Thyroid Problem,LBXSASSI,AST Liver Enzyme (U/L),LBXTR,Triglycerides (mg/dL),Ratio,2368,304.0,-0.226983257002714,0.0084927533728886,1810.8865052993683,-0.0232178486859621,0.721067871573117,1819.140433273235,0.092254950597591,0.0776537751436998,1816.4334397174257,9.143533520188315,5.54693441805739,0.02577901529713235,1.0,True,False
diabetes_binary,Diabetes,LBXHGB,Hemoglobin (g/dL),systolic_bp,Systolic BP (mmHg),Difference,6297,780.0,-0.5424875666249299,6.873443728933685e-56,4477.4584926070775,-0.1228062221990688,0.001122189111749,4710.723543403919,0.5391435848439167,1.3433565807150515e-54,4482.968377353713,19.544156229288777,5.50988474663518,3.6388819741413626e-54,3.7116596136241895e-52,True,True
diabetes_binary,Diabetes,systolic_bp,Systolic BP (mmHg),LBXHGB,Hemoglobin (g/dL),Difference,6297,780.0,0.5424875666249299,6.873443728933685e-56,4477.4584926070775,0.5391435848439167,1.3433565807150515e-54,4482.968377353713,-0.1228062221990688,0.001122189111749,4710.723543403919,19.544156229288777,5.50988474663518,3.6388819741413626e-54,3.7116596136241895e-52,True,True
diabetes_binary,Diabetes,LBXSKSI,Potassium (mmol/L),LBXSCA,Calcium (mg/dL),Ratio,5892,799.0,0.2830491006521873,2.3964786406186985e-14,4623.518925228194,0.2700581854387741,4.081902293896191e-13,4629.0157031213685,-0.0596391200847676,0.1171008277081297,4678.721810418497,17.032917484473664,5.496777893174112,2.331708947629004e-13,1.2940984659340973e-10,True,True
depression_binary,Depression,LBXSAL,Albumin (g/dL),LBXSCA,Calcium (mg/dL),Difference,790,410.0,-0.2099782308090657,0.0040529196324752,1089.573005125223,-0.1237269876319689,0.0858155774092664,1095.0516937070483,0.085039852527013,0.235221911261149,1096.616681301041,21.17376735567199,5.478688581825281,0.01283622640197424,1.0,True,False
depression_binary,Depression,LBXSCA,Calcium (mg/dL),LBXSAL,Albumin (g/dL),Difference,790,410.0,0.2099782308090657,0.0040529196324752,1089.573005125223,0.085039852527013,0.235221911261149,1096.616681301041,-0.1237269876319689,0.0858155774092664,1095.0516937070483,21.17376735567199,5.478688581825281,0.01283622640197424,1.0,True,False
arthritis_binary,Arthritis,LBXSUA,Uric Acid (mg/dL),LBXHSCRP,hs-CRP Inflammation (mg/L),Ratio,4887,1517.0,-0.2235671346509094,7.189775302161593e-10,6015.889200248942,0.1608587970124807,1.6202647030726799e-07,6030.917676064719,0.186939443846996,9.415306016784904e-09,6021.361349953942,13.095410664578358,5.472149705000447,4.594649305523386e-09,3.88247866316726e-06,True,True
heart_attack_binary,Heart Attack,LBXSAL,Albumin (g/dL),BMXWAIST,Waist Circumference (cm),Ratio,4649,217.0,-0.4282395282082308,1.5658725915035505e-08,1723.713995264774,-0.1369416737462161,0.0426559709375971,1753.6785086239431,0.3544314462478898,5.2393371809345e-08,1729.177631649497,3.3459536933995944,5.463636384723031,8.654771744236614e-08,8.455711994119173e-05,True,True
arthritis_binary,Arthritis,LBXTR,Triglycerides (mg/dL),LBXSASSI,AST Liver Enzyme (U/L),Ratio,2367,751.0,0.1457697787393534,0.0007084602412586,2950.2990176880394,0.1057273471466144,0.014174151514409,2955.7619787856725,-0.0402247755471094,0.3903359404006271,2961.041321716891,20.006982310295644,5.46296109763307,0.002471372934623023,1.0,True,False
depression_binary,Depression,LBXTC,Total Cholesterol (mg/dL),LBXSASSI,AST Liver Enzyme (U/L),Ratio,789,410.0,0.1758421762810794,0.0153316472971837,1090.593682506278,0.0487047113171493,0.4955296532503421,1096.10252123755,-0.0515297425194382,0.4763051126524142,1096.0521729323896,31.06679298185441,5.458490426111439,0.045191536793008726,1.0,True,False
high_cholesterol_binary,High Cholesterol,diastolic_bp,Diastolic BP (mmHg),LBDHDD,HDL Cholesterol (mg/dL),Ratio,5150,1703.0,0.1291085394990405,1.1467286427239034e-05,6521.667038457295,0.0309917254762274,0.2971002075258788,6539.8966413619655,-0.1124853762585857,0.0002303222858952,6527.11162286315,20.0851602824008,5.4445844058545845,4.8491266019648225e-05,0.061923346707090786,True,False
stroke_binary,Stroke,LBDLDL,LDL Cholesterol (mg/dL),LBXSAPSI,Alkaline Phosphatase (U/L),Difference,2356,111.0,-0.5278662752164747,2.479008272839954e-09,865.1242792192288,-0.2877202667937238,0.0067763252875963,891.183214354784,0.3975254581709674,1.1866544517333593e-08,870.5638349120003,4.786811180641712,5.439555692771478,1.5024292562666388e-08,1.3386644673335752e-05,True,True
stroke_binary,Stroke,LBXSAPSI,Alkaline Phosphatase (U/L),LBDLDL,LDL Cholesterol (mg/dL),Difference,2356,111.0,0.5278662752164747,2.479008272839954e-09,865.1242792192288,0.3975254581709674,1.1866544517333593e-08,870.5638349120003,-0.2877202667937238,0.0067763252875963,891.183214354784,4.786811180641712,5.439555692771478,1.5024292562666388e-08,1.3386644673335752e-05,True,True
hypertension_binary,Hypertension,LBXSKSI,Potassium (mmol/L),LBDLDL,LDL Cholesterol (mg/dL),Ratio,2573,918.0,0.1135691824964559,0.0051063107975173,3349.011243027683,-0.0640420713425254,0.1213354275376674,3354.437931666453,-0.0622894393492126,0.1337554362865055,3354.5825237419976,23.76185711152937,5.426688638769974,0.015994244957420776,1.0,True,False
liver_condition_binary,Liver Condition,BMXWAIST,Waist Circumference (cm),LBDHDD,HDL Cholesterol (mg/dL),Difference,4664,252.0,0.2751461346716887,4.129990354057287e-05,1947.6859087501043,0.2163093015600963,0.0004902387273226,1953.0710948792168,-0.2342556492955548,0.0013572621665049,1953.8243907566773,11.87021482607097,5.385186129112299,0.00016386442257097244,0.2230194791190935,True,False
liver_condition_binary,Liver Condition,LBDHDD,HDL Cholesterol (mg/dL),BMXWAIST,Waist Circumference (cm),Difference,4664,252.0,-0.2751461346716887,4.129990354057287e-05,1947.6859087501043,-0.2342556492955548,0.0013572621665049,1953.8243907566773,0.2163093015600963,0.0004902387273226,1953.0710948792168,11.87021482607097,5.385186129112299,0.00016386442257097244,0.2230194791190935,True,False
heart_attack_binary,Heart Attack,LBXTC,Total Cholesterol (mg/dL),LBXIN,Insulin (uIU/mL),Difference,2377,126.0,-0.4615245905399762,4.352754114273186e-08,958.7090073317274,-0.5093107124401657,1.610810518201402e-06,964.087295477323,0.1708055425635405,0.0016562253020282,980.9720903281332,37.00669681568658,5.378288145595548,2.329521527955917e-07,0.00023504872217075206,True,True
heart_attack_binary,Heart Attack,LBXIN,Insulin (uIU/mL),LBXTC,Total Cholesterol (mg/dL),Difference,2377,126.0,0.4615245905399762,4.352754114273186e-08,958.7090073317274,0.1708055425635405,0.0016562253020282,980.9720903281332,-0.5093107124401657,1.610810518201402e-06,964.087295477323,37.00669681568658,5.378288145595548,2.329521527955917e-07,0.00023504872217075206,True,True
high_cholesterol_binary,High Cholesterol,LBXWBCSI,WBC Count (10^3/uL),BMXWAIST,Waist Circumference (cm),Difference,5227,1693.0,-0.4224849069751387,3.0531428087671324e-40,6403.537916816667,-0.0129050526915408,0.7150147565211553,6587.4701608118485,0.3978474660889323,2.2205699535607958e-39,6408.914972132041,7.273062849154665,5.377055315373582,9.698218333730892e-39,1.6486971167342514e-36,True,True
high_cholesterol_binary,High Cholesterol,BMXWAIST,Waist Circumference (cm),LBXWBCSI,WBC Count (10^3/uL),Difference,5227,1693.0,0.4224849069751387,3.0531428087671324e-40,6403.537916816667,0.3978474660889323,2.2205699535607958e-39,6408.914972132041,-0.0129050526915408,0.7150147565211553,6587.4701608118485,7.273062849154665,5.377055315373582,9.698218333730892e-39,1.6486971167342514e-36,True,True
heart_attack_binary,Heart Attack,LBXSCA,Calcium (mg/dL),LBDLDL,LDL Cholesterol (mg/dL),Ratio,2350,125.0,0.3807012860629749,3.464061339124256e-09,949.892180740763,0.2099265962672238,0.0204368004740399,975.3789042958648,-0.5129867611338824,1.4928672360569237e-06,955.2563321018712,430.95866092092143,5.364151361108043,2.076129992371918e-08,1.870593123127098e-05,True,True
thyroid_binary,Thyroid Problem,BMXBMI,Body Mass Index (kg/m2),LBXHSCRP,hs-CRP Inflammation (mg/L),Ratio,4820,584.0,-0.1413887745861586,0.0054590211531072,3554.9399306124747,0.0685340690891163,0.1085911689530528,3560.891093580004,0.0681316918367334,0.0625069542479144,3560.302479057307,11.45021286688663,5.362548444832555,0.017010221711932418,1.0,True,False
thyroid_binary,Thyroid Problem,BMXWAIST,Waist Circumference (cm),diastolic_bp,Diastolic BP (mmHg),Difference,4749,553.0,0.1696393398010411,0.0001169044723354,3406.6140721604097,0.0993220074444269,0.0255204535048743,3416.281630540924,-0.13488312752461,0.0020874217826281,3411.941652910693,17.855790637659087,5.327580750283232,0.0004455075163099224,0.63128415061116,True,False
thyroid_binary,Thyroid Problem,diastolic_bp,Diastolic BP (mmHg),BMXWAIST,Waist Circumference (cm),Difference,4749,553.0,-0.1696393398010411,0.0001169044723354,3406.6140721604097,-0.13488312752461,0.0020874217826281,3411.941652910693,0.0993220074444269,0.0255204535048743,3416.281630540924,17.855790637659087,5.327580750283232,0.0004455075163099224,0.63128415061116,True,False
hypertension_binary,Hypertension,LBXHSCRP,hs-CRP Inflammation (mg/L),LBXHGB,Hemoglobin (g/dL),Ratio,5401,1893.0,0.3024693965456729,3.232411379756689e-16,6912.489826043282,0.2890298104258881,8.683608740812606e-16,6917.802038885605,-0.1134672695416413,6.765843199037638e-05,6985.1019645354345,2.6864181939200567,5.312212842322879,3.562249275650229e-15,1.7455021450686121e-12,True,True
arthritis_binary,Arthritis,LBXSCR,Creatinine Kidney (mg/dL),LBXSBU,BUN Kidney (mg/dL),Difference,4900,1524.0,-0.4750907087081741,4.071234871745406e-45,5853.43137845067,0.1794309911658728,2.7784364564202e-06,6050.283464089996,0.4717808643119679,1.0551209089207993e-43,5858.730094092071,25.916483380592855,5.298715641401032,1.604720314410598e-43,2.1984668307425194e-41,True,True
arthritis_binary,Arthritis,LBXSBU,BUN Kidney (mg/dL),LBXSCR,Creatinine Kidney (mg/dL),Difference,4900,1524.0,0.4750907087081741,4.071234871745406e-45,5853.43137845067,0.4717808643119679,1.0551209089207993e-43,5858.730094092071,0.1794309911658728,2.7784364564202e-06,6050.283464089996,25.916483380592855,5.298715641401032,1.604720314410598e-43,2.1984668307425194e-41,True,True
diabetes_binary,Diabetes,diastolic_bp,Diastolic BP (mmHg),LBXWBCSI,WBC Count (10^3/uL),Ratio,6297,780.0,-0.134115019420607,0.0007713090931528,4709.615508408387,0.0989701581064144,0.0131228863964017,4714.913836240687,0.0441725315629129,0.1530974910031768,4718.784221687585,17.01378411443408,5.298327832299947,0.0026785010308843214,1.0,True,False
stroke_binary,Stroke,LBXGLU,Fasting Glucose (mg/dL),LBDLDL,LDL Cholesterol (mg/dL),Ratio,2365,111.0,0.2452262634027629,0.0001054816283459,886.8153264184051,0.1779354399220198,0.0134025379774163,894.7300118286558,-0.286885349533942,0.0068767459421673,892.0830468253316,65.19377876509364,5.267720406926514,0.00040512147444371266,0.56960079306786,True,False
thyroid_binary,Thyroid Problem,LBXGH,"Glycohemoglobin (HbA1c, %)",LBXHGB,Hemoglobin (g/dL),Difference,5002,612.0,0.2981392596499942,1.613545441391063e-13,3668.750994911108,0.1211794773740219,0.0013361391396406,3711.8388673843847,-0.2889069351251417,3.9563527639375456e-12,3674.0134309820223,24.51962406789555,5.262436070914191,1.4793116101038607e-12,8.71314538351174e-10,True,True
thyroid_binary,Thyroid Problem,LBXHGB,Hemoglobin (g/dL),LBXGH,"Glycohemoglobin (HbA1c, %)",Difference,5002,612.0,-0.2981392596499942,1.613545441391063e-13,3668.750994911108,-0.2889069351251417,3.9563527639375456e-12,3674.0134309820223,0.1211794773740219,0.0013361391396406,3711.8388673843847,24.51962406789555,5.262436070914191,1.4793116101038607e-12,8.71314538351174e-10,True,True
heart_attack_binary,Heart Attack,LBDHDD,HDL Cholesterol (mg/dL),LBXTR,Triglycerides (mg/dL),Ratio,2386,126.0,-0.5399116392794713,0.0001173645512699,971.2515914707056,-0.3911793995641138,0.0004566956543418,976.4984301715416,0.0693664440704957,0.2909481968767264,989.4744339560276,3.8912571930789785,5.246838700836065,0.00044694539975843444,0.63376857685746,True,False
thyroid_binary,Thyroid Problem,BMXWAIST,Waist Circumference (cm),LBXSATSI,ALT Liver Enzyme (U/L),Difference,4646,557.0,0.2521611456538038,2.749930194890312e-07,3383.72463775764,0.1068662303667565,0.0160096427140589,3405.657040790379,-0.270126147896115,2.131908765127125e-05,3388.966369874015,77.52592298846196,5.241732116375715,1.3800764918594503e-06,0.0014849623052407685,True,True
thyroid_binary,Thyroid Problem,LBXSATSI,ALT Liver Enzyme (U/L),BMXWAIST,Waist Circumference (cm),Difference,4646,557.0,-0.2521611456538038,2.749930194890312e-07,3383.72463775764,-0.270126147896115,2.131908765127125e-05,3388.966369874015,0.1068662303667565,0.0160096427140589,3405.657040790379,77.52592298846196,5.241732116375715,1.3800764918594503e-06,0.0014849623052407685,True,True
heart_attack_binary,Heart Attack,LBXHGB,Hemoglobin (g/dL),LBXSUA,Uric Acid (mg/dL),Ratio,4901,243.0,-0.4248598955158431,1.657106794452245e-07,1907.2162560442805,0.0034935717320631,0.9576929920325368,1937.753299882947,0.3138948619548859,2.597306326170235e-07,1912.4534677741797,1.5673741335595528,5.237211729898945,8.481873639850354e-07,0.0008948376690042123,True,True
high_cholesterol_binary,High Cholesterol,diastolic_bp,Diastolic BP (mmHg),LBXSASSI,AST Liver Enzyme (U/L),Ratio,5109,1693.0,-0.0746696429620626,0.0125838109592235,6487.691670537535,0.0303582133079496,0.3087236680395022,6492.912037503267,0.0253421468967555,0.3828984402709993,6493.199528832301,24.533400020064413,5.220366965731955,0.03760519047028606,1.0,True,False
diabetes_binary,Diabetes,LBXHGB,Hemoglobin (g/dL),LBXSUA,Uric Acid (mg/dL),Ratio,5894,799.0,-0.3039647289420784,6.400103603781408e-12,4630.440601534716,-0.1671725556827399,7.049718840440795e-06,4661.842915607433,0.2511210938330238,7.08543943676349e-12,4635.651701035018,1.1070819904504612,5.211099500302225,4.860838180087146e-11,3.4560559460419604e-08,True,True
stroke_binary,Stroke,LBXSUA,Uric Acid (mg/dL),LBXTC,Total Cholesterol (mg/dL),Ratio,4902,238.0,0.2565917808304417,7.693939052017805e-06,1890.004762348361,0.0963421533568051,0.1370977437137669,1906.0403067211505,-0.251319657509178,0.0004183203167,1895.1916578960536,54.37011053399983,5.186895547692757,3.375082931023245e-05,0.04154727088089615,True,True
diabetes_binary,Diabetes,LBXWBCSI,WBC Count (10^3/uL),LBDLDL,LDL Cholesterol (mg/dL),Difference,2806,403.0,0.4001310415240732,5.3333442747484735e-11,2266.3520834574256,0.2924807275912842,7.932222499552101e-09,2279.292490663377,-0.3754052628781449,5.421583435159036e-10,2271.5250396991323,10.165448086350516,5.172956241706743,3.701807080159609e-10,2.8800059083641757e-07,True,True
diabetes_binary,Diabetes,LBDLDL,LDL Cholesterol (mg/dL),LBXWBCSI,WBC Count (10^3/uL),Difference,2806,403.0,-0.4001310415240732,5.3333442747484735e-11,2266.3520834574256,-0.3754052628781449,5.421583435159036e-10,2271.5250396991323,0.2924807275912842,7.932222499552101e-09,2279.292490663377,10.165448086350516,5.172956241706743,3.701807080159609e-10,2.8800059083641757e-07,True,True
liver_condition_binary,Liver Condition,LBDHDD,HDL Cholesterol (mg/dL),LBXSAPSI,Alkaline Phosphatase (U/L),Difference,4896,270.0,-0.3378125219136841,1.3025651667317482e-09,2056.15851426909,-0.1640009663516681,0.0163677506340728,2087.520158245273,0.2917671164612405,1.1667273909206672e-08,2061.296824756053,8.957151785719018,5.138310486962837,8.047885469509656e-09,7.03385190035144e-06,True,True
liver_condition_binary,Liver Condition,LBXSAPSI,Alkaline Phosphatase (U/L),LBDHDD,HDL Cholesterol (mg/dL),Difference,4896,270.0,0.3378125219136841,1.3025651667317482e-09,2056.15851426909,0.2917671164612405,1.1667273909206672e-08,2061.296824756053,-0.1640009663516681,0.0163677506340728,2087.520158245273,8.957151785719018,5.138310486962837,8.047885469509656e-09,7.03385190035144e-06,True,True
arthritis_binary,Arthritis,LBXSAL,Albumin (g/dL),LBXTR,Triglycerides (mg/dL),Ratio,2377,754.0,-0.3077881510042297,1.4644897305460042e-09,2933.4915316553133,-0.2631410975952142,3.837413595117671e-09,2938.6086022775485,0.0676333416211605,0.1198945882810675,2971.554154662708,2.6203076164193875,5.117070622235133,8.986641528350478e-09,7.908244544948422e-06,True,True
arthritis_binary,Arthritis,LBXSATSI,ALT Liver Enzyme (U/L),LBXSASSI,AST Liver Enzyme (U/L),Difference,4888,1519.0,-0.1608169379819009,1.586936875097538e-06,6037.4182110994825,-0.1505158597658109,2.5043998888647826e-05,6042.528331376795,-0.0462005374980166,0.1613725545237172,6060.212490158059,15.78134535887481,5.11012027731249,7.368408534416771e-06,0.008569459125526705,True,True
arthritis_binary,Arthritis,LBXSASSI,AST Liver Enzyme (U/L),LBXSATSI,ALT Liver Enzyme (U/L),Difference,4888,1519.0,0.1608169379819009,1.586936875097538e-06,6037.4182110994825,-0.0462005374980166,0.1613725545237172,6060.212490158059,-0.1505158597658109,2.5043998888647826e-05,6042.528331376795,15.78134535887481,5.11012027731249,7.368408534416771e-06,0.008569459125526705,True,True
heart_attack_binary,Heart Attack,LBXWBCSI,WBC Count (10^3/uL),LBXHSCRP,hs-CRP Inflammation (mg/L),Ratio,4896,243.0,-0.1981153301961784,0.0297583290397111,1931.638986224368,0.0247646164814342,0.5105151319439138,1936.930525590128,0.0420116866011153,0.4549205430534244,1936.744096023096,15.28716691203842,5.105109798728336,0.08521376492178363,1.0,False,False
depression_binary,Depression,LBXWBCSI,WBC Count (10^3/uL),LBXSUA,Uric Acid (mg/dL),Difference,788,409.0,0.2666853622164098,0.0008948879281949,1083.2178715976029,0.1736194565819872,0.0272452997271278,1089.9807270077729,-0.1895595939751025,0.0087110880270968,1088.284028481008,9.734278173433037,5.066156883405256,0.003077958479141694,1.0,True,False
depression_binary,Depression,LBXSUA,Uric Acid (mg/dL),LBXWBCSI,WBC Count (10^3/uL),Difference,788,409.0,-0.2666853622164098,0.0008948879281949,1083.2178715976029,-0.1895595939751025,0.0087110880270968,1088.284028481008,0.1736194565819872,0.0272452997271278,1089.9807270077729,9.734278173433037,5.066156883405256,0.003077958479141694,1.0,True,False
stroke_binary,Stroke,LBXSATSI,ALT Liver Enzyme (U/L),BMXWAIST,Waist Circumference (cm),Ratio,4650,210.0,-0.4293920510244259,0.000265215395657,1697.502938589672,-0.3427747107943922,0.001713558902859,1702.5634280153222,0.2139759569083982,0.0015614121503182,1705.587320641767,5.887336013996443,5.060489425650303,0.0009749238506111641,1.0,True,False
stroke_binary,Stroke,BMXWAIST,Waist Circumference (cm),LBXSCR,Creatinine Kidney (mg/dL),Ratio,4651,210.0,-0.515899790657301,9.955609932277403e-10,1673.7829026540085,0.2138898846982389,0.0015687934732589,1705.687987077406,0.2485125146757107,5.26630008921291e-08,1678.8433296038488,52.897814649596384,5.060426949840348,6.21506284789572e-09,5.376029363429798e-06,True,True
stroke_binary,Stroke,diastolic_bp,Diastolic BP (mmHg),LBXTR,Triglycerides (mg/dL),Ratio,2272,105.0,-0.2862406363638414,0.0182219904406709,848.4284845991173,-0.1076386097079471,0.2631256253460056,853.4887591622144,0.0389339223531143,0.636145336252212,854.5099800535027,14.440004575939035,5.060274563097096,0.05327490437445742,1.0,False,False
arthritis_binary,Arthritis,LBXSATSI,ALT Liver Enzyme (U/L),LBDHDD,HDL Cholesterol (mg/dL),Ratio,4897,1523.0,-0.1768061476548642,6.03205277484675e-06,6051.736586912986,-0.1451779605364241,4.249416231767893e-05,6056.793580904603,0.0387868774253758,0.2051179930580763,6073.740826916243,7.0447265473002325,5.056993991616764,2.6633757141596446e-05,0.032573084984172454,True,True
thyroid_binary,Thyroid Problem,diastolic_bp,Diastolic BP (mmHg),LBXHSCRP,hs-CRP Inflammation (mg/L),Ratio,4665,568.0,-0.1834761018990423,0.0007563843857621,3447.0650481689804,-0.1231076141903777,0.0046698117000618,3452.0958811729924,0.0855595468779943,0.0172936459444977,3454.9209447850244,6.173860523781411,5.030833004012038,0.0026300551726434903,1.0,True,False
diabetes_binary,Diabetes,LBXIN,Insulin (uIU/mL),LBDHDD,HDL Cholesterol (mg/dL),Ratio,2820,410.0,0.5084830936864291,2.1873280910246408e-17,2243.9471660394183,0.5145348419760499,4.482587020094172e-16,2248.9447928627924,-0.4727871809307107,9.558386730074994e-13,2283.967770014742,20.49343689448221,4.997626823374048,2.660263894489428e-16,1.181157169153306e-13,True,True
depression_binary,Depression,LBXTC,Total Cholesterol (mg/dL),LBXSATSI,ALT Liver Enzyme (U/L),Ratio,790,410.0,0.1784725765699233,0.0145468015628707,1091.9231254991669,0.0503108395774636,0.48116632573007,1097.5357787136604,-0.0756613309362137,0.2931007018448768,1096.914839620432,20.148807322221717,4.991714121265204,0.043042590925754395,1.0,True,False
arthritis_binary,Arthritis,LBDHDD,HDL Cholesterol (mg/dL),LBXTR,Triglycerides (mg/dL),Ratio,2385,756.0,-0.1429198940269066,0.0029566177978427,2973.802548582927,0.0914823619663355,0.0345962156054698,2978.785907921146,0.0654461537904593,0.1306863177583242,2980.8722381258085,11.701280980826152,4.983359338219543,0.009600562903397824,1.0,True,False
liver_condition_binary,Liver Condition,LBXSBU,BUN Kidney (mg/dL),LBXWBCSI,WBC Count (10^3/uL),Ratio,4896,269.0,0.2024406232308162,5.358437694902101e-05,2073.775187987484,0.1665827938210621,0.0012493792819738,2078.7564531243365,-0.0322249041452702,0.7908790573909793,2087.820488932337,23.316111021735352,4.981265136852926,0.0002104404621997916,0.28935563552471344,True,False
diabetes_binary,Diabetes,BMXBMI,Body Mass Index (kg/m2),LBXSNASI,Sodium (mmol/L),Ratio,5808,781.0,0.45169992100719,3.659957060965953e-38,4425.806241247805,0.4451997125429543,3.875102439928404e-37,4430.757460860522,-0.1225150901990909,0.0013482321728875,4579.710007064939,10.5878358007448,4.951219612717068,1.0457020174188437e-36,1.9763768129216145e-34,True,True
heart_attack_binary,Heart Attack,LBXSAL,Albumin (g/dL),LBXSUA,Uric Acid (mg/dL),Difference,4904,243.0,-0.3397373634282357,1.4808307614422044e-08,1907.7535557140884,-0.1674296002549122,0.0083714781080579,1931.2753850949969,0.3143255746941225,2.4905934662096466e-07,1912.6830546138576,16.818893360805244,4.929498899769214,8.226837563567803e-08,7.996486111787904e-05,True,True
heart_attack_binary,Heart Attack,LBXSUA,Uric Acid (mg/dL),LBXSAL,Albumin (g/dL),Difference,4904,243.0,0.3397373634282357,1.4808307614422044e-08,1907.7535557140884,0.3143255746941225,2.4905934662096466e-07,1912.6830546138576,-0.1674296002549122,0.0083714781080579,1931.2753850949969,16.818893360805244,4.929498899769214,8.226837563567803e-08,7.996486111787904e-05,True,True
stroke_binary,Stroke,LBDLDL,LDL Cholesterol (mg/dL),LBXGLU,Fasting Glucose (mg/dL),Ratio,2365,111.0,-0.3655833462185697,0.0005419684138481,887.1546475222364,-0.286885349533942,0.0068767459421673,892.0830468253316,0.1779354399220198,0.0134025379774163,894.7300118286558,12.688462586481764,4.9283993030952615,0.0019165877110541845,1.0,True,False
arthritis_binary,Arthritis,LBXSCR,Creatinine Kidney (mg/dL),LBDLDL,LDL Cholesterol (mg/dL),Ratio,2352,745.0,0.2280246203516424,3.309197505122286e-05,2920.5230508584173,0.2048184391771567,0.0008704177808851,2925.4436766627105,-0.0643330021291923,0.1512530209069372,2939.085907460182,26.30298673735269,4.920625804293195,0.00013187945776871101,0.17869666527660344,True,False
thyroid_binary,Thyroid Problem,diastolic_bp,Diastolic BP (mmHg),LBXHSCRP,hs-CRP Inflammation (mg/L),Difference,4665,568.0,-0.1499619219458122,0.0002406467320809,3447.1827172930816,-0.1231076141903777,0.0046698117000618,3452.0958811729924,0.0855595468779943,0.0172936459444977,3454.9209447850244,19.405257074057904,4.913163879910826,0.0008882381088426932,1.0,True,False
thyroid_binary,Thyroid Problem,LBXHSCRP,hs-CRP Inflammation (mg/L),diastolic_bp,Diastolic BP (mmHg),Difference,4665,568.0,0.1499619219458122,0.0002406467320809,3447.1827172930816,0.0855595468779943,0.0172936459444977,3454.9209447850244,-0.1231076141903777,0.0046698117000618,3452.0958811729924,19.405257074057904,4.913163879910826,0.0008882381088426932,1.0,True,False
diabetes_binary,Diabetes,LBXSBU,BUN Kidney (mg/dL),LBXSNASI,Sodium (mmol/L),Ratio,5897,800.0,0.6021555948694342,1.0531659979106474e-61,4375.080795547277,0.5968912154788165,7.350462093049586e-61,4379.985031150027,-0.1182741035504151,0.0017412777478725,4676.57262094138,6.979395563123007,4.904235602749395,7.108870485896869e-60,5.6870963887174954e-58,True,True
diabetes_binary,Diabetes,LBDHDD,HDL Cholesterol (mg/dL),LBXTR,Triglycerides (mg/dL),Difference,2832,411.0,-0.4175491288503889,4.802416797898107e-13,2286.4708543495617,-0.4716777638481007,9.902256833792589e-13,2291.3646516551908,0.3877553679746198,2.4208702042508608e-11,2295.0066830867527,2.0619319918518,4.89379730562905,4.169300757017649e-12,2.5933050708649776e-09,True,True
diabetes_binary,Diabetes,LBXTR,Triglycerides (mg/dL),LBDHDD,HDL Cholesterol (mg/dL),Difference,2832,411.0,0.4175491288503889,4.802416797898107e-13,2286.4708543495617,0.3877553679746198,2.4208702042508608e-11,2295.0066830867527,-0.4716777638481007,9.902256833792589e-13,2291.3646516551908,2.0619319918518,4.89379730562905,4.169300757017649e-12,2.5933050708649776e-09,True,True
liver_condition_binary,Liver Condition,LBXSCA,Calcium (mg/dL),LBXSUA,Uric Acid (mg/dL),Ratio,4899,270.0,-0.2952958138520561,7.746305118783284e-05,2076.667087877437,-0.0355568843111677,0.5702172937890806,2093.63271181069,0.212682519739387,0.0003411692942585,2081.5543199040458,4.404284223601263,4.887232026608672,0.0003001363453473795,0.4183004764142973,True,False
heart_attack_binary,Heart Attack,LBDLDL,LDL Cholesterol (mg/dL),LBXIN,Insulin (uIU/mL),Difference,2352,125.0,-0.4412127662004123,5.864947312401439e-08,950.3833764787177,-0.5149814373008574,1.35309785027643e-06,955.2705287834608,0.1763079849951148,0.0013193757640873,971.8108463913526,23.070929340069316,4.887152304743268,3.1019309977441503e-07,0.00031670715486967774,True,True
heart_attack_binary,Heart Attack,LBXIN,Insulin (uIU/mL),LBDLDL,LDL Cholesterol (mg/dL),Difference,2352,125.0,0.4412127662004123,5.864947312401439e-08,950.3833764787177,0.1763079849951148,0.0013193757640873,971.8108463913526,-0.5149814373008574,1.35309785027643e-06,955.2705287834608,23.070929340069316,4.887152304743268,3.1019309977441503e-07,0.00031670715486967774,True,True
liver_condition_binary,Liver Condition,LBDLDL,LDL Cholesterol (mg/dL),LBXTR,Triglycerides (mg/dL),Ratio,2360,131.0,-0.3284127318742773,0.002372249465805,1005.6545363993018,0.0857657487143824,0.3253608551877964,1015.1420328111884,0.1942441693572462,0.0140121809325729,1010.5261168016024,5.906706328551181,4.871580402300651,0.007759023086218655,1.0,True,False
stroke_binary,Stroke,diastolic_bp,Diastolic BP (mmHg),systolic_bp,Systolic BP (mmHg),Difference,4987,239.0,-0.4761624229494126,1.153179466864286e-20,1845.1561718282248,-0.0320520006954538,0.6259111548267041,1922.346590968067,0.4911607351069281,3.3528951352174285e-19,1850.0242946029884,29.07522403546247,4.868122774763833,1.7249775958634746e-19,6.227169121067144e-17,True,True
stroke_binary,Stroke,systolic_bp,Systolic BP (mmHg),diastolic_bp,Diastolic BP (mmHg),Difference,4987,239.0,0.4761624229494126,1.153179466864286e-20,1845.1561718282248,0.4911607351069281,3.3528951352174285e-19,1850.0242946029884,-0.0320520006954538,0.6259111548267041,1922.346590968067,29.07522403546247,4.868122774763833,1.7249775958634746e-19,6.227169121067144e-17,True,True
stroke_binary,Stroke,LBXGH,"Glycohemoglobin (HbA1c, %)",LBXSATSI,ALT Liver Enzyme (U/L),Ratio,4903,239.0,0.26363168077768,1.6196833074823489e-06,1893.8607087473429,0.2078476670445118,2.6564664592722565e-05,1899.522711208377,-0.3588260132136505,0.000563341305284,1898.7200727732984,16.401147353932377,4.859364025955301,7.513994725433577e-06,0.008746289860404684,True,True
thyroid_binary,Thyroid Problem,LBXTC,Total Cholesterol (mg/dL),LBXTR,Triglycerides (mg/dL),Ratio,2386,309.0,-0.1736536836796784,0.0100269409931268,1836.2524228537536,0.0907726770165085,0.1274639691185608,1841.057997403876,0.0585490863311432,0.248050485817847,1842.1417957731128,12.712149119650094,4.805574550122401,0.03018142773850876,1.0,True,False
stroke_binary,Stroke,LBXPLTSI,Platelet Count (10^3/uL),LBXGLU,Fasting Glucose (mg/dL),Ratio,2432,115.0,-0.3221646570977217,0.0018807172510574,920.170412002882,-0.1722637705941817,0.0915029408207037,927.3567191146494,0.1798536932816169,0.0111730758442834,924.9746675658524,5.940858913268911,4.804255562970184,0.006228296229169853,1.0,True,False
thyroid_binary,Thyroid Problem,BMXWAIST,Waist Circumference (cm),LBXSUA,Uric Acid (mg/dL),Ratio,4646,557.0,0.1387016240670802,0.0009225284362083,3400.901756184835,0.1065472852847972,0.0163353654659464,3405.6918102053914,-0.0889285740736636,0.0536149117299267,3407.618597417677,17.707167415982696,4.790054020556454,0.0031609476875157486,1.0,True,False
diabetes_binary,Diabetes,LBXSUA,Uric Acid (mg/dL),LBXSCA,Calcium (mg/dL),Ratio,5897,800.0,0.2609373501164269,7.649840804243637e-13,4636.078051100008,0.2492847005642934,9.846905901283612e-12,4640.86384347077,-0.0591620171554467,0.1198382128890579,4683.919721315176,12.872040285885673,4.785792370761556,6.4444836728417534e-12,4.130914034291564e-09,True,True
thyroid_binary,Thyroid Problem,LBXHSCRP,hs-CRP Inflammation (mg/L),LBXSASSI,AST Liver Enzyme (U/L),Difference,4875,595.0,0.1453385464125302,0.001864462942561,3611.215211673511,0.0851978836200403,0.0157140170443807,3615.9866950930727,-0.1179635676008288,0.0363629540745404,3616.015958305081,8.42817343572188,4.771483419561719,0.006184336541664251,1.0,True,False
thyroid_binary,Thyroid Problem,LBXSASSI,AST Liver Enzyme (U/L),LBXHSCRP,hs-CRP Inflammation (mg/L),Difference,4875,595.0,-0.1453385464125302,0.001864462942561,3611.215211673511,-0.1179635676008288,0.0363629540745404,3616.015958305081,0.0851978836200403,0.0157140170443807,3615.9866950930727,8.42817343572188,4.771483419561719,0.006184336541664251,1.0,True,False
arthritis_binary,Arthritis,LBXSNASI,Sodium (mmol/L),LBXSAPSI,Alkaline Phosphatase (U/L),Ratio,4901,1524.0,-0.2348920668589078,3.890123307775379e-12,6028.511007218225,-0.012347041303036,0.6889433191995367,6079.748685380275,0.211197897677544,2.2342009536828204e-11,6033.242885871554,5.7432651279130775,4.731878653328749,2.996671306988166e-11,2.1006665861987046e-08,True,True
liver_condition_binary,Liver Condition,LBXSATSI,ALT Liver Enzyme (U/L),LBXSAL,Albumin (g/dL),Ratio,4900,270.0,0.3221262610626135,1.107585297389951e-15,2040.9955384475047,0.3098196393632395,2.0300056876638722e-14,2045.725968185193,-0.1417654776716184,0.0198237957476783,2088.7445133130523,18.328210860577745,4.730429737688155,1.1704423886312593e-14,5.980960605905735e-12,True,True
arthritis_binary,Arthritis,LBXSAL,Albumin (g/dL),BMXBMI,Body Mass Index (kg/m2),Difference,4829,1493.0,-0.2964136649315569,8.593829258147156e-22,5883.312159906417,-0.2577782415277705,2.1634107365290112e-16,5908.355064495992,0.2887863359037019,8.297333879668507e-21,5888.012350461667,9.654990377895205,4.700190555249719,1.38115113077365e-20,4.640667799399465e-18,True,True
arthritis_binary,Arthritis,BMXBMI,Body Mass Index (kg/m2),LBXSAL,Albumin (g/dL),Difference,4829,1493.0,0.2964136649315569,8.593829258147156e-22,5883.312159906417,0.2887863359037019,8.297333879668507e-21,5888.012350461667,-0.2577782415277705,2.1634107365290112e-16,5908.355064495992,9.654990377895205,4.700190555249719,1.38115113077365e-20,4.640667799399465e-18,True,True
diabetes_binary,Diabetes,LBXHGB,Hemoglobin (g/dL),LBDLDL,LDL Cholesterol (mg/dL),Ratio,2806,403.0,0.3268417137052566,7.131969055004052e-12,2266.8248780070235,-0.1220781748960415,0.0206837448605413,2307.95125108106,-0.3754052628781449,5.421583435159036e-10,2271.5250396991323,76.01804485333616,4.70016169210885,5.378859343159481e-11,3.8512632897021884e-08,True,True
arthritis_binary,Arthritis,LBXSKSI,Potassium (mmol/L),LBDLDL,LDL Cholesterol (mg/dL),Ratio,2353,746.0,0.1120701973460358,0.0092377591969924,2936.750549027098,0.0165985609460717,0.7077510781578574,2943.319934204566,-0.063422251591472,0.1568523033803108,2941.4402680568705,16.97947522071999,4.689719029772732,0.02793051492931633,1.0,True,False
liver_condition_binary,Liver Condition,LBXSAL,Albumin (g/dL),BMXBMI,Body Mass Index (kg/m2),Ratio,4826,263.0,-0.1928772354855583,0.0032720488813957,2037.0074970537028,-0.1277558774430428,0.0386146458823739,2041.657326082623,0.1035554427284913,0.0826540948827683,2042.9675182540368,11.801365835922963,4.649829028920294,0.01056623141575645,1.0,True,False
thyroid_binary,Thyroid Problem,LBXSCR,Creatinine Kidney (mg/dL),LBXGLU,Fasting Glucose (mg/dL),Ratio,2379,306.0,-0.2881319982901846,0.0107807436053133,1822.2317624648856,-0.1008589400596064,0.2687576967318467,1828.4035826926936,0.09861331654857,0.0679279883889828,1826.874047391385,6.300862990146992,4.642284926499087,0.03231474870939892,1.0,True,False
heart_attack_binary,Heart Attack,LBXSCR,Creatinine Kidney (mg/dL),LBXSAL,Albumin (g/dL),Difference,4906,243.0,0.2098389479152068,2.2915027847176986e-07,1914.4142475621047,0.1709695196702488,3.200615679684623e-06,1919.048990558962,-0.1675214287216468,0.0083320539951692,1931.4706170078784,13.967321798733588,4.634742996856858,1.155379555319848e-06,0.0012374115037475572,True,True
heart_attack_binary,Heart Attack,LBXSAL,Albumin (g/dL),LBXSCR,Creatinine Kidney (mg/dL),Difference,4906,243.0,-0.2098389479152068,2.2915027847176986e-07,1914.4142475621047,-0.1675214287216468,0.0083320539951692,1931.4706170078784,0.1709695196702488,3.200615679684623e-06,1919.048990558962,13.967321798733588,4.634742996856858,1.155379555319848e-06,0.0012374115037475572,True,True
thyroid_binary,Thyroid Problem,LBXHGB,Hemoglobin (g/dL),LBXSKSI,Potassium (mmol/L),Difference,4898,600.0,-0.295179499950587,1.5850655221728217e-12,3598.006007986033,-0.2822349167393195,1.912773032649385e-11,3602.633323454376,0.0866259137754872,0.0441717401699126,3642.86643006694,12.067469804196731,4.627315468342658,1.2643063249236687e-11,8.559353819733237e-09,True,True
thyroid_binary,Thyroid Problem,LBXSKSI,Potassium (mmol/L),LBXHGB,Hemoglobin (g/dL),Difference,4898,600.0,0.295179499950587,1.5850655221728217e-12,3598.006007986033,0.0866259137754872,0.0441717401699126,3642.86643006694,-0.2822349167393195,1.912773032649385e-11,3602.633323454376,12.067469804196731,4.627315468342658,1.2643063249236687e-11,8.559353819733237e-09,True,True
thyroid_binary,Thyroid Problem,LBXSBU,BUN Kidney (mg/dL),LBXSUA,Uric Acid (mg/dL),Ratio,4900,598.0,0.2219530716796569,4.420643571006667e-09,3607.137293189669,0.2051268426683251,3.980284131578805e-08,3611.748884522302,-0.0795440105038028,0.0735452123123364,3636.278955287914,9.003856718247965,4.611591332632543,2.6060562536502185e-08,2.3871475283436003e-05,True,True
thyroid_binary,Thyroid Problem,LBXSASSI,AST Liver Enzyme (U/L),BMXWAIST,Waist Circumference (cm),Ratio,4634,556.0,-0.1939539206476502,0.0035026249174474,3393.647363784664,-0.132077735052638,0.0263308960205046,3398.461284481539,0.1101632143397745,0.0130700685938909,3398.2525786049564,3.731506770475388,4.605214820292531,0.011218371621717651,1.0,True,False
stroke_binary,Stroke,LBXHSCRP,hs-CRP Inflammation (mg/L),LBXPLTSI,Platelet Count (10^3/uL),Ratio,4898,237.0,0.1812286965637808,4.660149829802372e-06,1885.6806178058785,0.1555314518657258,0.0001301161233596,1890.285021128993,-0.2133158721343229,0.0029060263191386,1892.5814857480077,27.92101715862175,4.604403323115093,2.0745926694915756e-05,0.02516480908093281,True,True
depression_binary,Depression,LBXSATSI,ALT Liver Enzyme (U/L),LBXHSCRP,hs-CRP Inflammation (mg/L),Ratio,786,406.0,-0.1791504104819813,0.0231653005746349,1087.087553764134,-0.0745413250222409,0.3015715906800877,1091.68748597991,0.0366869283291657,0.6112462776312833,1092.5063623937992,13.018246394363477,4.59993221577588,0.0669660723249617,1.0,False,False
liver_condition_binary,Liver Condition,LBXSNASI,Sodium (mmol/L),LBXSUA,Uric Acid (mg/dL),Ratio,4899,270.0,-0.2954783728196577,9.024636183761674e-05,2076.962110821957,-0.0188015317991878,0.763452504776321,2093.864601287865,0.212682519739387,0.0003411692942585,2081.5543199040458,3.780421584999364,4.59220908208863,0.0003485910972268458,0.4873303539231304,True,False
diabetes_binary,Diabetes,LBXHGB,Hemoglobin (g/dL),LBXSBU,BUN Kidney (mg/dL),Difference,5894,799.0,-0.5972002985026753,5.0037014857137444e-61,4372.058683146821,-0.1671725556827399,7.049718840440795e-06,4661.842915607433,0.5957737856820117,1.1606848352414374e-60,4376.613087025882,2.319652438410549,4.554403879061283,3.2166652408159785e-59,2.701998802285422e-57,True,True
diabetes_binary,Diabetes,LBXSBU,BUN Kidney (mg/dL),LBXHGB,Hemoglobin (g/dL),Difference,5894,799.0,0.5972002985026753,5.0037014857137444e-61,4372.058683146821,0.5957737856820117,1.1606848352414374e-60,4376.613087025882,-0.1671725556827399,7.049718840440795e-06,4661.842915607433,2.319652438410549,4.554403879061283,3.2166652408159785e-59,2.701998802285422e-57,True,True
thyroid_binary,Thyroid Problem,LBXSKSI,Potassium (mmol/L),LBXGLU,Fasting Glucose (mg/dL),Ratio,2378,307.0,-0.1638660127826515,0.0055018868240849,1825.964036769553,-0.0005552524436985,0.992757979934783,1833.5019280964264,0.0974622928826271,0.071192187476297,1830.489226925904,12.939595043040068,4.525190156351073,0.017133903604416644,1.0,True,False
arthritis_binary,Arthritis,LBXHGB,Hemoglobin (g/dL),LBXSAPSI,Alkaline Phosphatase (U/L),Difference,4898,1523.0,-0.2203342393270581,3.2895605244064037e-12,6025.430609320607,-0.1851817269814433,1.953862705557624e-09,6039.883251617148,0.2101300737679521,2.814520003590273e-11,6029.897698923744,8.555914939726332,4.467089603136628,2.5485834765845884e-11,1.776362683179458e-08,True,True
arthritis_binary,Arthritis,LBXSAPSI,Alkaline Phosphatase (U/L),LBXHGB,Hemoglobin (g/dL),Difference,4898,1523.0,0.2203342393270581,3.2895605244064037e-12,6025.430609320607,0.2101300737679521,2.814520003590273e-11,6029.897698923744,-0.1851817269814433,1.953862705557624e-09,6039.883251617148,8.555914939726332,4.467089603136628,2.5485834765845884e-11,1.776362683179458e-08,True,True
stroke_binary,Stroke,LBXSCR,Creatinine Kidney (mg/dL),LBXHGB,Hemoglobin (g/dL),Ratio,4905,239.0,0.244206622882235,1.9444089156779284e-09,1872.5359351660225,0.2395570112936893,1.1775983331278206e-08,1876.9956038848557,-0.2957148720326264,1.8859234062108087e-06,1892.7443180331584,6.056330659835738,4.4596687188332,1.186418999396702e-08,1.0499808144660814e-05,True,True
thyroid_binary,Thyroid Problem,LBXTC,Total Cholesterol (mg/dL),LBXHSCRP,hs-CRP Inflammation (mg/L),Ratio,4892,598.0,-0.1523253626005924,0.0033146905048988,3627.794799568447,0.0485635173146041,0.2603265609604012,3636.179588383362,0.0852283384504552,0.0154275687622934,3632.2201405663927,4.654301431609644,4.425340997945568,0.010660707996696557,1.0,True,False
thyroid_binary,Thyroid Problem,LBXPLTSI,Platelet Count (10^3/uL),LBXWBCSI,WBC Count (10^3/uL),Ratio,5015,614.0,-0.0953950008762339,0.0347095621719564,3727.990661491902,-0.0130976836207573,0.7621625210258818,3732.501664564211,0.0151330313102789,0.6462325003812202,3732.4126270972392,18.6182844133754,4.421965605337391,0.09864822933082346,1.0,False,False
arthritis_binary,Arthritis,LBDLDL,LDL Cholesterol (mg/dL),LBXTR,Triglycerides (mg/dL),Difference,2361,748.0,-0.1670866468533318,0.0001163204116133,2937.887060162954,-0.0673769557427585,0.1322710343399584,2950.345814578437,0.1395162263522543,0.0012087456299649,2942.286986040965,10.391517818750522,4.39992587801089,0.000443908284601993,0.62813022271182,True,False
arthritis_binary,Arthritis,LBXTR,Triglycerides (mg/dL),LBDLDL,LDL Cholesterol (mg/dL),Difference,2361,748.0,0.1670866468533318,0.0001163204116133,2937.887060162954,0.1395162263522543,0.0012087456299649,2942.286986040965,-0.0673769557427585,0.1322710343399584,2950.345814578437,10.391517818750522,4.39992587801089,0.000443908284601993,0.62813022271182,True,False
hypertension_binary,Hypertension,LBXWBCSI,WBC Count (10^3/uL),LBXHGB,Hemoglobin (g/dL),Ratio,5540,1942.0,0.410085997673872,2.871948037415274e-05,7160.206525721731,0.2659260679894491,0.0001960510734075,7164.604385993293,-0.1088781579468678,0.0001074627888576,7166.403936728822,3.741808258979354,4.397860271562422,0.00011530497696685857,0.15508519402042478,True,False
heart_attack_binary,Heart Attack,LBXPLTSI,Platelet Count (10^3/uL),LBXTR,Triglycerides (mg/dL),Ratio,2386,126.0,-0.6210441713860766,7.997307935749765e-06,964.8995984687732,-0.4695326442526711,1.1931418601216546e-05,969.2745658542976,0.0693664440704957,0.2909481968767264,989.4744339560276,1.491929371367635,4.3749673855243145,3.4911449355738666e-05,0.04318546285304873,True,True
liver_condition_binary,Liver Condition,LBXSUA,Uric Acid (mg/dL),LBXSAL,Albumin (g/dL),Ratio,4899,270.0,0.2399923064279762,2.3607491582336363e-05,2077.183926596398,0.212682519739387,0.0003411692942585,2081.5543199040458,-0.1414030829999255,0.0201582795773838,2088.659315468346,14.451738469065448,4.370393307647646,9.570604695541768e-05,0.12748045454461637,True,False
arthritis_binary,Arthritis,LBXSNASI,Sodium (mmol/L),LBDLDL,LDL Cholesterol (mg/dL),Ratio,2353,746.0,0.1093310022084289,0.011132656817766,2937.0800704303165,-0.0166047726334364,0.707817955933033,2943.3199445232744,-0.063422251591472,0.1568523033803108,2941.4402680568705,14.089386383491004,4.360197626554054,0.03330545529968776,1.0,True,False
arthritis_binary,Arthritis,LBXSATSI,ALT Liver Enzyme (U/L),LBXSCR,Creatinine Kidney (mg/dL),Ratio,4901,1524.0,-0.2107039377019216,1.1357468654540272e-07,6046.495881497407,-0.1461183056000906,3.8271597953864645e-05,6061.132245132731,0.1801967626377749,2.608791080594855e-06,6050.836115521357,22.969828576651736,4.340234023949961,5.908509704674131e-07,0.0006133033073451747,True,True
arthritis_binary,Arthritis,LBXTR,Triglycerides (mg/dL),LBXTC,Total Cholesterol (mg/dL),Ratio,2385,756.0,0.1107820060280819,0.010679842039281,2976.5390145493798,0.0654461537904593,0.1306863177583242,2980.8722381258085,0.0255592279915527,0.5602126805792793,2982.87428902275,12.236727591817608,4.333223576429191,0.032039526117843005,1.0,True,False
diabetes_binary,Diabetes,LBXSCA,Calcium (mg/dL),LBXSUA,Uric Acid (mg/dL),Difference,5897,800.0,-0.2605010141327658,1.0226426413567006e-12,4636.533024492527,-0.0591620171554467,0.1198382128890579,4683.919721315176,0.2492847005642934,9.846905901283612e-12,4640.86384347077,9.628882566660922,4.33081897824286,8.367076156554823e-12,5.522270263326183e-09,True,True
diabetes_binary,Diabetes,LBXSUA,Uric Acid (mg/dL),LBXSCA,Calcium (mg/dL),Difference,5897,800.0,0.2605010141327658,1.0226426413567006e-12,4636.533024492527,0.2492847005642934,9.846905901283612e-12,4640.86384347077,-0.0591620171554467,0.1198382128890579,4683.919721315176,9.628882566660922,4.33081897824286,8.367076156554823e-12,5.522270263326183e-09,True,True
stroke_binary,Stroke,LBDLDL,LDL Cholesterol (mg/dL),LBXHSCRP,hs-CRP Inflammation (mg/L),Ratio,2351,109.0,-0.490132273403174,0.0027533624293645,874.4650600053778,-0.2872773900189652,0.0073328969368754,878.7957748002923,0.1552215021807378,0.0099696408710149,881.3218247121816,2.6632516150690426,4.330714794914456,0.008956721155764036,1.0,True,False
heart_attack_binary,Heart Attack,LBDLDL,LDL Cholesterol (mg/dL),LBXSAPSI,Alkaline Phosphatase (U/L),Ratio,2352,125.0,-0.6008143348748911,5.147427173307679e-07,951.1226694430234,-0.5133849588708161,1.4626566093282655e-06,955.432798050209,0.2822224981398263,5.393165799986306e-05,966.9505119635504,2.8415294866393976,4.310128607185675,2.54077758097454e-06,0.002779610673586147,True,True
thyroid_binary,Thyroid Problem,BMXBMI,Body Mass Index (kg/m2),LBXSATSI,ALT Liver Enzyme (U/L),Difference,4825,585.0,0.2722553924817494,1.3945902169707017e-06,3541.7509281295333,0.0686136418075532,0.1079287031550274,3566.135652032246,-0.2638333847759062,1.909863742557103e-05,3546.048000556721,13.694802382205632,4.297072427188141,6.520162053369515e-06,0.007530787171641789,True,True
thyroid_binary,Thyroid Problem,LBXSATSI,ALT Liver Enzyme (U/L),BMXBMI,Body Mass Index (kg/m2),Difference,4825,585.0,-0.2722553924817494,1.3945902169707017e-06,3541.7509281295333,-0.2638333847759062,1.909863742557103e-05,3546.048000556721,0.0686136418075532,0.1079287031550274,3566.135652032246,13.694802382205632,4.297072427188141,6.520162053369515e-06,0.007530787171641789,True,True
diabetes_binary,Diabetes,BMXWAIST,Waist Circumference (cm),LBXSAL,Albumin (g/dL),Ratio,5613,737.0,0.6937187914425302,2.1104100808281814e-71,4032.142096101749,0.7148943042726063,1.1347205322109442e-69,4036.425505959336,-0.398501190313352,7.428244309813891e-25,4263.042961863368,53.76777444910847,4.283409857586776,2.191579699321573e-69,1.139621443647218e-67,True,True
stroke_binary,Stroke,LBXSCR,Creatinine Kidney (mg/dL),LBXTC,Total Cholesterol (mg/dL),Ratio,4904,238.0,0.2813326463082936,1.4380391011738543e-09,1866.387216247152,0.2407798664590779,1.0880527254158244e-08,1870.6608335288363,-0.2514155896302958,0.0004161721976235,1895.380624858068,7.5662248997795665,4.273617281684892,8.834369904822314e-09,7.765411146338813e-06,True,True
arthritis_binary,Arthritis,LBXPLTSI,Platelet Count (10^3/uL),LBXSKSI,Potassium (mmol/L),Ratio,4897,1524.0,-0.1420606826727993,7.911952412659087e-06,6056.517838425526,-0.1202337071339485,0.0001484110445986,6062.251680542424,0.1236569091573988,5.916864098083808e-05,6060.787757819591,7.478386862662184,4.269919394065255,3.4594771682881835e-05,0.04272454302835907,True,True
thyroid_binary,Thyroid Problem,LBXSNASI,Sodium (mmol/L),LBXGLU,Fasting Glucose (mg/dL),Ratio,2380,307.0,-0.158878731297472,0.0062693611452016,1826.8234865418392,0.095345481769836,0.1207291577546186,1831.6385498662755,0.0967354141036491,0.0735911584953896,1831.0905080163047,11.7382228892196,4.267021474465537,0.01931235036171628,1.0,True,False
thyroid_binary,Thyroid Problem,LBXSCA,Calcium (mg/dL),LBXGLU,Fasting Glucose (mg/dL),Ratio,2377,305.0,-0.1612501290319944,0.005705973430176,1818.174672489936,0.0756056470377703,0.2163415772194316,1824.0511250088357,0.0998795131416231,0.0644480130969461,1822.417520853797,11.294832316623202,4.242848363861185,0.017718376378924903,1.0,True,False
high_cholesterol_binary,High Cholesterol,LBXTC,Total Cholesterol (mg/dL),LBXSAL,Albumin (g/dL),Ratio,5385,1762.0,0.3749286771874603,1.2373015559780777e-35,6648.810945949458,0.3686992920908408,2.838850640535444e-35,6653.016734841456,-0.1405339609634693,1.2713288145961654e-06,6789.079380056784,2.294388645047289,4.205788891998054,3.275210001118441e-34,6.68142840228162e-32,True,True
stroke_binary,Stroke,LBXGLU,Fasting Glucose (mg/dL),LBXTC,Total Cholesterol (mg/dL),Ratio,2390,113.0,0.2301007818157669,0.0012234099505375,905.5701269568158,0.168255075778549,0.0210554123244077,909.7734861525504,-0.1514699559967384,0.1344046755393974,911.9332754524056,17.210430825053226,4.203359195734606,0.004144550647994041,1.0,True,False
depression_binary,Depression,LBXSUA,Uric Acid (mg/dL),BMXWAIST,Waist Circumference (cm),Ratio,755,383.0,-0.2539121602170049,0.000720934345793,1038.704345765685,-0.2022298965649619,0.0062828144924168,1042.9044076079822,0.1143201124045716,0.1184218271505084,1048.041730214281,8.71482199326384,4.200061842297146,0.002511642236956258,1.0,True,False
arthritis_binary,Arthritis,LBXSNASI,Sodium (mmol/L),LBXIN,Insulin (uIU/mL),Ratio,2376,753.0,-0.1867971889358863,0.0006735430647058,2958.264637089689,-0.0121949815858756,0.7821163878758997,2971.668148638979,0.1332707465482737,0.0038421055361346,2962.4582042028933,5.704320536375211,4.193567113204153,0.0023543408462693596,1.0,True,False
arthritis_binary,Arthritis,LBXPLTSI,Platelet Count (10^3/uL),LBXSCA,Calcium (mg/dL),Ratio,4897,1523.0,-0.1367087435582802,1.8085115097959477e-05,6056.511328020639,-0.1201484858541946,0.0001503693959879,6060.687348810904,0.114440449775452,0.0002230216683357,6061.646439527931,8.314539065605198,4.176020790265284,7.494982465769852e-05,0.09765962152898118,True,False
stroke_binary,Stroke,LBXSUA,Uric Acid (mg/dL),LBXSATSI,ALT Liver Enzyme (U/L),Ratio,4905,239.0,0.2479627380094753,1.7357716215814793e-06,1894.74312744071,0.1016193931279666,0.1156277135541649,1912.0276385474292,-0.3587799325070558,0.0005626603611195,1898.9185515227996,324.1557553561453,4.175424082089421,8.024971538133551e-06,0.009373166756539987,True,True
hypertension_binary,Hypertension,LBXSAPSI,Alkaline Phosphatase (U/L),LBXSKSI,Potassium (mmol/L),Ratio,5407,1899.0,0.1688565414079957,4.621845528790078e-09,6978.232924532615,0.1589410673279959,3.8517870155557805e-08,6982.40352489219,-0.0006871145077274,0.9807609330929934,7013.561927666399,8.333872241212948,4.170600359575474,2.7157743041856823e-08,2.495796585546642e-05,True,True
diabetes_binary,Diabetes,LBXSNASI,Sodium (mmol/L),LBXSBU,BUN Kidney (mg/dL),Difference,5897,800.0,-0.6111734663088492,2.475222999019646e-62,4375.8475918371405,-0.1182741035504151,0.0017412777478725,4676.57262094138,0.5968912154788165,7.350462093049586e-61,4379.985031150027,29.696161097246037,4.137439312886272,1.7358706746371543e-60,1.3366204194706087e-58,True,True
diabetes_binary,Diabetes,LBXSBU,BUN Kidney (mg/dL),LBXSNASI,Sodium (mmol/L),Difference,5897,800.0,0.6111734663088492,2.475222999019646e-62,4375.8475918371405,0.5968912154788165,7.350462093049586e-61,4379.985031150027,-0.1182741035504151,0.0017412777478725,4676.57262094138,29.696161097246037,4.137439312886272,1.7358706746371543e-60,1.3366204194706087e-58,True,True
thyroid_binary,Thyroid Problem,LBXSUA,Uric Acid (mg/dL),LBXWBCSI,WBC Count (10^3/uL),Ratio,4898,598.0,-0.1236385281468622,0.0077220809227383,3631.604511853422,-0.0797692904680344,0.0727524957217639,3635.740177187425,0.0161794491623578,0.6237063527359221,3638.794800571281,9.421358886247528,4.135665334003079,0.02357220858269464,1.0,True,False
high_cholesterol_binary,High Cholesterol,LBXWBCSI,WBC Count (10^3/uL),LBXSASSI,AST Liver Enzyme (U/L),Ratio,5368,1757.0,-0.0864820760506547,0.0479909512372551,6787.302178667349,-0.0157960720060371,0.6655964759207529,6791.690071953528,0.0203357283837302,0.4757039410025606,6791.41098520826,9.912367409656047,4.108806540911246,0.13440259978873503,1.0,False,False
diabetes_binary,Diabetes,diastolic_bp,Diastolic BP (mmHg),LBXTR,Triglycerides (mg/dL),Difference,2686,392.0,-0.3896543841574584,1.5618852401541656e-10,2185.282249007196,-0.09294832910956,0.0831905395587431,2233.664077633437,0.3680488749119935,7.102191261831081e-10,2189.3617461976355,4.5471914832424325,4.079497190439724,1.0490274001035442e-09,8.434180296832494e-07,True,True
diabetes_binary,Diabetes,LBXTR,Triglycerides (mg/dL),diastolic_bp,Diastolic BP (mmHg),Difference,2686,392.0,0.3896543841574584,1.5618852401541656e-10,2185.282249007196,0.3680488749119935,7.102191261831081e-10,2189.3617461976355,-0.09294832910956,0.0831905395587431,2233.664077633437,4.5471914832424325,4.079497190439724,1.0490274001035442e-09,8.434180296832494e-07,True,True
depression_binary,Depression,LBXGH,"Glycohemoglobin (HbA1c, %)",LBXSUA,Uric Acid (mg/dL),Ratio,790,410.0,0.2690001523805112,0.0006049446710621,1085.2348710668266,0.2210666891541065,0.0046812905964692,1089.3120537674615,-0.1904806856795916,0.0083153689516512,1090.9744244104766,7.738378103653356,4.077182700635149,0.002135098839042706,1.0,True,False
stroke_binary,Stroke,systolic_bp,Systolic BP (mmHg),LBXTC,Total Cholesterol (mg/dL),Ratio,4694,223.0,0.4746970886849258,4.360144462093725e-19,1727.8204473709975,0.4876268392637629,1.2598724535387052e-17,1731.89438580452,-0.2415108847949446,0.0010020912905294,1786.8284391300003,28.89519979192889,4.073938433522471,5.975832511499014e-18,2.3544780095306115e-15,True,True
high_cholesterol_binary,High Cholesterol,LBXTR,Triglycerides (mg/dL),LBXSAL,Albumin (g/dL),Ratio,2580,863.0,0.6683507107665684,1.1259664497332608e-24,3160.7787728042467,0.6430172453237801,7.89833987139596e-24,3164.848920483505,-0.1126540871768971,0.006860622157487,3285.239353744369,7.0147204415078805,4.070147679257843,2.096627182261934e-23,6.080218828559608e-21,True,True
heart_attack_binary,Heart Attack,LBXSBU,BUN Kidney (mg/dL),LBDHDD,HDL Cholesterol (mg/dL),Ratio,4900,243.0,0.4072754940376061,1.1591106862974117e-18,1867.9991088959405,0.3985525882300365,2.342975413582649e-18,1872.0530678553653,-0.3725435608382727,2.1714648526206217e-06,1912.6019463191649,2.0213560631270675,4.053958959425017,1.5378864142520942e-17,6.259197706006023e-15,True,True
heart_attack_binary,Heart Attack,LBXSUA,Uric Acid (mg/dL),diastolic_bp,Diastolic BP (mmHg),Difference,4671,228.0,0.3142609989448045,1.563425088647489e-07,1800.5275544464512,0.2967133608901805,2.547000797427261e-06,1804.573879631372,-0.2841080979099392,2.989996382469004e-06,1805.554479649016,16.291159812656314,4.0463251849205335,8.040471884472801e-07,0.0008442495478696441,True,True
heart_attack_binary,Heart Attack,diastolic_bp,Diastolic BP (mmHg),LBXSUA,Uric Acid (mg/dL),Difference,4671,228.0,-0.3142609989448045,1.563425088647489e-07,1800.5275544464512,-0.2841080979099392,2.989996382469004e-06,1805.554479649016,0.2967133608901805,2.547000797427261e-06,1804.573879631372,16.291159812656314,4.0463251849205335,8.040471884472801e-07,0.0008442495478696441,True,True
depression_binary,Depression,LBXSAPSI,Alkaline Phosphatase (U/L),LBXSASSI,AST Liver Enzyme (U/L),Ratio,789,410.0,0.1540531871052039,0.0351495300142681,1092.0248128205776,0.0466842410564253,0.5156143614591826,1096.1426291880975,-0.0515297425194382,0.4763051126524142,1096.0521729323896,13.55082450488154,4.027360111811959,0.09979361833703877,1.0,False,False
liver_condition_binary,Liver Condition,LBXSAL,Albumin (g/dL),BMXWAIST,Waist Circumference (cm),Ratio,4645,252.0,-0.2664921876627184,9.260834318170264e-05,1946.9471942463836,-0.1110552296218486,0.0797920921407145,1959.7653094822087,0.2162428471821549,0.0004949934652945,1950.9711013520337,5.345020203236977,4.023907105650324,0.0003569486460964984,0.5000850531811942,True,False
liver_condition_binary,Liver Condition,LBXSCA,Calcium (mg/dL),LBXHSCRP,hs-CRP Inflammation (mg/L),Ratio,4886,270.0,-0.1666785435774379,0.0287096523204938,2087.059271824853,-0.0354776370664995,0.5711112519235982,2092.158239714501,0.0632782843128495,0.2020323284944081,2091.0781209255847,7.037087256894115,4.018849100731586,0.08233251329297213,1.0,False,False
liver_condition_binary,Liver Condition,LBXGH,"Glycohemoglobin (HbA1c, %)",LBDHDD,HDL Cholesterol (mg/dL),Ratio,4918,270.0,0.2062917743537298,7.265588204398482e-05,2082.131264411031,0.1681442070007379,0.0006763408099864,2086.1419445000947,-0.1633998121891505,0.0167224836241624,2090.051037329082,9.308823882656071,4.010680089063499,0.00028226026117807054,0.39234176303751805,True,False
liver_condition_binary,Liver Condition,LBXHGB,Hemoglobin (g/dL),LBXSAL,Albumin (g/dL),Ratio,4899,269.0,0.185867259187992,0.0026306101928803,2079.326184150953,0.0882238198258584,0.1668358863525293,2086.3348913814507,-0.1369093356095392,0.0248529802187879,2083.3263318328263,9.447610400830792,4.000147681873386,0.008562564823118518,1.0,True,False
liver_condition_binary,Liver Condition,LBDHDD,HDL Cholesterol (mg/dL),BMXWAIST,Waist Circumference (cm),Ratio,4664,252.0,-0.2860628760812289,0.0001584663237724,1949.089959707328,-0.2342556492955548,0.0013572621665049,1953.8243907566773,0.2163093015600963,0.0004902387273226,1953.0710948792168,3.0936461176866743,3.981135171889037,0.0005971515341039497,0.8557181483709599,True,False
depression_binary,Depression,LBXHGB,Hemoglobin (g/dL),LBXSASSI,AST Liver Enzyme (U/L),Ratio,787,409.0,0.1512223696716614,0.0359563989095377,1089.350173032266,0.0012115702723622,0.9864600785559866,1093.791965478457,-0.0502337067438193,0.4876330096452965,1093.3029311911416,13.56178662029328,3.952758158875668,0.1019771817812519,1.0,False,False
high_cholesterol_binary,High Cholesterol,LBDHDD,HDL Cholesterol (mg/dL),LBXSKSI,Potassium (mmol/L),Ratio,5382,1759.0,-0.1481995026153505,1.204148712110791e-06,6781.455666707725,-0.1267947805961994,2.6678119899883005e-05,6787.74900932222,0.1313263016781448,6.116291312739135e-06,6785.394929249055,5.079348797390392,3.939262541330209,5.678954624801984e-06,0.006502403045398271,True,True
thyroid_binary,Thyroid Problem,LBDLDL,LDL Cholesterol (mg/dL),LBXTC,Total Cholesterol (mg/dL),Ratio,2361,304.0,-0.1472748381569327,0.0131524456706202,1811.3255497326625,0.0095115279405291,0.8766752745878237,1817.3221328952536,0.0874863110233762,0.1459084313216194,1815.260425061732,11.09363497676692,3.9348753290698815,0.039239340674778495,1.0,True,False
thyroid_binary,Thyroid Problem,LBXSASSI,AST Liver Enzyme (U/L),BMXBMI,Body Mass Index (kg/m2),Ratio,4812,583.0,-0.1802359697847734,0.0047265942989046,3547.500833867714,-0.1297411761128209,0.0253200710758102,3551.4266689017422,0.0738903189540979,0.0831547913694534,3554.44777449871,5.356937675331645,3.925835034028296,0.014882570970311858,1.0,True,False
diabetes_binary,Diabetes,LBXSASSI,AST Liver Enzyme (U/L),LBXWBCSI,WBC Count (10^3/uL),Ratio,5875,799.0,-0.1213219247805099,0.0247290748627046,4670.014553338031,0.002248562280782,0.9526321877295232,4676.211756138368,0.0437699740810122,0.1675187760089788,4673.924378990797,6.774162678508597,3.909825652765903,0.07141016270513628,1.0,False,False
liver_condition_binary,Liver Condition,LBXSNASI,Sodium (mmol/L),LBXGLU,Fasting Glucose (mg/dL),Ratio,2378,132.0,-0.3434333428651721,9.440309837801316e-06,1005.8961811967048,-0.1785961313389616,0.0446878446941245,1019.8010624259562,0.2547059848446247,3.0314830935699223e-05,1009.8058122002589,3.2112114386660497,3.909631003553841,4.0847494490486465e-05,0.050977673124127106,True,False
stroke_binary,Stroke,LBXPLTSI,Platelet Count (10^3/uL),BMXWAIST,Waist Circumference (cm),Difference,4756,214.0,-0.2815150842665968,0.0002009380958393,1735.030850385736,-0.2195952410073731,0.003665512199308,1740.673775562945,0.2211144649885676,0.000953163687166,1738.91181509884,4.743568824937959,3.880964713104049,0.0007472904390717768,1.0,True,False
stroke_binary,Stroke,BMXWAIST,Waist Circumference (cm),LBXPLTSI,Platelet Count (10^3/uL),Difference,4756,214.0,0.2815150842665968,0.0002009380958393,1735.030850385736,0.2211144649885676,0.000953163687166,1738.91181509884,-0.2195952410073731,0.003665512199308,1740.673775562945,4.743568824937959,3.880964713104049,0.0007472904390717768,1.0,True,False
liver_condition_binary,Liver Condition,LBXSNASI,Sodium (mmol/L),LBXHSCRP,hs-CRP Inflammation (mg/L),Ratio,4889,270.0,-0.1636464986278194,0.0307041637982437,2087.5488560257354,-0.0209614066645581,0.7372209134559666,2092.7076317455403,0.0634442059906805,0.2005330055381587,2091.410311584757,6.531133915772975,3.8614555590220334,0.08781911255853601,1.0,False,False
arthritis_binary,Arthritis,LBXSASSI,AST Liver Enzyme (U/L),LBXIN,Insulin (uIU/mL),Ratio,2366,750.0,-0.2220342930687608,0.0015268511158364,2946.3817008936467,-0.0412769191029624,0.3790992441982214,2958.706194519471,0.1336572356141113,0.0038244152169049,2950.2151355864244,2.504772847357661,3.833434692777701,0.005117936701127598,1.0,True,False
arthritis_binary,Arthritis,LBXSASSI,AST Liver Enzyme (U/L),LBXHSCRP,hs-CRP Inflammation (mg/L),Ratio,4875,1512.0,-0.2354735013833055,5.3602955067505685e-09,6000.635791451545,-0.0577690297436714,0.0864372139724202,6038.306806925839,0.1871513388882525,9.430938903103126e-09,6004.465510571227,1.7594065273502426,3.8297191196825215,3.136034207633052e-08,2.894559573645307e-05,True,True
stroke_binary,Stroke,LBXGLU,Fasting Glucose (mg/dL),LBDLDL,LDL Cholesterol (mg/dL),Difference,2365,111.0,0.2914809929505787,0.0003001660424502,888.2567634130653,0.1779354399220198,0.0134025379774163,894.7300118286558,-0.286885349533942,0.0068767459421673,892.0830468253316,22.909806472553555,3.8262834122663207,0.0010959409257816632,1.0,True,False
stroke_binary,Stroke,LBDLDL,LDL Cholesterol (mg/dL),LBXGLU,Fasting Glucose (mg/dL),Difference,2365,111.0,-0.2914809929505787,0.0003001660424502,888.2567634130653,-0.286885349533942,0.0068767459421673,892.0830468253316,0.1779354399220198,0.0134025379774163,894.7300118286558,22.909806472553555,3.8262834122663207,0.0010959409257816632,1.0,True,False
diabetes_binary,Diabetes,LBDHDD,HDL Cholesterol (mg/dL),LBXSKSI,Potassium (mmol/L),Difference,5889,798.0,-0.4738984204173668,2.859087689250609e-24,4558.841916182635,-0.4652506476913781,1.4048065568127668e-23,4562.650121811563,0.2707092596394052,3.7064647829041944e-13,4624.245286999643,4.91347838715985,3.8082056289276807,5.233584244729928e-23,1.5439073521953288e-20,True,True
diabetes_binary,Diabetes,LBXSKSI,Potassium (mmol/L),LBDHDD,HDL Cholesterol (mg/dL),Difference,5889,798.0,0.4738984204173668,2.859087689250609e-24,4558.841916182635,0.2707092596394052,3.7064647829041944e-13,4624.245286999643,-0.4652506476913781,1.4048065568127668e-23,4562.650121811563,4.91347838715985,3.8082056289276807,5.233584244729928e-23,1.5439073521953288e-20,True,True
depression_binary,Depression,BMXWAIST,Waist Circumference (cm),LBXSUA,Uric Acid (mg/dL),Ratio,755,383.0,0.255907843122056,0.0011026792778778,1039.1213623916674,0.1143201124045716,0.1184218271505084,1048.041730214281,-0.2022298965649619,0.0062828144924168,1042.9044076079822,5.697771435868543,3.783045216314804,0.0037662669832638327,1.0,True,False
stroke_binary,Stroke,LBXSAL,Albumin (g/dL),LBXSBU,BUN Kidney (mg/dL),Difference,4906,239.0,-0.4050747599632913,5.381753917196431e-19,1846.4857173714045,-0.4221016062762147,3.76377990236661e-12,1868.849373181408,0.397091213199763,4.343633722150001e-18,1850.2414401556437,8.071037414532645,3.755722784238969,7.301877174085609e-18,2.9061471152860727e-15,True,True
stroke_binary,Stroke,LBXSBU,BUN Kidney (mg/dL),LBXSAL,Albumin (g/dL),Difference,4906,239.0,0.4050747599632913,5.381753917196431e-19,1846.4857173714045,0.397091213199763,4.343633722150001e-18,1850.2414401556437,-0.4221016062762147,3.76377990236661e-12,1868.849373181408,8.071037414532645,3.755722784238969,7.301877174085609e-18,2.9061471152860727e-15,True,True
thyroid_binary,Thyroid Problem,LBXSATSI,ALT Liver Enzyme (U/L),LBXWBCSI,WBC Count (10^3/uL),Ratio,4899,599.0,-0.3028084987696665,3.2559360159957227e-06,3615.747078945111,-0.2676662064748486,1.224458232649954e-05,3619.4961876416983,0.0160084209314058,0.6279569849559656,3643.004127147746,3.760695009467172,3.749108696587882,1.4688433154867921e-05,0.017582054486376904,True,True
high_cholesterol_binary,High Cholesterol,LBXPLTSI,Platelet Count (10^3/uL),LBXSATSI,ALT Liver Enzyme (U/L),Difference,5384,1761.0,-0.1762992321910874,4.296713567314344e-09,6774.953853503035,-0.1672055654590212,2.873612501013046e-08,6778.70055609997,0.067830014195771,0.0166281465782194,6804.645630081267,6.687931266521901,3.746702596934483,2.544106717488756e-08,2.3202253263497457e-05,True,True
high_cholesterol_binary,High Cholesterol,LBXSATSI,ALT Liver Enzyme (U/L),LBXPLTSI,Platelet Count (10^3/uL),Difference,5384,1761.0,0.1762992321910874,4.296713567314344e-09,6774.953853503035,0.067830014195771,0.0166281465782194,6804.645630081267,-0.1672055654590212,2.873612501013046e-08,6778.70055609997,6.687931266521901,3.746702596934483,2.544106717488756e-08,2.3202253263497457e-05,True,True
diabetes_binary,Diabetes,LBXSAL,Albumin (g/dL),systolic_bp,Systolic BP (mmHg),Difference,5604,763.0,-0.4771348231677168,3.279469845064149e-41,4287.11364339371,-0.414190803973552,1.9474990446919068e-27,4345.5140333361605,0.4721884369854676,2.033772989696197e-40,4290.852538351332,6.2015297770070354,3.738894957622506,1.1164190255243265e-39,1.7709137163346403e-37,True,True
diabetes_binary,Diabetes,systolic_bp,Systolic BP (mmHg),LBXSAL,Albumin (g/dL),Difference,5604,763.0,0.4771348231677168,3.279469845064149e-41,4287.11364339371,0.4721884369854676,2.033772989696197e-40,4290.852538351332,-0.414190803973552,1.9474990446919068e-27,4345.5140333361605,6.2015297770070354,3.738894957622506,1.1164190255243265e-39,1.7709137163346403e-37,True,True
hypertension_binary,Hypertension,LBXTR,Triglycerides (mg/dL),LBXSAL,Albumin (g/dL),Ratio,2597,930.0,0.2824208572957689,2.184617086273948e-07,3359.4233886290317,0.2560857270629835,1.072321883250044e-06,3363.157336868245,-0.1963917363789205,1.963595905369592e-06,3369.239270449146,4.908511839385917,3.733948239213987,1.1045816728351423e-06,0.001179693226587932,True,True
thyroid_binary,Thyroid Problem,diastolic_bp,Diastolic BP (mmHg),LBXGLU,Fasting Glucose (mg/dL),Ratio,2309,293.0,-0.1508416190422026,0.0142385579738861,1754.9267969933546,-0.0629367093129794,0.3071134488176406,1759.8430332647658,0.0862963244922834,0.1223541356335758,1758.6528600862823,8.59315499912111,3.726063092927916,0.042153625580583845,1.0,True,False
arthritis_binary,Arthritis,LBDLDL,LDL Cholesterol (mg/dL),LBXIN,Insulin (uIU/mL),Ratio,2352,744.0,-0.1725446632615278,0.0012490741869902,2927.779897201264,-0.0630317918508264,0.1597358517140537,2937.630373392255,0.1252101246388734,0.0068320472439757,2931.503311868745,5.469688922511589,3.723414667480938,0.0042288405076784195,1.0,True,False
heart_attack_binary,Heart Attack,LBXSCA,Calcium (mg/dL),LBXSASSI,AST Liver Enzyme (U/L),Ratio,4892,243.0,-0.1319912302468016,0.0480115953689759,1932.8953549720368,0.0313094832184299,0.6336630136383365,1936.6130655153972,0.0176030333234433,0.7784196730322379,1936.763357645084,13.198124510725924,3.717710543360681,0.13440259978873503,1.0,False,False
diabetes_binary,Diabetes,LBXHSCRP,hs-CRP Inflammation (mg/L),LBXTC,Total Cholesterol (mg/dL),Ratio,6687,801.0,0.261743619957984,1.2990811533027313e-19,4821.651782656496,0.2629082376926218,1.2275180329077185e-18,4825.3668224303165,-0.1577227992477627,6.59806926542112e-05,4889.058576212052,9.44912509728069,3.715039773820536,1.8363974418415573e-18,7.015038227834749e-16,True,True
stroke_binary,Stroke,LBXHGB,Hemoglobin (g/dL),systolic_bp,Systolic BP (mmHg),Difference,4783,227.0,-0.5007422100268073,4.082250788745931e-19,1758.5847715538682,-0.2748795279751547,1.6354616696150902e-05,1813.0056074354727,0.4912924790799186,3.61333312956585e-18,1762.284136530729,8.851325693970574,3.699364976860807,5.609199557055478e-18,2.204415425922803e-15,True,True
stroke_binary,Stroke,systolic_bp,Systolic BP (mmHg),LBXHGB,Hemoglobin (g/dL),Difference,4783,227.0,0.5007422100268073,4.082250788745931e-19,1758.5847715538682,0.4912924790799186,3.61333312956585e-18,1762.284136530729,-0.2748795279751547,1.6354616696150902e-05,1813.0056074354727,8.851325693970574,3.699364976860807,5.609199557055478e-18,2.204415425922803e-15,True,True
heart_attack_binary,Heart Attack,LBXSAPSI,Alkaline Phosphatase (U/L),LBXSATSI,ALT Liver Enzyme (U/L),Difference,4905,243.0,0.2588056728544878,2.4989713688345697e-06,1917.2566195718,0.2193413873032685,2.1179197451874168e-05,1920.9262070062025,-0.0842354575962611,0.2641723786421758,1936.799145889181,8.475166108746329,3.669587434402274,1.1387717630132217e-05,0.013494445391706677,True,True
heart_attack_binary,Heart Attack,LBXSATSI,ALT Liver Enzyme (U/L),LBXSAPSI,Alkaline Phosphatase (U/L),Difference,4905,243.0,-0.2588056728544878,2.4989713688345697e-06,1917.2566195718,-0.0842354575962611,0.2641723786421758,1936.799145889181,0.2193413873032685,2.1179197451874168e-05,1920.9262070062025,8.475166108746329,3.669587434402274,1.1387717630132217e-05,0.013494445391706677,True,True
liver_condition_binary,Liver Condition,LBDHDD,HDL Cholesterol (mg/dL),systolic_bp,Systolic BP (mmHg),Ratio,4686,256.0,-0.298522020187796,5.930611315970231e-05,1972.522378628159,-0.1666635283606861,0.0172105229491692,1984.2222797726888,0.2255688113284967,0.0001109392308006,1976.1686954504848,1.8706204957646388,3.646316822325616,0.0002317315564850886,0.32025301106239246,True,False
heart_attack_binary,Heart Attack,LBXSASSI,AST Liver Enzyme (U/L),LBXSATSI,ALT Liver Enzyme (U/L),Ratio,4892,243.0,0.1360279821743029,0.0203943337263842,1931.8670285466628,0.0176030333234433,0.7784196730322379,1936.763357645084,-0.0829979290042533,0.270499649926937,1935.51325204354,13.263470803019686,3.6462234968771554,0.05924120609062651,1.0,False,False
arthritis_binary,Arthritis,LBXSATSI,ALT Liver Enzyme (U/L),LBXHSCRP,hs-CRP Inflammation (mg/L),Ratio,4888,1517.0,-0.2481546276639987,8.381441341841372e-09,6018.380595877191,-0.1543482828709479,1.6762215263799888e-05,6038.436063662248,0.1872078696505453,9.028605235208384e-09,6022.002694908839,1.0772139142865889,3.622099031647849,4.8302863656289656e-08,4.5259783245943406e-05,True,True
depression_binary,Depression,systolic_bp,Systolic BP (mmHg),LBXSASSI,AST Liver Enzyme (U/L),Ratio,762,392.0,0.1495388323233199,0.0419619050646741,1055.5298254501065,-0.0121511988887662,0.8669375147469454,1059.692972493935,-0.0554880025459749,0.4528531502685081,1059.1459196451729,10.792006453723792,3.61609419506658,0.11814092145424408,1.0,False,False
depression_binary,Depression,LBXSNASI,Sodium (mmol/L),LBXSASSI,AST Liver Enzyme (U/L),Ratio,789,410.0,0.1455256631712485,0.0435211731121181,1092.4492367549208,-0.0206382776837424,0.7722892858893977,1096.4841808656324,-0.0515297425194382,0.4763051126524142,1096.0521729323896,10.944215851566526,3.602936177468792,0.12240329937783216,1.0,False,False
hypertension_binary,Hypertension,LBXSASSI,AST Liver Enzyme (U/L),LBXPLTSI,Platelet Count (10^3/uL),Difference,5390,1894.0,0.1394430144686176,1.782358835589896e-06,6969.474053502042,0.0834243934137079,0.0028554601439505,6983.749390102004,-0.1284366131745673,1.1191611988757146e-05,6973.052332158919,6.279101472321161,3.578278656877046,8.21223354282034e-06,0.009624737712185439,True,True
hypertension_binary,Hypertension,LBXPLTSI,Platelet Count (10^3/uL),LBXSASSI,AST Liver Enzyme (U/L),Difference,5390,1894.0,-0.1394430144686176,1.782358835589896e-06,6969.474053502042,-0.1284366131745673,1.1191611988757146e-05,6973.052332158919,0.0834243934137079,0.0028554601439505,6983.749390102004,6.279101472321161,3.578278656877046,8.21223354282034e-06,0.009624737712185439,True,True
heart_attack_binary,Heart Attack,LBXSNASI,Sodium (mmol/L),LBXSASSI,AST Liver Enzyme (U/L),Ratio,4892,243.0,-0.131371644826497,0.0493815625442444,1932.9396676997048,-0.037598563821738,0.565979353604773,1936.51148654272,0.0176030333234433,0.7784196730322379,1936.763357645084,11.461349630191869,3.571818843015308,0.13795159738174845,1.0,False,False
depression_binary,Depression,systolic_bp,Systolic BP (mmHg),LBXSATSI,ALT Liver Enzyme (U/L),Ratio,763,392.0,0.1574786880036568,0.0350260885819405,1056.5940687650957,-0.0152547980271548,0.8332866791769369,1061.120238341426,-0.0732156369917198,0.3175533471175392,1060.1537575842558,9.066194941369217,3.559688819160101,0.09949546467252957,1.0,False,False
hypertension_binary,Hypertension,diastolic_bp,Diastolic BP (mmHg),LBXSKSI,Potassium (mmol/L),Ratio,5146,1818.0,0.2678942617553712,8.365344392344569e-19,6606.933891513229,0.2655350833307289,7.050239723391517e-18,6610.490191016228,-0.013090939082807,0.6538174065562068,6687.999486074351,8.427913296484778,3.556299502998627,1.1237029780761361e-17,4.517285971866067e-15,True,True
stroke_binary,Stroke,LBXSNASI,Sodium (mmol/L),LBXTR,Triglycerides (mg/dL),Ratio,2382,113.0,-0.2734867810361565,0.0195192514993377,907.3137841194036,0.156155102333864,0.1075672132545536,910.8692361598,0.0422882801554904,0.5890904211438843,913.216138452369,5.51082674754219,3.555452040396517,0.056729794454479864,1.0,False,False
arthritis_binary,Arthritis,LBDHDD,HDL Cholesterol (mg/dL),LBXHSCRP,hs-CRP Inflammation (mg/L),Ratio,4892,1519.0,-0.2195817293364209,2.259652540672688e-09,6024.712014205479,0.0395787784086106,0.1963592308937114,6063.583377938103,0.1868557003273776,9.403987372882866e-09,6028.265833540032,4.16169619161154,3.553819334552827,1.374113031490148e-08,1.2202123719632515e-05,True,True
heart_attack_binary,Heart Attack,LBXPLTSI,Platelet Count (10^3/uL),LBXSAPSI,Alkaline Phosphatase (U/L),Ratio,4902,243.0,-0.6102019757885231,9.395134519549419e-13,1878.5278563236136,-0.5497762452379419,1.0387250101370498e-12,1882.0725969867208,0.2194784779715136,2.095612728433851e-05,1920.5990472985957,1.1055988692611778,3.544740663107177,7.733799756946168e-12,5.073372640556686e-09,True,True
diabetes_binary,Diabetes,LBDLDL,LDL Cholesterol (mg/dL),LBXSKSI,Potassium (mmol/L),Ratio,2796,402.0,-0.3914117515759185,1.9095316728208208e-10,2262.212212116941,-0.371689376834747,8.251707420502964e-10,2265.7566424716897,0.1908244136208608,0.0003420063632732,2293.811160374986,4.321325243227457,3.5444303547487834,1.2667654831980875e-09,1.0311471033232433e-06,True,True
arthritis_binary,Arthritis,diastolic_bp,Diastolic BP (mmHg),LBXGH,"Glycohemoglobin (HbA1c, %)",Ratio,4766,1484.0,-0.3030334271981555,2.4310279547203842e-21,5823.101322295413,-0.1051385770068804,0.0007339285800689,5904.295357561607,0.2855812629058428,2.6348880531338696e-20,5826.642650765822,10.838575706287727,3.541328470408189,3.7940898715289236e-20,1.3127550955490075e-17,True,True
liver_condition_binary,Liver Condition,LBXSBU,BUN Kidney (mg/dL),LBDHDD,HDL Cholesterol (mg/dL),Ratio,4895,270.0,0.1905660546190746,9.847290275896071e-05,2080.424666600855,0.1692335521481378,0.0009910962411652,2083.965516719578,-0.1632402643937353,0.0168343992144697,2087.4602024003925,10.064659549959774,3.540850118723029,0.0003784723664757209,0.5317536748983879,True,False
thyroid_binary,Thyroid Problem,LBXHSCRP,hs-CRP Inflammation (mg/L),LBXSATSI,ALT Liver Enzyme (U/L),Difference,4888,597.0,0.24458092759991,5.996253976383286e-07,3605.842702639807,0.0856296023515571,0.0149571806057866,3627.1863454447553,-0.2635565649409991,1.5572787999100395e-05,3609.382747766003,25.97086124176033,3.540045126196219,2.9356093810036036e-06,0.0032379771472469746,True,True
thyroid_binary,Thyroid Problem,LBXSATSI,ALT Liver Enzyme (U/L),LBXHSCRP,hs-CRP Inflammation (mg/L),Difference,4888,597.0,-0.24458092759991,5.996253976383286e-07,3605.842702639807,-0.2635565649409991,1.5572787999100395e-05,3609.382747766003,0.0856296023515571,0.0149571806057866,3627.1863454447553,25.97086124176033,3.540045126196219,2.9356093810036036e-06,0.0032379771472469746,True,True
thyroid_binary,Thyroid Problem,LBXTR,Triglycerides (mg/dL),LBXHSCRP,hs-CRP Inflammation (mg/L),Ratio,2372,305.0,-0.1643304970548551,0.037335572752871,1819.1108337963929,0.0620292194582877,0.2202029124185121,1822.847891144018,0.0682905943767827,0.1888444663487629,1822.6396907093465,5.058030516867891,3.52885691295387,0.10566671533831415,1.0,False,False
depression_binary,Depression,LBXSUA,Uric Acid (mg/dL),LBXWBCSI,WBC Count (10^3/uL),Ratio,788,409.0,-0.2360679424274453,0.0015371652914544,1084.767462358494,-0.1895595939751025,0.0087110880270968,1088.284028481008,0.1736194565819872,0.0272452997271278,1089.9807270077729,5.666981993104147,3.5165661225141776,0.005145036727945986,1.0,True,False
diabetes_binary,Diabetes,LBXPLTSI,Platelet Count (10^3/uL),diastolic_bp,Diastolic BP (mmHg),Difference,6297,780.0,-0.2224002864605242,4.107098283138129e-08,4689.914877405453,-0.2093212952724888,2.297171813778012e-07,4693.43119438302,0.0989701581064144,0.0131228863964017,4714.913836240687,5.593174682985188,3.5163169775669303,2.213406260373842e-07,0.000221783307289459,True,True
diabetes_binary,Diabetes,diastolic_bp,Diastolic BP (mmHg),LBXPLTSI,Platelet Count (10^3/uL),Difference,6297,780.0,0.2224002864605242,4.107098283138129e-08,4689.914877405453,0.0989701581064144,0.0131228863964017,4714.913836240687,-0.2093212952724888,2.297171813778012e-07,4693.43119438302,5.593174682985188,3.5163169775669303,2.213406260373842e-07,0.000221783307289459,True,True
diabetes_binary,Diabetes,LBXHGB,Hemoglobin (g/dL),LBXSCR,Creatinine Kidney (mg/dL),Ratio,5896,799.0,-0.3966036837995252,3.178273802920408e-22,4583.533715113996,-0.1670268461945038,7.180658184354248e-06,4662.460001241397,0.379920275308844,1.2939709389913437e-15,4587.042737081678,4071301.024481772,3.5090219676822016,5.2166196157356244e-21,1.7162678535770205e-18,True,True
diabetes_binary,Diabetes,LBXWBCSI,WBC Count (10^3/uL),LBXPLTSI,Platelet Count (10^3/uL),Difference,7524,818.0,0.3825009753715638,5.146657926058854e-20,5087.080257025209,0.0341667861339683,0.1791185243521532,5176.186230541542,-0.3758846144163541,2.818665561492429e-19,5090.589125065457,5.476691091554384,3.508868040247762,7.572739182756897e-19,2.7791952800717813e-16,True,True
diabetes_binary,Diabetes,LBXPLTSI,Platelet Count (10^3/uL),LBXWBCSI,WBC Count (10^3/uL),Difference,7524,818.0,-0.3825009753715638,5.146657926058854e-20,5087.080257025209,-0.3758846144163541,2.818665561492429e-19,5090.589125065457,0.0341667861339683,0.1791185243521532,5176.186230541542,5.476691091554384,3.508868040247762,7.572739182756897e-19,2.7791952800717813e-16,True,True
heart_attack_binary,Heart Attack,LBXSNASI,Sodium (mmol/L),LBDLDL,LDL Cholesterol (mg/dL),Ratio,2353,125.0,0.3718796446831198,8.006441023850316e-09,951.9960992945206,0.0348418624717132,0.7051123317132588,980.8785425304862,-0.5137276187756835,1.4360563484159105e-06,955.5046835577998,179.36263367681784,3.508584263279204,4.6289915983717035e-08,4.323478152879171e-05,True,True
arthritis_binary,Arthritis,BMXWAIST,Waist Circumference (cm),LBXHGB,Hemoglobin (g/dL),Ratio,4753,1452.0,0.4344566605866481,2.2806372371009484e-41,5663.018906408315,0.434754126924223,4.622316052887043e-41,5666.518596413945,-0.1721274077009763,4.343883444405613e-08,5824.336825142755,2.0267651416420525,3.499690005629418,7.997039662561767e-40,1.2315441080345122e-37,True,True
stroke_binary,Stroke,LBXHSCRP,hs-CRP Inflammation (mg/L),LBDLDL,LDL Cholesterol (mg/dL),Difference,2351,109.0,0.3470977488030135,0.0011764805515596,875.3048849156266,0.1552215021807378,0.0099696408710149,881.3218247121816,-0.2872773900189652,0.0073328969368754,878.7957748002923,6.232909610918995,3.4908898846656484,0.003995594326051471,1.0,True,False
stroke_binary,Stroke,LBDLDL,LDL Cholesterol (mg/dL),LBXHSCRP,hs-CRP Inflammation (mg/L),Difference,2351,109.0,-0.3470977488030135,0.0011764805515596,875.3048849156266,-0.2872773900189652,0.0073328969368754,878.7957748002923,0.1552215021807378,0.0099696408710149,881.3218247121816,6.232909610918995,3.4908898846656484,0.003995594326051471,1.0,True,False
thyroid_binary,Thyroid Problem,LBDLDL,LDL Cholesterol (mg/dL),LBXHSCRP,hs-CRP Inflammation (mg/L),Ratio,2347,300.0,-0.1482682368962397,0.0487063627687533,1793.7730627370763,0.0078386058019043,0.8988961418928316,1798.1564399961144,0.0540766590635029,0.3161507317657472,1797.249651988262,6.490953415404034,3.4765892511857146,0.13613579655862726,1.0,False,False
diabetes_binary,Diabetes,LBDLDL,LDL Cholesterol (mg/dL),LBXSUA,Uric Acid (mg/dL),Difference,2793,402.0,-0.3876177084931643,1.851857939936043e-10,2261.528815014285,-0.3709149890671321,8.952777594485163e-10,2264.998436417603,0.2957121632365962,1.2731916957240309e-08,2273.7691778738604,4.834484007339333,3.469621403317888,1.2330496764062431e-09,1.0000032875654632e-06,True,True
diabetes_binary,Diabetes,LBXSUA,Uric Acid (mg/dL),LBDLDL,LDL Cholesterol (mg/dL),Difference,2793,402.0,0.3876177084931643,1.851857939936043e-10,2261.528815014285,0.2957121632365962,1.2731916957240309e-08,2273.7691778738604,-0.3709149890671321,8.952777594485163e-10,2264.998436417603,4.834484007339333,3.469621403317888,1.2330496764062431e-09,1.0000032875654632e-06,True,True
heart_attack_binary,Heart Attack,LBXSAL,Albumin (g/dL),LBXSCA,Calcium (mg/dL),Ratio,4904,243.0,-0.2051231325714338,0.0011550968818157,1927.8069920273672,-0.1674296002549122,0.0083714781080579,1931.2753850949969,0.0312300484694994,0.6345024158596833,1937.8354274429569,7.247425077365116,3.468393067629677,0.003935345843409956,1.0,True,False
depression_binary,Depression,LBXSCA,Calcium (mg/dL),LBXSASSI,AST Liver Enzyme (U/L),Ratio,789,410.0,0.1582197854180698,0.0284116299954003,1091.7063340926438,0.0846472456771403,0.2376948302638526,1095.1665149421658,-0.0515297425194382,0.4763051126524142,1096.0521729323896,8.366110297168227,3.460180849521976,0.081521148764698,1.0,False,False
liver_condition_binary,Liver Condition,LBXSASSI,AST Liver Enzyme (U/L),LBXSAL,Albumin (g/dL),Ratio,4887,269.0,0.2781316726826699,1.2200069391656444e-13,2039.5367770876016,0.2742846655424148,1.19555810204024e-12,2042.9555687441243,-0.1420917922497715,0.0197733751162474,2081.582178175567,9.799600835531928,3.418791656522444,1.1300235800162057e-12,6.58803747149448e-10,True,True
arthritis_binary,Arthritis,LBXGLU,Fasting Glucose (mg/dL),diastolic_bp,Diastolic BP (mmHg),Difference,2307,728.0,0.3015839982620148,2.1479550379098738e-11,2832.988987627162,0.2892857803307246,1.1810634417369963e-10,2836.4050784173523,-0.0853617136570936,0.0557594395825917,2877.073006755997,5.498548251206702,3.416090790190537,1.55066272790285e-10,1.1598957204713318e-07,True,True
arthritis_binary,Arthritis,diastolic_bp,Diastolic BP (mmHg),LBXGLU,Fasting Glucose (mg/dL),Difference,2307,728.0,-0.3015839982620148,2.1479550379098738e-11,2832.988987627162,-0.0853617136570936,0.0557594395825917,2877.073006755997,0.2892857803307246,1.1810634417369963e-10,2836.4050784173523,5.498548251206702,3.416090790190537,1.55066272790285e-10,1.1598957204713318e-07,True,True
depression_binary,Depression,LBXWBCSI,WBC Count (10^3/uL),LBXSUA,Uric Acid (mg/dL),Ratio,788,409.0,0.2438841390354457,0.0020658900338555,1084.8972790582568,0.1736194565819872,0.0272452997271278,1089.9807270077729,-0.1895595939751025,0.0087110880270968,1088.284028481008,4.216627160371874,3.386749422751336,0.0068147869168110565,1.0,True,False
diabetes_binary,Diabetes,LBXSUA,Uric Acid (mg/dL),LBXSNASI,Sodium (mmol/L),Ratio,5897,800.0,0.2581739029135675,1.6958731417827229e-12,4637.490420964268,0.2492847005642934,9.846905901283612e-12,4640.86384347077,-0.1182741035504151,0.0017412777478725,4676.57262094138,5.806392977562238,3.373422506501811,1.3467227890627506e-11,9.157714965626703e-09,True,True
liver_condition_binary,Liver Condition,LBXSKSI,Potassium (mmol/L),LBXHSCRP,hs-CRP Inflammation (mg/L),Ratio,4886,270.0,-0.1543284088102684,0.0393450526291439,2087.7189199088466,0.054760104157977,0.3770310134348917,2091.7040302176465,0.0634213406469027,0.2007830971727898,2091.070755128094,5.103134543123332,3.3518352192472776,0.11094688469836923,1.0,False,False
diabetes_binary,Diabetes,LBXSAPSI,Alkaline Phosphatase (U/L),LBXSATSI,ALT Liver Enzyme (U/L),Difference,5898,800.0,-0.1351326449951799,0.0022523962487578,4676.301731754162,-0.1111632143056788,0.0120017813522875,4679.632095133701,0.0699855991312475,0.0369551337070549,4682.578345314548,5.328450248887768,3.330363379539449,0.00738590642118,1.0,True,False
diabetes_binary,Diabetes,LBXSATSI,ALT Liver Enzyme (U/L),LBXSAPSI,Alkaline Phosphatase (U/L),Difference,5898,800.0,0.1351326449951799,0.0022523962487578,4676.301731754162,0.0699855991312475,0.0369551337070549,4682.578345314548,-0.1111632143056788,0.0120017813522875,4679.632095133701,5.328450248887768,3.330363379539449,0.00738590642118,1.0,True,False
diabetes_binary,Diabetes,LBXSASSI,AST Liver Enzyme (U/L),diastolic_bp,Diastolic BP (mmHg),Ratio,5582,763.0,0.0696860840448902,0.0132568241504135,4452.047830513938,-0.0048703004795601,0.9017155437234684,4457.3923164795615,-0.0552095961404802,0.1514256863849806,4455.366696156415,11.422470771799231,3.318865642477249,0.03952890690901872,1.0,True,False
liver_condition_binary,Liver Condition,LBXSUA,Uric Acid (mg/dL),LBXSAL,Albumin (g/dL),Difference,4899,270.0,0.2371911436749456,5.205669001952035e-05,2078.259639048172,0.212682519739387,0.0003411692942585,2081.5543199040458,-0.1414030829999255,0.0201582795773838,2088.659315468346,6.553803058370724,3.294680855873594,0.00020488784701560488,0.28110612610540986,True,False
liver_condition_binary,Liver Condition,LBXSAL,Albumin (g/dL),LBXSUA,Uric Acid (mg/dL),Difference,4899,270.0,-0.2371911436749456,5.205669001952035e-05,2078.259639048172,-0.1414030829999255,0.0201582795773838,2088.659315468346,0.212682519739387,0.0003411692942585,2081.5543199040458,6.553803058370724,3.294680855873594,0.00020488784701560488,0.28110612610540986,True,False
arthritis_binary,Arthritis,LBXHSCRP,hs-CRP Inflammation (mg/L),LBXPLTSI,Platelet Count (10^3/uL),Ratio,4892,1519.0,0.193034623226527,1.96595851221804e-09,6025.054193190101,0.1866294912793798,9.71761796165846e-09,6028.34603400906,-0.1191422995131569,0.0001729613605032,6050.863123277078,4.942941522552691,3.291840818958917,1.1982139916453067e-08,1.0616175965977417e-05,True,True
thyroid_binary,Thyroid Problem,BMXWAIST,Waist Circumference (cm),LBXHSCRP,hs-CRP Inflammation (mg/L),Ratio,4642,556.0,-0.1497160789469416,0.0043266707690678,3397.41412645316,0.1065363687734231,0.0164172870728741,3400.6919640403744,0.0745095496876189,0.0422182792645823,3402.7189886725687,3.794438714922444,3.277837587214435,0.013679169878785785,1.0,True,False
arthritis_binary,Arthritis,LBDLDL,LDL Cholesterol (mg/dL),LBDHDD,HDL Cholesterol (mg/dL),Ratio,2361,748.0,-0.1309963867902985,0.007106604371495,2944.9591770075644,-0.0673769557427585,0.1322710343399584,2950.345814578437,0.0916836332367022,0.0350519290003046,2948.226911888709,4.932303413554273,3.2677348811444062,0.02174258561250595,1.0,True,False
heart_attack_binary,Heart Attack,LBDHDD,HDL Cholesterol (mg/dL),LBXSASSI,AST Liver Enzyme (U/L),Ratio,4888,243.0,-0.37890740637463,2.599992199092517e-07,1907.8365076545333,-0.3750526269525584,1.9294170490218907e-06,1911.1017908525605,0.0176875405248513,0.7773361887243816,1936.354835759165,7.420857069091672,3.2652831980271912,1.3072586475884164e-06,0.0014039957875099593,True,True
stroke_binary,Stroke,LBXSUA,Uric Acid (mg/dL),LBXSASSI,AST Liver Enzyme (U/L),Ratio,4894,239.0,0.1503065302136407,0.0135234134178602,1907.610639307799,0.1029016251172839,0.1110141286682039,1910.8648903764145,-0.095323435911637,0.2545157775741651,1911.85413825244,8.209031642971782,3.254251068615304,0.04030156316580854,1.0,True,False
depression_binary,Depression,LBXSKSI,Potassium (mmol/L),LBXSASSI,AST Liver Enzyme (U/L),Ratio,789,410.0,0.1511763376484755,0.0366139824006226,1092.139393974159,0.0776534330403656,0.2777464494464222,1095.385976239717,-0.0515297425194382,0.4763051126524142,1096.0521729323896,7.585802779041556,3.2465822655578904,0.10378766664743413,1.0,False,False
thyroid_binary,Thyroid Problem,LBXSBU,BUN Kidney (mg/dL),LBXSCR,Creatinine Kidney (mg/dL),Ratio,4900,598.0,0.2314171780720149,1.3464368516547069e-08,3608.515051987395,0.2051268426683251,3.980284131578805e-08,3611.748884522302,0.0309100613562762,0.417519820922664,3638.917707603922,2.9561610161569964,3.233832534906924,7.542281119227611e-08,7.270758998935417e-05,True,True
thyroid_binary,Thyroid Problem,LBXSCR,Creatinine Kidney (mg/dL),LBXHSCRP,hs-CRP Inflammation (mg/L),Ratio,4889,597.0,-0.1450093032964036,0.0060814729513668,3624.216926030269,0.0326806141971899,0.3883389397631519,3632.0306240045416,0.0856193655299008,0.0149650603925215,3627.447784234797,2.4607624685986877,3.2308582045279763,0.01877641734555787,1.0,True,False
depression_binary,Depression,LBXSAL,Albumin (g/dL),LBXSCA,Calcium (mg/dL),Ratio,790,410.0,-0.1793343906615317,0.0137327190390805,1091.8366712122863,-0.1237269876319689,0.0858155774092664,1095.0516937070483,0.085039852527013,0.235221911261149,1096.616681301041,6.248986611103926,3.215022494761797,0.04083020604181485,1.0,True,False
thyroid_binary,Thyroid Problem,diastolic_bp,Diastolic BP (mmHg),LBXSAPSI,Alkaline Phosphatase (U/L),Ratio,4670,569.0,-0.1796287072695742,0.0001903652839469,3450.611719099633,-0.1256120513455914,0.0038471433481689,3457.003276692797,0.1368865160884377,0.0005895268461397,3453.8201921116924,3.096819093885189,3.208473012059585,0.0007109076993867634,1.0,True,False
diabetes_binary,Diabetes,LBDLDL,LDL Cholesterol (mg/dL),LBXSCR,Creatinine Kidney (mg/dL),Ratio,2795,402.0,-0.4454803109177153,2.270414390207633e-12,2251.199758433435,-0.3713308377842708,8.569550449473074e-10,2265.526356495651,0.4519335765476845,1.131886252160145e-09,2254.3857411015047,377.44433291269695,3.185982668069755,1.7872066628456586e-11,1.226023770712122e-08,True,True
hypertension_binary,Hypertension,LBXGLU,Fasting Glucose (mg/dL),LBXHGB,Hemoglobin (g/dL),Difference,2655,945.0,0.5032731875544022,4.1805567709423963e-23,3332.279308311265,0.4954404542061454,1.088955354290191e-22,3335.428939170739,-0.1068139168903677,0.0082827765004148,3454.0577689864394,2.6048093925171463,3.1496308594737457,7.235579026631071e-22,2.257500656308894e-19,True,True
hypertension_binary,Hypertension,LBXHGB,Hemoglobin (g/dL),LBXGLU,Fasting Glucose (mg/dL),Difference,2655,945.0,-0.5032731875544022,4.1805567709423963e-23,3332.279308311265,-0.1068139168903677,0.0082827765004148,3454.0577689864394,0.4954404542061454,1.088955354290191e-22,3335.428939170739,2.6048093925171463,3.1496308594737457,7.235579026631071e-22,2.257500656308894e-19,True,True
depression_binary,Depression,LBXPLTSI,Platelet Count (10^3/uL),LBXSASSI,AST Liver Enzyme (U/L),Ratio,787,409.0,0.1451684852840296,0.0462656459048763,1089.745654358764,0.0677918051637381,0.3441055562903545,1092.8942089005666,-0.0502337067438193,0.4876330096452965,1093.3029311911416,7.43760407015276,3.1485545418024685,0.12964944882528906,1.0,False,False
diabetes_binary,Diabetes,LBXIN,Insulin (uIU/mL),LBXTC,Total Cholesterol (mg/dL),Ratio,2820,410.0,0.541289236838876,2.890073055602684e-16,2245.7981463669435,0.5145348419760499,4.482587020094172e-16,2248.9447928627924,-0.2742714023052289,2.2995998723114743e-06,2318.861118783253,1.5510289649613689,3.146646495848927,3.20459846001119e-15,1.5606394500254495e-12,True,True
heart_attack_binary,Heart Attack,LBXSAPSI,Alkaline Phosphatase (U/L),diastolic_bp,Diastolic BP (mmHg),Difference,4672,228.0,0.2654590152333659,1.1401287919630653e-06,1802.5275395429087,0.187366010344688,0.0003590410079022,1814.1262492102032,-0.2840127838923433,3.017047193561244e-06,1805.6698314908692,2.646233666607537,3.142291947960757,5.386435237620781e-06,0.006156695476600553,True,True
heart_attack_binary,Heart Attack,diastolic_bp,Diastolic BP (mmHg),LBXSAPSI,Alkaline Phosphatase (U/L),Difference,4672,228.0,-0.2654590152333659,1.1401287919630653e-06,1802.5275395429087,-0.2840127838923433,3.017047193561244e-06,1805.6698314908692,0.187366010344688,0.0003590410079022,1814.1262492102032,2.646233666607537,3.142291947960757,5.386435237620781e-06,0.006156695476600553,True,True
hypertension_binary,Hypertension,BMXBMI,Body Mass Index (kg/m2),LBXSAL,Albumin (g/dL),Ratio,5325,1857.0,0.4373237262957684,1.1866625402779452e-47,6664.716919711684,0.4346027774125617,3.340316612669681e-47,6667.855912447616,-0.2636656802616082,1.866401156312238e-19,6807.735358883773,2.8148833381791065,3.1389927359323337,5.126382174000724e-46,6.407977717500904e-44,True,True
diabetes_binary,Diabetes,LBXSAL,Albumin (g/dL),BMXWAIST,Waist Circumference (cm),Difference,5613,737.0,-0.7185516772074875,3.1445673501750754e-70,4033.300274811362,-0.398501190313352,7.428244309813891e-25,4263.042961863368,0.7148943042726063,1.1347205322109442e-69,4036.425505959336,3.608510824701427,3.125231147973864,2.927700636369898e-68,1.6980663690945408e-66,True,True
diabetes_binary,Diabetes,BMXWAIST,Waist Circumference (cm),LBXSAL,Albumin (g/dL),Difference,5613,737.0,0.7185516772074875,3.1445673501750754e-70,4033.300274811362,0.7148943042726063,1.1347205322109442e-69,4036.425505959336,-0.398501190313352,7.428244309813891e-25,4263.042961863368,3.608510824701427,3.125231147973864,2.927700636369898e-68,1.6980663690945408e-66,True,True
depression_binary,Depression,BMXBMI,Body Mass Index (kg/m2),LBXSASSI,AST Liver Enzyme (U/L),Ratio,779,400.0,0.1437763810787024,0.0483916952022754,1079.4037687731611,0.0663670986456318,0.3573662705826,1082.5059079395269,-0.0433875273784264,0.549717868202192,1082.9948855106193,7.38486777718414,3.102139166365532,0.13532633562521346,1.0,False,False
liver_condition_binary,Liver Condition,LBXSCA,Calcium (mg/dL),BMXBMI,Body Mass Index (kg/m2),Ratio,4823,263.0,-0.1575929790416093,0.0154905884335329,2039.5566927678435,-0.039692513788368,0.5315047059323506,2045.1316125421704,0.1030837464452536,0.0841599637154905,2042.6587056490307,5.432973968458605,3.10201288118742,0.04563512140811656,1.0,True,False
heart_attack_binary,Heart Attack,LBXTC,Total Cholesterol (mg/dL),LBXSCA,Calcium (mg/dL),Ratio,4900,243.0,-0.5182809328430062,5.754319435017983e-12,1886.0102764568371,-0.5010952582996173,2.425747411225612e-11,1889.1061207420491,0.0315624875187516,0.630898320765283,1937.4238588930912,4.215524422338628,3.0958442852120243,4.3950954666332546e-11,3.107332494909711e-08,True,True
stroke_binary,Stroke,LBDLDL,LDL Cholesterol (mg/dL),BMXBMI,Body Mass Index (kg/m2),Ratio,2324,105.0,-0.3119792082989429,0.0055053096544895,851.2456545688201,-0.2404923995008875,0.0254999940642432,854.3372890733704,0.1338969336753241,0.1441231821892978,857.5563545784055,4.631890967921851,3.0916345045502567,0.017134681345385188,1.0,True,False
stroke_binary,Stroke,LBXHSCRP,hs-CRP Inflammation (mg/L),LBXWBCSI,WBC Count (10^3/uL),Ratio,4898,237.0,0.1790119152807261,1.3877752940592873e-05,1887.2280604122675,0.1555314518657258,0.0001301161233596,1890.285021128993,0.0198406435775233,0.6348922311338331,1901.690880806204,9.375878351247083,3.056960716726053,5.8364381525857875e-05,0.07493986587920151,True,False
arthritis_binary,Arthritis,LBXSAL,Albumin (g/dL),systolic_bp,Systolic BP (mmHg),Difference,4670,1457.0,-0.4272998459139209,1.969207873843252e-40,5616.2472453855535,-0.2497259534721585,4.337539409114852e-15,5738.728570229472,0.4236520937344379,7.840693261293174e-40,5619.302850964861,3.981648339639581,3.055605579307666,6.444680314396097e-39,1.063372251875356e-36,True,True
arthritis_binary,Arthritis,systolic_bp,Systolic BP (mmHg),LBXSAL,Albumin (g/dL),Difference,4670,1457.0,0.4272998459139209,1.969207873843252e-40,5616.2472453855535,0.4236520937344379,7.840693261293174e-40,5619.302850964861,-0.2497259534721585,4.337539409114852e-15,5738.728570229472,3.981648339639581,3.055605579307666,6.444680314396097e-39,1.063372251875356e-36,True,True
high_cholesterol_binary,High Cholesterol,LBXSAL,Albumin (g/dL),LBXSASSI,AST Liver Enzyme (U/L),Ratio,5371,1758.0,-0.1505710248402735,3.056607178494944e-07,6769.252331634119,-0.1404486762664055,1.329562217894917e-06,6772.301676885927,0.0205488551396884,0.4708889634535323,6795.2195511793325,4.349797472338548,3.0493452518076083,1.5283035892474717e-06,0.0016505678763872695,True,True
heart_attack_binary,Heart Attack,LBXHSCRP,hs-CRP Inflammation (mg/L),LBXPLTSI,Platelet Count (10^3/uL),Difference,4896,243.0,0.5639697615512939,2.1291228255965034e-13,1878.289802242836,0.0420116866011153,0.4549205430534244,1936.744096023096,-0.5507531882929315,9.905190636107642e-13,1881.3370518624351,4.652240123034032,3.047249619598915,1.913022172748938e-12,1.1497263258221118e-09,True,True
heart_attack_binary,Heart Attack,LBXPLTSI,Platelet Count (10^3/uL),LBXHSCRP,hs-CRP Inflammation (mg/L),Difference,4896,243.0,-0.5639697615512939,2.1291228255965034e-13,1878.289802242836,-0.5507531882929315,9.905190636107642e-13,1881.3370518624351,0.0420116866011153,0.4549205430534244,1936.744096023096,4.652240123034032,3.047249619598915,1.913022172748938e-12,1.1497263258221118e-09,True,True
depression_binary,Depression,LBXSAPSI,Alkaline Phosphatase (U/L),LBXSATSI,ALT Liver Enzyme (U/L),Ratio,790,410.0,0.1480938612223843,0.0446236676127079,1093.8703602201454,0.0463681544524692,0.5181127785105482,1097.612808777572,-0.0756613309362137,0.2931007018448768,1096.914839620432,6.568279066362695,3.0444794002867184,0.12524314194834857,1.0,False,False
hypertension_binary,Hypertension,LBDLDL,LDL Cholesterol (mg/dL),LBXSASSI,AST Liver Enzyme (U/L),Ratio,2565,914.0,-0.1221988575813743,0.0038963622144714,3336.568901755357,-0.0625949839408986,0.1326011376642932,3342.7914334382804,0.0946040048065581,0.0211548841139915,3339.6094931825883,5.429393611153659,3.040591427231448,0.012383964660474136,1.0,True,False
liver_condition_binary,Liver Condition,LBXSNASI,Sodium (mmol/L),BMXWAIST,Waist Circumference (cm),Ratio,4645,252.0,-0.2585110914527684,0.0001563295520216,1947.938068023113,-0.0577172613738261,0.3694893066858929,1961.988226236214,0.2162428471821549,0.0004949934652945,1950.9711013520337,3.166346086796243,3.0330333289207374,0.0005895108805283799,0.84417958091664,True,False
liver_condition_binary,Liver Condition,LBDHDD,HDL Cholesterol (mg/dL),LBXSBU,BUN Kidney (mg/dL),Ratio,4895,270.0,-0.2654204397870674,0.000933890264587,2080.955551859949,-0.1632402643937353,0.0168343992144697,2087.4602024003925,0.1692335521481378,0.0009910962411652,2083.965516719578,1.0612555658275753,3.009964859628326,0.0031978487183067852,1.0,True,False
liver_condition_binary,Liver Condition,LBXSAL,Albumin (g/dL),systolic_bp,Systolic BP (mmHg),Ratio,4668,256.0,-0.2663159617494636,3.8702447150840047e-05,1971.1360635980927,-0.116908037088081,0.0627725437394401,1984.78168337981,0.2257519674394291,0.0001089568680919,1974.1140130501255,2.815244929275476,2.9779494520325898,0.00015389780163073362,0.20899321461453624,True,False
liver_condition_binary,Liver Condition,LBXSAL,Albumin (g/dL),LBXGLU,Fasting Glucose (mg/dL),Ratio,2378,132.0,-0.3424077892516999,2.094464462122137e-05,1006.8704777805688,-0.086296521099998,0.3269524973557169,1022.8640812144866,0.2547059848446247,3.0314830935699223e-05,1009.8058122002589,1.4473786251299712,2.93533441968998,8.594307063419103e-05,0.1131010809545954,True,False
arthritis_binary,Arthritis,LBXIN,Insulin (uIU/mL),diastolic_bp,Diastolic BP (mmHg),Difference,2261,715.0,0.1477716874668797,0.0015377943109083,2814.8705974035847,0.125764635576813,0.0074175406821082,2817.8047714044096,-0.0740488186318829,0.1001287120777223,2823.0122836690853,4.823493382367039,2.934174000824896,0.005145036727945986,1.0,True,False
arthritis_binary,Arthritis,diastolic_bp,Diastolic BP (mmHg),LBXIN,Insulin (uIU/mL),Difference,2261,715.0,-0.1477716874668797,0.0015377943109083,2814.8705974035847,-0.0740488186318829,0.1001287120777223,2823.0122836690853,0.125764635576813,0.0074175406821082,2817.8047714044096,4.823493382367039,2.934174000824896,0.005145036727945986,1.0,True,False
high_cholesterol_binary,High Cholesterol,LBXSASSI,AST Liver Enzyme (U/L),LBXSATSI,ALT Liver Enzyme (U/L),Difference,5371,1758.0,-0.085703115723761,0.003554129998117,6787.059729595685,0.0205488551396884,0.4708889634535323,6795.2195511793325,0.0681453802309319,0.0162523088128213,6789.975132532182,4.572795261127647,2.9154029364972303,0.01136984715037429,1.0,True,False
high_cholesterol_binary,High Cholesterol,LBXSATSI,ALT Liver Enzyme (U/L),LBXSASSI,AST Liver Enzyme (U/L),Difference,5371,1758.0,0.085703115723761,0.003554129998117,6787.059729595685,0.0681453802309319,0.0162523088128213,6789.975132532182,0.0205488551396884,0.4708889634535323,6795.2195511793325,4.572795261127647,2.9154029364972303,0.01136984715037429,1.0,True,False
heart_attack_binary,Heart Attack,LBXSUA,Uric Acid (mg/dL),LBXTC,Total Cholesterol (mg/dL),Difference,4900,243.0,0.5166334931349233,6.359547468156225e-12,1886.194001754068,0.3143408807500344,2.481993827289045e-07,1912.2714955321453,-0.5010952582996173,2.425747411225612e-11,1889.1061207420491,3.81433965761229,2.912118987981557,4.836838919442763e-11,3.434155632804361e-08,True,True
heart_attack_binary,Heart Attack,LBXTC,Total Cholesterol (mg/dL),LBXSUA,Uric Acid (mg/dL),Difference,4900,243.0,-0.5166334931349233,6.359547468156225e-12,1886.194001754068,-0.5010952582996173,2.425747411225612e-11,1889.1061207420491,0.3143408807500344,2.481993827289045e-07,1912.2714955321453,3.81433965761229,2.912118987981557,4.836838919442763e-11,3.434155632804361e-08,True,True
arthritis_binary,Arthritis,LBXTC,Total Cholesterol (mg/dL),LBDHDD,HDL Cholesterol (mg/dL),Ratio,4923,1528.0,-0.0695913360449729,0.03160650862663,6097.872064127031,-0.0135642836052963,0.660305373810397,6102.460882007846,0.0418813868287667,0.17009474347939,6100.7827405853295,5.381636595447205,2.91067645829844,0.09035211571402965,1.0,False,False
thyroid_binary,Thyroid Problem,LBXHGB,Hemoglobin (g/dL),LBXGLU,Fasting Glucose (mg/dL),Ratio,2428,312.0,-0.3094711253339695,5.730709616665164e-08,1837.8983020722328,-0.2982249181528582,3.313633686712465e-07,1840.798360615572,0.1027478394865522,0.0533775309699088,1862.966168395762,5.782239737075961,2.9000585433395827,3.0368824268883103e-07,0.00030945831929991884,True,True
liver_condition_binary,Liver Condition,LBXSNASI,Sodium (mmol/L),BMXBMI,Body Mass Index (kg/m2),Ratio,4826,263.0,-0.1551600851905969,0.0171072529773814,2040.072675853516,-0.0330770330810981,0.6006202786862149,2045.586076143765,0.1035554427284913,0.0826540948827683,2042.9675182540368,4.831523505968527,2.8948424005207016,0.05012434404658685,1.0,False,False
hypertension_binary,Hypertension,LBXSNASI,Sodium (mmol/L),LBXSKSI,Potassium (mmol/L),Ratio,5408,1900.0,0.0585169587953339,0.039623253948315,7011.423480776135,0.0329772621575655,0.24777591398314,7014.3174724097225,-0.0015284629782527,0.9572144880074644,7015.652023173627,6.253295458932804,2.893991633587575,0.11167305392531368,1.0,False,False
heart_attack_binary,Heart Attack,LBXSASSI,AST Liver Enzyme (U/L),LBXSATSI,ALT Liver Enzyme (U/L),Difference,4892,243.0,0.1320887115336007,0.0346873268656494,1932.627325484228,0.0176030333234433,0.7784196730322379,1936.763357645084,-0.0829979290042533,0.270499649926937,1935.51325204354,7.798227028984763,2.885926559312338,0.09863694843312625,1.0,False,False
heart_attack_binary,Heart Attack,LBXSATSI,ALT Liver Enzyme (U/L),LBXSASSI,AST Liver Enzyme (U/L),Difference,4892,243.0,-0.1320887115336007,0.0346873268656494,1932.627325484228,-0.0829979290042533,0.270499649926937,1935.51325204354,0.0176030333234433,0.7784196730322379,1936.763357645084,7.798227028984763,2.885926559312338,0.09863694843312625,1.0,False,False
diabetes_binary,Diabetes,LBXSCR,Creatinine Kidney (mg/dL),LBXSNASI,Sodium (mmol/L),Ratio,5899,800.0,0.3917892963977715,3.4443715521754023e-16,4587.7683652865535,0.3826130868450004,9.21134143610079e-16,4590.648230631745,-0.1182394907238122,0.0017462481385412,4677.160907041731,2.6743170115555843,2.87986534519132,3.772739631186039e-15,1.8599606381747173e-12,True,True
depression_binary,Depression,LBXSKSI,Potassium (mmol/L),LBXSATSI,ALT Liver Enzyme (U/L),Ratio,790,410.0,0.1438230242217945,0.0483123180975549,1094.054248673197,0.0695074605661482,0.3306470002501609,1097.084140766606,-0.0756613309362137,0.2931007018448768,1096.914839620432,6.066790280131687,2.860590947235096,0.13517436151647486,1.0,False,False
thyroid_binary,Thyroid Problem,LBXSATSI,ALT Liver Enzyme (U/L),LBXGH,"Glycohemoglobin (HbA1c, %)",Difference,4897,599.0,-0.2874507187557199,4.10252763901771e-06,3616.100185519666,-0.2678540525355855,1.2176882732885206e-05,3618.955521321551,0.1198507296523764,0.0017169616328783,3633.622580614527,2.9681415469514745,2.8553358018848485,1.8323944789657266e-05,0.022153649250695632,True,True
thyroid_binary,Thyroid Problem,LBXGH,"Glycohemoglobin (HbA1c, %)",LBXSATSI,ALT Liver Enzyme (U/L),Difference,4897,599.0,0.2874507187557199,4.10252763901771e-06,3616.100185519666,0.1198507296523764,0.0017169616328783,3633.622580614527,-0.2678540525355855,1.2176882732885206e-05,3618.955521321551,2.9681415469514745,2.8553358018848485,1.8323944789657266e-05,0.022153649250695632,True,True
diabetes_binary,Diabetes,LBXSATSI,ALT Liver Enzyme (U/L),diastolic_bp,Diastolic BP (mmHg),Difference,5601,763.0,0.0915350742562879,0.0091145143823094,4456.559004335682,0.0674697052202986,0.0499720808357804,4459.404611408165,-0.055628626434978,0.1481902469661305,4460.909224811346,5.482692630643298,2.8456070724823803,0.02758877671775267,1.0,True,False
diabetes_binary,Diabetes,diastolic_bp,Diastolic BP (mmHg),LBXSATSI,ALT Liver Enzyme (U/L),Difference,5601,763.0,-0.0915350742562879,0.0091145143823094,4456.559004335682,-0.055628626434978,0.1481902469661305,4460.909224811346,0.0674697052202986,0.0499720808357804,4459.404611408165,5.482692630643298,2.8456070724823803,0.02758877671775267,1.0,True,False
high_cholesterol_binary,High Cholesterol,LBXPLTSI,Platelet Count (10^3/uL),LBXHSCRP,hs-CRP Inflammation (mg/L),Difference,5379,1758.0,-0.1776893582287178,4.126857382791086e-09,6766.461359932471,-0.1703693248542495,1.6599960342924766e-08,6769.286533510307,0.0367274013651666,0.1906392005251936,6800.388255158594,4.02242161605736,2.8251735778358125,2.448904380996908e-08,2.2285029867071863e-05,True,True
high_cholesterol_binary,High Cholesterol,LBXHSCRP,hs-CRP Inflammation (mg/L),LBXPLTSI,Platelet Count (10^3/uL),Difference,5379,1758.0,0.1776893582287178,4.126857382791086e-09,6766.461359932471,0.0367274013651666,0.1906392005251936,6800.388255158594,-0.1703693248542495,1.6599960342924766e-08,6769.286533510307,4.02242161605736,2.8251735778358125,2.448904380996908e-08,2.2285029867071863e-05,True,True
diabetes_binary,Diabetes,diastolic_bp,Diastolic BP (mmHg),LBDLDL,LDL Cholesterol (mg/dL),Ratio,2662,385.0,0.3086991992344491,2.8665170719926225e-10,2165.5052601869515,-0.0932750238603472,0.084561963319175,2201.34656721235,-0.3559868046272647,7.812380133032748e-09,2168.3068588714177,27.2539110593961,2.801598684466171,1.8900112562588718e-09,1.5479192188760162e-06,True,True
stroke_binary,Stroke,LBXGLU,Fasting Glucose (mg/dL),LBXSATSI,ALT Liver Enzyme (U/L),Ratio,2382,114.0,0.2756984692301224,0.0001803751370466,907.5469875850212,0.170453746206465,0.0186768902639575,914.8162038413589,-0.3945677987518838,0.0083751026249512,910.343791743462,46.43158010621696,2.7968041584406365,0.0006759373629782374,0.9740257400516399,True,False
heart_attack_binary,Heart Attack,LBDLDL,LDL Cholesterol (mg/dL),LBXSASSI,AST Liver Enzyme (U/L),Ratio,2345,125.0,-0.5659056719001114,6.71470912636765e-07,951.884425134437,-0.5134036408823297,1.4659686766859223e-06,954.6703236602824,0.0423384774228702,0.5985590305941264,979.8934927051496,2.183219926726661,2.785898525845255,3.2519667517834353e-06,0.003625942928238531,True,True
heart_attack_binary,Heart Attack,LBXSKSI,Potassium (mmol/L),LBXSNASI,Sodium (mmol/L),Ratio,4904,243.0,0.3486228312005859,8.244613128551281e-09,1906.6106040189345,0.3365573356843428,4.3341086935755365e-08,1909.3843978134105,-0.0364475696548076,0.5779730587896701,1937.752560378768,5.25689759603931,2.773793794475978,4.761305470057583e-08,4.452091089417692e-05,True,True
stroke_binary,Stroke,LBXTR,Triglycerides (mg/dL),LBXSASSI,AST Liver Enzyme (U/L),Ratio,2372,113.0,0.1485142464093289,0.0447847048146305,909.101220687552,0.0675982833474747,0.4013548057533197,911.8718081612074,-0.0742381891879719,0.5249193448654991,912.0396626469468,8.961872304720483,2.770587473655496,0.12562982129818426,1.0,False,False
thyroid_binary,Thyroid Problem,BMXBMI,Body Mass Index (kg/m2),LBXSASSI,AST Liver Enzyme (U/L),Difference,4812,583.0,0.1475873848496341,0.0050023095748532,3548.6590268156915,0.0738903189540979,0.0831547913694534,3554.44777449871,-0.1297411761128209,0.0253200710758102,3551.4266689017422,5.061676151171274,2.767642086050728,0.015704925409422834,1.0,True,False
thyroid_binary,Thyroid Problem,LBXSASSI,AST Liver Enzyme (U/L),BMXBMI,Body Mass Index (kg/m2),Difference,4812,583.0,-0.1475873848496341,0.0050023095748532,3548.6590268156915,-0.1297411761128209,0.0253200710758102,3551.4266689017422,0.0738903189540979,0.0831547913694534,3554.44777449871,5.061676151171274,2.767642086050728,0.015704925409422834,1.0,True,False
high_cholesterol_binary,High Cholesterol,LBXSNASI,Sodium (mmol/L),LBXSAPSI,Alkaline Phosphatase (U/L),Ratio,5387,1762.0,-0.1220834754370224,6.0631295747362976e-05,6797.543537826326,0.0435880288408112,0.1344296653347463,6811.9368760667785,0.1066938838276146,0.0002042147876687,6800.277862175693,3.3681415703156534,2.734324349366944,0.00023656719439000005,0.3274089970357601,True,False
arthritis_binary,Arthritis,LBXHSCRP,hs-CRP Inflammation (mg/L),LBXSATSI,ALT Liver Enzyme (U/L),Ratio,4888,1517.0,0.2022653405879017,7.632847991668773e-09,6019.273262804759,0.1872078696505453,9.028605235208384e-09,6022.002694908839,-0.1543482828709479,1.6762215263799888e-05,6038.436063662248,1.1828619206177138,2.729432104079933,4.4224655745720355e-08,4.121737915501138e-05,True,True
depression_binary,Depression,LBXSCA,Calcium (mg/dL),LBXSATSI,ALT Liver Enzyme (U/L),Ratio,790,410.0,0.1469949665319028,0.0443070006923988,1093.8932731421753,0.085039852527013,0.235221911261149,1096.616681301041,-0.0756613309362137,0.2931007018448768,1096.914839620432,5.308910727091996,2.723408158865368,0.12441903470564405,1.0,False,False
stroke_binary,Stroke,LBXTR,Triglycerides (mg/dL),LBDLDL,LDL Cholesterol (mg/dL),Ratio,2365,111.0,0.2386649680233656,0.0003347219107308,889.3823530467938,0.1031588131182175,0.2545867829122539,898.5667760558895,-0.286885349533942,0.0068767459421673,892.0830468253316,20.544654298705677,2.700693778537812,0.0012171705844756361,1.0,True,False
stroke_binary,Stroke,LBXSKSI,Potassium (mmol/L),LBXHGB,Hemoglobin (g/dL),Difference,4903,239.0,0.3109010274132836,4.115212952771342e-07,1889.8959536471189,0.1065382770409296,0.1009922304253807,1911.6085482671988,-0.2954099322511779,1.9315556694663648e-06,1892.589036037876,4.693695542938018,2.6930823907568997,2.0462384848034296e-06,0.0022222149944965248,True,True
stroke_binary,Stroke,LBXHGB,Hemoglobin (g/dL),LBXSKSI,Potassium (mmol/L),Difference,4903,239.0,-0.3109010274132836,4.115212952771342e-07,1889.8959536471189,-0.2954099322511779,1.9315556694663648e-06,1892.589036037876,0.1065382770409296,0.1009922304253807,1911.6085482671988,4.693695542938018,2.6930823907568997,2.0462384848034296e-06,0.0022222149944965248,True,True
arthritis_binary,Arthritis,LBXSAPSI,Alkaline Phosphatase (U/L),LBDLDL,LDL Cholesterol (mg/dL),Ratio,2352,745.0,0.2699284449519643,2.785533880613618e-09,2903.307208407098,0.2596609616171085,5.902992273621285e-09,2905.993506831899,-0.0643330021291923,0.1512530209069372,2939.085907460182,2.1191601059689607,2.6862984248009525,1.6806573134428535e-08,1.5041882955313538e-05,True,True
thyroid_binary,Thyroid Problem,systolic_bp,Systolic BP (mmHg),LBXSUA,Uric Acid (mg/dL),Difference,4669,568.0,0.2844543961048235,4.163113023311706e-12,3415.166087179688,0.2768252048854927,1.7907044047645215e-11,3417.831501440171,-0.090739783026888,0.0472021434216222,3456.9932104147183,4.301359090510681,2.6654142604834306,3.197839306669021e-11,2.2480810325883215e-08,True,True
thyroid_binary,Thyroid Problem,LBXSUA,Uric Acid (mg/dL),systolic_bp,Systolic BP (mmHg),Difference,4669,568.0,-0.2844543961048235,4.163113023311706e-12,3415.166087179688,-0.090739783026888,0.0472021434216222,3456.9932104147183,0.2768252048854927,1.7907044047645215e-11,3417.831501440171,4.301359090510681,2.6654142604834306,3.197839306669021e-11,2.2480810325883215e-08,True,True
liver_condition_binary,Liver Condition,LBXSCA,Calcium (mg/dL),LBXGH,"Glycohemoglobin (HbA1c, %)",Ratio,4895,270.0,-0.2066664399204985,0.0002564345121352,2080.990774129849,-0.0350980967221168,0.5752162784609941,2093.1872823636127,0.1673857407438891,0.0007309212042005,2083.6530847479758,2.8503230634381898,2.662310618126412,0.0009439307195160737,1.0,True,False
diabetes_binary,Diabetes,LBXPLTSI,Platelet Count (10^3/uL),LBXSATSI,ALT Liver Enzyme (U/L),Difference,5895,799.0,-0.1815908929691661,4.082227762127584e-06,4660.318215100158,-0.1717802847375556,1.743121457026997e-05,4662.975312509113,0.0707281888745488,0.0349276874733267,4677.910769045799,4.270024992722389,2.6570974089545416,1.8263487916726557e-05,0.02204402991548895,True,True
diabetes_binary,Diabetes,LBXSATSI,ALT Liver Enzyme (U/L),LBXPLTSI,Platelet Count (10^3/uL),Difference,5895,799.0,0.1815908929691661,4.082227762127584e-06,4660.318215100158,0.0707281888745488,0.0349276874733267,4677.910769045799,-0.1717802847375556,1.743121457026997e-05,4662.975312509113,4.270024992722389,2.6570974089545416,1.8263487916726557e-05,0.02204402991548895,True,True
hypertension_binary,Hypertension,LBXSASSI,AST Liver Enzyme (U/L),LBXSKSI,Potassium (mmol/L),Ratio,5392,1894.0,0.0943923476641092,0.0008018497315461,6982.991908995078,0.0827049696053235,0.0030899898765172,6985.630752713707,-0.0035594457899263,0.9007358952681842,6994.430253980732,3.853577241410597,2.638843718628777,0.002777414079761989,1.0,True,False
liver_condition_binary,Liver Condition,LBXSCA,Calcium (mg/dL),BMXWAIST,Waist Circumference (cm),Ratio,4643,252.0,-0.2544214261741473,0.0001907178929779,1948.1306796554409,-0.0487578468959939,0.4519315327509791,1962.000574975898,0.2160800747190952,0.000500349868871,1950.7670262509291,2.623507742553666,2.636346595488476,0.0007117322889292744,1.0,True,False
thyroid_binary,Thyroid Problem,LBXHGB,Hemoglobin (g/dL),systolic_bp,Systolic BP (mmHg),Difference,4779,583.0,-0.2838611797181528,2.3614396620812304e-12,3501.962985901632,-0.2858963265806223,1.902358120612681e-11,3504.594136039158,0.2668897581877055,5.849877191802827e-11,3507.8471938855423,8.055925167853145,2.6311501375266744,1.853455548726547e-11,1.2751774175238644e-08,True,True
thyroid_binary,Thyroid Problem,systolic_bp,Systolic BP (mmHg),LBXHGB,Hemoglobin (g/dL),Difference,4779,583.0,0.2838611797181528,2.3614396620812304e-12,3501.962985901632,0.2668897581877055,5.849877191802827e-11,3507.8471938855423,-0.2858963265806223,1.902358120612681e-11,3504.594136039158,8.055925167853145,2.6311501375266744,1.853455548726547e-11,1.2751774175238644e-08,True,True
high_cholesterol_binary,High Cholesterol,LBXSKSI,Potassium (mmol/L),LBXGLU,Fasting Glucose (mg/dL),Ratio,2580,862.0,-0.448519768899776,6.859057137527703e-25,3178.6346427968524,0.1137522894049612,0.006422760695512,3283.738810643586,0.4591627808995678,7.783490653022899e-21,3181.264812556436,11347.75596260509,2.6301697595831683,1.2860732132864443e-23,3.7038908542649595e-21,True,True
hypertension_binary,Hypertension,LBXPLTSI,Platelet Count (10^3/uL),LBXWBCSI,WBC Count (10^3/uL),Difference,5540,1942.0,-0.1337869673017825,3.6774015562598967e-06,7159.550942494244,-0.1253922917570025,1.389830839218966e-05,7162.176007745988,0.2659260679894491,0.0001960510734075,7164.604385993293,3.779382854866941,2.625065251743763,1.652077238253198e-05,0.019857968403803442,True,True
hypertension_binary,Hypertension,LBXWBCSI,WBC Count (10^3/uL),LBXPLTSI,Platelet Count (10^3/uL),Difference,5540,1942.0,0.1337869673017825,3.6774015562598967e-06,7159.550942494244,0.2659260679894491,0.0001960510734075,7164.604385993293,-0.1253922917570025,1.389830839218966e-05,7162.176007745988,3.779382854866941,2.625065251743763,1.652077238253198e-05,0.019857968403803442,True,True
hypertension_binary,Hypertension,LBXSCA,Calcium (mg/dL),LBDHDD,HDL Cholesterol (mg/dL),Ratio,5404,1899.0,0.1242353667395283,1.2661763908231002e-05,6991.771139648115,0.1164039685294186,4.927276519533458e-05,6994.382702895529,-0.0857490236233904,0.0032378406481452,7002.156677107314,3.891461375559527,2.611563247413869,5.345858100425912e-05,0.06837352510444741,True,False
liver_condition_binary,Liver Condition,LBXHSCRP,hs-CRP Inflammation (mg/L),LBXWBCSI,WBC Count (10^3/uL),Ratio,4891,269.0,0.1013099397078193,0.0305770046781553,2083.465834078482,0.06168712868461,0.2168624560360614,2086.0467058146046,-0.0331513895296613,0.7877482672399736,2087.251030614396,7.09233812529031,2.58087173612239,0.08750176219503901,1.0,False,False
diabetes_binary,Diabetes,LBXHGB,Hemoglobin (g/dL),LBXIN,Insulin (uIU/mL),Difference,2823,411.0,-0.5310471470978511,9.696839100674496e-17,2248.7650748748074,-0.1213114179560482,0.0204731192407904,2341.6824545518275,0.5214071196507561,2.0676408550424158e-16,2251.326630292738,2.1322833488065136,2.561555417931231,1.1070387133962426e-15,5.236293114364228e-13,True,True
diabetes_binary,Diabetes,LBXIN,Insulin (uIU/mL),LBXHGB,Hemoglobin (g/dL),Difference,2823,411.0,0.5310471470978511,9.696839100674496e-17,2248.7650748748074,0.5214071196507561,2.0676408550424158e-16,2251.326630292738,-0.1213114179560482,0.0204731192407904,2341.6824545518275,2.1322833488065136,2.561555417931231,1.1070387133962426e-15,5.236293114364228e-13,True,True
liver_condition_binary,Liver Condition,LBXSCA,Calcium (mg/dL),LBXGLU,Fasting Glucose (mg/dL),Ratio,2375,132.0,-0.3322326354959998,2.2763918836121235e-05,1006.9573520693956,-0.0106383821817001,0.9055213421960752,1023.456671450628,0.2544011750386614,3.1401728042622526e-05,1009.5125589215676,1.3794517661341783,2.555206852172091,9.249447834089893e-05,0.12292516171505467,True,False
heart_attack_binary,Heart Attack,LBXSAL,Albumin (g/dL),LBXGH,"Glycohemoglobin (HbA1c, %)",Difference,4903,243.0,-0.336846347031941,7.68425253998137e-14,1892.4981996863264,-0.1670151698116941,0.0085412144700962,1931.208318357167,0.3196183807482468,2.605167596395396e-13,1895.028320816544,3.3902680616502896,2.5301211302178217,7.279818195771825e-13,4.14949637158994e-10,True,True
heart_attack_binary,Heart Attack,LBXGH,"Glycohemoglobin (HbA1c, %)",LBXSAL,Albumin (g/dL),Difference,4903,243.0,0.336846347031941,7.68425253998137e-14,1892.4981996863264,0.3196183807482468,2.605167596395396e-13,1895.028320816544,-0.1670151698116941,0.0085412144700962,1931.208318357167,3.3902680616502896,2.5301211302178217,7.279818195771825e-13,4.14949637158994e-10,True,True
thyroid_binary,Thyroid Problem,LBXSBU,BUN Kidney (mg/dL),LBXSAL,Albumin (g/dL),Ratio,4900,598.0,0.2077913376488631,8.749425310267964e-09,3609.220863438007,0.2051268426683251,3.980284131578805e-08,3611.748884522302,-0.1872473229013786,1.051660012193362e-05,3620.408768433004,4.549194936160788,2.528021084295233,5.036982588000747e-08,4.724689667544701e-05,True,True
high_cholesterol_binary,High Cholesterol,LBXHSCRP,hs-CRP Inflammation (mg/L),LBXWBCSI,WBC Count (10^3/uL),Ratio,5379,1758.0,0.0577917393724173,0.0385363051252227,6797.863562350384,0.0367274013651666,0.1906392005251936,6800.388255158594,-0.0165679340093139,0.6547160647869283,6801.828875230108,4.947002570841093,2.524692808209693,0.10877995173873632,1.0,False,False
heart_attack_binary,Heart Attack,LBDLDL,LDL Cholesterol (mg/dL),LBXSCA,Calcium (mg/dL),Ratio,2350,125.0,-0.5385677304339564,4.606211569706226e-07,952.7429389540728,-0.5129867611338824,1.4928672360569237e-06,955.2563321018712,0.2099265962672238,0.0204368004740399,975.3789042958648,3.240987118080065,2.5133931477981832,2.281976373982901e-06,0.002487354247641362,True,True
liver_condition_binary,Liver Condition,LBXSAL,Albumin (g/dL),LBXHGB,Hemoglobin (g/dL),Ratio,4899,269.0,-0.1826424070244116,0.0079537335799042,2080.820352949332,-0.1369093356095392,0.0248529802187879,2083.3263318328263,0.0882238198258584,0.1668358863525293,2086.3348913814507,3.124693575553115,2.5059788834942083,0.024251926217663852,1.0,True,False
stroke_binary,Stroke,LBXTC,Total Cholesterol (mg/dL),LBXGLU,Fasting Glucose (mg/dL),Ratio,2390,113.0,-0.259842085474554,0.0089031897976144,907.2704174877014,-0.1514699559967384,0.1344046755393974,911.9332754524056,0.168255075778549,0.0210554123244077,909.7734861525504,2.3649290650918684,2.503068664849025,0.026994511458235688,1.0,True,False
stroke_binary,Stroke,BMXWAIST,Waist Circumference (cm),LBDLDL,LDL Cholesterol (mg/dL),Ratio,2244,99.0,0.2858769784335847,5.960625432827549e-05,802.3970813918397,0.3196535112824835,0.0008915166932414,804.894123760702,-0.2205635243155003,0.04568066282978,811.3259338170799,14.956764240401506,2.497042368862253,0.00023273591711691082,0.32187377337268763,True,False
heart_attack_binary,Heart Attack,LBXPLTSI,Platelet Count (10^3/uL),BMXBMI,Body Mass Index (kg/m2),Difference,4940,239.0,-0.5620367055554418,5.105885753672704e-13,1860.685880657551,-0.5506642652344006,1.7273759963904413e-12,1863.164073490459,0.0493673531480955,0.4434716047326378,1917.3679967119235,3.3831074170586874,2.4781928329080074,4.376473503148032e-12,2.7571783069832602e-09,True,True
heart_attack_binary,Heart Attack,BMXBMI,Body Mass Index (kg/m2),LBXPLTSI,Platelet Count (10^3/uL),Difference,4940,239.0,0.5620367055554418,5.105885753672704e-13,1860.685880657551,0.0493673531480955,0.4434716047326378,1917.3679967119235,-0.5506642652344006,1.7273759963904413e-12,1863.164073490459,3.3831074170586874,2.4781928329080074,4.376473503148032e-12,2.7571783069832602e-09,True,True
heart_attack_binary,Heart Attack,LBXGLU,Fasting Glucose (mg/dL),LBXSATSI,ALT Liver Enzyme (U/L),Difference,2378,126.0,0.3518582128599502,6.186897448871247e-09,962.210580923193,0.3246657906726345,2.137992427439114e-08,964.681350675908,-0.0989290335676517,0.3462562693026092,988.540253474186,3.455677817690633,2.470769752714886,3.600134291369045e-08,3.3409246223904734e-05,True,True
heart_attack_binary,Heart Attack,LBXSATSI,ALT Liver Enzyme (U/L),LBXGLU,Fasting Glucose (mg/dL),Difference,2378,126.0,-0.3518582128599502,6.186897448871247e-09,962.210580923193,-0.0989290335676517,0.3462562693026092,988.540253474186,0.3246657906726345,2.137992427439114e-08,964.681350675908,3.455677817690633,2.470769752714886,3.600134291369045e-08,3.3409246223904734e-05,True,True
arthritis_binary,Arthritis,diastolic_bp,Diastolic BP (mmHg),LBXGLU,Fasting Glucose (mg/dL),Ratio,2307,728.0,-0.3090170624139133,1.5363551561652512e-11,2833.9410228964475,-0.0853617136570936,0.0557594395825917,2877.073006755997,0.2892857803307246,1.1810634417369963e-10,2836.4050784173523,7.687437614912788,2.4640555209048216,1.1349272015447821e-10,8.296317843292357e-08,True,True
liver_condition_binary,Liver Condition,LBXSBU,BUN Kidney (mg/dL),LBDHDD,HDL Cholesterol (mg/dL),Difference,4895,270.0,0.2277109343649724,0.000687005805799,2081.5071490975038,0.1692335521481378,0.0009910962411652,2083.965516719578,-0.1632402643937353,0.0168343992144697,2087.4602024003925,1.4426315364431206,2.4583676220745474,0.0023980810286455072,1.0,True,False
liver_condition_binary,Liver Condition,LBDHDD,HDL Cholesterol (mg/dL),LBXSBU,BUN Kidney (mg/dL),Difference,4895,270.0,-0.2277109343649724,0.000687005805799,2081.5071490975038,-0.1632402643937353,0.0168343992144697,2087.4602024003925,0.1692335521481378,0.0009910962411652,2083.965516719578,1.4426315364431206,2.4583676220745474,0.0023980810286455072,1.0,True,False
heart_attack_binary,Heart Attack,LBXSCA,Calcium (mg/dL),LBXSAL,Albumin (g/dL),Ratio,4904,243.0,0.184277352867941,0.001520190900187,1928.8180138656649,0.0312300484694994,0.6345024158596833,1937.8354274429569,-0.1674296002549122,0.0083714781080579,1931.2753850949969,5.5068597680911004,2.457371229332012,0.005098776932304224,1.0,True,False
stroke_binary,Stroke,LBXSAL,Albumin (g/dL),LBXSNASI,Sodium (mmol/L),Ratio,4909,239.0,-0.4395271683497954,1.4084238933222166e-12,1866.6642323912235,-0.4222020559166538,3.694041330162933e-12,1869.1183549178645,0.1187939662714337,0.0768885385069083,1911.7056861338133,2.622819271724622,2.4541225266411857,1.1284108344124585e-11,7.60548902393997e-09,True,True
diabetes_binary,Diabetes,LBXSCA,Calcium (mg/dL),diastolic_bp,Diastolic BP (mmHg),Ratio,5600,763.0,0.07309645537866,0.009273785873037,4456.940778329432,-0.0708192740363695,0.0691314157521773,4459.38562534491,-0.0557280276806807,0.1474623332129201,4460.608879760082,7.454497731414365,2.4448470154784445,0.028023751379070958,1.0,True,False
stroke_binary,Stroke,LBXSKSI,Potassium (mmol/L),LBXHGB,Hemoglobin (g/dL),Ratio,4903,239.0,0.2796677432643553,1.4382888305752945e-07,1890.1467023170949,0.1065382770409296,0.1009922304253807,1911.6085482671988,-0.2954099322511779,1.9315556694663648e-06,1892.589036037876,13.4295395222792,2.4423337207811078,7.425200463773031e-07,0.000776675968510659,True,True
stroke_binary,Stroke,LBXHSCRP,hs-CRP Inflammation (mg/L),LBDLDL,LDL Cholesterol (mg/dL),Ratio,2351,109.0,0.1987272959253788,0.0002996598519165,876.3632705422729,0.1552215021807378,0.0099696408710149,881.3218247121816,-0.2872773900189652,0.0073328969368754,878.7957748002923,24.47073536870389,2.432504258019435,0.0010955742724096818,1.0,True,False
high_cholesterol_binary,High Cholesterol,diastolic_bp,Diastolic BP (mmHg),BMXBMI,Body Mass Index (kg/m2),Ratio,5419,1770.0,-0.2232044665060001,8.632933267285851e-14,6793.85471010216,0.0324700730482595,0.2639964226821121,6849.821070435897,0.2114168620223956,1.3794713502458553e-13,6796.264683152936,1.597917309836398,2.4099730507759887,8.121574850756724e-13,4.66178396433436e-10,True,True
thyroid_binary,Thyroid Problem,LBXGLU,Fasting Glucose (mg/dL),LBXTR,Triglycerides (mg/dL),Ratio,2386,309.0,-0.1527433974084566,0.0250404545291876,1837.9430011963063,0.0969771960602784,0.0719697963848109,1840.3482556747044,0.0585490863311432,0.248050485817847,1842.1417957731128,2.8741409745945914,2.405254478398092,0.07227068650861199,1.0,False,False
liver_condition_binary,Liver Condition,BMXBMI,Body Mass Index (kg/m2),LBXPLTSI,Platelet Count (10^3/uL),Difference,4936,267.0,0.3180179427062898,5.056935539065353e-06,2058.847638794853,0.1054798494019893,0.0745930616568417,2077.9500548614506,-0.2997299352045494,1.6387686514808798e-05,2061.2518285024817,3.240635833344565,2.404189707628575,2.243833353406155e-05,0.027307451910952907,True,True
liver_condition_binary,Liver Condition,LBXPLTSI,Platelet Count (10^3/uL),BMXBMI,Body Mass Index (kg/m2),Difference,4936,267.0,-0.3180179427062898,5.056935539065353e-06,2058.847638794853,-0.2997299352045494,1.6387686514808798e-05,2061.2518285024817,0.1054798494019893,0.0745930616568417,2077.9500548614506,3.240635833344565,2.404189707628575,2.243833353406155e-05,0.027307451910952907,True,True
depression_binary,Depression,LBXWBCSI,WBC Count (10^3/uL),LBXSASSI,AST Liver Enzyme (U/L),Ratio,787,409.0,0.2013141812030807,0.0077604972334616,1086.3262127509356,0.1700735225249127,0.0303463272634468,1088.722553431706,-0.0502337067438193,0.4876330096452965,1093.3029311911416,3.9103586214295194,2.396340680770436,0.02367609325462861,1.0,True,False
hypertension_binary,Hypertension,LBXSAPSI,Alkaline Phosphatase (U/L),LBDHDD,HDL Cholesterol (mg/dL),Ratio,5405,1899.0,0.1631908838901433,9.079864104740052e-09,6978.370476578814,0.1587284463427107,4.023481497882516e-08,6980.761440523728,-0.0866138998587274,0.002946624239732,7002.845956780322,4.431213343580878,2.390963944913892,5.2216470889878885e-08,4.9031266165596276e-05,True,True
arthritis_binary,Arthritis,LBXSAL,Albumin (g/dL),BMXWAIST,Waist Circumference (cm),Difference,4649,1426.0,-0.4294618854544552,2.0060157734272997e-39,5555.977402240147,-0.2543982045997336,2.1493196254048533e-15,5671.939714523377,0.4265308793412286,6.025856034982603e-39,5558.365416219054,3.0038926487040345,2.388013978907111,6.189991529432811e-38,1.0832485176507418e-35,True,True
arthritis_binary,Arthritis,BMXWAIST,Waist Circumference (cm),LBXSAL,Albumin (g/dL),Difference,4649,1426.0,0.4294618854544552,2.0060157734272997e-39,5555.977402240147,0.4265308793412286,6.025856034982603e-39,5558.365416219054,-0.2543982045997336,2.1493196254048533e-15,5671.939714523377,3.0038926487040345,2.388013978907111,6.189991529432811e-38,1.0832485176507418e-35,True,True
hypertension_binary,Hypertension,LBDHDD,HDL Cholesterol (mg/dL),LBXTC,Total Cholesterol (mg/dL),Ratio,5436,1906.0,-0.0958153951406677,0.0008740871995177,7036.056222107409,-0.0855412040459472,0.003237310659644,7038.4307632420405,0.0245047527793799,0.3876150124652037,7046.494607203826,3.7036472578823902,2.374541134631727,0.003010249284053303,1.0,True,False
hypertension_binary,Hypertension,LBXHGB,Hemoglobin (g/dL),LBXSAPSI,Alkaline Phosphatase (U/L),Difference,5406,1899.0,-0.1652301797332794,1.165075021763248e-08,6979.088162260911,-0.111780900992094,8.52784228542875e-05,6997.244621416171,0.1591838555346207,3.6924999325515276e-08,6981.450508192728,3.1693237461766395,2.36234593181689,6.601684278616516e-08,6.291405117521539e-05,True,True
hypertension_binary,Hypertension,LBXSAPSI,Alkaline Phosphatase (U/L),LBXHGB,Hemoglobin (g/dL),Difference,5406,1899.0,0.1652301797332794,1.165075021763248e-08,6979.088162260911,0.1591838555346207,3.6924999325515276e-08,6981.450508192728,-0.111780900992094,8.52784228542875e-05,6997.244621416171,3.1693237461766395,2.36234593181689,6.601684278616516e-08,6.291405117521539e-05,True,True
hypertension_binary,Hypertension,LBXSASSI,AST Liver Enzyme (U/L),LBDHDD,HDL Cholesterol (mg/dL),Ratio,5389,1894.0,0.0957490649073452,0.0008702219673713,6980.34831636504,0.0842643779806489,0.0026000042984738,6982.704734657991,-0.0844176888416972,0.0037851751537147,6983.330599571846,2.987748408980744,2.356418292951276,0.002998850429996822,1.0,True,False
thyroid_binary,Thyroid Problem,LBXGLU,Fasting Glucose (mg/dL),LBXHSCRP,hs-CRP Inflammation (mg/L),Ratio,2374,305.0,-0.163770632374673,0.0258770919338658,1819.1693108264692,0.1009888659852502,0.0613102696397009,1821.5183845013407,0.0682237866430695,0.1892700880658266,1823.1929822311597,2.3692874684833867,2.349073674871306,0.07460560408055275,1.0,False,False
heart_attack_binary,Heart Attack,LBXSAPSI,Alkaline Phosphatase (U/L),LBDHDD,HDL Cholesterol (mg/dL),Ratio,4901,243.0,0.2817630191917989,2.8485585721597705e-08,1910.2437495624783,0.2195265078320837,2.0890631892022812e-05,1920.4917445116032,-0.3734952758724987,2.061237169669591e-06,1912.5873713099736,72.3607086691135,2.3436217474950354,1.547506668980157e-07,0.0001538221628966276,True,True
hypertension_binary,Hypertension,LBXSAL,Albumin (g/dL),BMXWAIST,Waist Circumference (cm),Difference,5133,1776.0,-0.6575001832082469,1.0397449001511454e-90,6166.144558099818,-0.2630004621122947,1.2122832203035369e-18,6545.462771819722,0.6556527234959634,2.6550679588410067e-90,6168.485443863317,2.553576322860584,2.3408857634995,2.1594701772369942e-88,5.614622460816185e-87,True,True
hypertension_binary,Hypertension,BMXWAIST,Waist Circumference (cm),LBXSAL,Albumin (g/dL),Difference,5133,1776.0,0.6575001832082469,1.0397449001511454e-90,6166.144558099818,0.6556527234959634,2.6550679588410067e-90,6168.485443863317,-0.2630004621122947,1.2122832203035369e-18,6545.462771819722,2.553576322860584,2.3408857634995,2.1594701772369942e-88,5.614622460816185e-87,True,True
arthritis_binary,Arthritis,LBXSASSI,AST Liver Enzyme (U/L),LBDHDD,HDL Cholesterol (mg/dL),Ratio,4884,1518.0,-0.0692094478107991,0.045832228739064,6053.376622252783,-0.0453993038923149,0.1683806450090852,6055.710908051399,0.0406366520226651,0.1848187672773757,6055.948467768996,3.673848068085979,2.3342857986162926,0.12850157590391775,1.0,False,False
liver_condition_binary,Liver Condition,LBXSAL,Albumin (g/dL),LBXGH,"Glycohemoglobin (HbA1c, %)",Difference,4898,270.0,-0.1872833076308848,0.000173653588908,2081.6270074075446,-0.1409735391539585,0.0205538379112444,2088.5788357364163,0.1676278274293791,0.0007142061681002,2083.958669318732,4.112821235605495,2.331661911187439,0.000651200958405,0.9377293801032,True,False
liver_condition_binary,Liver Condition,LBXGH,"Glycohemoglobin (HbA1c, %)",LBXSAL,Albumin (g/dL),Difference,4898,270.0,0.1872833076308848,0.000173653588908,2081.6270074075446,0.1676278274293791,0.0007142061681002,2083.958669318732,-0.1409735391539585,0.0205538379112444,2088.5788357364163,4.112821235605495,2.331661911187439,0.000651200958405,0.9377293801032,True,False
hypertension_binary,Hypertension,LBXHGB,Hemoglobin (g/dL),LBXGH,"Glycohemoglobin (HbA1c, %)",Ratio,5527,1937.0,-0.5520047156170479,9.707963614316404e-73,6807.297160251238,-0.1093237805690744,0.0001028275672305,7148.9307842258495,0.5844502056194976,4.694392103720828e-61,6809.616611052354,483560949569.0706,2.319450801115636,1.0279020297511486e-70,5.242300351730858e-69,True,True
arthritis_binary,Arthritis,LBXGLU,Fasting Glucose (mg/dL),LBXHGB,Hemoglobin (g/dL),Difference,2427,767.0,0.3097152445478952,2.806016663099943e-12,2979.1603413084717,0.3023466695671435,7.315953764071579e-12,2981.476400039824,-0.1604406205498897,0.0002283488486601,3018.5070160796977,2.607238175125193,2.3160587313523138,2.183355905005719e-11,1.515248998073969e-08,True,True
arthritis_binary,Arthritis,LBXHGB,Hemoglobin (g/dL),LBXGLU,Fasting Glucose (mg/dL),Difference,2427,767.0,-0.3097152445478952,2.806016663099943e-12,2979.1603413084717,-0.1604406205498897,0.0002283488486601,3018.5070160796977,0.3023466695671435,7.315953764071579e-12,2981.476400039824,2.607238175125193,2.3160587313523138,2.183355905005719e-11,1.515248998073969e-08,True,True
thyroid_binary,Thyroid Problem,BMXBMI,Body Mass Index (kg/m2),diastolic_bp,Diastolic BP (mmHg),Difference,4922,581.0,0.1487926425105437,0.000507368689602,3565.571439067468,0.0547389978036495,0.2039972485845856,3575.8286157134053,-0.1337194309577235,0.0018129619788578,3567.877365165565,3.5732634197036166,2.3059260980971885,0.0017977630733929135,1.0,True,False
thyroid_binary,Thyroid Problem,diastolic_bp,Diastolic BP (mmHg),BMXBMI,Body Mass Index (kg/m2),Difference,4922,581.0,-0.1487926425105437,0.000507368689602,3565.571439067468,-0.1337194309577235,0.0018129619788578,3567.877365165565,0.0547389978036495,0.2039972485845856,3575.8286157134053,3.5732634197036166,2.3059260980971885,0.0017977630733929135,1.0,True,False
hypertension_binary,Hypertension,LBXPLTSI,Platelet Count (10^3/uL),LBXSASSI,AST Liver Enzyme (U/L),Ratio,5390,1894.0,-0.1381944387277193,4.209079703676843e-06,6970.747198926603,-0.1284366131745673,1.1191611988757146e-05,6973.052332158919,0.0834243934137079,0.0028554601439505,6983.749390102004,2.6589213739480178,2.305133232315711,1.8784322644508226e-05,0.022729030399854952,True,True
diabetes_binary,Diabetes,LBXTC,Total Cholesterol (mg/dL),LBXSCR,Creatinine Kidney (mg/dL),Ratio,5893,799.0,-0.4164249207793793,2.9464832625406242e-21,4582.638668237246,-0.2437419840736063,2.209600953732936e-09,4643.954770159223,0.3836183386666945,8.482196859007944e-16,4584.934760341228,287875.27717683744,2.2960921039821187,4.585305365336994e-20,1.591100961771937e-17,True,True
stroke_binary,Stroke,LBXSATSI,ALT Liver Enzyme (U/L),LBXSUA,Uric Acid (mg/dL),Difference,4905,239.0,-0.3952944624549727,0.0002479555147886,1896.6248863412045,-0.3587799325070558,0.0005626603611195,1898.9185515227996,0.1016193931279666,0.1156277135541649,1912.0276385474292,2.2691988181796834,2.293665181595088,0.0009139657200398906,1.0,True,False
stroke_binary,Stroke,LBXSUA,Uric Acid (mg/dL),LBXSATSI,ALT Liver Enzyme (U/L),Difference,4905,239.0,0.3952944624549727,0.0002479555147886,1896.6248863412045,0.1016193931279666,0.1156277135541649,1912.0276385474292,-0.3587799325070558,0.0005626603611195,1898.9185515227996,2.2691988181796834,2.293665181595088,0.0009139657200398906,1.0,True,False
thyroid_binary,Thyroid Problem,LBXSAPSI,Alkaline Phosphatase (U/L),LBXSUA,Uric Acid (mg/dL),Ratio,4899,598.0,0.1496522692374831,9.11951719138312e-05,3625.076531199309,0.1366662136829129,0.0004360225705782,3627.368429250343,-0.0791993885666824,0.0747861901972993,3636.0464625067,4.781202353455841,2.291898051033513,0.00035175280595334897,0.4924539283346885,True,False
liver_condition_binary,Liver Condition,LBXGH,"Glycohemoglobin (HbA1c, %)",LBXSAL,Albumin (g/dL),Ratio,4898,270.0,0.1855078943603423,0.0001706978173441,2081.678501901414,0.1676278274293791,0.0007142061681002,2083.958669318732,-0.1409735391539585,0.0205538379112444,2088.5788357364163,4.184038080933567,2.280167417317898,0.0006410071026829902,0.92176821365814,True,False
stroke_binary,Stroke,LBXSNASI,Sodium (mmol/L),LBXSATSI,ALT Liver Enzyme (U/L),Difference,4907,239.0,0.3852448770599873,0.0002149708094641,1896.853753006912,0.1181611636726443,0.0784548724711497,1911.5392544862132,-0.3585413425314376,0.0005657596240607,1899.1337472168136,2.63179743087469,2.279994209901588,0.0007961881832003703,1.0,True,False
stroke_binary,Stroke,LBXSATSI,ALT Liver Enzyme (U/L),LBXSNASI,Sodium (mmol/L),Difference,4907,239.0,-0.3852448770599873,0.0002149708094641,1896.853753006912,-0.3585413425314376,0.0005657596240607,1899.1337472168136,0.1181611636726443,0.0784548724711497,1911.5392544862132,2.63179743087469,2.279994209901588,0.0007961881832003703,1.0,True,False
liver_condition_binary,Liver Condition,LBXSNASI,Sodium (mmol/L),LBXGH,"Glycohemoglobin (HbA1c, %)",Ratio,4898,270.0,-0.2018051309359352,0.0002993453211371,2081.700417898198,-0.0189045909096679,0.7621932795474702,2093.7502142982285,0.1676278274293791,0.0007142061681002,2083.958669318732,2.385893874630361,2.2582514205341795,0.0010951658090381708,1.0,True,False
thyroid_binary,Thyroid Problem,LBXTR,Triglycerides (mg/dL),LBXSCR,Creatinine Kidney (mg/dL),Ratio,2377,306.0,0.1038730412461341,0.0387093027486929,1825.5743714433663,0.0607132773207195,0.2306746771996352,1828.110037810065,-0.1018882461500188,0.2651753846664795,1827.8276209043577,5.95915350625695,2.253249460991128,0.10921119897750348,1.0,False,False
hypertension_binary,Hypertension,LBXPLTSI,Platelet Count (10^3/uL),LBXSATSI,ALT Liver Enzyme (U/L),Difference,5406,1899.0,-0.1351686191626222,3.455723487194126e-06,6990.769016601464,-0.1283757532010225,1.0985772803943564e-05,6992.998670756222,0.051934935134493,0.0631882565705847,7009.260890122625,3.179008055665779,2.229654154758464,1.5563725463593227e-05,0.01866090683084828,True,True
hypertension_binary,Hypertension,LBXSATSI,ALT Liver Enzyme (U/L),LBXPLTSI,Platelet Count (10^3/uL),Difference,5406,1899.0,0.1351686191626222,3.455723487194126e-06,6990.769016601464,0.051934935134493,0.0631882565705847,7009.260890122625,-0.1283757532010225,1.0985772803943564e-05,6992.998670756222,3.179008055665779,2.229654154758464,1.5563725463593227e-05,0.01866090683084828,True,True
liver_condition_binary,Liver Condition,LBXSATSI,ALT Liver Enzyme (U/L),LBXHGB,Hemoglobin (g/dL),Ratio,4897,269.0,0.3163492584926599,5.205388583859988e-15,2036.917624192251,0.3116486749982705,1.4582378320545933e-14,2039.1409905961268,0.0885898062737309,0.1651219701080407,2086.093135907497,2.8014005267081443,2.2233664038758434,5.303603462800742e-14,2.8109098352843936e-11,True,True
arthritis_binary,Arthritis,LBXIN,Insulin (uIU/mL),LBXPLTSI,Platelet Count (10^3/uL),Ratio,2378,753.0,0.1573555065615491,0.0021592433086791,2961.743185380855,0.1334091771541188,0.0037987602070133,2963.9576455909946,-0.05822952000194,0.1915423257650117,2971.5491200309502,1.7593015996595298,2.214460210139805,0.007105371034044571,1.0,True,False
stroke_binary,Stroke,LBXHGB,Hemoglobin (g/dL),LBXSAPSI,Alkaline Phosphatase (U/L),Difference,4904,239.0,-0.2941367355561497,1.6389062137430062e-08,1883.1516522787808,-0.2954389453617637,1.9286452967645574e-06,1892.6855208046825,0.2839504492641196,5.577465177925469e-08,1885.3637894490064,3.403163116446676,2.21213717022556,9.039932128919545e-08,8.850093554212234e-05,True,True
stroke_binary,Stroke,LBXSAPSI,Alkaline Phosphatase (U/L),LBXHGB,Hemoglobin (g/dL),Difference,4904,239.0,0.2941367355561497,1.6389062137430062e-08,1883.1516522787808,0.2839504492641196,5.577465177925469e-08,1885.3637894490064,-0.2954389453617637,1.9286452967645574e-06,1892.6855208046825,3.403163116446676,2.21213717022556,9.039932128919545e-08,8.850093554212234e-05,True,True
liver_condition_binary,Liver Condition,LBXHSCRP,hs-CRP Inflammation (mg/L),LBXPLTSI,Platelet Count (10^3/uL),Difference,4891,269.0,0.3261804072466861,2.5773034044300792e-06,2063.8603690015198,0.06168712868461,0.2168624560360614,2086.0467058146046,-0.3103178012871168,7.70087258790439e-06,2066.071255746593,2.9879573257333627,2.2108867450738217,1.172488490642159e-05,0.013917438383922428,True,True
liver_condition_binary,Liver Condition,LBXPLTSI,Platelet Count (10^3/uL),LBXHSCRP,hs-CRP Inflammation (mg/L),Difference,4891,269.0,-0.3261804072466861,2.5773034044300792e-06,2063.8603690015198,-0.3103178012871168,7.70087258790439e-06,2066.071255746593,0.06168712868461,0.2168624560360614,2086.0467058146046,2.9879573257333627,2.2108867450738217,1.172488490642159e-05,0.013917438383922428,True,True
hypertension_binary,Hypertension,LBXSATSI,ALT Liver Enzyme (U/L),LBXSKSI,Potassium (mmol/L),Ratio,5407,1899.0,0.0657373425433913,0.0190403378475089,7008.049530746905,0.0509647709727864,0.0682349244417622,7010.253547752451,-0.0006871145077274,0.9807609330929934,7013.561927666399,3.5837034504453027,2.2040170055461203,0.055517183788632865,1.0,False,False
diabetes_binary,Diabetes,LBXSAL,Albumin (g/dL),LBXGLU,Fasting Glucose (mg/dL),Difference,2825,411.0,-1.8538622090359105,1.7119121657069044e-81,1594.568620371151,-0.3470817644756234,2.8244936378068383e-11,2303.414348164906,1.8485656312928933,2.434872587155754e-81,1596.741804824051,1.4223116325307006,2.1731844529003865,2.5678682485603562e-79,9.244325694817284e-78,True,True
diabetes_binary,Diabetes,LBXGLU,Fasting Glucose (mg/dL),LBXSAL,Albumin (g/dL),Difference,2825,411.0,1.8538622090359105,1.7119121657069044e-81,1594.568620371151,1.8485656312928933,2.434872587155754e-81,1596.741804824051,-0.3470817644756234,2.8244936378068383e-11,2303.414348164906,1.4223116325307006,2.1731844529003865,2.5678682485603562e-79,9.244325694817284e-78,True,True
thyroid_binary,Thyroid Problem,LBXSUA,Uric Acid (mg/dL),LBXGH,"Glycohemoglobin (HbA1c, %)",Difference,4896,598.0,-0.1436665397880579,0.0006656668300366,3627.1456946201088,-0.0790709638915876,0.0752563280790638,3635.275580229634,0.1206217402834042,0.001600920768936,3629.30439669373,2.404988046118945,2.1587020736210434,0.0023311289767818676,1.0,True,False
thyroid_binary,Thyroid Problem,LBXGH,"Glycohemoglobin (HbA1c, %)",LBXSUA,Uric Acid (mg/dL),Difference,4896,598.0,0.1436665397880579,0.0006656668300366,3627.1456946201088,0.1206217402834042,0.001600920768936,3629.30439669373,-0.0790709638915876,0.0752563280790638,3635.275580229634,2.404988046118945,2.1587020736210434,0.0023311289767818676,1.0,True,False
diabetes_binary,Diabetes,LBXHGB,Hemoglobin (g/dL),LBXTC,Total Cholesterol (mg/dL),Ratio,6730,806.0,0.1556221995162715,1.613057685179256e-05,4918.2823291205095,-0.0851831884385053,0.0221078062781635,4931.222618960475,-0.1549229424919025,8.328468557436889e-05,4920.439588545413,5.163156056946198,2.157259424903714,6.757572924723027e-05,0.08710511499967982,True,False
stroke_binary,Stroke,LBXTC,Total Cholesterol (mg/dL),LBXGLU,Fasting Glucose (mg/dL),Difference,2390,113.0,-0.2317126004408776,0.0075978588013054,907.6208817666336,-0.1514699559967384,0.1344046755393974,911.9332754524056,0.168255075778549,0.0210554123244077,909.7734861525504,2.771229747095322,2.1526043859167885,0.023206129822991608,1.0,True,False
stroke_binary,Stroke,LBXGLU,Fasting Glucose (mg/dL),LBXTC,Total Cholesterol (mg/dL),Difference,2390,113.0,0.2317126004408776,0.0075978588013054,907.6208817666336,0.168255075778549,0.0210554123244077,909.7734861525504,-0.1514699559967384,0.1344046755393974,911.9332754524056,2.771229747095322,2.1526043859167885,0.023206129822991608,1.0,True,False
heart_attack_binary,Heart Attack,LBXSNASI,Sodium (mmol/L),LBXSKSI,Potassium (mmol/L),Ratio,4904,243.0,-0.3778250039378398,4.259180603523349e-08,1907.232500920832,-0.0364475696548076,0.5779730587896701,1937.752560378768,0.3365573356843428,4.3341086935755365e-08,1909.3843978134105,1.017592137321015,2.1518968925788613,2.2885149511468743e-07,0.00022999575259026087,True,True
heart_attack_binary,Heart Attack,LBDLDL,LDL Cholesterol (mg/dL),LBXWBCSI,WBC Count (10^3/uL),Difference,2361,125.0,-0.5352618100191354,5.786812470228692e-07,954.3663227680602,-0.5117386826015218,1.5159561726286198e-06,956.5142598469432,0.2339900160143434,0.0014157158273248,972.5846942156228,2.619673923127338,2.14793707888316,2.8382186502484046e-06,0.0031248787339234934,True,True
heart_attack_binary,Heart Attack,LBXWBCSI,WBC Count (10^3/uL),LBDLDL,LDL Cholesterol (mg/dL),Difference,2361,125.0,0.5352618100191354,5.786812470228692e-07,954.3663227680602,0.2339900160143434,0.0014157158273248,972.5846942156228,-0.5117386826015218,1.5159561726286198e-06,956.5142598469432,2.619673923127338,2.14793707888316,2.8382186502484046e-06,0.0031248787339234934,True,True
arthritis_binary,Arthritis,LBXSKSI,Potassium (mmol/L),LBXIN,Insulin (uIU/mL),Ratio,2374,753.0,-0.1745688636593584,0.0019752769110146,2958.846722521319,0.0133304942082873,0.7623459896375867,2970.1278689464416,0.1329223372513193,0.0039310569419504,2960.9834878199977,1.9901295459030928,2.1367652986787107,0.006523850348305101,1.0,True,False
hypertension_binary,Hypertension,LBXSNASI,Sodium (mmol/L),LBXHGB,Hemoglobin (g/dL),Ratio,5408,1900.0,0.1183671680220865,2.4756010359719987e-05,6997.926780253803,0.0338307833007774,0.2357708886917727,7014.247426579992,-0.1122623158385132,7.921945111982463e-05,7000.062416041274,3.200008804678844,2.135635787471074,0.00010021173608882153,0.13368245594248793,True,False
hypertension_binary,Hypertension,diastolic_bp,Diastolic BP (mmHg),LBXTR,Triglycerides (mg/dL),Ratio,2476,884.0,-0.2756788124176215,3.993452082514246e-09,3193.6273537175,0.2575888328810564,6.033864196360261e-09,3195.7610845959334,0.2310419302921862,1.3434642521401946e-05,3208.0446930613625,1.51093942576153,2.133730878434108,2.3775789686413375e-08,2.156464124557693e-05,True,True
arthritis_binary,Arthritis,systolic_bp,Systolic BP (mmHg),LBXSNASI,Sodium (mmol/L),Ratio,4670,1457.0,0.4264805003412925,2.884757401101665e-40,5617.172952796269,0.4236520937344379,7.840693261293174e-40,5619.302850964861,-0.0116602049919694,0.7119008217154023,5801.059595417274,2.717973184954436,2.1298981685922627,9.319087437326563e-39,1.557768996594899e-36,True,True
liver_condition_binary,Liver Condition,LBXPLTSI,Platelet Count (10^3/uL),LBXSBU,BUN Kidney (mg/dL),Difference,4896,269.0,-0.3241636359713488,2.7594375441711566e-06,2064.598646582236,-0.3097562498673294,7.895923775958241e-06,2066.694562379342,0.1665827938210621,0.0012493792819738,2078.7564531243365,2.8614250728874224,2.0959157971065,1.2532348812888348e-05,0.014900962738524245,True,True
liver_condition_binary,Liver Condition,LBXSBU,BUN Kidney (mg/dL),LBXPLTSI,Platelet Count (10^3/uL),Difference,4896,269.0,0.3241636359713488,2.7594375441711566e-06,2064.598646582236,0.1665827938210621,0.0012493792819738,2078.7564531243365,-0.3097562498673294,7.895923775958241e-06,2066.694562379342,2.8614250728874224,2.0959157971065,1.2532348812888348e-05,0.014900962738524245,True,True
high_cholesterol_binary,High Cholesterol,LBXSKSI,Potassium (mmol/L),LBXSCR,Creatinine Kidney (mg/dL),Ratio,5385,1760.0,-0.2267529804711654,1.2691588266028052e-13,6752.549581137924,0.1310054726958915,6.40137929133397e-06,6789.302577417697,0.2679935186903782,3.4430270277699025e-10,6754.634044403279,2712.8417307595423,2.0844632653552253,1.1735372711738267e-12,6.853457663655148e-10,True,True
arthritis_binary,Arthritis,diastolic_bp,Diastolic BP (mmHg),LBXSKSI,Potassium (mmol/L),Ratio,4667,1457.0,-0.1138186823485882,0.0003429802240436,5786.048325776405,-0.098914899377488,0.0016604364533783,5789.066471453225,0.1037175607193169,0.0009915972196131,5788.111884880973,2.8911206830598446,2.063559104567503,0.0012438503759808195,1.0,True,False
liver_condition_binary,Liver Condition,BMXBMI,Body Mass Index (kg/m2),LBXHSCRP,hs-CRP Inflammation (mg/L),Ratio,4819,263.0,-0.1585641886210897,0.0354623116045413,2040.1386326671416,0.1033739035582518,0.0831854263495341,2042.1924894556623,0.071493599100923,0.1402157672406567,2043.2399020524,2.345741791374968,2.0538567885207613,0.10062873497872993,1.0,False,False
diabetes_binary,Diabetes,LBXWBCSI,WBC Count (10^3/uL),LBXTC,Total Cholesterol (mg/dL),Difference,6730,806.0,0.164099606343007,2.8518553843686035e-05,4918.390278052366,0.0446453257147931,0.145167675116637,4933.798964776742,-0.1549229424919025,8.328468557436889e-05,4920.439588545413,2.920368474182221,2.049310493047414,0.00011458347526480997,0.1540001907559046,True,False
diabetes_binary,Diabetes,LBXTC,Total Cholesterol (mg/dL),LBXWBCSI,WBC Count (10^3/uL),Difference,6730,806.0,-0.164099606343007,2.8518553843686035e-05,4918.390278052366,-0.1549229424919025,8.328468557436889e-05,4920.439588545413,0.0446453257147931,0.145167675116637,4933.798964776742,2.920368474182221,2.049310493047414,0.00011458347526480997,0.1540001907559046,True,False
arthritis_binary,Arthritis,LBDHDD,HDL Cholesterol (mg/dL),LBDLDL,LDL Cholesterol (mg/dL),Ratio,2361,748.0,0.1093972137569962,0.0107835513285809,2946.181713224656,0.0916836332367022,0.0350519290003046,2948.226911888709,-0.0673769557427585,0.1322710343399584,2950.345814578437,3.25049957405056,2.045198664052805,0.03231474870939892,1.0,True,False
arthritis_binary,Arthritis,systolic_bp,Systolic BP (mmHg),LBXSNASI,Sodium (mmol/L),Difference,4670,1457.0,0.4265623885548917,3.1230314168076127e-40,5617.261122739087,0.4236520937344379,7.840693261293174e-40,5619.302850964861,-0.0116602049919694,0.7119008217154023,5801.059595417274,2.510603389737267,2.0417282257740226,9.8048660760239e-39,1.686436965076111e-36,True,True
arthritis_binary,Arthritis,LBXSNASI,Sodium (mmol/L),systolic_bp,Systolic BP (mmHg),Difference,4670,1457.0,-0.4265623885548917,3.1230314168076127e-40,5617.261122739087,-0.0116602049919694,0.7119008217154023,5801.059595417274,0.4236520937344379,7.840693261293174e-40,5619.302850964861,2.510603389737267,2.0417282257740226,9.8048660760239e-39,1.686436965076111e-36,True,True
hypertension_binary,Hypertension,LBXHGB,Hemoglobin (g/dL),LBXIN,Insulin (uIU/mL),Difference,2598,930.0,-0.2234252816828182,1.136192221399106e-05,3368.7712150813877,-0.1140499529170444,0.0052448873213954,3385.2390960490998,0.2116469079745438,2.3783746030465515e-05,3370.808819355311,2.093285412672359,2.0376042739235345,4.815885396825096e-05,0.06135437995555173,True,False
hypertension_binary,Hypertension,LBXIN,Insulin (uIU/mL),LBXHGB,Hemoglobin (g/dL),Difference,2598,930.0,0.2234252816828182,1.136192221399106e-05,3368.7712150813877,0.2116469079745438,2.3783746030465515e-05,3370.808819355311,-0.1140499529170444,0.0052448873213954,3385.2390960490998,2.093285412672359,2.0376042739235345,4.815885396825096e-05,0.06135437995555173,True,False
stroke_binary,Stroke,LBXSNASI,Sodium (mmol/L),LBXHGB,Hemoglobin (g/dL),Ratio,4906,239.0,0.2701658599691125,1.302177129497377e-07,1890.8443604348024,0.1191718166537716,0.0759583331530633,1911.3861312780527,-0.2957169410884199,1.8847601261929729e-06,1892.8433757262897,14.473915134114398,1.999015291487467,6.735398945676088e-07,0.0007031756499285836,True,True
thyroid_binary,Thyroid Problem,LBXSAL,Albumin (g/dL),LBXSBU,BUN Kidney (mg/dL),Difference,4900,598.0,-0.2113148046890635,1.2795016323649684e-08,3609.753625832224,-0.1872473229013786,1.051660012193362e-05,3620.408768433004,0.2051268426683251,3.980284131578805e-08,3611.748884522302,3.110808170069969,1.995258690078117,7.197196682052947e-08,6.90930881477083e-05,True,True
thyroid_binary,Thyroid Problem,LBXSBU,BUN Kidney (mg/dL),LBXSAL,Albumin (g/dL),Difference,4900,598.0,0.2113148046890635,1.2795016323649684e-08,3609.753625832224,0.2051268426683251,3.980284131578805e-08,3611.748884522302,-0.1872473229013786,1.051660012193362e-05,3620.408768433004,3.110808170069969,1.995258690078117,7.197196682052947e-08,6.90930881477083e-05,True,True
stroke_binary,Stroke,LBXSBU,BUN Kidney (mg/dL),LBXSKSI,Potassium (mmol/L),Ratio,4903,239.0,0.4187207040751139,1.5266664655100817e-18,1847.8713346657216,0.3972490086038435,4.174922270664278e-18,1849.8665183327892,0.1062238383239269,0.1020184904301917,1911.6243370867228,2.7346656031180823,1.995183667067522,2.005839151765071e-17,8.24399891375444e-15,True,True
thyroid_binary,Thyroid Problem,LBXHGB,Hemoglobin (g/dL),LBXSNASI,Sodium (mmol/L),Ratio,4901,600.0,-0.2891829137487751,6.667697964437513e-12,3601.32208520558,-0.2825701788952114,1.809081117863829e-11,3603.308718035928,0.0538547354313216,0.2191076128629174,3646.151961907194,2.713201958925929,1.986632830347844,5.049869426081707e-11,3.600556900796257e-08,True,True
thyroid_binary,Thyroid Problem,diastolic_bp,Diastolic BP (mmHg),BMXBMI,Body Mass Index (kg/m2),Ratio,4922,581.0,-0.1522238002447754,0.0007551772859135,3565.891186493712,-0.1337194309577235,0.0018129619788578,3567.877365165565,0.0547389978036495,0.2039972485845856,3575.8286157134053,2.400710419493905,1.986178671853395,0.002627549835008312,1.0,True,False
thyroid_binary,Thyroid Problem,BMXWAIST,Waist Circumference (cm),BMXBMI,Body Mass Index (kg/m2),Difference,4916,573.0,0.1250051404061386,0.0044058720226263,3535.5770759067764,0.1081781187711551,0.0131808842681833,3537.55202051916,0.0657576743251241,0.1288405620978126,3541.3593992117967,2.991662989867379,1.9749446123837515,0.013905148405717138,1.0,True,False
thyroid_binary,Thyroid Problem,BMXBMI,Body Mass Index (kg/m2),BMXWAIST,Waist Circumference (cm),Difference,4916,573.0,-0.1250051404061386,0.0044058720226263,3535.5770759067764,0.0657576743251241,0.1288405620978126,3541.3593992117967,0.1081781187711551,0.0131808842681833,3537.55202051916,2.991662989867379,1.9749446123837515,0.013905148405717138,1.0,True,False
stroke_binary,Stroke,LBXHGB,Hemoglobin (g/dL),LBXSUA,Uric Acid (mg/dL),Difference,4903,239.0,-0.3005770526227717,4.721166194084337e-07,1890.5522811435603,-0.2958289118383417,1.866823295666109e-06,1892.526327757334,0.1008080043228876,0.1186614601848223,1911.8673419469665,3.9541571275445775,1.9740466137736803,2.332506628367376e-06,0.002549429744805542,True,True
stroke_binary,Stroke,LBXSUA,Uric Acid (mg/dL),LBXHGB,Hemoglobin (g/dL),Difference,4903,239.0,0.3005770526227717,4.721166194084337e-07,1890.5522811435603,0.1008080043228876,0.1186614601848223,1911.8673419469665,-0.2958289118383417,1.866823295666109e-06,1892.526327757334,3.9541571275445775,1.9740466137736803,2.332506628367376e-06,0.002549429744805542,True,True
thyroid_binary,Thyroid Problem,LBXHSCRP,hs-CRP Inflammation (mg/L),LBXWBCSI,WBC Count (10^3/uL),Ratio,4893,598.0,0.1005693151716417,0.0044874525713899,3630.5290319848064,0.0851085445118035,0.0155884639839295,3632.497024493159,0.0161298046530255,0.6250978496567912,3637.493541249128,3.473789134466798,1.9679925083523813,0.014146085163750998,1.0,True,False
heart_attack_binary,Heart Attack,LBDHDD,HDL Cholesterol (mg/dL),LBXSCR,Creatinine Kidney (mg/dL),Difference,4902,243.0,-0.3883852117323956,8.752676457154241e-07,1910.789069106622,-0.3729157890455092,2.1218255229795968e-06,1912.7558696878164,0.1708860157167717,3.2487858018640246e-06,1918.6740533035472,2.4242019379629465,1.9668005811943203,4.205022497209333e-06,0.00472644528686329,True,True
heart_attack_binary,Heart Attack,LBXSCR,Creatinine Kidney (mg/dL),LBDHDD,HDL Cholesterol (mg/dL),Difference,4902,243.0,0.3883852117323956,8.752676457154241e-07,1910.789069106622,0.1708860157167717,3.2487858018640246e-06,1918.6740533035472,-0.3729157890455092,2.1218255229795968e-06,1912.7558696878164,2.4242019379629465,1.9668005811943203,4.205022497209333e-06,0.00472644528686329,True,True
stroke_binary,Stroke,LBXIN,Insulin (uIU/mL),LBXSATSI,ALT Liver Enzyme (U/L),Difference,2379,114.0,0.2216221542370638,0.000428936274024,908.0688694123698,0.1449630481347316,0.0093800013996105,913.8352567026608,-0.3951402395926498,0.0083020153537553,910.0271758509234,19.354892221797424,1.958306438553564,0.0015390404516475746,1.0,True,False
stroke_binary,Stroke,LBXSATSI,ALT Liver Enzyme (U/L),LBXIN,Insulin (uIU/mL),Difference,2379,114.0,-0.2216221542370638,0.000428936274024,908.0688694123698,-0.3951402395926498,0.0083020153537553,910.0271758509234,0.1449630481347316,0.0093800013996105,913.8352567026608,19.354892221797424,1.958306438553564,0.0015390404516475746,1.0,True,False
stroke_binary,Stroke,LBXGLU,Fasting Glucose (mg/dL),LBXPLTSI,Platelet Count (10^3/uL),Difference,2432,115.0,0.2536304133416637,0.0061016360497426,923.0218875942156,0.1798536932816169,0.0111730758442834,924.9746675658524,-0.1722637705941817,0.0915029408207037,927.3567191146494,1.8311606515361705,1.9527799716365732,0.018817152866139372,1.0,True,False
stroke_binary,Stroke,LBXPLTSI,Platelet Count (10^3/uL),LBXGLU,Fasting Glucose (mg/dL),Difference,2432,115.0,-0.2536304133416637,0.0061016360497426,923.0218875942156,-0.1722637705941817,0.0915029408207037,927.3567191146494,0.1798536932816169,0.0111730758442834,924.9746675658524,1.8311606515361705,1.9527799716365732,0.018817152866139372,1.0,True,False
heart_attack_binary,Heart Attack,LBXSUA,Uric Acid (mg/dL),LBDLDL,LDL Cholesterol (mg/dL),Difference,2350,125.0,0.5334639998336225,6.11776842913352e-07,953.3181332523484,0.3507924029674107,3.799563258219671e-05,964.4742616970216,-0.5129867611338824,1.4928672360569237e-06,955.2563321018712,2.4402153388933736,1.9381988495226776,2.986975544061574e-06,0.0033035949517321007,True,True
heart_attack_binary,Heart Attack,LBDLDL,LDL Cholesterol (mg/dL),LBXSUA,Uric Acid (mg/dL),Difference,2350,125.0,-0.5334639998336225,6.11776842913352e-07,953.3181332523484,-0.5129867611338824,1.4928672360569237e-06,955.2563321018712,0.3507924029674107,3.799563258219671e-05,964.4742616970216,2.4402153388933736,1.9381988495226776,2.986975544061574e-06,0.0033035949517321007,True,True
stroke_binary,Stroke,LBXHGB,Hemoglobin (g/dL),LBXSNASI,Sodium (mmol/L),Ratio,4906,239.0,-0.3087475823620489,6.626638885186051e-07,1890.9069710049744,-0.2957169410884199,1.8847601261929729e-06,1892.8433757262897,0.1191718166537716,0.0759583331530633,1911.3861312780527,2.8442173458499176,1.9364047213152844,3.212194791741892e-06,0.003578384998000468,True,True
heart_attack_binary,Heart Attack,LBXSCR,Creatinine Kidney (mg/dL),diastolic_bp,Diastolic BP (mmHg),Difference,4673,228.0,0.2960912539067923,9.66671681375706e-07,1803.8337480693244,0.17053074582847,4.971410279962793e-06,1807.781401619536,-0.284014634492749,3.014396118524089e-06,1805.7688084110357,3.118324635551743,1.9350603417110503,4.6154085582924955e-06,0.005220027079428812,True,True
heart_attack_binary,Heart Attack,diastolic_bp,Diastolic BP (mmHg),LBXSCR,Creatinine Kidney (mg/dL),Difference,4673,228.0,-0.2960912539067923,9.66671681375706e-07,1803.8337480693244,-0.284014634492749,3.014396118524089e-06,1805.7688084110357,0.17053074582847,4.971410279962793e-06,1807.781401619536,3.118324635551743,1.9350603417110503,4.6154085582924955e-06,0.005220027079428812,True,True
heart_attack_binary,Heart Attack,LBXHGB,Hemoglobin (g/dL),LBDLDL,LDL Cholesterol (mg/dL),Ratio,2361,125.0,0.3619705044408117,2.911706071742608e-08,954.5824813244442,-0.014252643736396,0.8763896629653505,981.8696125247524,-0.5117386826015218,1.5159561726286198e-06,956.5142598469432,52.06418969760039,1.931778522499144,1.5802223906944808e-07,0.00015723212787410084,True,True
heart_attack_binary,Heart Attack,systolic_bp,Systolic BP (mmHg),LBXSNASI,Sodium (mmol/L),Ratio,4674,228.0,0.3573381454316418,1.2868990083866596e-09,1792.1943632871228,0.3465634026516151,3.648254606623156e-09,1794.1215074935085,-0.0767727359268059,0.2540716677893954,1824.7135926734984,2.8349191217396656,1.927144206385492,7.969328721660507e-09,6.949254645287962e-06,True,True
heart_attack_binary,Heart Attack,LBXSAL,Albumin (g/dL),LBXSKSI,Potassium (mmol/L),Difference,4904,243.0,-0.3518021676432161,1.9652354054688186e-08,1907.4654001275733,-0.1674697539235609,0.0083538242406567,1931.2718795058215,0.3365573356843428,4.3341086935755365e-08,1909.3843978134105,2.205389075280581,1.9189976858369848,1.0806793472028127e-07,0.0001061227118953162,True,True
heart_attack_binary,Heart Attack,LBXSKSI,Potassium (mmol/L),LBXSAL,Albumin (g/dL),Difference,4904,243.0,0.3518021676432161,1.9652354054688186e-08,1907.4654001275733,0.3365573356843428,4.3341086935755365e-08,1909.3843978134105,-0.1674697539235609,0.0083538242406567,1931.2718795058215,2.205389075280581,1.9189976858369848,1.0806793472028127e-07,0.0001061227118953162,True,True
arthritis_binary,Arthritis,LBDHDD,HDL Cholesterol (mg/dL),LBXSASSI,AST Liver Enzyme (U/L),Difference,4884,1518.0,0.0615028808420342,0.0496351571041333,6053.806151736537,0.0406366520226651,0.1848187672773757,6055.948467768996,-0.0453993038923149,0.1683806450090852,6055.710908051399,3.392366516657272,1.904756314862425,0.13851671749990688,1.0,False,False
arthritis_binary,Arthritis,LBXSASSI,AST Liver Enzyme (U/L),LBDHDD,HDL Cholesterol (mg/dL),Difference,4884,1518.0,-0.0615028808420342,0.0496351571041333,6053.806151736537,-0.0453993038923149,0.1683806450090852,6055.710908051399,0.0406366520226651,0.1848187672773757,6055.948467768996,3.392366516657272,1.904756314862425,0.13851671749990688,1.0,False,False
thyroid_binary,Thyroid Problem,LBXSASSI,AST Liver Enzyme (U/L),LBXWBCSI,WBC Count (10^3/uL),Ratio,4886,597.0,-0.155724094546559,0.0138383246117475,3624.479108017662,-0.1231524353624921,0.0300901807070389,3626.3565780921135,0.0164432584414249,0.6172975740730766,3631.716274297319,2.1744092259185,1.8774700744525037,0.041036217959053545,1.0,True,False
liver_condition_binary,Liver Condition,LBDHDD,HDL Cholesterol (mg/dL),LBXTC,Total Cholesterol (mg/dL),Ratio,4922,270.0,-0.1832326275598075,0.0057171348471728,2088.616862944502,-0.1635212537674795,0.0166463198093659,2090.493812284782,0.0407611246902521,0.5098971175464303,2096.1257260142447,2.911654220924585,1.8769493402801345,0.01774283228432938,1.0,True,False
thyroid_binary,Thyroid Problem,BMXWAIST,Waist Circumference (cm),LBXSCR,Creatinine Kidney (mg/dL),Ratio,4647,557.0,0.1211187554815849,0.0052254715965738,3404.0500544133947,0.1067521064319645,0.0161240276991745,3405.924714278028,0.0210900395891022,0.606107077998636,3411.400360579204,3.085659811020037,1.8746598646330312,0.016329598739293124,1.0,True,False
liver_condition_binary,Liver Condition,LBXSAPSI,Alkaline Phosphatase (U/L),LBXWBCSI,WBC Count (10^3/uL),Ratio,4897,269.0,0.2855662229759957,1.237554807255975e-09,2054.683226224981,0.2883627543229678,1.8223670927356048e-08,2056.5532900359503,-0.0321320669119214,0.7912032253625558,2087.933909005896,14.725546553985204,1.870063810969441,7.68137466572674e-09,6.682795959182265e-06,True,True
thyroid_binary,Thyroid Problem,LBXSAPSI,Alkaline Phosphatase (U/L),LBXSATSI,ALT Liver Enzyme (U/L),Ratio,4901,599.0,0.2016105957150584,1.6473055664626925e-07,3618.1546096951183,0.1369397191097033,0.000421470532325,3631.769670228676,-0.2676274780153956,1.2281904262678293e-05,3620.0246093499136,74.55753512113472,1.869999654795265,8.439705938233908e-07,0.000889545005889854,True,True
hypertension_binary,Hypertension,LBXSNASI,Sodium (mmol/L),LBXSASSI,AST Liver Enzyme (U/L),Ratio,5393,1895.0,-0.0945147382977876,0.0010057502850037,6985.654420855924,0.034072944186491,0.2330807762378796,6995.114140013617,0.0836280124028656,0.002783606817622,6987.524402216016,2.7676918009639304,1.8699813600924244,0.0034417310133206466,1.0,True,False
thyroid_binary,Thyroid Problem,LBXPLTSI,Platelet Count (10^3/uL),LBXGLU,Fasting Glucose (mg/dL),Ratio,2428,312.0,-0.1431577672419258,0.0228659821571612,1861.098937091595,-0.0415263667309598,0.4998089353003661,1865.946684156356,0.1027478394865522,0.0533775309699088,1862.966168395762,2.3343642360532435,1.867231304167035,0.06613620977432806,1.0,False,False
thyroid_binary,Thyroid Problem,LBXSBU,BUN Kidney (mg/dL),LBXSCR,Creatinine Kidney (mg/dL),Difference,4900,598.0,0.2130893740289993,1.4918767794326092e-08,3609.882041036229,0.2051268426683251,3.980284131578805e-08,3611.748884522302,0.0309100613562762,0.417519820922664,3638.917707603922,2.667971099525116,1.8668434860728669,8.271185430119189e-08,8.05613460893609e-05,True,True
thyroid_binary,Thyroid Problem,LBXSCR,Creatinine Kidney (mg/dL),LBXSBU,BUN Kidney (mg/dL),Difference,4900,598.0,-0.2130893740289993,1.4918767794326092e-08,3609.882041036229,0.0309100613562762,0.417519820922664,3638.917707603922,0.2051268426683251,3.980284131578805e-08,3611.748884522302,2.667971099525116,1.8668434860728669,8.271185430119189e-08,8.05613460893609e-05,True,True
thyroid_binary,Thyroid Problem,LBXSNASI,Sodium (mmol/L),BMXBMI,Body Mass Index (kg/m2),Ratio,4827,586.0,-0.0924569627338373,0.0384888669984877,3568.8183322312407,0.0618528157920653,0.1630124251093435,3571.1882605114142,0.0677782348201865,0.1121541632500893,3570.671710095548,2.913937769446316,1.8533778643072765,0.10870286704593805,1.0,False,False
heart_attack_binary,Heart Attack,systolic_bp,Systolic BP (mmHg),LBXSNASI,Sodium (mmol/L),Difference,4674,228.0,0.3571349636241036,1.3540698782494066e-09,1792.273652077602,0.3465634026516151,3.648254606623156e-09,1794.1215074935085,-0.0767727359268059,0.2540716677893954,1824.7135926734984,2.6942882824775327,1.847855415906224,8.347006098797712e-09,7.311977342546796e-06,True,True
heart_attack_binary,Heart Attack,LBXSNASI,Sodium (mmol/L),systolic_bp,Systolic BP (mmHg),Difference,4674,228.0,-0.3571349636241036,1.3540698782494066e-09,1792.273652077602,-0.0767727359268059,0.2540716677893954,1824.7135926734984,0.3465634026516151,3.648254606623156e-09,1794.1215074935085,2.6942882824775327,1.847855415906224,8.347006098797712e-09,7.311977342546796e-06,True,True
arthritis_binary,Arthritis,LBXSATSI,ALT Liver Enzyme (U/L),LBXWBCSI,WBC Count (10^3/uL),Difference,4898,1523.0,-0.1538033349016571,2.6909067138680028e-05,6055.640150863059,-0.1455925757212638,4.0621838243607565e-05,6057.439302739214,0.0449116561039124,0.2808570966586458,6074.273083211396,1.509596673651177,1.79915187615552,0.00010852050974523685,0.14530896254887216,True,False
arthritis_binary,Arthritis,LBXWBCSI,WBC Count (10^3/uL),LBXSATSI,ALT Liver Enzyme (U/L),Difference,4898,1523.0,0.1538033349016571,2.6909067138680028e-05,6055.640150863059,0.0449116561039124,0.2808570966586458,6074.273083211396,-0.1455925757212638,4.0621838243607565e-05,6057.439302739214,1.509596673651177,1.79915187615552,0.00010852050974523685,0.14530896254887216,True,False
thyroid_binary,Thyroid Problem,diastolic_bp,Diastolic BP (mmHg),LBXSNASI,Sodium (mmol/L),Difference,4672,570.0,-0.1371068895156575,0.0015420187451984,3459.8471744238777,-0.1243694245921321,0.004192857249884,3461.62392204087,0.0724231008547232,0.1075527981323609,3467.067142068603,2.7190702207349267,1.776747616992452,0.005152785410935247,1.0,True,False
thyroid_binary,Thyroid Problem,LBXSNASI,Sodium (mmol/L),diastolic_bp,Diastolic BP (mmHg),Difference,4672,570.0,0.1371068895156575,0.0015420187451984,3459.8471744238777,0.0724231008547232,0.1075527981323609,3467.067142068603,-0.1243694245921321,0.004192857249884,3461.62392204087,2.7190702207349267,1.776747616992452,0.005152785410935247,1.0,True,False
stroke_binary,Stroke,diastolic_bp,Diastolic BP (mmHg),LBXGLU,Fasting Glucose (mg/dL),Ratio,2312,107.0,-0.2338992384552257,0.0138462333214956,864.7142455553211,-0.0942611932456201,0.3256924761564456,869.6562963519552,0.1660257268735538,0.0267082971196202,866.4748015688473,1.9289214979612357,1.760556013526184,0.04103713498138103,1.0,True,False
thyroid_binary,Thyroid Problem,LBXTC,Total Cholesterol (mg/dL),LBDLDL,LDL Cholesterol (mg/dL),Ratio,2361,304.0,0.1110329145264978,0.0420657104737986,1813.502678587289,0.0874863110233762,0.1459084313216194,1815.260425061732,0.0095115279405291,0.8766752745878237,1817.3221328952536,3.468583548885997,1.757746474443138,0.11837146251094967,1.0,False,False
high_cholesterol_binary,High Cholesterol,BMXBMI,Body Mass Index (kg/m2),LBXSAL,Albumin (g/dL),Difference,5303,1732.0,0.2131132893376494,1.6599967775114477e-13,6649.820096535492,0.2096357520475303,3.998065742362259e-13,6651.575913913306,-0.1450794561557231,7.090702652062193e-07,6679.68651628325,2.4084780142500533,1.75581737781431,1.5116328159463437e-12,8.963982598561818e-10,True,True
high_cholesterol_binary,High Cholesterol,LBXSAL,Albumin (g/dL),BMXBMI,Body Mass Index (kg/m2),Difference,5303,1732.0,-0.2131132893376494,1.6599967775114477e-13,6649.820096535492,-0.1450794561557231,7.090702652062193e-07,6679.68651628325,0.2096357520475303,3.998065742362259e-13,6651.575913913306,2.4084780142500533,1.75581737781431,1.5116328159463437e-12,8.963982598561818e-10,True,True
diabetes_binary,Diabetes,LBXSCA,Calcium (mg/dL),LBXSASSI,AST Liver Enzyme (U/L),Ratio,5878,800.0,0.0770253289432535,0.0417905897389809,4676.659660052512,-0.0587422923767687,0.1225763040297223,4678.405381314634,0.0012547869871775,0.9736056954410764,4680.788602793553,2.933107783243053,1.7457212621220606,0.11771997109572085,1.0,False,False
diabetes_binary,Diabetes,BMXBMI,Body Mass Index (kg/m2),LBXHGB,Hemoglobin (g/dL),Difference,7281,799.0,0.6208163380095202,2.3786891142992952e-73,4708.0782599856375,0.6300483177763643,2.7612940733468013e-72,4709.797292866701,-0.0185642344661097,0.6200945260202955,5041.719055960279,11.608469794339694,1.7190328810638675,2.568984243443239e-71,1.2844921217216193e-69,True,True
diabetes_binary,Diabetes,LBXHGB,Hemoglobin (g/dL),BMXBMI,Body Mass Index (kg/m2),Difference,7281,799.0,-0.6208163380095202,2.3786891142992952e-73,4708.0782599856375,-0.0185642344661097,0.6200945260202955,5041.719055960279,0.6300483177763643,2.7612940733468013e-72,4709.797292866701,11.608469794339694,1.7190328810638675,2.568984243443239e-71,1.2844921217216193e-69,True,True
depression_binary,Depression,LBXWBCSI,WBC Count (10^3/uL),LBXSATSI,ALT Liver Enzyme (U/L),Ratio,788,409.0,0.2106963386225814,0.0140253885946579,1088.268878809497,0.1736194565819872,0.0272452997271278,1089.9807270077729,-0.0740857328178775,0.3036250951968821,1094.1876250601044,1.942570043122028,1.7118481982756748,0.041545309057132565,1.0,True,False
heart_attack_binary,Heart Attack,LBXSUA,Uric Acid (mg/dL),LBXPLTSI,Platelet Count (10^3/uL),Difference,4901,243.0,0.5584289415737724,4.857632177706462e-13,1880.292655072437,0.3138948619548859,2.597306326170235e-07,1912.4534677741797,-0.5496320873136608,1.0536675218072901e-12,1881.9999175437192,2.1690969658900374,1.7072624712820923,4.196994201538383e-12,2.6231213759614895e-09,True,True
heart_attack_binary,Heart Attack,LBXPLTSI,Platelet Count (10^3/uL),LBXSUA,Uric Acid (mg/dL),Difference,4901,243.0,-0.5584289415737724,4.857632177706462e-13,1880.292655072437,-0.5496320873136608,1.0536675218072901e-12,1881.9999175437192,0.3138948619548859,2.597306326170235e-07,1912.4534677741797,2.1690969658900374,1.7072624712820923,4.196994201538383e-12,2.6231213759614895e-09,True,True
hypertension_binary,Hypertension,LBXHSCRP,hs-CRP Inflammation (mg/L),LBDLDL,LDL Cholesterol (mg/dL),Ratio,2567,914.0,0.2635129522018719,2.571141296317315e-07,3312.603281961602,0.2518573937817194,2.899539317010405e-07,3314.261358660078,-0.0595730127567788,0.1520235224673254,3344.76516600546,1.1277246105313072,1.6580766984757247,1.2951644589658119e-06,0.0013884163000113501,True,True
high_cholesterol_binary,High Cholesterol,LBXSNASI,Sodium (mmol/L),LBDHDD,HDL Cholesterol (mg/dL),Difference,5385,1762.0,0.1331584256855104,1.0405035883574386e-05,6792.59170538135,0.0421548720428829,0.1477073863139471,6810.497278952758,-0.1274586710903788,2.3998503922944578e-05,6794.246479396611,2.3064316347845693,1.654774015260955,4.445189380640956e-05,0.056187193771301686,True,False
high_cholesterol_binary,High Cholesterol,LBDHDD,HDL Cholesterol (mg/dL),LBXSNASI,Sodium (mmol/L),Difference,5385,1762.0,-0.1331584256855104,1.0405035883574386e-05,6792.59170538135,-0.1274586710903788,2.3998503922944578e-05,6794.246479396611,0.0421548720428829,0.1477073863139471,6810.497278952758,2.3064316347845693,1.654774015260955,4.445189380640956e-05,0.056187193771301686,True,False
arthritis_binary,Arthritis,LBXSKSI,Potassium (mmol/L),LBXSNASI,Sodium (mmol/L),Ratio,4900,1525.0,0.1308216199157422,2.1241439935276894e-05,6062.659587211067,0.1247848431438518,5.0379557214663645e-05,6064.3075263653045,-0.0134889200392975,0.6618306076155871,6080.562384064908,2.371758099647256,1.647939154237065,8.709474233143146e-05,0.11470377565049522,True,False
liver_condition_binary,Liver Condition,LBXSBU,BUN Kidney (mg/dL),LBXSAL,Albumin (g/dL),Ratio,4899,270.0,0.1749919165789281,0.0002722170680951,2082.725038374969,0.1695864563758633,0.0009612282353252,2084.3722428931446,-0.1414030829999255,0.0201582795773838,2088.659315468346,3.5311093534704696,1.6472045181753856,0.0009979444451551527,1.0,True,False
arthritis_binary,Arthritis,LBDHDD,HDL Cholesterol (mg/dL),LBXPLTSI,Platelet Count (10^3/uL),Difference,4920,1527.0,0.1254924494227581,7.28574956441346e-05,6082.782224267785,0.0428165961995799,0.1608157377980584,6096.87258838218,-0.1189847287720836,0.0001708791944495,6084.418106044929,2.345389351347208,1.6358817771442773,0.00028263683655052217,0.39343047647832685,True,False
arthritis_binary,Arthritis,LBXPLTSI,Platelet Count (10^3/uL),LBDHDD,HDL Cholesterol (mg/dL),Difference,4920,1527.0,-0.1254924494227581,7.28574956441346e-05,6082.782224267785,-0.1189847287720836,0.0001708791944495,6084.418106044929,0.0428165961995799,0.1608157377980584,6096.87258838218,2.345389351347208,1.6358817771442773,0.00028263683655052217,0.39343047647832685,True,False
thyroid_binary,Thyroid Problem,diastolic_bp,Diastolic BP (mmHg),LBXSCA,Calcium (mg/dL),Ratio,4669,568.0,-0.137455888425661,0.0016757680646433,3451.264387355549,-0.1253674018514393,0.0039446006303098,3452.836293110395,0.0917436224753416,0.0396470077547316,3456.767785651962,2.3539060765842867,1.5719057548462845,0.005596256987677069,1.0,True,False
stroke_binary,Stroke,LBDLDL,LDL Cholesterol (mg/dL),LBXIN,Insulin (uIU/mL),Difference,2356,111.0,-0.2626491150165491,0.0011750262098454,889.5314715952213,-0.2892614706099616,0.0064921333441312,891.1013463201766,0.109290212415622,0.0662028127312043,896.3534678316084,5.525096623151151,1.569874724955298,0.003995594326051471,1.0,True,False
stroke_binary,Stroke,LBXIN,Insulin (uIU/mL),LBDLDL,LDL Cholesterol (mg/dL),Difference,2356,111.0,0.2626491150165491,0.0011750262098454,889.5314715952213,0.109290212415622,0.0662028127312043,896.3534678316084,-0.2892614706099616,0.0064921333441312,891.1013463201766,5.525096623151151,1.569874724955298,0.003995594326051471,1.0,True,False
thyroid_binary,Thyroid Problem,LBXHSCRP,hs-CRP Inflammation (mg/L),LBXPLTSI,Platelet Count (10^3/uL),Ratio,4893,598.0,0.0967821284416627,0.0056854541199782,3630.937343736835,0.0851085445118035,0.0155884639839295,3632.497024493159,-0.0246987481643333,0.5746766790349016,3637.380977580377,2.741815104822112,1.5596807563238144,0.017664817173695214,1.0,True,False
depression_binary,Depression,LBXSUA,Uric Acid (mg/dL),LBXSCA,Calcium (mg/dL),Difference,790,410.0,-0.2108113566629061,0.0036392086504351,1089.4244827228215,-0.1904806856795916,0.0083153689516512,1090.9744244104766,0.085039852527013,0.235221911261149,1096.616681301041,2.2849387738889235,1.549941687655064,0.011614495692877978,1.0,True,False
depression_binary,Depression,LBXSCA,Calcium (mg/dL),LBXSUA,Uric Acid (mg/dL),Difference,790,410.0,0.2108113566629061,0.0036392086504351,1089.4244827228215,0.085039852527013,0.235221911261149,1096.616681301041,-0.1904806856795916,0.0083153689516512,1090.9744244104766,2.2849387738889235,1.549941687655064,0.011614495692877978,1.0,True,False
diabetes_binary,Diabetes,LBDLDL,LDL Cholesterol (mg/dL),LBXSCA,Calcium (mg/dL),Ratio,2793,402.0,-0.378031309015194,4.4487463415573987e-10,2263.4898182125085,-0.3709149890671321,8.952777594485163e-10,2264.998436417603,0.0778670903387036,0.1484377064038189,2303.5460850300315,2.0124270765572603,1.5086182050945354,2.8978564830410073e-09,2.4023230244409954e-06,True,True
hypertension_binary,Hypertension,LBXSATSI,ALT Liver Enzyme (U/L),LBDLDL,LDL Cholesterol (mg/dL),Difference,2572,917.0,0.0956231116776372,0.0214974249102654,3349.441222976414,0.07978610132285,0.0531857939766865,3350.947600287798,-0.0630767259462348,0.129106460382564,3352.465060169703,2.47405418084699,1.5063773113843126,0.06237834202871207,1.0,False,False
hypertension_binary,Hypertension,LBDLDL,LDL Cholesterol (mg/dL),LBXSATSI,ALT Liver Enzyme (U/L),Difference,2572,917.0,-0.0956231116776372,0.0214974249102654,3349.441222976414,-0.0630767259462348,0.129106460382564,3352.465060169703,0.07978610132285,0.0531857939766865,3350.947600287798,2.47405418084699,1.5063773113843126,0.06237834202871207,1.0,False,False
thyroid_binary,Thyroid Problem,LBXGLU,Fasting Glucose (mg/dL),LBXSCR,Creatinine Kidney (mg/dL),Ratio,2379,306.0,0.118346314758497,0.0251518935728737,1825.3698653976649,0.09861331654857,0.0679279883889828,1826.874047391385,-0.1008589400596064,0.2687576967318467,1828.4035826926936,2.700710711588053,1.5041819937202945,0.07255353915252029,1.0,False,False
heart_attack_binary,Heart Attack,LBXSAL,Albumin (g/dL),LBXSCA,Calcium (mg/dL),Difference,4904,243.0,-0.1846538679259088,0.0034976715758489,1929.7780686550057,-0.1674296002549122,0.0083714781080579,1931.2753850949969,0.0312300484694994,0.6345024158596833,1937.8354274429569,2.393443159690078,1.497316439990982,0.011209155198566207,1.0,True,False
heart_attack_binary,Heart Attack,LBXSCA,Calcium (mg/dL),LBXSAL,Albumin (g/dL),Difference,4904,243.0,0.1846538679259088,0.0034976715758489,1929.7780686550057,0.0312300484694994,0.6345024158596833,1937.8354274429569,-0.1674296002549122,0.0083714781080579,1931.2753850949969,2.393443159690078,1.497316439990982,0.011209155198566207,1.0,True,False
high_cholesterol_binary,High Cholesterol,systolic_bp,Systolic BP (mmHg),LBXSAL,Albumin (g/dL),Difference,5127,1698.0,0.4992700323313808,2.893365086477065e-58,6237.335143789571,0.4978689808046534,5.522220329104372e-58,6238.830106675858,-0.1391231483313511,2.690592930419783e-06,6493.385657917585,1.908580550347408,1.494962886286885,1.6446496281027527e-56,1.5624171466976152e-54,True,True
high_cholesterol_binary,High Cholesterol,LBXSAL,Albumin (g/dL),systolic_bp,Systolic BP (mmHg),Difference,5127,1698.0,-0.4992700323313808,2.893365086477065e-58,6237.335143789571,-0.1391231483313511,2.690592930419783e-06,6493.385657917585,0.4978689808046534,5.522220329104372e-58,6238.830106675858,1.908580550347408,1.494962886286885,1.6446496281027527e-56,1.5624171466976152e-54,True,True
depression_binary,Depression,LBXSCA,Calcium (mg/dL),LBXSAL,Albumin (g/dL),Ratio,790,410.0,0.1539268212792633,0.0378376320735189,1093.561286595611,0.085039852527013,0.235221911261149,1096.616681301041,-0.1237269876319689,0.0858155774092664,1095.0516937070483,2.267995450733433,1.4904071114374349,0.10703154174803671,1.0,False,False
liver_condition_binary,Liver Condition,LBXHGB,Hemoglobin (g/dL),LBDHDD,HDL Cholesterol (mg/dL),Ratio,4919,269.0,0.1591889343583751,0.0044236812983796,2083.0226205448357,0.0875124185060124,0.1701778199054948,2088.619391395152,-0.1631265729685109,0.0170854496655412,2084.5083943234995,3.8622695698714726,1.4857737786642249,0.013953200357038457,1.0,True,False
hypertension_binary,Hypertension,LBXIN,Insulin (uIU/mL),LBXHGB,Hemoglobin (g/dL),Ratio,2598,930.0,0.2215798903529257,1.672202754532988e-05,3369.33557307984,0.2116469079745438,2.3783746030465515e-05,3370.808819355311,-0.1140499529170444,0.0052448873213954,3385.2390960490998,1.4223003739225286,1.473246275470956,6.983677397121528e-05,0.09029894874478137,True,False
diabetes_binary,Diabetes,LBXIN,Insulin (uIU/mL),LBXSAL,Albumin (g/dL),Difference,2820,411.0,0.5267235840566079,1.282346885590604e-16,2248.9511658758,0.5215106817634677,2.0978030127324891e-16,2250.4219951974824,-0.3471668244600057,2.8045015313784187e-11,2301.8266699936075,1.6359091571125974,1.470829321682686,1.448676397947544e-15,6.924673182189262e-13,True,True
diabetes_binary,Diabetes,LBXSAL,Albumin (g/dL),LBXIN,Insulin (uIU/mL),Difference,2820,411.0,-0.5267235840566079,1.282346885590604e-16,2248.9511658758,-0.3471668244600057,2.8045015313784187e-11,2301.8266699936075,0.5215106817634677,2.0978030127324891e-16,2250.4219951974824,1.6359091571125974,1.470829321682686,1.448676397947544e-15,6.924673182189262e-13,True,True
liver_condition_binary,Liver Condition,systolic_bp,Systolic BP (mmHg),LBXSAL,Albumin (g/dL),Ratio,4668,256.0,0.2333349715711658,4.196165383677337e-05,1972.661683766336,0.2257519674394291,0.0001089568680919,1974.1140130501255,-0.116908037088081,0.0627725437394401,1984.78168337981,2.5965818343525218,1.4523292837898223,0.00016624573053453866,0.22659293071857622,True,False
stroke_binary,Stroke,LBXSCA,Calcium (mg/dL),LBXGLU,Fasting Glucose (mg/dL),Ratio,2381,114.0,-0.2221994673516308,0.0109747573637872,913.2823382368512,-0.0336986628893625,0.7260325757794915,919.239258336156,0.1702601423545394,0.0188581843708441,914.7312984910028,1.7183235807170956,1.448960254151416,0.03285126927075991,1.0,True,False
stroke_binary,Stroke,LBXTC,Total Cholesterol (mg/dL),LBXIN,Insulin (uIU/mL),Difference,2381,113.0,-0.222814974070546,0.0104363563015241,907.303802435714,-0.1533683233027967,0.1298271968308498,911.0035727411432,0.1373022443086255,0.0147954944591798,908.742005464491,1.4176877476882566,1.4382030287769112,0.03136133780090714,1.0,True,False
stroke_binary,Stroke,LBXIN,Insulin (uIU/mL),LBXTC,Total Cholesterol (mg/dL),Difference,2381,113.0,0.222814974070546,0.0104363563015241,907.303802435714,0.1373022443086255,0.0147954944591798,908.742005464491,-0.1533683233027967,0.1298271968308498,911.0035727411432,1.4176877476882566,1.4382030287769112,0.03136133780090714,1.0,True,False
stroke_binary,Stroke,systolic_bp,Systolic BP (mmHg),LBXSAL,Albumin (g/dL),Difference,4676,223.0,0.4949891609456534,3.3610192656780996e-18,1727.7927864313267,0.4904815952987288,7.501583749738989e-18,1729.2244630385412,-0.4239562273038516,1.4828182424601925e-11,1753.2629589365956,2.2319371466695577,1.4316766072145128,4.300830339967237e-17,1.814950403466174e-14,True,True
stroke_binary,Stroke,LBXSAL,Albumin (g/dL),systolic_bp,Systolic BP (mmHg),Difference,4676,223.0,-0.4949891609456534,3.3610192656780996e-18,1727.7927864313267,-0.4239562273038516,1.4828182424601925e-11,1753.2629589365956,0.4904815952987288,7.501583749738989e-18,1729.2244630385412,2.2319371466695577,1.4316766072145128,4.300830339967237e-17,1.814950403466174e-14,True,True
diabetes_binary,Diabetes,LBXIN,Insulin (uIU/mL),LBXSNASI,Sodium (mmol/L),Difference,2820,411.0,0.5260606597002131,9.619709868891025e-17,2248.990331226807,0.5215106817634677,2.0978030127324891e-16,2250.4219951974824,-0.0658542178187234,0.2170145712814827,2344.5214206207274,2.180734181512615,1.431663970675345,1.1028966728664869e-15,5.194643329201154e-13,True,True
diabetes_binary,Diabetes,LBXSNASI,Sodium (mmol/L),LBXIN,Insulin (uIU/mL),Difference,2820,411.0,-0.5260606597002131,9.619709868891025e-17,2248.990331226807,-0.0658542178187234,0.2170145712814827,2344.5214206207274,0.5215106817634677,2.0978030127324891e-16,2250.4219951974824,2.180734181512615,1.431663970675345,1.1028966728664869e-15,5.194643329201154e-13,True,True
stroke_binary,Stroke,LBXSNASI,Sodium (mmol/L),LBXSAL,Albumin (g/dL),Ratio,4909,239.0,0.3864855908863313,2.622244079161498e-13,1867.687649734896,0.1187939662714337,0.0768885385069083,1911.7056861338133,-0.4222020559166538,3.694041330162933e-12,1869.1183549178645,14.087328328887514,1.4307051829684951,2.326911113464305e-12,1.416011802747209e-09,True,True
arthritis_binary,Arthritis,LBXSATSI,ALT Liver Enzyme (U/L),LBXSCA,Calcium (mg/dL),Ratio,4899,1524.0,-0.152123921078991,1.956844565062416e-05,6058.167494908681,-0.1463409422154447,3.742421882160794e-05,6059.592362260658,0.113412940611668,0.0002526123687192,6064.963436355742,1.912477847744348,1.4248673519769,8.054085862299578e-05,0.10566960651337047,True,False
heart_attack_binary,Heart Attack,LBXIN,Insulin (uIU/mL),LBXSATSI,ALT Liver Enzyme (U/L),Difference,2375,126.0,0.2045109675872027,0.0009007833044576,979.4294452403296,0.1702003041576775,0.0017417943871364,980.8486122523784,-0.0994006599006344,0.3442313303783245,988.204874179178,1.9336441722632172,1.419167012048888,0.0030923266650165547,1.0,True,False
heart_attack_binary,Heart Attack,LBXSATSI,ALT Liver Enzyme (U/L),LBXIN,Insulin (uIU/mL),Difference,2375,126.0,-0.2045109675872027,0.0009007833044576,979.4294452403296,-0.0994006599006344,0.3442313303783245,988.204874179178,0.1702003041576775,0.0017417943871364,980.8486122523784,1.9336441722632172,1.419167012048888,0.0030923266650165547,1.0,True,False
arthritis_binary,Arthritis,LBXWBCSI,WBC Count (10^3/uL),diastolic_bp,Diastolic BP (mmHg),Difference,4777,1487.0,0.1138079719334845,0.0004887598920239,5915.74268693508,0.0392601294033819,0.3018694524379496,5927.182132501033,-0.1055627119930656,0.0006896478028417,5917.148503209242,1.4110155397284188,1.4058162741621345,0.0017375269367538248,1.0,True,False
arthritis_binary,Arthritis,diastolic_bp,Diastolic BP (mmHg),LBXWBCSI,WBC Count (10^3/uL),Difference,4777,1487.0,-0.1138079719334845,0.0004887598920239,5915.74268693508,-0.1055627119930656,0.0006896478028417,5917.148503209242,0.0392601294033819,0.3018694524379496,5927.182132501033,1.4110155397284188,1.4058162741621345,0.0017375269367538248,1.0,True,False
depression_binary,Depression,BMXBMI,Body Mass Index (kg/m2),LBXSUA,Uric Acid (mg/dL),Ratio,780,400.0,0.2251175255494517,0.003266833780481,1075.628112401837,0.0707995998637333,0.326101246243655,1083.8272282285868,-0.2011963775928992,0.0056936756393005,1077.0334229907392,1.7428727697502155,1.405310588902239,0.010557093006940394,1.0,True,False
heart_attack_binary,Heart Attack,LBDHDD,HDL Cholesterol (mg/dL),LBXIN,Insulin (uIU/mL),Difference,2377,126.0,-0.2634501636761762,5.062825667999675e-05,974.1747690409678,-0.3903304713570414,0.0004680720058968,975.5766838844244,0.1708055425635405,0.0016562253020282,980.9720903281332,9.245272039592235,1.401914843456666,0.00019955663216933027,0.27339258607198247,True,False
heart_attack_binary,Heart Attack,LBXIN,Insulin (uIU/mL),LBDHDD,HDL Cholesterol (mg/dL),Difference,2377,126.0,0.2634501636761762,5.062825667999675e-05,974.1747690409678,0.1708055425635405,0.0016562253020282,980.9720903281332,-0.3903304713570414,0.0004680720058968,975.5766838844244,9.245272039592235,1.401914843456666,0.00019955663216933027,0.27339258607198247,True,False
thyroid_binary,Thyroid Problem,LBXGLU,Fasting Glucose (mg/dL),LBXSATSI,ALT Liver Enzyme (U/L),Difference,2378,306.0,0.1381383750043311,0.0097625553392926,1823.5335507824384,0.0985801464919865,0.0680542096448979,1826.6012727574243,-0.1504890056452153,0.0402758105690994,1824.9336999948669,4.125539796634604,1.4001492124284596,0.029434840218972663,1.0,True,False
thyroid_binary,Thyroid Problem,LBXSATSI,ALT Liver Enzyme (U/L),LBXGLU,Fasting Glucose (mg/dL),Difference,2378,306.0,-0.1381383750043311,0.0097625553392926,1823.5335507824384,-0.1504890056452153,0.0402758105690994,1824.9336999948669,0.0985801464919865,0.0680542096448979,1826.6012727574243,4.125539796634604,1.4001492124284596,0.029434840218972663,1.0,True,False
high_cholesterol_binary,High Cholesterol,LBXSBU,BUN Kidney (mg/dL),LBXSCR,Creatinine Kidney (mg/dL),Difference,5386,1763.0,0.4674129570527785,1.578561882319183e-48,6571.881998121258,0.469173540771239,8.955402906860078e-48,6573.2685181995,0.2686091050014717,3.2053095695794317e-10,6759.569608719699,5.673140221593991,1.3865200782420288,6.987077184035728e-47,8.524234164523588e-45,True,True
high_cholesterol_binary,High Cholesterol,LBXSCR,Creatinine Kidney (mg/dL),LBXSBU,BUN Kidney (mg/dL),Difference,5386,1763.0,-0.4674129570527785,1.578561882319183e-48,6571.881998121258,0.2686091050014717,3.2053095695794317e-10,6759.569608719699,0.469173540771239,8.955402906860078e-48,6573.2685181995,5.673140221593991,1.3865200782420288,6.987077184035728e-47,8.524234164523588e-45,True,True
depression_binary,Depression,LBXSKSI,Potassium (mmol/L),LBXSUA,Uric Acid (mg/dL),Difference,790,410.0,0.2085003692062425,0.0039648770833801,1089.5984806872411,0.0695074605661482,0.3306470002501609,1097.084140766606,-0.1904806856795916,0.0083153689516512,1090.9744244104766,2.09725768965382,1.375943723235423,0.01258691137580984,1.0,True,False
depression_binary,Depression,LBXSUA,Uric Acid (mg/dL),LBXSKSI,Potassium (mmol/L),Difference,790,410.0,-0.2085003692062425,0.0039648770833801,1089.5984806872411,-0.1904806856795916,0.0083153689516512,1090.9744244104766,0.0695074605661482,0.3306470002501609,1097.084140766606,2.09725768965382,1.375943723235423,0.01258691137580984,1.0,True,False
high_cholesterol_binary,High Cholesterol,LBXSATSI,ALT Liver Enzyme (U/L),LBXHGB,Hemoglobin (g/dL),Ratio,5384,1761.0,0.0756222002268761,0.0080413375471904,6803.276624858589,0.067830014195771,0.0166281465782194,6804.645630081267,-0.0074211780826471,0.7982761245859549,6810.297008206693,2.0678334270433867,1.3690052226784246,0.024477577652101554,1.0,True,False
depression_binary,Depression,LBXSAL,Albumin (g/dL),LBXGH,"Glycohemoglobin (HbA1c, %)",Difference,790,410.0,-0.2374554664967407,0.0023347799149389,1087.949390434227,-0.1237269876319689,0.0858155774092664,1095.0516937070483,0.2210666891541065,0.0046812905964692,1089.3120537674615,2.005024356478448,1.36266333323465,0.0076410979034364,1.0,True,False
depression_binary,Depression,LBXGH,"Glycohemoglobin (HbA1c, %)",LBXSAL,Albumin (g/dL),Difference,790,410.0,0.2374554664967407,0.0023347799149389,1087.949390434227,0.2210666891541065,0.0046812905964692,1089.3120537674615,-0.1237269876319689,0.0858155774092664,1095.0516937070483,2.005024356478448,1.36266333323465,0.0076410979034364,1.0,True,False
stroke_binary,Stroke,LBXSBU,BUN Kidney (mg/dL),LBXSUA,Uric Acid (mg/dL),Difference,4906,239.0,0.4034146132395281,2.6915059694284568e-18,1848.887387836048,0.397091213199763,4.343633722150001e-18,1850.2414401556437,0.1013076822133602,0.116786760006931,1912.1427605891672,1.6138302390881838,1.354052319595212,3.477065127969777e-17,1.4534132234913668e-14,True,True
stroke_binary,Stroke,LBXSUA,Uric Acid (mg/dL),LBXSBU,BUN Kidney (mg/dL),Difference,4906,239.0,-0.4034146132395281,2.6915059694284568e-18,1848.887387836048,0.1013076822133602,0.116786760006931,1912.1427605891672,0.397091213199763,4.343633722150001e-18,1850.2414401556437,1.6138302390881838,1.354052319595212,3.477065127969777e-17,1.4534132234913668e-14,True,True
hypertension_binary,Hypertension,LBXTR,Triglycerides (mg/dL),LBXSKSI,Potassium (mmol/L),Ratio,2595,929.0,0.2760185769579318,1.8269126874036273e-09,3348.0202126298277,0.2714086506969074,3.153810219065034e-09,3349.3577235887456,-0.0617199883193326,0.1333956682597641,3386.951492817696,1.7263059372296374,1.3375109589183012,1.1185179718797719e-08,9.865328511979587e-06,True,True
thyroid_binary,Thyroid Problem,LBXSUA,Uric Acid (mg/dL),LBXHSCRP,hs-CRP Inflammation (mg/L),Difference,4887,596.0,-0.0951389654439905,0.0063713870638497,3621.630062370986,-0.0761646015578532,0.0868985810530592,3625.277824619015,0.0860108290513174,0.0145075830863494,3622.933211769463,2.276989757640544,1.303149398477217,0.01958195227364165,1.0,True,False
thyroid_binary,Thyroid Problem,LBXHSCRP,hs-CRP Inflammation (mg/L),LBXSUA,Uric Acid (mg/dL),Difference,4887,596.0,0.0951389654439905,0.0063713870638497,3621.630062370986,0.0860108290513174,0.0145075830863494,3622.933211769463,-0.0761646015578532,0.0868985810530592,3625.277824619015,2.276989757640544,1.303149398477217,0.01958195227364165,1.0,True,False
stroke_binary,Stroke,LBDLDL,LDL Cholesterol (mg/dL),BMXBMI,Body Mass Index (kg/m2),Difference,2324,105.0,-0.2693679404934238,0.0126538519406585,853.0385784159073,-0.2404923995008875,0.0254999940642432,854.3372890733704,0.1338969336753241,0.1441231821892978,857.5563545784055,2.0151961777194667,1.2987106574630616,0.03777269236017462,1.0,True,False
stroke_binary,Stroke,BMXBMI,Body Mass Index (kg/m2),LBDLDL,LDL Cholesterol (mg/dL),Difference,2324,105.0,0.2693679404934238,0.0126538519406585,853.0385784159073,0.1338969336753241,0.1441231821892978,857.5563545784055,-0.2404923995008875,0.0254999940642432,854.3372890733704,2.0151961777194667,1.2987106574630616,0.03777269236017462,1.0,True,False
thyroid_binary,Thyroid Problem,LBXPLTSI,Platelet Count (10^3/uL),LBDHDD,HDL Cholesterol (mg/dL),Ratio,4921,604.0,-0.1456651260426446,0.0026039984021748,3659.0165483990777,-0.0224222831720853,0.6085491755611376,3668.3806427713703,0.1205770963381151,0.0032899719655855,3660.3145330181615,1.2634308695572989,1.2979846190846729,0.008481056315888975,1.0,True,False
thyroid_binary,Thyroid Problem,LBXSCR,Creatinine Kidney (mg/dL),LBXSUA,Uric Acid (mg/dL),Difference,4900,598.0,0.093076039786681,0.0331777434463395,3634.981669323792,0.0309100613562762,0.417519820922664,3638.917707603922,-0.0795440105038028,0.0735452123123364,3636.278955287914,2.2167032676976874,1.2972859641217838,0.09459335512683913,1.0,False,False
thyroid_binary,Thyroid Problem,LBXSUA,Uric Acid (mg/dL),LBXSCR,Creatinine Kidney (mg/dL),Difference,4900,598.0,-0.093076039786681,0.0331777434463395,3634.981669323792,-0.0795440105038028,0.0735452123123364,3636.278955287914,0.0309100613562762,0.417519820922664,3638.917707603922,2.2167032676976874,1.2972859641217838,0.09459335512683913,1.0,False,False
high_cholesterol_binary,High Cholesterol,LBDLDL,LDL Cholesterol (mg/dL),LBXSAL,Albumin (g/dL),Ratio,2556,846.0,0.3101798850242775,3.2735238437094844e-13,3194.8497160264506,0.3070384328474502,5.790865090223208e-13,3196.1409802287744,-0.1116465892903725,0.0078043625618587,3242.3952213799794,1.7690004309426777,1.2912642023238732,2.8931307293013447e-12,1.7677028756031215e-09,True,True
thyroid_binary,Thyroid Problem,LBXSNASI,Sodium (mmol/L),LBXSATSI,ALT Liver Enzyme (U/L),Difference,4901,599.0,0.2734000992901675,6.60222011649448e-06,3618.737045404872,0.0546344219334518,0.2128761046021028,3642.1689203980354,-0.2676274780153956,1.2281904262678293e-05,3620.0246093499136,1.860268825632476,1.2875639450412564,2.907992547232479e-05,0.035651988629070194,True,True
thyroid_binary,Thyroid Problem,LBXSATSI,ALT Liver Enzyme (U/L),LBXSNASI,Sodium (mmol/L),Difference,4901,599.0,-0.2734000992901675,6.60222011649448e-06,3618.737045404872,-0.2676274780153956,1.2281904262678293e-05,3620.0246093499136,0.0546344219334518,0.2128761046021028,3642.1689203980354,1.860268825632476,1.2875639450412564,2.907992547232479e-05,0.035651988629070194,True,True
stroke_binary,Stroke,LBDHDD,HDL Cholesterol (mg/dL),LBDLDL,LDL Cholesterol (mg/dL),Ratio,2365,111.0,0.2272052939605608,0.0009031438445457,890.7976193175808,0.0756453390627978,0.4129258671084262,899.157845381464,-0.286885349533942,0.0068767459421673,892.0830468253316,7.614231092530157,1.2854275077507964,0.003098460457780673,1.0,True,False
diabetes_binary,Diabetes,LBXHGB,Hemoglobin (g/dL),LBXSKSI,Potassium (mmol/L),Ratio,5892,798.0,-0.2771104642505591,4.3080765620895174e-13,4624.61790533528,-0.1685056037615951,6.00402561831137e-06,4657.252519517098,0.2686741684729339,5.518697486420297e-13,4625.901825134046,1.2810119334888512,1.2839197987659643,3.75219571536829e-12,2.3263613435283393e-09,True,True
thyroid_binary,Thyroid Problem,LBXSNASI,Sodium (mmol/L),BMXWAIST,Waist Circumference (cm),Ratio,4648,558.0,-0.1213222073715308,0.0085166178787916,3408.863384207778,0.0656234209823408,0.148711358818404,3413.7959097935604,0.1068894928521741,0.015904121673591,3410.142086828762,1.8674222443625208,1.2787026209839496,0.025836930643525078,1.0,True,False
liver_condition_binary,Liver Condition,systolic_bp,Systolic BP (mmHg),LBDHDD,HDL Cholesterol (mg/dL),Ratio,4686,256.0,0.2259664401203762,4.160528128038146e-05,1974.9001676621008,0.2255688113284967,0.0001109392308006,1976.1686954504848,-0.1666635283606861,0.0172105229491692,1984.2222797726888,2.6664699140728643,1.2685277883840629,0.00016495485970195292,0.22466851891405987,True,False
stroke_binary,Stroke,LBXHGB,Hemoglobin (g/dL),LBXGLU,Fasting Glucose (mg/dL),Ratio,2432,115.0,-0.3971343926671839,3.137483390012399e-06,910.007433700636,-0.3920825208590383,7.028407757012678e-06,911.273700928371,0.1798536932816169,0.0111730758442834,924.9746675658524,2.24014182174998,1.266267227734943,1.417774921009787e-05,0.016942410306066955,True,True
hypertension_binary,Hypertension,LBXWBCSI,WBC Count (10^3/uL),LBXIN,Insulin (uIU/mL),Ratio,2598,930.0,-0.2251864853837919,6.37525123157248e-06,3369.549225924059,0.1791179099031833,1.7313753415557035e-05,3374.001555256853,0.2116469079745438,2.3783746030465515e-05,3370.808819355311,2.715775863045719,1.2595934312516874,2.8126108374584475e-05,0.034426356650491395,True,True
hypertension_binary,Hypertension,LBXSATSI,ALT Liver Enzyme (U/L),LBXTC,Total Cholesterol (mg/dL),Ratio,5405,1899.0,0.0617292287698814,0.0297616964152748,7007.012115066304,0.0528842647267334,0.0585541357485033,7008.268362696437,0.0264069677815714,0.3529430684135949,7010.969917076125,1.9674327340578333,1.2562476301336574,0.08521376492178363,1.0,False,False
thyroid_binary,Thyroid Problem,LBXSASSI,AST Liver Enzyme (U/L),LBXSKSI,Potassium (mmol/L),Ratio,4887,597.0,-0.139309739901245,0.018170299731031,3625.421336732533,-0.1224287870834466,0.0309048868576035,3626.6746437802194,0.0881951832375448,0.0408959095195317,3628.043698428718,1.7008462884530464,1.2533070476861212,0.05315255609294009,1.0,False,False
depression_binary,Depression,LBXSAL,Albumin (g/dL),LBXGH,"Glycohemoglobin (HbA1c, %)",Ratio,790,410.0,-0.2282145722531913,0.0018610049890343,1088.079742333871,-0.1237269876319689,0.0858155774092664,1095.0516937070483,0.2210666891541065,0.0046812905964692,1089.3120537674615,2.5154637542903,1.2323114335906666,0.0061804593731766425,1.0,True,False
depression_binary,Depression,BMXBMI,Body Mass Index (kg/m2),BMXWAIST,Waist Circumference (cm),Difference,793,403.0,-0.1536948101412282,0.0319122693413896,1098.4793109664558,0.0801177151903241,0.2615988378463988,1101.8531335250732,0.1317917528784339,0.0655281794163059,1099.7039906757925,2.0533851326993258,1.224679709336442,0.09112969563379367,1.0,False,False
depression_binary,Depression,BMXWAIST,Waist Circumference (cm),BMXBMI,Body Mass Index (kg/m2),Difference,793,403.0,0.1536948101412282,0.0319122693413896,1098.4793109664558,0.1317917528784339,0.0655281794163059,1099.7039906757925,0.0801177151903241,0.2615988378463988,1101.8531335250732,2.0533851326993258,1.224679709336442,0.09112969563379367,1.0,False,False
liver_condition_binary,Liver Condition,LBXTR,Triglycerides (mg/dL),LBXSCR,Creatinine Kidney (mg/dL),Ratio,2375,132.0,0.1318717346771482,0.0339470474181775,1019.8572404869386,0.1007978989694868,0.0835834260141806,1021.0791208471394,-0.0619534448668424,0.608160639421333,1023.1538622860776,2.462170715012595,1.221880360200771,0.09673564963491214,1.0,False,False
thyroid_binary,Thyroid Problem,diastolic_bp,Diastolic BP (mmHg),LBXGH,"Glycohemoglobin (HbA1c, %)",Difference,4768,581.0,-0.1458441999696147,0.0006449870175532,3526.68893718093,-0.1380235534195399,0.0012751630305104,3527.909901485549,0.0948024328382724,0.0171372692409769,3532.7589101215726,1.9770367399761,1.220964304618974,0.0022675324835854686,1.0,True,False
thyroid_binary,Thyroid Problem,LBXGH,"Glycohemoglobin (HbA1c, %)",diastolic_bp,Diastolic BP (mmHg),Difference,4768,581.0,0.1458441999696147,0.0006449870175532,3526.68893718093,0.0948024328382724,0.0171372692409769,3532.7589101215726,-0.1380235534195399,0.0012751630305104,3527.909901485549,1.9770367399761,1.220964304618974,0.0022675324835854686,1.0,True,False
stroke_binary,Stroke,diastolic_bp,Diastolic BP (mmHg),LBXIN,Insulin (uIU/mL),Difference,2266,106.0,-0.1493825607330687,0.0191752849344489,855.8180367510524,-0.1104271694801357,0.2483070838728585,858.881747109629,0.1208032094725441,0.0427229077784771,857.0230123057522,2.228019449229892,1.2049755546997858,0.05582023646685934,1.0,False,False
stroke_binary,Stroke,LBXIN,Insulin (uIU/mL),diastolic_bp,Diastolic BP (mmHg),Difference,2266,106.0,0.1493825607330687,0.0191752849344489,855.8180367510524,0.1208032094725441,0.0427229077784771,857.0230123057522,-0.1104271694801357,0.2483070838728585,858.881747109629,2.228019449229892,1.2049755546997858,0.05582023646685934,1.0,False,False
arthritis_binary,Arthritis,LBXSUA,Uric Acid (mg/dL),LBXTC,Total Cholesterol (mg/dL),Ratio,4896,1523.0,0.161931848704751,8.6321201176913e-08,6046.143402505693,0.1601201423464338,1.77094490031127e-07,6047.34793623998,-0.0138207318640781,0.6550006916331949,6074.3928543316815,2.0515758309268257,1.204533734286997,4.525577537430391e-07,0.00046613448635533024,True,True
heart_attack_binary,Heart Attack,LBXSAPSI,Alkaline Phosphatase (U/L),LBXSAL,Albumin (g/dL),Ratio,4905,243.0,0.2153713206275919,4.642445890739672e-06,1919.7223672017285,0.2193413873032685,2.1179197451874168e-05,1920.9262070062025,-0.1677868146576995,0.0082236354746556,1931.3466103140584,4.562077394185789,1.2038398044737733,2.0684164859731214e-05,0.02506920780999423,True,True
high_cholesterol_binary,High Cholesterol,LBXHGB,Hemoglobin (g/dL),LBXTC,Total Cholesterol (mg/dL),Difference,5411,1767.0,-0.3666628466340846,4.7517044128677904e-35,6681.950000255098,-0.0081712157132685,0.7779338875439179,6840.324095707059,0.3651821164863301,8.170203323133743e-35,6683.15111314812,1.7194258340246362,1.2011128930225825,1.2160760108761169e-33,2.5659203829486067e-31,True,True
high_cholesterol_binary,High Cholesterol,LBXTC,Total Cholesterol (mg/dL),LBXHGB,Hemoglobin (g/dL),Difference,5411,1767.0,0.3666628466340846,4.7517044128677904e-35,6681.950000255098,0.3651821164863301,8.170203323133743e-35,6683.15111314812,-0.0081712157132685,0.7779338875439179,6840.324095707059,1.7194258340246362,1.2011128930225825,1.2160760108761169e-33,2.5659203829486067e-31,True,True
liver_condition_binary,Liver Condition,LBDLDL,LDL Cholesterol (mg/dL),LBXPLTSI,Platelet Count (10^3/uL),Difference,2360,131.0,0.2626697773054653,0.0060358803249708,1008.2573485430936,0.0857657487143824,0.3253608551877964,1015.1420328111884,-0.2466973468028014,0.0123530979760893,1009.453060035382,2.046610819134973,1.1957114922886376,0.018646312216729015,1.0,True,False
liver_condition_binary,Liver Condition,LBXPLTSI,Platelet Count (10^3/uL),LBDLDL,LDL Cholesterol (mg/dL),Difference,2360,131.0,-0.2626697773054653,0.0060358803249708,1008.2573485430936,-0.2466973468028014,0.0123530979760893,1009.453060035382,0.0857657487143824,0.3253608551877964,1015.1420328111884,2.046610819134973,1.1957114922886376,0.018646312216729015,1.0,True,False
diabetes_binary,Diabetes,LBXSAPSI,Alkaline Phosphatase (U/L),LBXWBCSI,WBC Count (10^3/uL),Difference,5896,799.0,-0.1224088174089093,0.0062843151868025,4673.998306876466,-0.1126622412104427,0.0111035121289403,4675.181250031244,0.0440097401924446,0.1662533836069412,4680.024775176536,1.7668611135638772,1.1829431547785134,0.01933635442093077,1.0,True,False
diabetes_binary,Diabetes,LBXWBCSI,WBC Count (10^3/uL),LBXSAPSI,Alkaline Phosphatase (U/L),Difference,5896,799.0,0.1224088174089093,0.0062843151868025,4673.998306876466,0.0440097401924446,0.1662533836069412,4680.024775176536,-0.1126622412104427,0.0111035121289403,4675.181250031244,1.7668611135638772,1.1829431547785134,0.01933635442093077,1.0,True,False
thyroid_binary,Thyroid Problem,BMXWAIST,Waist Circumference (cm),LBXSUA,Uric Acid (mg/dL),Difference,4646,557.0,0.1167810427647918,0.0083399370925169,3404.521669918257,0.1065472852847972,0.0163353654659464,3405.6918102053914,-0.0889285740736636,0.0536149117299267,3407.618597417677,1.9586916885264436,1.170140287134018,0.025329392744427033,1.0,True,False
thyroid_binary,Thyroid Problem,LBXSUA,Uric Acid (mg/dL),BMXWAIST,Waist Circumference (cm),Difference,4646,557.0,-0.1167810427647918,0.0083399370925169,3404.521669918257,-0.0889285740736636,0.0536149117299267,3407.618597417677,0.1065472852847972,0.0163353654659464,3405.6918102053914,1.9586916885264436,1.170140287134018,0.025329392744427033,1.0,True,False
thyroid_binary,Thyroid Problem,LBXTC,Total Cholesterol (mg/dL),LBDHDD,HDL Cholesterol (mg/dL),Ratio,4923,604.0,-0.1462343355721764,0.0031211269285401,3659.762699480109,0.0456379504087541,0.2881701413378549,3668.047998416735,0.1199142352471526,0.0034745269059939,3660.9326505347385,1.1132283260325624,1.169951054630019,0.010110429162637397,1.0,True,False
hypertension_binary,Hypertension,LBDHDD,HDL Cholesterol (mg/dL),LBXSATSI,ALT Liver Enzyme (U/L),Difference,5405,1899.0,-0.0901292103340488,0.0014651674563374,7001.684320110451,-0.0866138998587274,0.002946624239732,7002.845956780322,0.0528842647267334,0.0585541357485033,7008.268362696437,2.011117723770613,1.161636669870859,0.004926465917946426,1.0,True,False
hypertension_binary,Hypertension,LBXSATSI,ALT Liver Enzyme (U/L),LBDHDD,HDL Cholesterol (mg/dL),Difference,5405,1899.0,0.0901292103340488,0.0014651674563374,7001.684320110451,0.0528842647267334,0.0585541357485033,7008.268362696437,-0.0866138998587274,0.002946624239732,7002.845956780322,2.011117723770613,1.161636669870859,0.004926465917946426,1.0,True,False
high_cholesterol_binary,High Cholesterol,LBXSAL,Albumin (g/dL),LBXSNASI,Sodium (mmol/L),Ratio,5389,1763.0,-0.1449601970145913,6.055431503167676e-07,6792.231252392787,-0.1414511270766978,1.0763273398236169e-06,6793.36864785439,0.0424830223202976,0.1444607143161434,6815.07528991588,1.7774577076143554,1.137395461602864,2.961895843940711e-06,0.003269933011710545,True,True
arthritis_binary,Arthritis,LBXWBCSI,WBC Count (10^3/uL),LBXPLTSI,Platelet Count (10^3/uL),Difference,5014,1555.0,0.1200934308323404,0.0001276714013873,6198.430300145714,0.0409340751841687,0.289204878214361,6211.768663333818,-0.1154267139486612,0.0002300632567092,6199.567301011839,1.8019952331469349,1.1370008661251632,0.00048482810653405065,0.6894255674914199,True,False
arthritis_binary,Arthritis,LBXPLTSI,Platelet Count (10^3/uL),LBXWBCSI,WBC Count (10^3/uL),Difference,5014,1555.0,-0.1200934308323404,0.0001276714013873,6198.430300145714,-0.1154267139486612,0.0002300632567092,6199.567301011839,0.0409340751841687,0.289204878214361,6211.768663333818,1.8019952331469349,1.1370008661251632,0.00048482810653405065,0.6894255674914199,True,False
heart_attack_binary,Heart Attack,LBXGLU,Fasting Glucose (mg/dL),LBXHGB,Hemoglobin (g/dL),Ratio,2428,127.0,0.3568912888075296,7.840083102449264e-10,970.2252925384912,0.3445431528501215,1.0923544664685403e-09,971.3435453217512,0.0027582357206461,0.9758793715474912,1000.6987801355996,1.3932944998086636,1.118252783260118,5.0043083632654876e-09,4.2336448753226025e-06,True,True
stroke_binary,Stroke,LBXHSCRP,hs-CRP Inflammation (mg/L),LBXTC,Total Cholesterol (mg/dL),Ratio,4898,236.0,0.1705835312259078,1.728707662737352e-05,1881.8224265445613,0.154891157248233,0.0001430256263743,1884.476672325084,-0.2516357267881918,0.0004304252914848,1882.9386409433475,8.273557725071603,1.1162143987858144,7.214081436461902e-05,0.09335021378781701,True,False
thyroid_binary,Thyroid Problem,BMXBMI,Body Mass Index (kg/m2),LBXSUA,Uric Acid (mg/dL),Difference,4824,584.0,0.0883292571180899,0.0369429510050821,3560.2068211897395,0.0709402087206689,0.0963776725661684,3561.7397943588708,-0.0789923872771329,0.0788478113333119,3561.3166586584152,2.1343127494732386,1.109837468675778,0.10461034893940396,1.0,False,False
thyroid_binary,Thyroid Problem,LBXSUA,Uric Acid (mg/dL),BMXBMI,Body Mass Index (kg/m2),Difference,4824,584.0,-0.0883292571180899,0.0369429510050821,3560.2068211897395,-0.0789923872771329,0.0788478113333119,3561.3166586584152,0.0709402087206689,0.0963776725661684,3561.7397943588708,2.1343127494732386,1.109837468675778,0.10461034893940396,1.0,False,False
thyroid_binary,Thyroid Problem,diastolic_bp,Diastolic BP (mmHg),LBXSNASI,Sodium (mmol/L),Ratio,4672,570.0,-0.1324840256149458,0.0022434195817378,3460.515098251581,-0.1243694245921321,0.004192857249884,3461.62392204087,0.0724231008547232,0.1075527981323609,3467.067142068603,1.8689581226870415,1.1088237892886357,0.007373381461584978,1.0,True,False
thyroid_binary,Thyroid Problem,LBXSATSI,ALT Liver Enzyme (U/L),LBXIN,Insulin (uIU/mL),Ratio,2375,305.0,-0.1845444811124167,0.0319487826184571,1819.3598641787796,-0.1478038783495104,0.0436499619807866,1820.4432564707156,0.0015606984993889,0.9795885923070268,1825.0264782590705,1.3662480508903516,1.0833922919359793,0.09118574320278452,1.0,False,False
thyroid_binary,Thyroid Problem,LBXSAL,Albumin (g/dL),LBXSNASI,Sodium (mmol/L),Ratio,4903,600.0,-0.192348772346362,6.799481173537913e-06,3628.1592717983513,-0.1861832804650307,1.1489180095019889e-05,3629.242379953252,0.0536610997587981,0.2207495590895593,3646.684983402392,1.6897142299229029,1.0831081549004011,2.992436702290524e-05,0.036717198337104726,True,True
liver_condition_binary,Liver Condition,LBXSBU,BUN Kidney (mg/dL),LBXSKSI,Potassium (mmol/L),Ratio,4896,270.0,0.1823796829222921,0.0005378567211364,2082.915361488012,0.1698555865396292,0.000938830267957,2083.9959121960264,0.0530309049558247,0.3923873766434216,2092.888099269368,1.7455025308104704,1.0805507080144707,0.0019032937707316906,1.0,True,False
liver_condition_binary,Liver Condition,LBXSUA,Uric Acid (mg/dL),LBXSCA,Calcium (mg/dL),Ratio,4899,270.0,0.2205350647525069,0.000180875596523,2080.477992541177,0.212682519739387,0.0003411692942585,2081.5543199040458,-0.0355568843111677,0.5702172937890806,2093.63271181069,1.886209642521804,1.0763273628685963,0.0006773427331651872,0.9767282212241999,True,False
thyroid_binary,Thyroid Problem,LBXSATSI,ALT Liver Enzyme (U/L),LBXSKSI,Potassium (mmol/L),Ratio,4899,599.0,-0.2768577270923004,8.926361142261562e-06,3618.5170116649538,-0.2671085679639208,1.271798505237551e-05,3619.5886056927447,0.0895439022003783,0.0375557345901516,3638.915724913849,1.4247670298888793,1.0715940277909797,3.8747869910138614e-05,0.048202350168212435,True,True
liver_condition_binary,Liver Condition,LBXPLTSI,Platelet Count (10^3/uL),LBXIN,Insulin (uIU/mL),Difference,2377,132.0,-0.2486780882051061,0.0058161084041229,1016.1296120442884,-0.2423562097711686,0.0130853444075662,1017.1911534610726,0.0687717259792833,0.2962228543644035,1022.799273127864,2.249845343028729,1.0615414167843935,0.01800859253570164,1.0,True,False
liver_condition_binary,Liver Condition,LBXIN,Insulin (uIU/mL),LBXPLTSI,Platelet Count (10^3/uL),Difference,2377,132.0,0.2486780882051061,0.0058161084041229,1016.1296120442884,0.0687717259792833,0.2962228543644035,1022.799273127864,-0.2423562097711686,0.0130853444075662,1017.1911534610726,2.249845343028729,1.0615414167843935,0.01800859253570164,1.0,True,False
high_cholesterol_binary,High Cholesterol,LBXSUA,Uric Acid (mg/dL),LBDHDD,HDL Cholesterol (mg/dL),Ratio,5382,1762.0,0.2203417432373225,1.5569421253561693e-14,6751.051736344217,0.2205895918361334,3.016543731877495e-14,6752.108782390273,-0.1263028418907309,2.8284035222551583e-05,6792.194750534431,1.9374796806833288,1.0570460460558024,1.5286340867133298e-13,8.407487476923314e-11,True,True
liver_condition_binary,Liver Condition,LBXSUA,Uric Acid (mg/dL),LBDHDD,HDL Cholesterol (mg/dL),Ratio,4895,270.0,0.2131053270704951,0.0001437685545877,2080.043884189453,0.2127060808008503,0.0003404407518869,2081.0973013707567,-0.1632402643937353,0.0168343992144697,2087.4602024003925,2.3679778437156247,1.0534171813037574,0.0005436626013820588,0.7763501947735799,True,False
hypertension_binary,Hypertension,LBXWBCSI,WBC Count (10^3/uL),LBXSKSI,Potassium (mmol/L),Ratio,5405,1899.0,0.2639484393677903,0.0002002705758351,6995.401303448129,0.2576139657602871,0.0003986338006162,6996.447008579382,-0.001006933201286,0.9718125486635756,7011.830266657263,1.990476129376293,1.0457051312532712,0.0007458352479376137,1.0,True,False
high_cholesterol_binary,High Cholesterol,LBXHGB,Hemoglobin (g/dL),LBXTR,Triglycerides (mg/dL),Difference,2589,865.0,-0.6427553467183934,7.569527994226276e-24,3174.765858431332,-0.0171508316885832,0.6803003933743166,3302.466348240818,0.6387997921868626,1.0889795641898093e-23,3175.8083302584573,1.438636021982398,1.042471827125155,1.3401787268466194e-22,4.087545116882189e-20,True,True
high_cholesterol_binary,High Cholesterol,LBXTR,Triglycerides (mg/dL),LBXHGB,Hemoglobin (g/dL),Difference,2589,865.0,0.6427553467183934,7.569527994226276e-24,3174.765858431332,0.6387997921868626,1.0889795641898093e-23,3175.8083302584573,-0.0171508316885832,0.6803003933743166,3302.466348240818,1.438636021982398,1.042471827125155,1.3401787268466194e-22,4.087545116882189e-20,True,True
high_cholesterol_binary,High Cholesterol,LBXSAL,Albumin (g/dL),LBXTC,Total Cholesterol (mg/dL),Difference,5385,1762.0,-0.3699343184620544,1.7761339573342948e-35,6651.989807500078,-0.1405339609634693,1.2713288145961654e-06,6789.079380056784,0.3686992920908408,2.838850640535444e-35,6653.016734841456,1.5983313808132604,1.0269273413778135,4.633392932176422e-34,9.591123369605192e-32,True,True
high_cholesterol_binary,High Cholesterol,LBXTC,Total Cholesterol (mg/dL),LBXSAL,Albumin (g/dL),Difference,5385,1762.0,0.3699343184620544,1.7761339573342948e-35,6651.989807500078,0.3686992920908408,2.838850640535444e-35,6653.016734841456,-0.1405339609634693,1.2713288145961654e-06,6789.079380056784,1.5983313808132604,1.0269273413778135,4.633392932176422e-34,9.591123369605192e-32,True,True
thyroid_binary,Thyroid Problem,LBXGLU,Fasting Glucose (mg/dL),LBXPLTSI,Platelet Count (10^3/uL),Ratio,2428,312.0,0.1154476252087701,0.0278920380253348,1861.9659806800632,0.1027478394865522,0.0533775309699088,1862.966168395762,-0.0415263667309598,0.4998089353003661,1865.946684156356,1.9137192815177209,1.0001877156987575,0.08017058360579853,1.0,False,False
stroke_binary,Stroke,LBXSKSI,Potassium (mmol/L),LBXGLU,Fasting Glucose (mg/dL),Ratio,2382,114.0,-0.2189010818849595,0.0148221473954063,913.7770233268594,0.0231384662511366,0.8089446751545648,919.4019462866776,0.1711070027110069,0.0180487016324188,914.7699208066848,1.2176846681481843,0.9928974798255013,0.043833294597587086,1.0,True,False
liver_condition_binary,Liver Condition,LBXSKSI,Potassium (mmol/L),LBDHDD,HDL Cholesterol (mg/dL),Ratio,4895,270.0,0.1522372721062709,0.0051535719250472,2086.368400970689,0.0530184671440226,0.3925141995211171,2092.775010868545,-0.1646840734160108,0.0159777336368401,2087.3599135502245,3.1003222365415204,0.9915125795350832,0.016114237634774105,1.0,True,False
heart_attack_binary,Heart Attack,LBXWBCSI,WBC Count (10^3/uL),LBXPLTSI,Platelet Count (10^3/uL),Difference,5018,246.0,0.5527144936447559,2.1895842331984891e-13,1908.7751831786327,0.0241471292452538,0.5208187004673146,1967.0400994894785,-0.5570855737714707,4.781713804145192e-13,1909.764303497164,2.183845559191018,0.9891203185306948,1.960821701371781e-12,1.1823754859271841e-09,True,True
heart_attack_binary,Heart Attack,LBXPLTSI,Platelet Count (10^3/uL),LBXWBCSI,WBC Count (10^3/uL),Difference,5018,246.0,-0.5527144936447559,2.1895842331984891e-13,1908.7751831786327,-0.5570855737714707,4.781713804145192e-13,1909.764303497164,0.0241471292452538,0.5208187004673146,1967.0400994894785,2.183845559191018,0.9891203185306948,1.960821701371781e-12,1.1823754859271841e-09,True,True
heart_attack_binary,Heart Attack,LBXTC,Total Cholesterol (mg/dL),LBXSCR,Creatinine Kidney (mg/dL),Difference,4902,243.0,-0.5064051305691354,1.517183226434159e-11,1888.298831821285,-0.5012166313911788,2.3963049639381458e-11,1889.2842946242388,0.1708860157167717,3.2487858018640246e-06,1918.6740533035472,1.5794433540965187,0.9854628029538616,1.1222999209238985e-10,8.192789422744459e-08,True,True
heart_attack_binary,Heart Attack,LBXSCR,Creatinine Kidney (mg/dL),LBXTC,Total Cholesterol (mg/dL),Difference,4902,243.0,0.5064051305691354,1.517183226434159e-11,1888.298831821285,0.1708860157167717,3.2487858018640246e-06,1918.6740533035472,-0.5012166313911788,2.3963049639381458e-11,1889.2842946242388,1.5794433540965187,0.9854628029538616,1.1222999209238985e-10,8.192789422744459e-08,True,True
high_cholesterol_binary,High Cholesterol,diastolic_bp,Diastolic BP (mmHg),LBXPLTSI,Platelet Count (10^3/uL),Difference,5248,1733.0,0.1590782138716477,1.4635468088573705e-07,6633.684645476462,0.0254490954505781,0.3872876632842367,6661.231863940045,-0.1563721240831813,2.398991501564649e-07,6634.656115979662,1.6391628112240595,0.9714705032001802,7.541176305181108e-07,0.0007903152767829801,True,True
high_cholesterol_binary,High Cholesterol,LBXPLTSI,Platelet Count (10^3/uL),diastolic_bp,Diastolic BP (mmHg),Difference,5248,1733.0,-0.1590782138716477,1.4635468088573705e-07,6633.684645476462,-0.1563721240831813,2.398991501564649e-07,6634.656115979662,0.0254490954505781,0.3872876632842367,6661.231863940045,1.6391628112240595,0.9714705032001802,7.541176305181108e-07,0.0007903152767829801,True,True
high_cholesterol_binary,High Cholesterol,LBXGLU,Fasting Glucose (mg/dL),LBXHGB,Hemoglobin (g/dL),Difference,2637,876.0,0.4679365522974276,8.991877968614978e-22,3240.936710542125,0.4656937300052856,1.2596812336011769e-21,3241.899206580013,-0.0288655957362405,0.4843092852473842,3356.3129025648213,1.40091006350168,0.9624960378878312,1.4323345436731822e-20,4.855614103052088e-18,True,True
high_cholesterol_binary,High Cholesterol,LBXHGB,Hemoglobin (g/dL),LBXGLU,Fasting Glucose (mg/dL),Difference,2637,876.0,-0.4679365522974276,8.991877968614978e-22,3240.936710542125,-0.0288655957362405,0.4843092852473842,3356.3129025648213,0.4656937300052856,1.2596812336011769e-21,3241.899206580013,1.40091006350168,0.9624960378878312,1.4323345436731822e-20,4.855614103052088e-18,True,True
liver_condition_binary,Liver Condition,LBXSNASI,Sodium (mmol/L),LBDHDD,HDL Cholesterol (mg/dL),Ratio,4898,270.0,0.153043178962,0.0055751910341544,2086.7794763967345,-0.0182124593630585,0.7706721836571333,2093.756797032681,-0.164184396161891,0.0162570404198922,2087.733940768655,2.9159611429096017,0.9544643719204942,0.01733220010617948,1.0,True,False
high_cholesterol_binary,High Cholesterol,LBDHDD,HDL Cholesterol (mg/dL),LBXSNASI,Sodium (mmol/L),Ratio,5385,1762.0,-0.1308517857111019,1.4962074729770034e-05,6793.296683958211,-0.1274586710903788,2.3998503922944578e-05,6794.246479396611,0.0421548720428829,0.1477073863139471,6810.497278952758,1.6039556248970448,0.949795438399633,6.28267523645087e-05,0.08079520354075818,True,False
hypertension_binary,Hypertension,LBDHDD,HDL Cholesterol (mg/dL),LBXSNASI,Sodium (mmol/L),Difference,5407,1900.0,-0.0889747477844559,0.0022527014584599,7005.303472354042,-0.0843865438605588,0.0037383390022219,7006.248740546838,0.0329189631954784,0.2486327286507478,7013.456550241348,1.659491535455221,0.945268192795993,0.00738590642118,1.0,True,False
hypertension_binary,Hypertension,LBXSNASI,Sodium (mmol/L),LBDHDD,HDL Cholesterol (mg/dL),Difference,5407,1900.0,0.0889747477844559,0.0022527014584599,7005.303472354042,0.0329189631954784,0.2486327286507478,7013.456550241348,-0.0843865438605588,0.0037383390022219,7006.248740546838,1.659491535455221,0.945268192795993,0.00738590642118,1.0,True,False
thyroid_binary,Thyroid Problem,LBXSATSI,ALT Liver Enzyme (U/L),LBXSCA,Calcium (mg/dL),Ratio,4899,598.0,-0.2751492453567914,7.919433208565423e-06,3614.415324910143,-0.2692889489986479,1.1397742234984837e-05,3615.359220529488,0.0989904637981731,0.0227312955296748,3634.0881036893225,1.4392118646391736,0.9438956193448576,3.4599465474314954e-05,0.04276493932625328,True,True
arthritis_binary,Arthritis,LBXSCR,Creatinine Kidney (mg/dL),LBXSNASI,Sodium (mmol/L),Ratio,4902,1524.0,0.1835989856203477,2.026870426920658e-06,6050.742096164674,0.1797453784366565,2.69505926808438e-06,6051.684309208539,-0.0116719380512182,0.7051256407795565,6080.510525485036,1.3296652969469165,0.9422130438651948,9.291256625952083e-06,0.010945100305371554,True,True
hypertension_binary,Hypertension,LBXGLU,Fasting Glucose (mg/dL),LBXSKSI,Potassium (mmol/L),Ratio,2597,930.0,0.498536632906416,1.2944038676984817e-22,3268.88834169614,0.49350359493026,3.362956792913426e-22,3269.8284978104903,-0.0619883557046376,0.1315515226593263,3389.87045798455,2.5980738136181105,0.9401561143504296,2.184306526741188e-21,6.989780885571801e-19,True,True
depression_binary,Depression,LBXSUA,Uric Acid (mg/dL),LBXSKSI,Potassium (mmol/L),Ratio,790,410.0,-0.2029301831885977,0.0050515746101032,1090.0428299496148,-0.1904806856795916,0.0083153689516512,1090.9744244104766,0.0695074605661482,0.3306470002501609,1097.084140766606,1.64609445439454,0.9315944608617884,0.015841174735515263,1.0,True,False
hypertension_binary,Hypertension,LBXSKSI,Potassium (mmol/L),BMXWAIST,Waist Circumference (cm),Difference,5130,1775.0,-0.6565785510118344,1.7912254544952434e-90,6163.697528085773,-0.0087093883748609,0.766810580075844,6620.973208002786,0.6558931427187467,2.620141913946998e-90,6164.612318556736,1.4627650067005875,0.9147904709625436,3.454506233669398e-88,9.672617454274314e-87,True,True
hypertension_binary,Hypertension,BMXWAIST,Waist Circumference (cm),LBXSKSI,Potassium (mmol/L),Difference,5130,1775.0,0.6565785510118344,1.7912254544952434e-90,6163.697528085773,0.6558931427187467,2.620141913946998e-90,6164.612318556736,-0.0087093883748609,0.766810580075844,6620.973208002786,1.4627650067005875,0.9147904709625436,3.454506233669398e-88,9.672617454274314e-87,True,True
heart_attack_binary,Heart Attack,LBXSAL,Albumin (g/dL),LBXSBU,BUN Kidney (mg/dL),Difference,4904,243.0,-0.3993888738638052,1.2527337723226809e-18,1871.440624252698,-0.1674296002549122,0.0083714781080579,1931.2753850949969,0.3987690941534883,2.200067447388763e-18,1872.3525355862785,1.756213088523702,0.9119113335805196,1.653976129716987e-17,6.764762370542477e-15,True,True
heart_attack_binary,Heart Attack,LBXSBU,BUN Kidney (mg/dL),LBXSAL,Albumin (g/dL),Difference,4904,243.0,0.3993888738638052,1.2527337723226809e-18,1871.440624252698,0.3987690941534883,2.200067447388763e-18,1872.3525355862785,-0.1674296002549122,0.0083714781080579,1931.2753850949969,1.756213088523702,0.9119113335805196,1.653976129716987e-17,6.764762370542477e-15,True,True
thyroid_binary,Thyroid Problem,LBXSASSI,AST Liver Enzyme (U/L),LBXSNASI,Sodium (mmol/L),Difference,4888,597.0,-0.1327400190693781,0.0193194511959039,3625.9821867437936,-0.1230956255269361,0.0301554774884648,3626.882296764162,0.0509864112824293,0.2456322999936631,3631.097827535856,1.5608868586732116,0.9001100203690839,0.0561793411189451,1.0,False,False
thyroid_binary,Thyroid Problem,LBXSNASI,Sodium (mmol/L),LBXSASSI,AST Liver Enzyme (U/L),Difference,4888,597.0,0.1327400190693781,0.0193194511959039,3625.9821867437936,0.0509864112824293,0.2456322999936631,3631.097827535856,-0.1230956255269361,0.0301554774884648,3626.882296764162,1.5608868586732116,0.9001100203690839,0.0561793411189451,1.0,False,False
thyroid_binary,Thyroid Problem,LBXSKSI,Potassium (mmol/L),LBXSUA,Uric Acid (mg/dL),Difference,4897,598.0,0.102433247174106,0.0220583773133827,3633.40968791008,0.0911664814457231,0.034322374960074,3634.29911785904,-0.0792860880686099,0.0744826361122285,3635.518840835295,1.555979139918457,0.889429948959787,0.06393732554603682,1.0,False,False
thyroid_binary,Thyroid Problem,LBXSUA,Uric Acid (mg/dL),LBXSKSI,Potassium (mmol/L),Difference,4897,598.0,-0.102433247174106,0.0220583773133827,3633.40968791008,-0.0792860880686099,0.0744826361122285,3635.518840835295,0.0911664814457231,0.034322374960074,3634.29911785904,1.555979139918457,0.889429948959787,0.06393732554603682,1.0,False,False
thyroid_binary,Thyroid Problem,LBDHDD,HDL Cholesterol (mg/dL),LBXSATSI,ALT Liver Enzyme (U/L),Difference,4897,599.0,0.2288187429477767,1.3808692753874587e-06,3618.1947641501474,0.117641689251893,0.0043270552624736,3634.8288190181097,-0.2669936741017909,1.276946450931123e-05,3619.078729701474,9.247410118331612,0.8839655513265825,6.467210830088705e-06,0.007456694087092277,True,True
thyroid_binary,Thyroid Problem,LBXSATSI,ALT Liver Enzyme (U/L),LBDHDD,HDL Cholesterol (mg/dL),Difference,4897,599.0,-0.2288187429477767,1.3808692753874587e-06,3618.1947641501474,-0.2669936741017909,1.276946450931123e-05,3619.078729701474,0.117641689251893,0.0043270552624736,3634.8288190181097,9.247410118331612,0.8839655513265825,6.467210830088705e-06,0.007456694087092277,True,True
stroke_binary,Stroke,LBXHSCRP,hs-CRP Inflammation (mg/L),LBDHDD,HDL Cholesterol (mg/dL),Ratio,4898,236.0,0.1567406652667744,6.949744565596519e-05,1883.5941158903504,0.154891157248233,0.0001430256263743,1884.476672325084,-0.0158996262614353,0.8133986341589553,1895.843803109536,2.057998319568952,0.8825564347334875,0.0002701844539540763,0.375286206542212,True,False
thyroid_binary,Thyroid Problem,LBXSUA,Uric Acid (mg/dL),LBXSKSI,Potassium (mmol/L),Ratio,4897,598.0,-0.1031678161499901,0.0226189541540598,3633.4168252866416,-0.0792860880686099,0.0744826361122285,3635.518840835295,0.0911664814457231,0.034322374960074,3634.29911785904,1.517416531564681,0.8822925723980006,0.06552701310725478,1.0,False,False
depression_binary,Depression,LBXSCR,Creatinine Kidney (mg/dL),LBXGH,"Glycohemoglobin (HbA1c, %)",Difference,790,410.0,-0.2328445863466891,0.0031132663382972,1088.4380078442668,-0.0482357180876126,0.5010092257807954,1097.5769499608814,0.2210666891541065,0.0046812905964692,1089.3120537674615,1.5036588867721552,0.8740459231948989,0.010097080016099026,1.0,True,False
depression_binary,Depression,LBXGH,"Glycohemoglobin (HbA1c, %)",LBXSCR,Creatinine Kidney (mg/dL),Difference,790,410.0,0.2328445863466891,0.0031132663382972,1088.4380078442668,0.2210666891541065,0.0046812905964692,1089.3120537674615,-0.0482357180876126,0.5010092257807954,1097.5769499608814,1.5036588867721552,0.8740459231948989,0.010097080016099026,1.0,True,False
arthritis_binary,Arthritis,LBXSKSI,Potassium (mmol/L),LBXSATSI,ALT Liver Enzyme (U/L),Difference,4899,1524.0,0.1492563605938811,2.777398543509245e-05,6058.91760219386,0.1258832497892235,4.342055436294665e-05,6061.689366770376,-0.1455508676868787,4.074742964115044e-05,6059.77983461605,1.4671077629955849,0.8622324221896633,0.00011184155208762062,0.14997952134949924,True,False
arthritis_binary,Arthritis,LBXSATSI,ALT Liver Enzyme (U/L),LBXSKSI,Potassium (mmol/L),Difference,4899,1524.0,-0.1492563605938811,2.777398543509245e-05,6058.91760219386,-0.1455508676868787,4.074742964115044e-05,6059.77983461605,0.1258832497892235,4.342055436294665e-05,6061.689366770376,1.4671077629955849,0.8622324221896633,0.00011184155208762062,0.14997952134949924,True,False
heart_attack_binary,Heart Attack,LBDHDD,HDL Cholesterol (mg/dL),LBXSCA,Calcium (mg/dL),Ratio,4900,243.0,-0.3801596133559449,1.4868855769959054e-06,1911.7422584681276,-0.3725435608382727,2.1714648526206217e-06,1912.6019463191649,0.0315624875187516,0.630898320765283,1937.4238588930912,1.460411538195048,0.859687851037279,6.927680859169878e-06,0.00802918211577789,True,True
liver_condition_binary,Liver Condition,LBXSUA,Uric Acid (mg/dL),LBXSCA,Calcium (mg/dL),Difference,4899,270.0,0.2194554358069952,0.0002099588212193,2080.701525253092,0.212682519739387,0.0003411692942585,2081.5543199040458,-0.0355568843111677,0.5702172937890806,2093.63271181069,1.6249343193927843,0.8527946509539106,0.000778693430346305,1.0,True,False
liver_condition_binary,Liver Condition,LBXSCA,Calcium (mg/dL),LBXSUA,Uric Acid (mg/dL),Difference,4899,270.0,-0.2194554358069952,0.0002099588212193,2080.701525253092,-0.0355568843111677,0.5702172937890806,2093.63271181069,0.212682519739387,0.0003411692942585,2081.5543199040458,1.6249343193927843,0.8527946509539106,0.000778693430346305,1.0,True,False
depression_binary,Depression,LBXWBCSI,WBC Count (10^3/uL),LBXSAL,Albumin (g/dL),Difference,788,409.0,0.1876465933851446,0.0174908945410571,1089.130282631251,0.1736194565819872,0.0272452997271278,1089.9807270077729,-0.1175749469363245,0.1027058081360864,1092.5696501558114,1.557684752096228,0.8504443765216365,0.05119286207138663,1.0,False,False
depression_binary,Depression,LBXSAL,Albumin (g/dL),LBXWBCSI,WBC Count (10^3/uL),Difference,788,409.0,-0.1876465933851446,0.0174908945410571,1089.130282631251,-0.1175749469363245,0.1027058081360864,1092.5696501558114,0.1736194565819872,0.0272452997271278,1089.9807270077729,1.557684752096228,0.8504443765216365,0.05119286207138663,1.0,False,False
hypertension_binary,Hypertension,LBXSAL,Albumin (g/dL),LBXGLU,Fasting Glucose (mg/dL),Difference,2599,931.0,-0.4980589678355732,1.847684471941324e-22,3270.8735611348648,-0.1971036758471006,1.7888752872752912e-06,3371.9951462355643,0.4958212376753969,2.3517134427011816e-22,3271.718705220017,1.272789525708513,0.8451440851526968,3.0890080955056194e-21,9.97749614848315e-19,True,True
hypertension_binary,Hypertension,LBXGLU,Fasting Glucose (mg/dL),LBXSAL,Albumin (g/dL),Difference,2599,931.0,0.4980589678355732,1.847684471941324e-22,3270.8735611348648,0.4958212376753969,2.3517134427011816e-22,3271.718705220017,-0.1971036758471006,1.7888752872752912e-06,3371.9951462355643,1.272789525708513,0.8451440851526968,3.0890080955056194e-21,9.97749614848315e-19,True,True
heart_attack_binary,Heart Attack,LBXSBU,BUN Kidney (mg/dL),LBXSNASI,Sodium (mmol/L),Ratio,4904,243.0,0.4007470666602761,1.4727239341476644e-18,1871.5108602289567,0.3987690941534883,2.200067447388763e-18,1872.3525355862785,-0.0357411770698976,0.5853980446334168,1937.7644398645984,1.4938763446266985,0.8416753573212645,1.9396851815603385e-17,7.952709244397388e-15,True,True
stroke_binary,Stroke,LBXGH,"Glycohemoglobin (HbA1c, %)",LBXSCA,Calcium (mg/dL),Ratio,4902,239.0,0.2139602212767102,1.5998482205189053e-05,1898.596333755886,0.2077633922913055,2.6838887236708405e-05,1899.4379410345875,-0.0138067562852988,0.835191066175228,1914.116914306985,1.6775895920928865,0.8416072787013036,6.707438191616528e-05,0.08639180390802088,True,False
liver_condition_binary,Liver Condition,LBXSATSI,ALT Liver Enzyme (U/L),LBXSCA,Calcium (mg/dL),Ratio,4898,270.0,0.3130106866927707,1.1239522251104756e-14,2044.6851819812089,0.3097693326969904,2.0654351295058533e-14,2045.5263441050915,-0.0358392182662354,0.56715919735871,2093.514181909615,1.837653846276996,0.8411621238826683,1.1198047999255661e-13,6.069342015596568e-11,True,True
arthritis_binary,Arthritis,LBXSATSI,ALT Liver Enzyme (U/L),LBXSCA,Calcium (mg/dL),Difference,4899,1524.0,-0.1499362006378136,2.5812452529615346e-05,6058.754239873796,-0.1463409422154447,3.742421882160794e-05,6059.592362260658,0.113412940611668,0.0002526123687192,6064.963436355742,1.449851337398881,0.838122386861869,0.0001043317692065291,0.13938724365992286,True,False
arthritis_binary,Arthritis,LBXSCA,Calcium (mg/dL),LBXSATSI,ALT Liver Enzyme (U/L),Difference,4899,1524.0,0.1499362006378136,2.5812452529615346e-05,6058.754239873796,0.113412940611668,0.0002526123687192,6064.963436355742,-0.1463409422154447,3.742421882160794e-05,6059.592362260658,1.449851337398881,0.838122386861869,0.0001043317692065291,0.13938724365992286,True,False
thyroid_binary,Thyroid Problem,LBXSNASI,Sodium (mmol/L),LBXSUA,Uric Acid (mg/dL),Difference,4900,598.0,0.0886844399094716,0.0440761648977671,3635.441745134159,0.0560730964362758,0.201479774530449,3637.883242343326,-0.0795440105038028,0.0735452123123364,3636.278955287914,1.6685937282184484,0.8372101537552226,0.12383521875543306,1.0,False,False
thyroid_binary,Thyroid Problem,LBXSUA,Uric Acid (mg/dL),LBXSNASI,Sodium (mmol/L),Difference,4900,598.0,-0.0886844399094716,0.0440761648977671,3635.441745134159,-0.0795440105038028,0.0735452123123364,3636.278955287914,0.0560730964362758,0.201479774530449,3637.883242343326,1.6685937282184484,0.8372101537552226,0.12383521875543306,1.0,False,False
diabetes_binary,Diabetes,LBXHGB,Hemoglobin (g/dL),LBXTR,Triglycerides (mg/dL),Difference,2832,411.0,-0.3914325444172643,1.7419089191156813e-11,2294.17905634454,-0.1207666118062758,0.0210281994172113,2344.5554813199237,0.3877553679746198,2.4208702042508608e-11,2295.0066830867527,1.3897800152948694,0.8276267422129422,1.2797698181258068e-10,9.40630816322468e-08,True,True
diabetes_binary,Diabetes,LBXTR,Triglycerides (mg/dL),LBXHGB,Hemoglobin (g/dL),Difference,2832,411.0,0.3914325444172643,1.7419089191156813e-11,2294.17905634454,0.3877553679746198,2.4208702042508608e-11,2295.0066830867527,-0.1207666118062758,0.0210281994172113,2344.5554813199237,1.3897800152948694,0.8276267422129422,1.2797698181258068e-10,9.40630816322468e-08,True,True
stroke_binary,Stroke,LBXPLTSI,Platelet Count (10^3/uL),BMXBMI,Body Mass Index (kg/m2),Difference,4942,231.0,-0.2232473578828578,0.0021359578914943,1860.303745227592,-0.2135819714853576,0.0032830693705152,1861.1283420109744,0.0562237062997211,0.3885371315008386,1869.4587711346653,1.5370477964892737,0.8245967833827308,0.007033032081749525,1.0,True,False
stroke_binary,Stroke,BMXBMI,Body Mass Index (kg/m2),LBXPLTSI,Platelet Count (10^3/uL),Difference,4942,231.0,0.2232473578828578,0.0021359578914943,1860.303745227592,0.0562237062997211,0.3885371315008386,1869.4587711346653,-0.2135819714853576,0.0032830693705152,1861.1283420109744,1.5370477964892737,0.8245967833827308,0.007033032081749525,1.0,True,False
stroke_binary,Stroke,LBXSCA,Calcium (mg/dL),BMXWAIST,Waist Circumference (cm),Ratio,4650,210.0,-0.2363851754729245,0.001421552760014,1704.7998441860152,0.013257009484071,0.851044158025132,1715.2910810369249,0.2137125857790636,0.0015841625292523,1705.6126746094412,1.1143888386081948,0.8128304234260213,0.0047917508764516855,1.0,True,False
high_cholesterol_binary,High Cholesterol,LBXSCA,Calcium (mg/dL),LBDHDD,HDL Cholesterol (mg/dL),Difference,5382,1762.0,0.1292083241434736,1.884333653431593e-05,6791.383493836154,0.1050516365062256,0.0003163373499543,6797.189850588215,-0.1263028418907309,2.8284035222551583e-05,6792.194750534431,1.501009928419154,0.8112566982763383,7.785311192448815e-05,0.10175401728530602,True,False
high_cholesterol_binary,High Cholesterol,LBDHDD,HDL Cholesterol (mg/dL),LBXSCA,Calcium (mg/dL),Difference,5382,1762.0,-0.1292083241434736,1.884333653431593e-05,6791.383493836154,-0.1263028418907309,2.8284035222551583e-05,6792.194750534431,0.1050516365062256,0.0003163373499543,6797.189850588215,1.501009928419154,0.8112566982763383,7.785311192448815e-05,0.10175401728530602,True,False
heart_attack_binary,Heart Attack,LBXIN,Insulin (uIU/mL),LBXSATSI,ALT Liver Enzyme (U/L),Ratio,2375,126.0,0.1687012484656737,0.001059135890553,980.03801570438,0.1702003041576775,0.0017417943871364,980.8486122523784,-0.0994006599006344,0.3442313303783245,988.204874179178,1.644542879409948,0.8105965479985571,0.00361983152467481,1.0,True,False
depression_binary,Depression,LBXSUA,Uric Acid (mg/dL),LBXSCA,Calcium (mg/dL),Ratio,790,410.0,-0.2013677338063218,0.005404685246719,1090.1662540173418,-0.1904806856795916,0.0083153689516512,1090.9744244104766,0.085039852527013,0.235221911261149,1096.616681301041,1.538548235847611,0.8081703931347874,0.016850635295775174,1.0,True,False
diabetes_binary,Diabetes,LBXHSCRP,hs-CRP Inflammation (mg/L),LBXSNASI,Sodium (mmol/L),Ratio,5884,797.0,0.2533001085834847,9.10824970288991e-16,4604.2256753817,0.250390713094557,1.2786837629232882e-15,4605.0294486453895,-0.1092976636718089,0.0039063200584425,4663.136329170987,1.4038742948797078,0.8037732636894361,9.701094358107598e-15,4.918454839560552e-12,True,True
liver_condition_binary,Liver Condition,LBXHSCRP,hs-CRP Inflammation (mg/L),LBDHDD,HDL Cholesterol (mg/dL),Difference,4891,270.0,0.1618395764150182,0.0080064169035525,2086.1916132864294,0.0635318327522514,0.1997288086345608,2091.6327862917383,-0.1634233556523423,0.016742923891126,2086.994905101502,2.091188117333355,0.8032918150724981,0.02438502610219036,1.0,True,False
liver_condition_binary,Liver Condition,LBDHDD,HDL Cholesterol (mg/dL),LBXHSCRP,hs-CRP Inflammation (mg/L),Difference,4891,270.0,-0.1618395764150182,0.0080064169035525,2086.1916132864294,-0.1634233556523423,0.016742923891126,2086.994905101502,0.0635318327522514,0.1997288086345608,2091.6327862917383,2.091188117333355,0.8032918150724981,0.02438502610219036,1.0,True,False
liver_condition_binary,Liver Condition,LBXGH,"Glycohemoglobin (HbA1c, %)",LBXSCA,Calcium (mg/dL),Ratio,4895,270.0,0.1739591528195035,0.0004463821134568,2082.86145040916,0.1673857407438891,0.0007309212042005,2083.6530847479758,-0.0350980967221168,0.5752162784609941,2093.1872823636127,1.6374338983708567,0.791634338815129,0.0016005733151837449,1.0,True,False
heart_attack_binary,Heart Attack,LBXSUA,Uric Acid (mg/dL),LBXSNASI,Sodium (mmol/L),Ratio,4904,243.0,0.3191478975742459,1.643954583549114e-07,1911.9042264914365,0.3143255746941225,2.4905934662096466e-07,1912.6830546138576,-0.0357411770698976,0.5853980446334168,1937.7644398645984,1.515001382114057,0.778828122421146,8.430536325892891e-07,0.0008877354751165215,True,True
stroke_binary,Stroke,LBXGLU,Fasting Glucose (mg/dL),diastolic_bp,Diastolic BP (mmHg),Difference,2312,107.0,0.1818548608988618,0.0160856522476364,865.7115233660202,0.1660257268735538,0.0267082971196202,866.4748015688473,-0.0942611932456201,0.3256924761564456,869.6562963519552,1.6603801144305297,0.7632782028271095,0.04725926122809388,1.0,True,False
stroke_binary,Stroke,diastolic_bp,Diastolic BP (mmHg),LBXGLU,Fasting Glucose (mg/dL),Difference,2312,107.0,-0.1818548608988618,0.0160856522476364,865.7115233660202,-0.0942611932456201,0.3256924761564456,869.6562963519552,0.1660257268735538,0.0267082971196202,866.4748015688473,1.6603801144305297,0.7632782028271095,0.04725926122809388,1.0,True,False
arthritis_binary,Arthritis,LBXSUA,Uric Acid (mg/dL),LBXSNASI,Sodium (mmol/L),Ratio,4900,1524.0,0.1633809746373925,9.808714338256369e-08,6050.775038092132,0.1611801342431025,1.4548551414729378e-07,6051.537096930177,-0.0117418463397484,0.7034682195062347,6079.019025632121,1.4832271501665095,0.7620588380450499,5.122539402957871e-07,0.000529670574265844,True,True
thyroid_binary,Thyroid Problem,LBXSAL,Albumin (g/dL),systolic_bp,Systolic BP (mmHg),Difference,4672,570.0,-0.2768635169656699,1.6421988198965925e-11,3426.3522351156084,-0.1826734833794498,2.7542418097169013e-05,3452.354148961841,0.2746234715204539,2.4666212634489456e-11,3427.1021454847078,1.5020235269711533,0.7499103690988704,1.2098054061993995e-10,8.8678736274416e-08,True,True
thyroid_binary,Thyroid Problem,systolic_bp,Systolic BP (mmHg),LBXSAL,Albumin (g/dL),Difference,4672,570.0,0.2768635169656699,1.6421988198965925e-11,3426.3522351156084,0.2746234715204539,2.4666212634489456e-11,3427.1021454847078,-0.1826734833794498,2.7542418097169013e-05,3452.354148961841,1.5020235269711533,0.7499103690988704,1.2098054061993995e-10,8.8678736274416e-08,True,True
high_cholesterol_binary,High Cholesterol,LBXIN,Insulin (uIU/mL),LBDHDD,HDL Cholesterol (mg/dL),Difference,2579,863.0,0.1383359577540299,0.0011144485175239,3280.636160696343,0.1350693189099206,0.002343212822002,3281.373701532091,-0.0745550469825836,0.0802754900848859,3288.6354908988096,2.1025761039264355,0.7375408357484048,0.003801656345312103,1.0,True,False
high_cholesterol_binary,High Cholesterol,LBDHDD,HDL Cholesterol (mg/dL),LBXIN,Insulin (uIU/mL),Difference,2579,863.0,-0.1383359577540299,0.0011144485175239,3280.636160696343,-0.0745550469825836,0.0802754900848859,3288.6354908988096,0.1350693189099206,0.002343212822002,3281.373701532091,2.1025761039264355,0.7375408357484048,0.003801656345312103,1.0,True,False
liver_condition_binary,Liver Condition,LBXSUA,Uric Acid (mg/dL),LBXPLTSI,Platelet Count (10^3/uL),Difference,4896,269.0,0.315292100135854,5.526164105638093e-06,2065.9574220291624,0.218261106940529,0.0002387192716683,2074.891304240289,-0.3097562498673294,7.895923775958241e-06,2066.694562379342,1.4288254248371652,0.7371403501801979,2.4440037813632843e-05,0.0298412861704457,True,True
liver_condition_binary,Liver Condition,LBXPLTSI,Platelet Count (10^3/uL),LBXSUA,Uric Acid (mg/dL),Difference,4896,269.0,-0.315292100135854,5.526164105638093e-06,2065.9574220291624,-0.3097562498673294,7.895923775958241e-06,2066.694562379342,0.218261106940529,0.0002387192716683,2074.891304240289,1.4288254248371652,0.7371403501801979,2.4440037813632843e-05,0.0298412861704457,True,True
liver_condition_binary,Liver Condition,LBXSUA,Uric Acid (mg/dL),LBXSCR,Creatinine Kidney (mg/dL),Ratio,4899,270.0,0.2136456919107723,0.00018878845558,2080.8294468131503,0.212682519739387,0.0003411692942585,2081.5543199040458,0.0267868436795205,0.6195414994144111,2093.731564878812,1.8071512540866943,0.7248730908954713,0.000705507031233218,1.0,True,False
stroke_binary,Stroke,LBDLDL,LDL Cholesterol (mg/dL),LBXWBCSI,WBC Count (10^3/uL),Difference,2365,111.0,-0.3008811052997625,0.0047542108515774,891.3582419788358,-0.286885349533942,0.0068767459421673,892.0830468253316,0.1665646164415615,0.0338332454954836,895.8755288794957,1.4464537137400424,0.7248048464957719,0.014952090039905627,1.0,True,False
stroke_binary,Stroke,LBXWBCSI,WBC Count (10^3/uL),LBDLDL,LDL Cholesterol (mg/dL),Difference,2365,111.0,0.3008811052997625,0.0047542108515774,891.3582419788358,0.1665646164415615,0.0338332454954836,895.8755288794957,-0.286885349533942,0.0068767459421673,892.0830468253316,1.4464537137400424,0.7248048464957719,0.014952090039905627,1.0,True,False
liver_condition_binary,Liver Condition,LBXSCA,Calcium (mg/dL),LBDHDD,HDL Cholesterol (mg/dL),Ratio,4895,270.0,0.1506252039617919,0.0068020571104462,2086.73845906293,-0.0352154650627245,0.5739369297553953,2093.185176554828,-0.1632402643937353,0.0168343992144697,2087.4602024003925,2.4748982463872884,0.7217433374626125,0.02082262380748837,1.0,True,False
stroke_binary,Stroke,LBXSASSI,AST Liver Enzyme (U/L),LBXIN,Insulin (uIU/mL),Difference,2371,114.0,-0.1702638918203233,0.0066272086067698,912.3789706607828,-0.0825379987173457,0.4854928492111491,917.8239190626978,0.1445609639288577,0.0096924610806618,913.0958627389524,1.462525424469176,0.7168920781697352,0.020321934398953388,1.0,True,False
stroke_binary,Stroke,LBXIN,Insulin (uIU/mL),LBXSASSI,AST Liver Enzyme (U/L),Difference,2371,114.0,0.1702638918203233,0.0066272086067698,912.3789706607828,0.1445609639288577,0.0096924610806618,913.0958627389524,-0.0825379987173457,0.4854928492111491,917.8239190626978,1.462525424469176,0.7168920781697352,0.020321934398953388,1.0,True,False
hypertension_binary,Hypertension,LBXHGB,Hemoglobin (g/dL),LBXTR,Triglycerides (mg/dL),Difference,2606,931.0,-0.2590099210148666,8.322266176351046e-07,3371.677886016202,-0.1114807359157643,0.0062945082595482,3393.8221948683777,0.2550807657149843,1.1082697144955417e-06,3372.3845856986127,1.3316922230207613,0.7066996824105445,4.008941779865802e-06,0.0044940237352295645,True,True
hypertension_binary,Hypertension,LBXTR,Triglycerides (mg/dL),LBXHGB,Hemoglobin (g/dL),Difference,2606,931.0,0.2590099210148666,8.322266176351046e-07,3371.677886016202,0.2550807657149843,1.1082697144955417e-06,3372.3845856986127,-0.1114807359157643,0.0062945082595482,3393.8221948683777,1.3316922230207613,0.7066996824105445,4.008941779865802e-06,0.0044940237352295645,True,True
thyroid_binary,Thyroid Problem,LBXSATSI,ALT Liver Enzyme (U/L),LBXSCA,Calcium (mg/dL),Difference,4899,598.0,-0.2743178141419866,8.755946865832037e-06,3614.654288886644,-0.2692889489986479,1.1397742234984837e-05,3615.359220529488,0.0989904637981731,0.0227312955296748,3634.0881036893225,1.301714413030733,0.704931642844258,3.806604638672768e-05,0.047282113075492994,True,True
thyroid_binary,Thyroid Problem,LBXSCA,Calcium (mg/dL),LBXSATSI,ALT Liver Enzyme (U/L),Difference,4899,598.0,0.2743178141419866,8.755946865832037e-06,3614.654288886644,0.0989904637981731,0.0227312955296748,3634.0881036893225,-0.2692889489986479,1.1397742234984837e-05,3615.359220529488,1.301714413030733,0.704931642844258,3.806604638672768e-05,0.047282113075492994,True,True
hypertension_binary,Hypertension,LBXHGB,Hemoglobin (g/dL),LBXSNASI,Sodium (mmol/L),Ratio,5408,1900.0,-0.1147884068721897,5.486990115706285e-05,6999.360832217695,-0.1122623158385132,7.921945111982463e-05,7000.062416041274,0.0338307833007774,0.2357708886917727,7014.247426579992,1.4437687958114265,0.7015838235793126,0.00021501993196526806,0.2962974662481394,True,False
high_cholesterol_binary,High Cholesterol,LBXHGB,Hemoglobin (g/dL),LBDLDL,LDL Cholesterol (mg/dL),Difference,2565,848.0,-0.3055224501967897,6.837272142836096e-13,3206.544631614095,-0.0219508743967748,0.6004599853445081,3259.2535160723064,0.3034809032243942,9.524041515874848e-13,3207.237991562045,1.392959255812843,0.6933599479498298,5.796117672105953e-12,3.6921269571314918e-09,True,True
high_cholesterol_binary,High Cholesterol,LBDLDL,LDL Cholesterol (mg/dL),LBXHGB,Hemoglobin (g/dL),Difference,2565,848.0,0.3055224501967897,6.837272142836096e-13,3206.544631614095,0.3034809032243942,9.524041515874848e-13,3207.237991562045,-0.0219508743967748,0.6004599853445081,3259.2535160723064,1.392959255812843,0.6933599479498298,5.796117672105953e-12,3.6921269571314918e-09,True,True
liver_condition_binary,Liver Condition,LBXGLU,Fasting Glucose (mg/dL),diastolic_bp,Diastolic BP (mmHg),Difference,2306,129.0,0.237791917209878,0.0002681098474947,987.637000871966,0.2262274523054593,0.0003886041505067,988.3291406701882,-0.078568299123155,0.3740079195827059,997.8008754234728,1.4494213999892946,0.6921397982221151,0.0009842237773428823,1.0,True,False
liver_condition_binary,Liver Condition,diastolic_bp,Diastolic BP (mmHg),LBXGLU,Fasting Glucose (mg/dL),Difference,2306,129.0,-0.237791917209878,0.0002681098474947,987.637000871966,-0.078568299123155,0.3740079195827059,997.8008754234728,0.2262274523054593,0.0003886041505067,988.3291406701882,1.4494213999892946,0.6921397982221151,0.0009842237773428823,1.0,True,False
high_cholesterol_binary,High Cholesterol,LBXSATSI,ALT Liver Enzyme (U/L),LBDHDD,HDL Cholesterol (mg/dL),Difference,5383,1761.0,0.1240492439984421,1.7717720180258145e-05,6791.003539396859,0.0687586982998164,0.0152228795227034,6803.695791538064,-0.1257855834794326,3.047069485553214e-05,6791.694078219882,1.7197864367157076,0.6905388230225071,7.365334024125788e-05,0.09567568897339399,True,False
high_cholesterol_binary,High Cholesterol,LBDHDD,HDL Cholesterol (mg/dL),LBXSATSI,ALT Liver Enzyme (U/L),Difference,5383,1761.0,-0.1240492439984421,1.7717720180258145e-05,6791.003539396859,-0.1257855834794326,3.047069485553214e-05,6791.694078219882,0.0687586982998164,0.0152228795227034,6803.695791538064,1.7197864367157076,0.6905388230225071,7.365334024125788e-05,0.09567568897339399,True,False
heart_attack_binary,Heart Attack,BMXWAIST,Waist Circumference (cm),LBDHDD,HDL Cholesterol (mg/dL),Ratio,4668,217.0,0.3336686453538331,1.5473890184702716e-08,1730.2730951462595,0.3545184700305501,5.1074804964728827e-08,1730.951113170297,-0.3813708128747472,5.043251609386492e-06,1736.2000783123683,3.3007087652218643,0.6780180240375557,8.561373667765848e-08,8.355900699739467e-05,True,True
liver_condition_binary,Liver Condition,LBDHDD,HDL Cholesterol (mg/dL),BMXBMI,Body Mass Index (kg/m2),Ratio,4846,263.0,-0.2310321546860699,0.0014736639415354,2037.0379301928665,-0.2208871880906243,0.0018850812990697,2037.71357134988,0.1040534542338084,0.081044996051825,2045.174327229441,1.2791799038698064,0.6756411570133878,0.0049495249277372024,1.0,True,False
stroke_binary,Stroke,LBXTC,Total Cholesterol (mg/dL),LBXSNASI,Sodium (mmol/L),Difference,4905,238.0,-0.2583501454725535,0.0002920597438709,1894.776150918028,-0.2516949934064796,0.0004101158557164,1895.451278407438,0.1153033110451905,0.0864904540649001,1905.5517106686,1.4042190487495112,0.6751274894097605,0.0010692356724765152,1.0,True,False
stroke_binary,Stroke,LBXSNASI,Sodium (mmol/L),LBXTC,Total Cholesterol (mg/dL),Difference,4905,238.0,0.2583501454725535,0.0002920597438709,1894.776150918028,0.1153033110451905,0.0864904540649001,1905.5517106686,-0.2516949934064796,0.0004101158557164,1895.451278407438,1.4042190487495112,0.6751274894097605,0.0010692356724765152,1.0,True,False
depression_binary,Depression,LBXWBCSI,WBC Count (10^3/uL),LBXSCR,Creatinine Kidney (mg/dL),Ratio,788,409.0,0.176958429202385,0.0162353416652535,1089.3096883422622,0.1736194565819872,0.0272452997271278,1089.9807270077729,-0.0534010931221758,0.4577068821924974,1094.7009468061935,1.6781476047059452,0.671038665510423,0.04767310766306084,1.0,True,False
heart_attack_binary,Heart Attack,LBXSAL,Albumin (g/dL),LBXSASSI,AST Liver Enzyme (U/L),Ratio,4892,243.0,-0.1803111635494725,0.0065975750074474,1929.4223619903212,-0.1669842601044393,0.0085648781054765,1930.0929828571388,0.0176030333234433,0.7784196730322379,1936.763357645084,1.2981857873246416,0.670620866817444,0.020254067674938012,1.0,True,False
heart_attack_binary,Heart Attack,LBXSKSI,Potassium (mmol/L),LBXTC,Total Cholesterol (mg/dL),Difference,4900,243.0,0.5037646419253412,1.8150115150336795e-11,1888.5061770104091,0.33629488967844,4.470438088974274e-08,1909.031293774693,-0.500180614145574,2.461088063719321e-11,1889.1714506661676,1.3559627822381357,0.6652736557580283,1.3238065578286447e-10,9.80106218118187e-08,True,True
heart_attack_binary,Heart Attack,LBXTC,Total Cholesterol (mg/dL),LBXSKSI,Potassium (mmol/L),Difference,4900,243.0,-0.5037646419253412,1.8150115150336795e-11,1888.5061770104091,-0.500180614145574,2.461088063719321e-11,1889.1714506661676,0.33629488967844,4.470438088974274e-08,1909.031293774693,1.3559627822381357,0.6652736557580283,1.3238065578286447e-10,9.80106218118187e-08,True,True
stroke_binary,Stroke,LBXSATSI,ALT Liver Enzyme (U/L),BMXBMI,Body Mass Index (kg/m2),Ratio,4830,227.0,-0.3646769443443787,0.0006012505962216,1820.0329300991568,-0.3569429713715947,0.0008132613618419,1820.694717413572,0.0488261462631206,0.4598716111718949,1834.798398724761,1.3526163083290597,0.6617873144150508,0.0021234488028755005,1.0,True,False
arthritis_binary,Arthritis,LBXTR,Triglycerides (mg/dL),LBXSASSI,AST Liver Enzyme (U/L),Difference,2367,751.0,0.1114605884869065,0.0098999969772654,2955.1050376474536,0.1057273471466144,0.014174151514409,2955.7619787856725,-0.0402247755471094,0.3903359404006271,2961.041321716891,1.431732913349257,0.6569411382188264,0.029815941816638686,1.0,True,False
arthritis_binary,Arthritis,LBXSASSI,AST Liver Enzyme (U/L),LBXTR,Triglycerides (mg/dL),Difference,2367,751.0,-0.1114605884869065,0.0098999969772654,2955.1050376474536,-0.0402247755471094,0.3903359404006271,2961.041321716891,0.1057273471466144,0.014174151514409,2955.7619787856725,1.431732913349257,0.6569411382188264,0.029815941816638686,1.0,True,False
liver_condition_binary,Liver Condition,BMXWAIST,Waist Circumference (cm),LBXSNASI,Sodium (mmol/L),Difference,4645,252.0,0.2221051263600626,0.0003447648167749,1950.3152543220224,0.2162428471821549,0.0004949934652945,1950.9711013520337,-0.0577172613738261,0.3694893066858929,1961.988226236214,1.4357423994850729,0.6558470300115005,0.0012486452116595977,1.0,True,False
liver_condition_binary,Liver Condition,LBXSNASI,Sodium (mmol/L),BMXWAIST,Waist Circumference (cm),Difference,4645,252.0,-0.2221051263600626,0.0003447648167749,1950.3152543220224,-0.0577172613738261,0.3694893066858929,1961.988226236214,0.2162428471821549,0.0004949934652945,1950.9711013520337,1.4357423994850729,0.6558470300115005,0.0012486452116595977,1.0,True,False
thyroid_binary,Thyroid Problem,LBXSUA,Uric Acid (mg/dL),LBXSAPSI,Alkaline Phosphatase (U/L),Difference,4899,598.0,-0.1402052032340618,0.0003066104371968,3626.713373680179,-0.0791993885666824,0.0747861901972993,3636.0464625067,0.1366662136829129,0.0004360225705782,3627.368429250343,1.4220734772256034,0.6550555701637677,0.001117204022174575,1.0,True,False
thyroid_binary,Thyroid Problem,LBXSAPSI,Alkaline Phosphatase (U/L),LBXSUA,Uric Acid (mg/dL),Difference,4899,598.0,0.1402052032340618,0.0003066104371968,3626.713373680179,0.1366662136829129,0.0004360225705782,3627.368429250343,-0.0791993885666824,0.0747861901972993,3636.0464625067,1.4220734772256034,0.6550555701637677,0.001117204022174575,1.0,True,False
high_cholesterol_binary,High Cholesterol,LBXIN,Insulin (uIU/mL),LBDHDD,HDL Cholesterol (mg/dL),Ratio,2579,863.0,0.1375623135250566,0.0015105599129628,3280.71996131782,0.1350693189099206,0.002343212822002,3281.373701532091,-0.0745550469825836,0.0802754900848859,3288.6354908988096,1.551221372878918,0.6537402142712381,0.005069623076444449,1.0,True,False
arthritis_binary,Arthritis,LBXGLU,Fasting Glucose (mg/dL),LBXSAL,Albumin (g/dL),Difference,2379,755.0,0.2950767792884585,2.825981112052688e-11,2929.621185804316,0.2929034091974838,3.706458265643719e-11,2930.2709630581485,-0.2639244666650399,3.406596010248589e-09,2941.423812492826,1.31156512328969,0.6497772538323261,2.000039057022872e-10,1.5260298005084515e-07,True,True
arthritis_binary,Arthritis,LBXSAL,Albumin (g/dL),LBXGLU,Fasting Glucose (mg/dL),Difference,2379,755.0,-0.2950767792884585,2.825981112052688e-11,2929.621185804316,-0.2639244666650399,3.406596010248589e-09,2941.423812492826,0.2929034091974838,3.706458265643719e-11,2930.2709630581485,1.31156512328969,0.6497772538323261,2.000039057022872e-10,1.5260298005084515e-07,True,True
thyroid_binary,Thyroid Problem,diastolic_bp,Diastolic BP (mmHg),LBXSKSI,Potassium (mmol/L),Ratio,4669,570.0,-0.1315130604830341,0.0031842521564461,3460.2054615386555,-0.1242853362228291,0.0042221872212465,3460.855102263935,0.0893815930274788,0.0428152831346927,3464.8193936833463,1.3259588166405716,0.6496407252793688,0.010302553412108412,1.0,True,False
arthritis_binary,Arthritis,LBXIN,Insulin (uIU/mL),LBDLDL,LDL Cholesterol (mg/dL),Ratio,2352,744.0,0.1312741012479934,0.0062111718447155,2930.8539896263965,0.1252101246388734,0.0068320472439757,2931.503311868745,-0.0630317918508264,0.1597358517140537,2937.630373392255,1.099961072529081,0.6493222423487168,0.019144022809054626,1.0,True,False
liver_condition_binary,Liver Condition,LBXSCR,Creatinine Kidney (mg/dL),LBXSBU,BUN Kidney (mg/dL),Difference,4899,270.0,-0.1763201635971187,0.0006736030754604,2083.7294333479667,0.0267868436795205,0.6195414994144111,2093.731564878812,0.1695864563758633,0.0009612282353252,2084.3722428931446,1.4269950217613674,0.6428095451778972,0.0023543408462693596,1.0,True,False
liver_condition_binary,Liver Condition,LBXSBU,BUN Kidney (mg/dL),LBXSCR,Creatinine Kidney (mg/dL),Difference,4899,270.0,0.1763201635971187,0.0006736030754604,2083.7294333479667,0.1695864563758633,0.0009612282353252,2084.3722428931446,0.0267868436795205,0.6195414994144111,2093.731564878812,1.4269950217613674,0.6428095451778972,0.0023543408462693596,1.0,True,False
high_cholesterol_binary,High Cholesterol,LBXSAPSI,Alkaline Phosphatase (U/L),LBXHGB,Hemoglobin (g/dL),Ratio,5384,1761.0,0.1090712887530717,0.0001286986159023,6795.71874069218,0.1071043076182836,0.0001940771982237,6796.3596460279605,-0.0074211780826471,0.7982761245859549,6810.297008206693,1.5079975558636989,0.6409053357801895,0.0004883854714493464,0.6949725258724201,True,False
high_cholesterol_binary,High Cholesterol,LBXPLTSI,Platelet Count (10^3/uL),LBXSNASI,Sodium (mmol/L),Ratio,5386,1762.0,-0.1691596118235491,1.972116349819819e-08,6780.970834875699,-0.1674820402430403,2.7137147603295174e-08,6781.611368671463,0.0431037433054359,0.1388137666109817,6811.194217851138,1.376041915872486,0.6405337957639858,1.0833599480190258e-07,0.00010649428289027024,True,True
liver_condition_binary,Liver Condition,LBXSAL,Albumin (g/dL),LBXSATSI,ALT Liver Enzyme (U/L),Difference,4900,270.0,-0.3111709356090604,1.3976192286885107e-14,2045.0938803882163,-0.1417654776716184,0.0198237957476783,2088.7445133130523,0.3098196393632395,2.0300056876638722e-14,2045.725968185193,1.4524740687553197,0.6320877969769754,1.3772160282697003e-13,7.547143834917958e-11,True,True
liver_condition_binary,Liver Condition,LBXSATSI,ALT Liver Enzyme (U/L),LBXSAL,Albumin (g/dL),Difference,4900,270.0,0.3111709356090604,1.3976192286885107e-14,2045.0938803882163,0.3098196393632395,2.0300056876638722e-14,2045.725968185193,-0.1417654776716184,0.0198237957476783,2088.7445133130523,1.4524740687553197,0.6320877969769754,1.3772160282697003e-13,7.547143834917958e-11,True,True
arthritis_binary,Arthritis,LBXIN,Insulin (uIU/mL),LBXSASSI,AST Liver Enzyme (U/L),Difference,2366,750.0,0.1403502709542539,0.0025821437155245,2949.585247702659,0.1336572356141113,0.0038244152169049,2950.2151355864244,-0.0412769191029624,0.3790992441982214,2958.706194519471,1.481100836452888,0.62988788376515,0.008414952361998974,1.0,True,False
arthritis_binary,Arthritis,LBXSASSI,AST Liver Enzyme (U/L),LBXIN,Insulin (uIU/mL),Difference,2366,750.0,-0.1403502709542539,0.0025821437155245,2949.585247702659,-0.0412769191029624,0.3790992441982214,2958.706194519471,0.1336572356141113,0.0038244152169049,2950.2151355864244,1.481100836452888,0.62988788376515,0.008414952361998974,1.0,True,False
liver_condition_binary,Liver Condition,BMXWAIST,Waist Circumference (cm),LBXSNASI,Sodium (mmol/L),Ratio,4645,252.0,0.2215404112256215,0.0003470817760979,1950.3441891124444,0.2162428471821549,0.0004949934652945,1950.9711013520337,-0.0577172613738261,0.3694893066858929,1961.988226236214,1.4261580393513895,0.6269122395892737,0.001256194095796689,1.0,True,False
heart_attack_binary,Heart Attack,BMXBMI,Body Mass Index (kg/m2),LBDLDL,LDL Cholesterol (mg/dL),Difference,2320,119.0,0.4977729401689362,3.7430564029336423e-06,919.4293712194884,0.0661761616732158,0.4639494001314002,942.1744798502784,-0.4934514584181541,5.378073819492151e-06,920.0533295268942,1.4368134595238944,0.6239583074059283,1.6787794498207364e-05,0.02021250457584167,True,True
heart_attack_binary,Heart Attack,LBDLDL,LDL Cholesterol (mg/dL),BMXBMI,Body Mass Index (kg/m2),Difference,2320,119.0,-0.4977729401689362,3.7430564029336423e-06,919.4293712194884,-0.4934514584181541,5.378073819492151e-06,920.0533295268942,0.0661761616732158,0.4639494001314002,942.1744798502784,1.4368134595238944,0.6239583074059283,1.6787794498207364e-05,0.02021250457584167,True,True
high_cholesterol_binary,High Cholesterol,LBXSNASI,Sodium (mmol/L),LBXPLTSI,Platelet Count (10^3/uL),Difference,5386,1762.0,0.1691298974901988,1.9958745472573368e-08,6780.991267851267,0.0431037433054359,0.1388137666109817,6811.194217851138,-0.1674820402430403,2.7137147603295174e-08,6781.611368671463,1.3596619908092982,0.6201008201960576,1.0930753098569594e-07,0.00010777722555189619,True,True
high_cholesterol_binary,High Cholesterol,LBXPLTSI,Platelet Count (10^3/uL),LBXSNASI,Sodium (mmol/L),Difference,5386,1762.0,-0.1691298974901988,1.9958745472573368e-08,6780.991267851267,-0.1674820402430403,2.7137147603295174e-08,6781.611368671463,0.0431037433054359,0.1388137666109817,6811.194217851138,1.3596619908092982,0.6201008201960576,1.0930753098569594e-07,0.00010777722555189619,True,True
heart_attack_binary,Heart Attack,LBXPLTSI,Platelet Count (10^3/uL),LBXSCR,Creatinine Kidney (mg/dL),Difference,4903,243.0,-0.5527285610123047,7.941148595637215e-13,1881.5900668680451,-0.5496145080662695,1.0563019946202657e-12,1882.2090532556256,0.171065644275504,3.1763182632079973e-06,1918.7216697191616,1.3301627364089208,0.6189863875804349,6.658727083298286e-12,4.288220241644096e-09,True,True
heart_attack_binary,Heart Attack,LBXSCR,Creatinine Kidney (mg/dL),LBXPLTSI,Platelet Count (10^3/uL),Difference,4903,243.0,0.5527285610123047,7.941148595637215e-13,1881.5900668680451,0.171065644275504,3.1763182632079973e-06,1918.7216697191616,-0.5496145080662695,1.0563019946202657e-12,1882.2090532556256,1.3301627364089208,0.6189863875804349,6.658727083298286e-12,4.288220241644096e-09,True,True
stroke_binary,Stroke,LBXTC,Total Cholesterol (mg/dL),LBXSNASI,Sodium (mmol/L),Ratio,4905,238.0,-0.2582339978810758,0.0003041006227335,1894.8356939875623,-0.2516949934064796,0.0004101158557164,1895.451278407438,0.1153033110451905,0.0864904540649001,1905.5517106686,1.34861892760991,0.6155844198754039,0.0011095563261897972,1.0,True,False
stroke_binary,Stroke,LBXSCR,Creatinine Kidney (mg/dL),LBXSKSI,Potassium (mmol/L),Ratio,4905,239.0,0.2426125628379402,3.6705077957946478e-09,1876.408888062501,0.239503692945283,1.1816686840627585e-08,1877.013652009745,0.1061485957999952,0.1022661427696481,1911.827950577884,3.2193602351604125,0.604763947244237,2.192559966514502e-08,1.98207420972911e-05,True,True
arthritis_binary,Arthritis,LBXTC,Total Cholesterol (mg/dL),LBXIN,Insulin (uIU/mL),Ratio,2376,752.0,-0.1514543323686038,0.0037701066736807,2960.739183037579,0.0294855129752514,0.5023715631281389,2969.7578499283127,0.1300358813089764,0.0046111801231977,2961.327460873724,1.2230900932826425,0.5882778361451528,0.011996803793680483,1.0,True,False
liver_condition_binary,Liver Condition,LBXSBU,BUN Kidney (mg/dL),LBXSAL,Albumin (g/dL),Difference,4899,270.0,0.1736387807953814,0.0006504189657743,2083.784552166216,0.1695864563758633,0.0009612282353252,2084.3722428931446,-0.1414030829999255,0.0201582795773838,2088.659315468346,1.4778600961931878,0.5876907269284857,0.0022836556665677635,1.0,True,False
liver_condition_binary,Liver Condition,LBXSAL,Albumin (g/dL),LBXSBU,BUN Kidney (mg/dL),Difference,4899,270.0,-0.1736387807953814,0.0006504189657743,2083.784552166216,-0.1414030829999255,0.0201582795773838,2088.659315468346,0.1695864563758633,0.0009612282353252,2084.3722428931446,1.4778600961931878,0.5876907269284857,0.0022836556665677635,1.0,True,False
stroke_binary,Stroke,LBXIN,Insulin (uIU/mL),LBXSKSI,Potassium (mmol/L),Ratio,2379,114.0,0.1515579233488025,0.0058638996522718,913.249011762655,0.1449988069281017,0.0093618703195718,913.8322351150856,0.0253060003831015,0.7914039424625453,919.096046142594,1.5965263518697617,0.5832233524305366,0.018146165113047404,1.0,True,False
high_cholesterol_binary,High Cholesterol,LBXTR,Triglycerides (mg/dL),LBXPLTSI,Platelet Count (10^3/uL),Difference,2589,865.0,0.5840972391992463,1.4719072622733927e-24,3175.2288228856405,0.6387997921868626,1.0889795641898093e-23,3175.8083302584573,-0.1642502695544665,0.0001483479829251,3287.815860952658,7.398425105314423,0.5795073728168063,2.722020279546685e-23,7.948299216276321e-21,True,True
high_cholesterol_binary,High Cholesterol,LBXPLTSI,Platelet Count (10^3/uL),LBXTR,Triglycerides (mg/dL),Difference,2589,865.0,-0.5840972391992463,1.4719072622733927e-24,3175.2288228856405,-0.1642502695544665,0.0001483479829251,3287.815860952658,0.6387997921868626,1.0889795641898093e-23,3175.8083302584573,7.398425105314423,0.5795073728168063,2.722020279546685e-23,7.948299216276321e-21,True,True
liver_condition_binary,Liver Condition,LBXSASSI,AST Liver Enzyme (U/L),LBXSAL,Albumin (g/dL),Difference,4887,269.0,0.2753841262593101,8.653935392560346e-13,2042.381594438176,0.2742846655424148,1.19555810204024e-12,2042.9555687441243,-0.1420917922497715,0.0197733751162474,2081.582178175567,1.3815195605320123,0.5739743059484681,7.200500942962384e-12,4.673125111982587e-09,True,True
liver_condition_binary,Liver Condition,LBXSAL,Albumin (g/dL),LBXSASSI,AST Liver Enzyme (U/L),Difference,4887,269.0,-0.2753841262593101,8.653935392560346e-13,2042.381594438176,-0.1420917922497715,0.0197733751162474,2081.582178175567,0.2742846655424148,1.19555810204024e-12,2042.9555687441243,1.3815195605320123,0.5739743059484681,7.200500942962384e-12,4.673125111982587e-09,True,True
heart_attack_binary,Heart Attack,BMXWAIST,Waist Circumference (cm),LBXSNASI,Sodium (mmol/L),Ratio,4649,217.0,0.3572537849434215,3.738116245639474e-08,1728.6037788605947,0.3544314462478898,5.2393371809345e-08,1729.177631649497,-0.0474984360538256,0.4919263139336586,1757.2367911589008,1.4015982480604248,0.5738527889022862,2.0226280287027213e-07,0.00020185827726453158,True,True
heart_attack_binary,Heart Attack,LBXHGB,Hemoglobin (g/dL),diastolic_bp,Diastolic BP (mmHg),Difference,4781,231.0,0.2682526685199878,1.009628629996252e-05,1836.4482396280475,-0.0024163289631014,0.9714089701397048,1854.507567363185,-0.264001051568412,1.4065418955863987e-05,1837.0205681943253,1.3931279817130586,0.5723285662779745,4.330416681477173e-05,0.05451994601979761,True,False
heart_attack_binary,Heart Attack,diastolic_bp,Diastolic BP (mmHg),LBXHGB,Hemoglobin (g/dL),Difference,4781,231.0,-0.2682526685199878,1.009628629996252e-05,1836.4482396280475,-0.264001051568412,1.4065418955863987e-05,1837.0205681943253,-0.0024163289631014,0.9714089701397048,1854.507567363185,1.3931279817130586,0.5723285662779745,4.330416681477173e-05,0.05451994601979761,True,False
liver_condition_binary,Liver Condition,BMXBMI,Body Mass Index (kg/m2),LBDHDD,HDL Cholesterol (mg/dL),Difference,4846,263.0,0.2203777627283152,0.0012155846570357,2037.1451599287643,0.1040534542338084,0.081044996051825,2045.174327229441,-0.2208871880906243,0.0018850812990697,2037.71357134988,1.550761017061978,0.5684114211153428,0.00412062595605322,1.0,True,False
liver_condition_binary,Liver Condition,LBDHDD,HDL Cholesterol (mg/dL),BMXBMI,Body Mass Index (kg/m2),Difference,4846,263.0,-0.2203777627283152,0.0012155846570357,2037.1451599287643,-0.2208871880906243,0.0018850812990697,2037.71357134988,0.1040534542338084,0.081044996051825,2045.174327229441,1.550761017061978,0.5684114211153428,0.00412062595605322,1.0,True,False
stroke_binary,Stroke,LBDLDL,LDL Cholesterol (mg/dL),LBXWBCSI,WBC Count (10^3/uL),Ratio,2365,111.0,-0.3143988982379596,0.006449034977239,891.5166091151891,-0.286885349533942,0.0068767459421673,892.0830468253316,0.1665646164415615,0.0338332454954836,895.8755288794957,1.0663217002912666,0.5664377101425089,0.019809322455682937,1.0,True,False
arthritis_binary,Arthritis,LBXHSCRP,hs-CRP Inflammation (mg/L),LBXTC,Total Cholesterol (mg/dL),Ratio,4892,1519.0,0.1852931197281437,6.136767423518516e-09,6027.702224691186,0.1868557003273776,9.403987372882866e-09,6028.265833540032,-0.0114658943092168,0.711024444864877,6065.106222773522,1.532400810375031,0.5636088488463429,3.578676467278616e-08,3.313854408699999e-05,True,True
heart_attack_binary,Heart Attack,LBXSCR,Creatinine Kidney (mg/dL),LBDLDL,LDL Cholesterol (mg/dL),Difference,2352,125.0,0.5193505710525214,1.129032035242278e-06,954.8699768201444,0.164686772584142,0.0015459565591075,971.7424491293376,-0.5133849588708161,1.4626566093282655e-06,955.432798050209,1.2954961096514817,0.5628212300647419,5.3433593254235776e-06,0.006096772990308302,True,True
heart_attack_binary,Heart Attack,LBDLDL,LDL Cholesterol (mg/dL),LBXSCR,Creatinine Kidney (mg/dL),Difference,2352,125.0,-0.5193505710525214,1.129032035242278e-06,954.8699768201444,-0.5133849588708161,1.4626566093282655e-06,955.432798050209,0.164686772584142,0.0015459565591075,971.7424491293376,1.2954961096514817,0.5628212300647419,5.3433593254235776e-06,0.006096772990308302,True,True
liver_condition_binary,Liver Condition,LBXWBCSI,WBC Count (10^3/uL),LBXSAPSI,Alkaline Phosphatase (U/L),Difference,4897,269.0,-0.2939424842134037,1.3823529251545686e-08,2055.9926976722336,-0.0321320669119214,0.7912032253625558,2087.933909005896,0.2883627543229678,1.8223670927356048e-08,2056.5532900359503,1.3183081249181252,0.5605923637167507,7.711472929581271e-08,7.46470579583467e-05,True,True
liver_condition_binary,Liver Condition,LBXSAPSI,Alkaline Phosphatase (U/L),LBXWBCSI,WBC Count (10^3/uL),Difference,4897,269.0,0.2939424842134037,1.3823529251545686e-08,2055.9926976722336,0.2883627543229678,1.8223670927356048e-08,2056.5532900359503,-0.0321320669119214,0.7912032253625558,2087.933909005896,1.3183081249181252,0.5605923637167507,7.711472929581271e-08,7.46470579583467e-05,True,True
thyroid_binary,Thyroid Problem,LBXSATSI,ALT Liver Enzyme (U/L),LBXSKSI,Potassium (mmol/L),Difference,4899,599.0,-0.2710745900238648,1.0314106619920065e-05,3619.0319119729465,-0.2671085679639208,1.271798505237551e-05,3619.5886056927447,0.0895439022003783,0.0375557345901516,3638.915724913849,1.2330670528277008,0.5566937197982043,4.416825991083929e-05,0.05569617574756835,True,False
thyroid_binary,Thyroid Problem,LBXSKSI,Potassium (mmol/L),LBXSATSI,ALT Liver Enzyme (U/L),Difference,4899,599.0,0.2710745900238648,1.0314106619920065e-05,3619.0319119729465,0.0895439022003783,0.0375557345901516,3638.915724913849,-0.2671085679639208,1.271798505237551e-05,3619.5886056927447,1.2330670528277008,0.5566937197982043,4.416825991083929e-05,0.05569617574756835,True,False
stroke_binary,Stroke,LBXGLU,Fasting Glucose (mg/dL),LBXSASSI,AST Liver Enzyme (U/L),Difference,2374,114.0,0.1830946536918791,0.013746169367411,913.5221862361208,0.1698132268710074,0.0193142308438808,914.0754826433184,-0.0818841838189363,0.4883781808538553,918.1270944050189,1.4050627725910512,0.553296407197422,0.04083020604181485,1.0,True,False
stroke_binary,Stroke,LBXSASSI,AST Liver Enzyme (U/L),LBXGLU,Fasting Glucose (mg/dL),Difference,2374,114.0,-0.1830946536918791,0.013746169367411,913.5221862361208,-0.0818841838189363,0.4883781808538553,918.1270944050189,0.1698132268710074,0.0193142308438808,914.0754826433184,1.4050627725910512,0.553296407197422,0.04083020604181485,1.0,True,False
liver_condition_binary,Liver Condition,LBXPLTSI,Platelet Count (10^3/uL),LBXGH,"Glycohemoglobin (HbA1c, %)",Difference,5000,273.0,-0.3041684617105595,9.99241864790689e-06,2101.670554087369,-0.2999215216831795,1.305488140577168e-05,2102.2226104662377,0.1688837506838487,0.000590251918519,2112.2545073339816,1.3064786280252865,0.5520563788686559,4.299526748900176e-05,0.0539590606986972,True,False
liver_condition_binary,Liver Condition,LBXGH,"Glycohemoglobin (HbA1c, %)",LBXPLTSI,Platelet Count (10^3/uL),Difference,5000,273.0,0.3041684617105595,9.99241864790689e-06,2101.670554087369,0.1688837506838487,0.000590251918519,2112.2545073339816,-0.2999215216831795,1.305488140577168e-05,2102.2226104662377,1.3064786280252865,0.5520563788686559,4.299526748900176e-05,0.0539590606986972,True,False
high_cholesterol_binary,High Cholesterol,LBXWBCSI,WBC Count (10^3/uL),LBXSAPSI,Alkaline Phosphatase (U/L),Difference,5384,1761.0,-0.1096087594219339,0.000150025340019,6795.81159582068,-0.0153695232172612,0.6715052393261467,6810.148436443056,0.1071043076182836,0.0001940771982237,6796.3596460279605,1.2936294508588384,0.5480502072805393,0.0005661333585622641,0.8101368361025999,True,False
high_cholesterol_binary,High Cholesterol,LBXSAPSI,Alkaline Phosphatase (U/L),LBXWBCSI,WBC Count (10^3/uL),Difference,5384,1761.0,0.1096087594219339,0.000150025340019,6795.81159582068,0.1071043076182836,0.0001940771982237,6796.3596460279605,-0.0153695232172612,0.6715052393261467,6810.148436443056,1.2936294508588384,0.5480502072805393,0.0005661333585622641,0.8101368361025999,True,False
stroke_binary,Stroke,LBXPLTSI,Platelet Count (10^3/uL),LBXSNASI,Sodium (mmol/L),Ratio,4906,239.0,-0.2105786663302653,0.0031167515578039,1905.41976037332,-0.2040051594082738,0.0041330183977265,1905.9658447759127,0.1191718166537716,0.0759583331530633,1911.3861312780527,1.326066040579325,0.546084402592669,0.010102315973674105,1.0,True,False
diabetes_binary,Diabetes,LBXSCA,Calcium (mg/dL),systolic_bp,Systolic BP (mmHg),Difference,5600,763.0,-0.4725264397406981,1.8793637502646088e-40,4289.459379285665,-0.0708192740363695,0.0691314157521773,4459.38562534491,0.4718361836385634,2.395324594154484e-40,4289.998309144645,1.2745401702130466,0.5389298589798273,6.226113037686434e-39,1.0148564251428888e-36,True,True
diabetes_binary,Diabetes,systolic_bp,Systolic BP (mmHg),LBXSCA,Calcium (mg/dL),Difference,5600,763.0,0.4725264397406981,1.8793637502646088e-40,4289.459379285665,0.4718361836385634,2.395324594154484e-40,4289.998309144645,-0.0708192740363695,0.0691314157521773,4459.38562534491,1.2745401702130466,0.5389298589798273,6.226113037686434e-39,1.0148564251428888e-36,True,True
arthritis_binary,Arthritis,LBXSBU,BUN Kidney (mg/dL),LBXSNASI,Sodium (mmol/L),Ratio,4900,1524.0,0.472497358373601,8.530793020245638e-44,5858.193214492618,0.4717808643119679,1.0551209089207993e-43,5858.730094092071,-0.0117418463397484,0.7034682195062347,6079.019025632121,1.2368380130859369,0.5368795994536413,3.2214183433095413e-42,4.606628230932644e-40,True,True
high_cholesterol_binary,High Cholesterol,BMXWAIST,Waist Circumference (cm),LBXSAL,Albumin (g/dL),Difference,5110,1660.0,0.3905646251505472,2.3974850648183893e-37,6278.638974524463,0.3899362674851506,3.0751993771372924e-37,6279.16850691708,-0.1437063229646324,1.487044900897012e-06,6424.210574049176,1.282677177957828,0.529532392616602,6.673412036092424e-36,1.2946419350019303e-33,True,True
high_cholesterol_binary,High Cholesterol,LBXSAL,Albumin (g/dL),BMXWAIST,Waist Circumference (cm),Difference,5110,1660.0,-0.3905646251505472,2.3974850648183893e-37,6278.638974524463,-0.1437063229646324,1.487044900897012e-06,6424.210574049176,0.3899362674851506,3.0751993771372924e-37,6279.16850691708,1.282677177957828,0.529532392616602,6.673412036092424e-36,1.2946419350019303e-33,True,True
stroke_binary,Stroke,LBXTC,Total Cholesterol (mg/dL),BMXBMI,Body Mass Index (kg/m2),Difference,4852,227.0,-0.2329428374188267,0.0012792757594296,1826.649732852931,-0.2272610946362658,0.0016890417272384,1827.1779353906093,0.050223429600871,0.446685294684958,1836.879668543524,1.3203108984035223,0.5282025376784532,0.004320255847979888,1.0,True,False
stroke_binary,Stroke,BMXBMI,Body Mass Index (kg/m2),LBXTC,Total Cholesterol (mg/dL),Difference,4852,227.0,0.2329428374188267,0.0012792757594296,1826.649732852931,0.050223429600871,0.446685294684958,1836.879668543524,-0.2272610946362658,0.0016890417272384,1827.1779353906093,1.3203108984035223,0.5282025376784532,0.004320255847979888,1.0,True,False
liver_condition_binary,Liver Condition,LBXGLU,Fasting Glucose (mg/dL),LBXSCA,Calcium (mg/dL),Ratio,2375,132.0,0.2581720047586759,2.2196466434368335e-05,1008.9846704233804,0.2544011750386614,3.1401728042622526e-05,1009.5125589215676,-0.0106383821817001,0.9055213421960752,1023.456671450628,1.4147174342129087,0.5278884981872807,9.039284973272172e-05,0.119860918745589,True,False
heart_attack_binary,Heart Attack,LBXIN,Insulin (uIU/mL),LBXHGB,Hemoglobin (g/dL),Ratio,2379,126.0,0.1739404176985101,0.0012695544673007,980.7337819827258,0.170349039334672,0.0017155049125952,981.2584001313448,-0.0040539460178264,0.9646536424889214,989.6183152793378,1.3512653113991528,0.5246181486190835,0.004292795318361791,1.0,True,False
stroke_binary,Stroke,LBXSNASI,Sodium (mmol/L),LBDLDL,LDL Cholesterol (mg/dL),Difference,2357,111.0,0.2979254689337688,0.005141591320812,890.7433095362255,0.1385313024167326,0.1566790732382904,897.0214171424693,-0.2880571306929457,0.0067109354200379,891.2613700361511,1.305225367265888,0.518060499925582,0.016086091038461644,1.0,True,False
stroke_binary,Stroke,LBDLDL,LDL Cholesterol (mg/dL),LBXSNASI,Sodium (mmol/L),Difference,2357,111.0,-0.2979254689337688,0.005141591320812,890.7433095362255,-0.2880571306929457,0.0067109354200379,891.2613700361511,0.1385313024167326,0.1566790732382904,897.0214171424693,1.305225367265888,0.518060499925582,0.016086091038461644,1.0,True,False
thyroid_binary,Thyroid Problem,LBDHDD,HDL Cholesterol (mg/dL),LBXSUA,Uric Acid (mg/dL),Difference,4896,598.0,0.1216002075373639,0.0032755317388845,3630.1244694275615,0.1176215526126981,0.004360953618847,3630.638994042454,-0.0795422681924641,0.0735724000080614,3635.237837944304,1.3313727255569574,0.5145246148927072,0.01056623141575645,1.0,True,False
thyroid_binary,Thyroid Problem,LBXSUA,Uric Acid (mg/dL),LBDHDD,HDL Cholesterol (mg/dL),Difference,4896,598.0,-0.1216002075373639,0.0032755317388845,3630.1244694275615,-0.0795422681924641,0.0735724000080614,3635.237837944304,0.1176215526126981,0.004360953618847,3630.638994042454,1.3313727255569574,0.5145246148927072,0.01056623141575645,1.0,True,False
liver_condition_binary,Liver Condition,LBXGLU,Fasting Glucose (mg/dL),LBXSNASI,Sodium (mmol/L),Difference,2378,132.0,0.2582402046380802,2.1569195295821744e-05,1009.3050491383316,0.2547059848446247,3.0314830935699223e-05,1009.8058122002589,-0.1785961313389616,0.0446878446941245,1019.8010624259562,1.4054687956565368,0.5007630619271595,8.803753181968059e-05,0.11647365459743741,True,False
liver_condition_binary,Liver Condition,LBXSNASI,Sodium (mmol/L),LBXGLU,Fasting Glucose (mg/dL),Difference,2378,132.0,-0.2582402046380802,2.1569195295821744e-05,1009.3050491383316,-0.1785961313389616,0.0446878446941245,1019.8010624259562,0.2547059848446247,3.0314830935699223e-05,1009.8058122002589,1.4054687956565368,0.5007630619271595,8.803753181968059e-05,0.11647365459743741,True,False
hypertension_binary,Hypertension,systolic_bp,Systolic BP (mmHg),LBXSKSI,Potassium (mmol/L),Difference,5146,1818.0,0.9789937656085989,1.1599274788522391e-151,5791.930216194174,0.9786533187844856,1.3955346731735e-151,5792.429759340432,-0.013090939082807,0.6538174065562068,6687.999486074351,1.203122349126858,0.4995431462575652,6.9595648731134345e-149,6.26360838580209e-148,True,True
hypertension_binary,Hypertension,LBXSKSI,Potassium (mmol/L),systolic_bp,Systolic BP (mmHg),Difference,5146,1818.0,-0.9789937656085989,1.1599274788522391e-151,5791.930216194174,-0.013090939082807,0.6538174065562068,6687.999486074351,0.9786533187844856,1.3955346731735e-151,5792.429759340432,1.203122349126858,0.4995431462575652,6.9595648731134345e-149,6.26360838580209e-148,True,True
hypertension_binary,Hypertension,LBXIN,Insulin (uIU/mL),LBXSKSI,Potassium (mmol/L),Ratio,2593,929.0,0.2143952132264197,2.275897550700536e-05,3364.67666516326,0.2120824337296999,2.3531498891374825e-05,3365.174063750454,-0.0654081948723898,0.1118901552558965,3384.901687085512,1.0339436801156394,0.4973985871943114,9.249447834089893e-05,0.12289846773782893,True,False
heart_attack_binary,Heart Attack,LBXPLTSI,Platelet Count (10^3/uL),LBXSKSI,Potassium (mmol/L),Difference,4901,243.0,-0.5520157912599937,8.544045779011297e-13,1881.5403918386976,-0.5494847758339435,1.0679956337389232e-12,1882.032093597964,0.3366311344856533,4.306603731245496e-08,1909.0675472627977,1.249988192201037,0.4917017592663342,7.142081610938236e-12,4.6137847206661e-09,True,True
heart_attack_binary,Heart Attack,LBXSKSI,Potassium (mmol/L),LBXPLTSI,Platelet Count (10^3/uL),Difference,4901,243.0,0.5520157912599937,8.544045779011297e-13,1881.5403918386976,0.3366311344856533,4.306603731245496e-08,1909.0675472627977,-0.5494847758339435,1.0679956337389232e-12,1882.032093597964,1.249988192201037,0.4917017592663342,7.142081610938236e-12,4.6137847206661e-09,True,True
heart_attack_binary,Heart Attack,BMXBMI,Body Mass Index (kg/m2),LBXTC,Total Cholesterol (mg/dL),Difference,4850,236.0,0.5028768235319847,3.0519490254677e-11,1843.262813008536,0.0566706737682865,0.3799166279765457,1890.3813331090453,-0.5017768861662659,4.1260003492028816e-11,1843.7441713338897,1.3519230874344594,0.4813583253539946,2.1543169591536706e-10,1.648052473752558e-07,True,True
heart_attack_binary,Heart Attack,LBXTC,Total Cholesterol (mg/dL),BMXBMI,Body Mass Index (kg/m2),Difference,4850,236.0,-0.5028768235319847,3.0519490254677e-11,1843.262813008536,-0.5017768861662659,4.1260003492028816e-11,1843.7441713338897,0.0566706737682865,0.3799166279765457,1890.3813331090453,1.3519230874344594,0.4813583253539946,2.1543169591536706e-10,1.648052473752558e-07,True,True
arthritis_binary,Arthritis,LBDHDD,HDL Cholesterol (mg/dL),LBDLDL,LDL Cholesterol (mg/dL),Difference,2361,748.0,0.0984588400413939,0.0278963938139436,2947.750871469086,0.0916836332367022,0.0350519290003046,2948.226911888709,-0.0673769557427585,0.1322710343399584,2950.345814578437,1.256503949366547,0.4760404196226773,0.08017058360579853,1.0,False,False
arthritis_binary,Arthritis,LBDLDL,LDL Cholesterol (mg/dL),LBDHDD,HDL Cholesterol (mg/dL),Difference,2361,748.0,-0.0984588400413939,0.0278963938139436,2947.750871469086,-0.0673769557427585,0.1322710343399584,2950.345814578437,0.0916836332367022,0.0350519290003046,2948.226911888709,1.256503949366547,0.4760404196226773,0.08017058360579853,1.0,False,False
hypertension_binary,Hypertension,LBXSKSI,Potassium (mmol/L),LBXGLU,Fasting Glucose (mg/dL),Difference,2597,930.0,-0.4948336925553639,2.9550755238826123e-22,3269.354870599625,-0.0619883557046376,0.1315515226593263,3389.87045798455,0.49350359493026,3.362956792913426e-22,3269.8284978104903,1.138027358601958,0.4736272108648336,4.879941232099727e-21,1.5957407828966107e-18,True,True
hypertension_binary,Hypertension,LBXGLU,Fasting Glucose (mg/dL),LBXSKSI,Potassium (mmol/L),Difference,2597,930.0,0.4948336925553639,2.9550755238826123e-22,3269.354870599625,0.49350359493026,3.362956792913426e-22,3269.8284978104903,-0.0619883557046376,0.1315515226593263,3389.87045798455,1.138027358601958,0.4736272108648336,4.879941232099727e-21,1.5957407828966107e-18,True,True
stroke_binary,Stroke,LBXSBU,BUN Kidney (mg/dL),LBXSKSI,Potassium (mmol/L),Difference,4903,239.0,0.3990099636856581,3.238772413530009e-18,1849.402408874526,0.3972490086038435,4.174922270664278e-18,1849.8665183327892,0.1062238383239269,0.1020184904301917,1911.6243370867228,1.2890446556922286,0.4641094582632377,4.164135960252869e-17,1.748937103306205e-14,True,True
stroke_binary,Stroke,LBXSKSI,Potassium (mmol/L),LBXSBU,BUN Kidney (mg/dL),Difference,4903,239.0,-0.3990099636856581,3.238772413530009e-18,1849.402408874526,0.1062238383239269,0.1020184904301917,1911.6243370867228,0.3972490086038435,4.174922270664278e-18,1849.8665183327892,1.2890446556922286,0.4641094582632377,4.164135960252869e-17,1.748937103306205e-14,True,True
stroke_binary,Stroke,LBXPLTSI,Platelet Count (10^3/uL),LBXSKSI,Potassium (mmol/L),Ratio,4903,239.0,-0.2091257411164624,0.0032524508346303,1905.207220375191,-0.2039579348594784,0.0041415847579516,1905.6701545633289,0.1065382770409296,0.1009922304253807,1911.6085482671988,1.2733735169350395,0.4629341881377513,0.01051690689042133,1.0,True,False
heart_attack_binary,Heart Attack,LBXPLTSI,Platelet Count (10^3/uL),LBXSCA,Calcium (mg/dL),Ratio,4901,243.0,-0.5561870232510139,1.0223507449714889e-12,1881.5495978621336,-0.5496320873136608,1.0536675218072901e-12,1881.9999175437192,0.0314998215185744,0.6315807361997802,1937.5264930475787,1.0306321259996485,0.4503196815853698,8.367076156554823e-12,5.52069402284604e-09,True,True
liver_condition_binary,Liver Condition,LBXGLU,Fasting Glucose (mg/dL),LBXSNASI,Sodium (mmol/L),Ratio,2378,132.0,0.2568082634128031,2.1925829316574087e-05,1009.3560837618128,0.2547059848446247,3.0314830935699223e-05,1009.8058122002589,-0.1785961313389616,0.0446878446941245,1019.8010624259562,1.382608178600741,0.4497284384460727,8.935809683735855e-05,0.11839947830950007,True,False
stroke_binary,Stroke,LBXSNASI,Sodium (mmol/L),LBXPLTSI,Platelet Count (10^3/uL),Difference,4906,239.0,0.2093678728330466,0.0032827402087763,1905.5220176584496,0.1191718166537716,0.0759583331530633,1911.3861312780527,-0.2040051594082738,0.0041330183977265,1905.9658447759127,1.2590147665895015,0.443827117462888,0.010576847928038199,1.0,True,False
stroke_binary,Stroke,LBXPLTSI,Platelet Count (10^3/uL),LBXSNASI,Sodium (mmol/L),Difference,4906,239.0,-0.2093678728330466,0.0032827402087763,1905.5220176584496,-0.2040051594082738,0.0041330183977265,1905.9658447759127,0.1191718166537716,0.0759583331530633,1911.3861312780527,1.2590147665895015,0.443827117462888,0.010576847928038199,1.0,True,False
diabetes_binary,Diabetes,LBXSKSI,Potassium (mmol/L),LBDLDL,LDL Cholesterol (mg/dL),Difference,2796,402.0,0.3738195224660435,6.73576902329187e-10,2265.3133179864726,0.1908244136208608,0.0003420063632732,2293.811160374986,-0.371689376834747,8.251707420502964e-10,2265.7566424716897,1.2250579543284628,0.4433244852170901,4.31985186766937e-09,3.6373152725776098e-06,True,True
diabetes_binary,Diabetes,LBDLDL,LDL Cholesterol (mg/dL),LBXSKSI,Potassium (mmol/L),Difference,2796,402.0,-0.3738195224660435,6.73576902329187e-10,2265.3133179864726,-0.371689376834747,8.251707420502964e-10,2265.7566424716897,0.1908244136208608,0.0003420063632732,2293.811160374986,1.2250579543284628,0.4433244852170901,4.31985186766937e-09,3.6373152725776098e-06,True,True
liver_condition_binary,Liver Condition,diastolic_bp,Diastolic BP (mmHg),LBXPLTSI,Platelet Count (10^3/uL),Difference,4775,261.0,0.2998036539033322,1.6552705093370145e-05,2009.1017819767203,0.0329270915544363,0.6079914535262229,2028.4623009432887,-0.2969059112529878,2.093755575626431e-05,2009.5450305365664,1.2649023611645465,0.4432485598458697,6.91831327431879e-05,0.08938460750419878,True,False
liver_condition_binary,Liver Condition,LBXPLTSI,Platelet Count (10^3/uL),diastolic_bp,Diastolic BP (mmHg),Difference,4775,261.0,-0.2998036539033322,1.6552705093370145e-05,2009.1017819767203,-0.2969059112529878,2.093755575626431e-05,2009.5450305365664,0.0329270915544363,0.6079914535262229,2028.4623009432887,1.2649023611645465,0.4432485598458697,6.91831327431879e-05,0.08938460750419878,True,False
stroke_binary,Stroke,LBXSUA,Uric Acid (mg/dL),LBXTC,Total Cholesterol (mg/dL),Difference,4902,238.0,0.2553906429550839,0.0003377790710109,1894.7723578612688,0.0963421533568051,0.1370977437137669,1906.0403067211505,-0.251319657509178,0.0004183203167,1895.1916578960536,1.2384435644520062,0.4193000347850102,0.0012266354966098587,1.0,True,False
stroke_binary,Stroke,LBXTC,Total Cholesterol (mg/dL),LBXSUA,Uric Acid (mg/dL),Difference,4902,238.0,-0.2553906429550839,0.0003377790710109,1894.7723578612688,-0.251319657509178,0.0004183203167,1895.1916578960536,0.0963421533568051,0.1370977437137669,1906.0403067211505,1.2384435644520062,0.4193000347850102,0.0012266354966098587,1.0,True,False
depression_binary,Depression,LBXGH,"Glycohemoglobin (HbA1c, %)",LBXSAL,Albumin (g/dL),Ratio,790,410.0,0.2270897943287198,0.0038584306780075,1088.8954342464413,0.2210666891541065,0.0046812905964692,1089.3120537674615,-0.1237269876319689,0.0858155774092664,1095.0516937070483,1.213262848844707,0.4166195210204932,0.012270627597903708,1.0,True,False
liver_condition_binary,Liver Condition,LBXSUA,Uric Acid (mg/dL),LBXSNASI,Sodium (mmol/L),Ratio,4899,270.0,0.2161907764860179,0.0002715413203731,2081.1390627262253,0.212682519739387,0.0003411692942585,2081.5543199040458,-0.0188015317991878,0.763452504776321,2093.864601287865,1.2564176007901766,0.4152571778204219,0.0009961434307165353,1.0,True,False
heart_attack_binary,Heart Attack,LBXTC,Total Cholesterol (mg/dL),LBXHGB,Hemoglobin (g/dL),Difference,4924,243.0,-0.5039355490620687,1.8165567765759735e-11,1890.9431249712572,-0.5017517954648616,2.187868134808501e-11,1891.34511472982,0.0030882588216243,0.9625897988998536,1940.0875439558515,1.2044039377246505,0.4019897585626495,1.3238065578286447e-10,9.809406593510256e-08,True,True
heart_attack_binary,Heart Attack,LBXHGB,Hemoglobin (g/dL),LBXTC,Total Cholesterol (mg/dL),Difference,4924,243.0,0.5039355490620687,1.8165567765759735e-11,1890.9431249712572,0.0030882588216243,0.9625897988998536,1940.0875439558515,-0.5017517954648616,2.187868134808501e-11,1891.34511472982,1.2044039377246505,0.4019897585626495,1.3238065578286447e-10,9.809406593510256e-08,True,True
liver_condition_binary,Liver Condition,BMXBMI,Body Mass Index (kg/m2),LBXGLU,Fasting Glucose (mg/dL),Difference,2385,131.0,-0.2640339178271467,1.1384635682108895e-05,1003.5213265545538,0.0012237190329242,0.9891306709092772,1018.9293004151148,0.2619267234381525,1.499371399402725e-05,1003.919864715482,1.317013070307561,0.398538160928183,4.817949269857996e-05,0.061477032683388035,True,False
liver_condition_binary,Liver Condition,LBXGLU,Fasting Glucose (mg/dL),BMXBMI,Body Mass Index (kg/m2),Difference,2385,131.0,0.2640339178271467,1.1384635682108895e-05,1003.5213265545538,0.2619267234381525,1.499371399402725e-05,1003.919864715482,0.0012237190329242,0.9891306709092772,1018.9293004151148,1.317013070307561,0.398538160928183,4.817949269857996e-05,0.061477032683388035,True,False
thyroid_binary,Thyroid Problem,LBXSCA,Calcium (mg/dL),LBXSUA,Uric Acid (mg/dL),Difference,4900,598.0,0.1049823701525789,0.0189354606956429,3633.920180483714,0.0992770940546944,0.022335939915001,3634.318123754455,-0.0795440105038028,0.0735452123123364,3636.278955287914,1.1795825976465708,0.3979432707410524,0.05524121434709435,1.0,False,False
thyroid_binary,Thyroid Problem,LBXSUA,Uric Acid (mg/dL),LBXSCA,Calcium (mg/dL),Difference,4900,598.0,-0.1049823701525789,0.0189354606956429,3633.920180483714,-0.0795440105038028,0.0735452123123364,3636.278955287914,0.0992770940546944,0.022335939915001,3634.318123754455,1.1795825976465708,0.3979432707410524,0.05524121434709435,1.0,False,False
liver_condition_binary,Liver Condition,LBXHGB,Hemoglobin (g/dL),LBDHDD,HDL Cholesterol (mg/dL),Difference,4919,269.0,0.1680834700317118,0.0137733470801714,2084.116629560589,0.0875124185060124,0.1701778199054948,2088.619391395152,-0.1631265729685109,0.0170854496655412,2084.5083943234995,1.2404718741269551,0.3917647629100429,0.040865974853255806,1.0,True,False
liver_condition_binary,Liver Condition,LBDHDD,HDL Cholesterol (mg/dL),LBXHGB,Hemoglobin (g/dL),Difference,4919,269.0,-0.1680834700317118,0.0137733470801714,2084.116629560589,-0.1631265729685109,0.0170854496655412,2084.5083943234995,0.0875124185060124,0.1701778199054948,2088.619391395152,1.2404718741269551,0.3917647629100429,0.040865974853255806,1.0,True,False
liver_condition_binary,Liver Condition,LBXGH,"Glycohemoglobin (HbA1c, %)",LBXSCA,Calcium (mg/dL),Difference,4895,270.0,0.1731767007023944,0.0006151500060882,2083.262410298756,0.1673857407438891,0.0007309212042005,2083.6530847479758,-0.0350980967221168,0.5752162784609941,2093.1872823636127,1.1881999463002235,0.3906744492192047,0.002168283311276945,1.0,True,False
liver_condition_binary,Liver Condition,LBXSCA,Calcium (mg/dL),LBXGH,"Glycohemoglobin (HbA1c, %)",Difference,4895,270.0,-0.1731767007023944,0.0006151500060882,2083.262410298756,-0.0350980967221168,0.5752162784609941,2093.1872823636127,0.1673857407438891,0.0007309212042005,2083.6530847479758,1.1881999463002235,0.3906744492192047,0.002168283311276945,1.0,True,False
stroke_binary,Stroke,LBXSKSI,Potassium (mmol/L),LBXSATSI,ALT Liver Enzyme (U/L),Difference,4905,239.0,0.3640893340628091,0.0004997072233826,1898.585426973475,0.1061485957999952,0.1022661427696481,1911.827950577884,-0.3580556406924748,0.0005749176132766,1898.9745177247687,1.1505089107674284,0.3890907512936792,0.0017741084853820119,1.0,True,False
stroke_binary,Stroke,LBXSATSI,ALT Liver Enzyme (U/L),LBXSKSI,Potassium (mmol/L),Difference,4905,239.0,-0.3640893340628091,0.0004997072233826,1898.585426973475,-0.3580556406924748,0.0005749176132766,1898.9745177247687,0.1061485957999952,0.1022661427696481,1911.827950577884,1.1505089107674284,0.3890907512936792,0.0017741084853820119,1.0,True,False
hypertension_binary,Hypertension,LBXPLTSI,Platelet Count (10^3/uL),LBXSNASI,Sodium (mmol/L),Difference,5408,1900.0,-0.129641736730311,8.97707874515025e-06,6995.560614603977,-0.128369999097973,1.094803579034735e-05,6995.949669733793,0.0338307833007774,0.2357708886917727,7014.247426579992,1.2195543897018708,0.3890551298154605,3.890547770771376e-05,0.04847622522381135,True,True
hypertension_binary,Hypertension,LBXSNASI,Sodium (mmol/L),LBXPLTSI,Platelet Count (10^3/uL),Difference,5408,1900.0,0.129641736730311,8.97707874515025e-06,6995.560614603977,0.0338307833007774,0.2357708886917727,7014.247426579992,-0.128369999097973,1.094803579034735e-05,6995.949669733793,1.2195543897018708,0.3890551298154605,3.890547770771376e-05,0.04847622522381135,True,True
stroke_binary,Stroke,LBXGLU,Fasting Glucose (mg/dL),LBXSASSI,AST Liver Enzyme (U/L),Ratio,2374,114.0,0.1782204810331039,0.0149189060421735,913.6899241908797,0.1698132268710074,0.0193142308438808,914.0754826433184,-0.0818841838189363,0.4883781808538553,918.1270944050189,1.2946144167194522,0.3855584524387723,0.04408145783849659,1.0,True,False
diabetes_binary,Diabetes,LBXHSCRP,hs-CRP Inflammation (mg/L),LBXSCA,Calcium (mg/dL),Ratio,5881,797.0,0.2491224273411512,9.741611275882957e-16,4603.864045351755,0.2502685929711799,1.3295561246766336e-15,4604.242024577408,-0.0590075221501382,0.1214846268557343,4668.163948395793,1.3648215752235768,0.3779792256536893,1.0355256080662986e-14,5.260470088976796e-12,True,True
heart_attack_binary,Heart Attack,LBXSNASI,Sodium (mmol/L),BMXWAIST,Waist Circumference (cm),Difference,4649,217.0,-0.3568915127795001,4.3007651401672673e-08,1728.8024481473649,-0.0474984360538256,0.4919263139336586,1757.2367911589008,0.3544314462478898,5.2393371809345e-08,1729.177631649497,1.2182337352024597,0.3751835021321312,2.3062692906557342e-07,0.00023224131756903243,True,True
heart_attack_binary,Heart Attack,BMXWAIST,Waist Circumference (cm),LBXSNASI,Sodium (mmol/L),Difference,4649,217.0,0.3568915127795001,4.3007651401672673e-08,1728.8024481473649,0.3544314462478898,5.2393371809345e-08,1729.177631649497,-0.0474984360538256,0.4919263139336586,1757.2367911589008,1.2182337352024597,0.3751835021321312,2.3062692906557342e-07,0.00023224131756903243,True,True
stroke_binary,Stroke,LBXSCA,Calcium (mg/dL),LBXHGB,Hemoglobin (g/dL),Difference,4903,239.0,0.3002964132508065,1.6589966290482466e-06,1892.1589756411984,-0.0139943099762671,0.8329838530181122,1914.215687508513,-0.2958289118383417,1.866823295666109e-06,1892.526327757334,1.125272506874888,0.3673521161354074,7.683174782899255e-06,0.008958581796860533,True,True
stroke_binary,Stroke,LBXHGB,Hemoglobin (g/dL),LBXSCA,Calcium (mg/dL),Difference,4903,239.0,-0.3002964132508065,1.6589966290482466e-06,1892.1589756411984,-0.2958289118383417,1.866823295666109e-06,1892.526327757334,-0.0139943099762671,0.8329838530181122,1914.215687508513,1.125272506874888,0.3673521161354074,7.683174782899255e-06,0.008958581796860533,True,True
diabetes_binary,Diabetes,LBXSCA,Calcium (mg/dL),LBXHSCRP,hs-CRP Inflammation (mg/L),Difference,5881,797.0,-0.251101804393803,1.0802661726976509e-15,4603.874701623962,-0.0590075221501382,0.1214846268557343,4668.163948395793,0.2502685929711799,1.3295561246766336e-15,4604.242024577408,1.230767155613559,0.3673229534460915,1.1438112416798656e-14,5.833437332567314e-12,True,True
diabetes_binary,Diabetes,LBXHSCRP,hs-CRP Inflammation (mg/L),LBXSCA,Calcium (mg/dL),Difference,5881,797.0,0.251101804393803,1.0802661726976509e-15,4603.874701623962,0.2502685929711799,1.3295561246766336e-15,4604.242024577408,-0.0590075221501382,0.1214846268557343,4668.163948395793,1.230767155613559,0.3673229534460915,1.1438112416798656e-14,5.833437332567314e-12,True,True
stroke_binary,Stroke,diastolic_bp,Diastolic BP (mmHg),LBDLDL,LDL Cholesterol (mg/dL),Ratio,2249,103.0,0.2221684514229539,0.0043893869698789,833.5188695683187,-0.1098923826978677,0.2571528207293331,839.1649896647923,-0.2734095823040354,0.0129315469714477,833.8854529868422,2.946094081061266,0.3665834185235326,0.01386933273103924,1.0,True,False
high_cholesterol_binary,High Cholesterol,LBXSAL,Albumin (g/dL),LBDLDL,LDL Cholesterol (mg/dL),Difference,2556,846.0,-0.3080866679990434,4.887221774601732e-13,3195.784893895873,-0.1116465892903725,0.0078043625618587,3242.3952213799794,0.3070384328474502,5.790865090223208e-13,3196.1409802287744,1.184899183482443,0.3560863329012136,4.209090523580439e-12,2.639099758284935e-09,True,True
high_cholesterol_binary,High Cholesterol,LBDLDL,LDL Cholesterol (mg/dL),LBXSAL,Albumin (g/dL),Difference,2556,846.0,0.3080866679990434,4.887221774601732e-13,3195.784893895873,0.3070384328474502,5.790865090223208e-13,3196.1409802287744,-0.1116465892903725,0.0078043625618587,3242.3952213799794,1.184899183482443,0.3560863329012136,4.209090523580439e-12,2.639099758284935e-09,True,True
high_cholesterol_binary,High Cholesterol,LBXSATSI,ALT Liver Enzyme (U/L),LBXHGB,Hemoglobin (g/dL),Difference,5384,1761.0,0.0698401137019271,0.0137290738267087,6804.296201810548,0.067830014195771,0.0166281465782194,6804.645630081267,-0.0074211780826471,0.7982761245859549,6810.297008206693,1.211163024403787,0.3494282707188176,0.04083020604181485,1.0,True,False
high_cholesterol_binary,High Cholesterol,LBXHGB,Hemoglobin (g/dL),LBXSATSI,ALT Liver Enzyme (U/L),Difference,5384,1761.0,-0.0698401137019271,0.0137290738267087,6804.296201810548,-0.0074211780826471,0.7982761245859549,6810.297008206693,0.067830014195771,0.0166281465782194,6804.645630081267,1.211163024403787,0.3494282707188176,0.04083020604181485,1.0,True,False
high_cholesterol_binary,High Cholesterol,LBXGLU,Fasting Glucose (mg/dL),LBXSAL,Albumin (g/dL),Difference,2582,864.0,0.4624010178946218,5.0210731923206605e-21,3184.3016320918487,0.4614731847671319,5.5657166309451974e-21,3184.6502478251573,-0.1134387912625519,0.0064585026838483,3288.134640936443,1.1084715194866162,0.3486157333086339,7.659264191675583e-20,2.7113795238531566e-17,True,True
high_cholesterol_binary,High Cholesterol,LBXSAL,Albumin (g/dL),LBXGLU,Fasting Glucose (mg/dL),Difference,2582,864.0,-0.4624010178946218,5.0210731923206605e-21,3184.3016320918487,-0.1134387912625519,0.0064585026838483,3288.134640936443,0.4614731847671319,5.5657166309451974e-21,3184.6502478251573,1.1084715194866162,0.3486157333086339,7.659264191675583e-20,2.7113795238531566e-17,True,True
stroke_binary,Stroke,LBXWBCSI,WBC Count (10^3/uL),LBXPLTSI,Platelet Count (10^3/uL),Difference,5020,243.0,0.201008295001724,0.0041159925357499,1941.158655644837,0.0189123913381913,0.652025816933036,1949.55521879028,-0.1976742106240314,0.0050723797382331,1941.504621383916,1.2323588281991198,0.3459657390790198,0.013020714524340633,1.0,True,False
stroke_binary,Stroke,LBXPLTSI,Platelet Count (10^3/uL),LBXWBCSI,WBC Count (10^3/uL),Difference,5020,243.0,-0.201008295001724,0.0041159925357499,1941.158655644837,-0.1976742106240314,0.0050723797382331,1941.504621383916,0.0189123913381913,0.652025816933036,1949.55521879028,1.2323588281991198,0.3459657390790198,0.013020714524340633,1.0,True,False
heart_attack_binary,Heart Attack,LBDLDL,LDL Cholesterol (mg/dL),LBXSKSI,Potassium (mmol/L),Difference,2353,125.0,-0.5174341175892359,1.2264202979032275e-06,955.1595346157516,-0.5137276187756835,1.4360563484159105e-06,955.5046835577998,0.2882312779199582,0.0011020802637402,970.6505227228716,1.1709332851642225,0.3451489420481266,5.773905500154689e-06,0.006622669608677428,True,True
heart_attack_binary,Heart Attack,LBXSKSI,Potassium (mmol/L),LBDLDL,LDL Cholesterol (mg/dL),Difference,2353,125.0,0.5174341175892359,1.2264202979032275e-06,955.1595346157516,0.2882312779199582,0.0011020802637402,970.6505227228716,-0.5137276187756835,1.4360563484159105e-06,955.5046835577998,1.1709332851642225,0.3451489420481266,5.773905500154689e-06,0.006622669608677428,True,True
depression_binary,Depression,LBXSCR,Creatinine Kidney (mg/dL),LBXWBCSI,WBC Count (10^3/uL),Difference,788,409.0,-0.1791600849205308,0.0226458715469195,1089.636986533158,-0.0534010931221758,0.4577068821924974,1094.7009468061935,0.1736194565819872,0.0272452997271278,1089.9807270077729,1.2031022816092038,0.3437404746146058,0.06553467650233939,1.0,False,False
depression_binary,Depression,LBXWBCSI,WBC Count (10^3/uL),LBXSCR,Creatinine Kidney (mg/dL),Difference,788,409.0,0.1791600849205308,0.0226458715469195,1089.636986533158,0.1736194565819872,0.0272452997271278,1089.9807270077729,-0.0534010931221758,0.4577068821924974,1094.7009468061935,1.2031022816092038,0.3437404746146058,0.06553467650233939,1.0,False,False
stroke_binary,Stroke,LBDLDL,LDL Cholesterol (mg/dL),LBXSUA,Uric Acid (mg/dL),Difference,2354,111.0,-0.2937222912411136,0.0057481305948774,890.6736773004611,-0.2873634208514967,0.0068455147848246,891.0094015997832,0.1274447871028757,0.1761360734294896,896.9531525970282,1.1909114923250332,0.3357242993221234,0.017818544898012604,1.0,True,False
stroke_binary,Stroke,LBXSUA,Uric Acid (mg/dL),LBDLDL,LDL Cholesterol (mg/dL),Difference,2354,111.0,0.2937222912411136,0.0057481305948774,890.6736773004611,0.1274447871028757,0.1761360734294896,896.9531525970282,-0.2873634208514967,0.0068455147848246,891.0094015997832,1.1909114923250332,0.3357242993221234,0.017818544898012604,1.0,True,False
liver_condition_binary,Liver Condition,LBXPLTSI,Platelet Count (10^3/uL),LBXSKSI,Potassium (mmol/L),Ratio,4896,269.0,-0.3113163255918191,6.856951452790215e-06,2066.3878342916723,-0.3095467273049642,8.008031782949648e-06,2066.723547549243,0.0481495818074181,0.4386406654183197,2087.332566896391,1.1678705672753509,0.33571325757066,3.0152718114875536e-05,0.03702753784506716,True,True
depression_binary,Depression,diastolic_bp,Diastolic BP (mmHg),BMXWAIST,Waist Circumference (cm),Difference,772,392.0,-0.1508586685860992,0.0379053336854512,1069.6858613139027,-0.0363364023753097,0.6141601749081432,1073.7784142603796,0.1449357103946149,0.0459987158052117,1070.0186873075777,1.2135156542063863,0.3328259936749873,0.10711083302011329,1.0,False,False
depression_binary,Depression,BMXWAIST,Waist Circumference (cm),diastolic_bp,Diastolic BP (mmHg),Difference,772,392.0,0.1508586685860992,0.0379053336854512,1069.6858613139027,0.1449357103946149,0.0459987158052117,1070.0186873075777,-0.0363364023753097,0.6141601749081432,1073.7784142603796,1.2135156542063863,0.3328259936749873,0.10711083302011329,1.0,False,False
diabetes_binary,Diabetes,LBXSAL,Albumin (g/dL),LBXTR,Triglycerides (mg/dL),Difference,2822,410.0,-0.3893769414185722,2.2351183373807317e-11,2288.1123640374144,-0.3456814570047865,3.5338679686186137e-11,2299.378885611077,0.387929844338771,2.5484314622364387e-11,2288.437855663657,1.1401774213095446,0.3254916262430924,1.6028737080817995e-10,1.206963902185595e-07,True,True
diabetes_binary,Diabetes,LBXTR,Triglycerides (mg/dL),LBXSAL,Albumin (g/dL),Difference,2822,410.0,0.3893769414185722,2.2351183373807317e-11,2288.1123640374144,0.387929844338771,2.5484314622364387e-11,2288.437855663657,-0.3456814570047865,3.5338679686186137e-11,2299.378885611077,1.1401774213095446,0.3254916262430924,1.6028737080817995e-10,1.206963902185595e-07,True,True
stroke_binary,Stroke,LBXGLU,Fasting Glucose (mg/dL),LBXSCA,Calcium (mg/dL),Ratio,2381,114.0,0.1750348671526066,0.0149223898016244,914.4093612623852,0.1702601423545394,0.0188581843708441,914.7312984910028,-0.0336986628893625,0.7260325757794915,919.239258336156,1.2637509555467648,0.3219372286174575,0.04408145783849659,1.0,True,False
thyroid_binary,Thyroid Problem,LBXSCA,Calcium (mg/dL),diastolic_bp,Diastolic BP (mmHg),Difference,4669,568.0,0.1277769659467623,0.0032911286202381,3452.5151280298155,0.0917436224753416,0.0396470077547316,3456.767785651962,-0.1253674018514393,0.0039446006303098,3452.836293110395,1.1985555976309543,0.3211650805797035,0.010591236322577913,1.0,True,False
thyroid_binary,Thyroid Problem,diastolic_bp,Diastolic BP (mmHg),LBXSCA,Calcium (mg/dL),Difference,4669,568.0,-0.1277769659467623,0.0032911286202381,3452.5151280298155,-0.1253674018514393,0.0039446006303098,3452.836293110395,0.0917436224753416,0.0396470077547316,3456.767785651962,1.1985555976309543,0.3211650805797035,0.010591236322577913,1.0,True,False
hypertension_binary,Hypertension,LBDHDD,HDL Cholesterol (mg/dL),LBXSNASI,Sodium (mmol/L),Ratio,5407,1900.0,-0.0859709134565823,0.003160231471968,7005.933118666146,-0.0843865438605588,0.0037383390022219,7006.248740546838,0.0329189631954784,0.2486327286507478,7013.456550241348,1.1829320210819243,0.3156218806925608,0.010230965197018705,1.0,True,False
thyroid_binary,Thyroid Problem,LBXSKSI,Potassium (mmol/L),LBXSASSI,AST Liver Enzyme (U/L),Difference,4887,597.0,0.1265364785720052,0.0268341104520867,3626.360225498853,0.0881951832375448,0.0408959095195317,3628.043698428718,-0.1224287870834466,0.0309048868576035,3626.6746437802194,1.151701559579747,0.3144182813662155,0.07724104287914083,1.0,False,False
thyroid_binary,Thyroid Problem,LBXSASSI,AST Liver Enzyme (U/L),LBXSKSI,Potassium (mmol/L),Difference,4887,597.0,-0.1265364785720052,0.0268341104520867,3626.360225498853,-0.1224287870834466,0.0309048868576035,3626.6746437802194,0.0881951832375448,0.0408959095195317,3628.043698428718,1.151701559579747,0.3144182813662155,0.07724104287914083,1.0,False,False
liver_condition_binary,Liver Condition,LBDHDD,HDL Cholesterol (mg/dL),LBXSKSI,Potassium (mmol/L),Ratio,4895,270.0,-0.1697533901587348,0.0137083730700655,2087.0473549358967,-0.1646840734160108,0.0159777336368401,2087.3599135502245,0.0530184671440226,0.3925141995211171,2092.775010868545,1.1655455797106975,0.3125586143278269,0.04083020604181485,1.0,True,False
liver_condition_binary,Liver Condition,LBXGLU,Fasting Glucose (mg/dL),LBXSAL,Albumin (g/dL),Ratio,2378,132.0,0.2521417648758671,2.4247054735983355e-05,1009.4947303977116,0.2547059848446247,3.0314830935699223e-05,1009.8058122002589,-0.086296521099998,0.3269524973557169,1022.8640812144866,1.2502479689094408,0.3110818025472781,9.822512796272326e-05,0.13093409557431013,True,False
heart_attack_binary,Heart Attack,LBXSAPSI,Alkaline Phosphatase (U/L),LBXHGB,Hemoglobin (g/dL),Ratio,4902,243.0,0.2230491064765847,8.254597380303059e-06,1920.2881333161615,0.2194784779715136,2.095612728433851e-05,1920.5990472985957,0.0040431209887279,0.9510509675319552,1937.8540405046992,2.5387219168730826,0.3109139824337035,3.6005513613599776e-05,0.04457482585363652,True,True
hypertension_binary,Hypertension,LBXPLTSI,Platelet Count (10^3/uL),LBXSNASI,Sodium (mmol/L),Ratio,5408,1900.0,-0.1293485708244922,9.357597099834454e-06,6995.645058908098,-0.128369999097973,1.094803579034735e-05,6995.949669733793,0.0338307833007774,0.2357708886917727,7014.247426579992,1.1699622962545622,0.3046108256949082,4.052207244515321e-05,0.05053102433910605,True,False
thyroid_binary,Thyroid Problem,LBXSAPSI,Alkaline Phosphatase (U/L),LBXSASSI,AST Liver Enzyme (U/L),Ratio,4888,597.0,0.1444519397100506,0.0003517827631639,3620.286043595683,0.1366457961765141,0.0004413708370876,3620.5809583767177,-0.1230956255269361,0.0301554774884648,3626.882296764162,1.254668742487293,0.2949147810345494,0.0012706534589197725,1.0,True,False
high_cholesterol_binary,High Cholesterol,LBXSKSI,Potassium (mmol/L),LBXPLTSI,Platelet Count (10^3/uL),Difference,5383,1759.0,0.168546813584677,2.2761194815926364e-08,6774.546055592478,0.132016151609385,5.463269698908616e-06,6785.9687255350245,-0.1677684648827705,2.6271849088311725e-08,6774.836463462451,1.1542385758206728,0.2904078699730235,1.2377689023766605e-07,0.00012291045200600237,True,True
high_cholesterol_binary,High Cholesterol,LBXPLTSI,Platelet Count (10^3/uL),LBXSKSI,Potassium (mmol/L),Difference,5383,1759.0,-0.168546813584677,2.2761194815926364e-08,6774.546055592478,-0.1677684648827705,2.6271849088311725e-08,6774.836463462451,0.132016151609385,5.463269698908616e-06,6785.9687255350245,1.1542385758206728,0.2904078699730235,1.2377689023766605e-07,0.00012291045200600237,True,True
thyroid_binary,Thyroid Problem,diastolic_bp,Diastolic BP (mmHg),LBXSKSI,Potassium (mmol/L),Difference,4669,570.0,-0.1264384477967897,0.0035946804297218,3460.570118167684,-0.1242853362228291,0.0042221872212465,3460.855102263935,0.0893815930274788,0.0428152831346927,3464.8193936833463,1.174565390107087,0.2849840962512644,0.011485961136389184,1.0,True,False
thyroid_binary,Thyroid Problem,LBXSKSI,Potassium (mmol/L),diastolic_bp,Diastolic BP (mmHg),Difference,4669,570.0,0.1264384477967897,0.0035946804297218,3460.570118167684,0.0893815930274788,0.0428152831346927,3464.8193936833463,-0.1242853362228291,0.0042221872212465,3460.855102263935,1.174565390107087,0.2849840962512644,0.011485961136389184,1.0,True,False
heart_attack_binary,Heart Attack,LBXSCA,Calcium (mg/dL),LBDLDL,LDL Cholesterol (mg/dL),Difference,2350,125.0,0.5159697737879602,1.310096571904484e-06,954.9747646123858,0.2099265962672238,0.0204368004740399,975.3789042958648,-0.5129867611338824,1.4928672360569237e-06,955.2563321018712,1.139509306467955,0.2815674894852691,6.146413108848144e-06,0.007074521488284213,True,True
heart_attack_binary,Heart Attack,LBDLDL,LDL Cholesterol (mg/dL),LBXSCA,Calcium (mg/dL),Difference,2350,125.0,-0.5159697737879602,1.310096571904484e-06,954.9747646123858,-0.5129867611338824,1.4928672360569237e-06,955.2563321018712,0.2099265962672238,0.0204368004740399,975.3789042958648,1.139509306467955,0.2815674894852691,6.146413108848144e-06,0.007074521488284213,True,True
heart_attack_binary,Heart Attack,diastolic_bp,Diastolic BP (mmHg),BMXBMI,Body Mass Index (kg/m2),Difference,4923,234.0,-0.2615234203297778,2.136101673111777e-05,1869.3721494016213,-0.257830382865544,2.235127399526226e-05,1869.6487384888528,0.0525846635087264,0.4190091021188746,1885.7493038393995,1.0463581521708154,0.276589087231514,8.745222922519785e-05,0.11534949034803596,True,False
heart_attack_binary,Heart Attack,BMXBMI,Body Mass Index (kg/m2),diastolic_bp,Diastolic BP (mmHg),Difference,4923,234.0,0.2615234203297778,2.136101673111777e-05,1869.3721494016213,0.0525846635087264,0.4190091021188746,1885.7493038393995,-0.257830382865544,2.235127399526226e-05,1869.6487384888528,1.0463581521708154,0.276589087231514,8.745222922519785e-05,0.11534949034803596,True,False
heart_attack_binary,Heart Attack,LBXSAL,Albumin (g/dL),systolic_bp,Systolic BP (mmHg),Difference,4674,228.0,-0.3478015312340694,3.106224941731673e-09,1793.8490606237112,-0.1411216117629347,0.0323000294606014,1821.515626432917,0.3465634026516151,3.648254606623156e-09,1794.1215074935085,1.1744978792776384,0.2724468697970224,1.8658080851335967e-08,1.6773614685351034e-05,True,True
heart_attack_binary,Heart Attack,systolic_bp,Systolic BP (mmHg),LBXSAL,Albumin (g/dL),Difference,4674,228.0,0.3478015312340694,3.106224941731673e-09,1793.8490606237112,0.3465634026516151,3.648254606623156e-09,1794.1215074935085,-0.1411216117629347,0.0323000294606014,1821.515626432917,1.1744978792776384,0.2724468697970224,1.8658080851335967e-08,1.6773614685351034e-05,True,True
thyroid_binary,Thyroid Problem,LBXSATSI,ALT Liver Enzyme (U/L),LBXSNASI,Sodium (mmol/L),Ratio,4901,599.0,-0.270079183735988,1.1193593858828425e-05,3619.75379468685,-0.2676274780153956,1.2281904262678293e-05,3620.0246093499136,0.0546344219334518,0.2128761046021028,3642.1689203980354,1.0972261829020638,0.2708146630634473,4.7557361792032645e-05,0.06044540683767349,True,False
depression_binary,Depression,LBXWBCSI,WBC Count (10^3/uL),LBXSAL,Albumin (g/dL),Ratio,788,409.0,0.1769952528958983,0.0236148224062298,1089.7128442178766,0.1736194565819872,0.0272452997271278,1089.9807270077729,-0.1175749469363245,0.1027058081360864,1092.5696501558114,1.1537372273415978,0.2678827898960207,0.06822902139841676,1.0,False,False
liver_condition_binary,Liver Condition,systolic_bp,Systolic BP (mmHg),LBXSNASI,Sodium (mmol/L),Ratio,4668,256.0,0.2283036079554791,9.527010940685735e-05,1973.848257430288,0.2257519674394291,0.0001089568680919,1974.1140130501255,0.0081992170445022,0.898608806919256,1988.1743898242887,1.1436626741620184,0.2657556198378188,0.0003669462131219898,0.5144585907970297,True,False
hypertension_binary,Hypertension,LBXSKSI,Potassium (mmol/L),LBXIN,Insulin (uIU/mL),Difference,2593,929.0,-0.2136202851167707,2.143917490687757e-05,3364.912245915172,-0.0654081948723898,0.1118901552558965,3384.901687085512,0.2120824337296999,2.3531498891374825e-05,3365.174063750454,1.0975934938534435,0.2618178352822724,8.763932210230043e-05,0.11577154449713888,True,False
hypertension_binary,Hypertension,LBXIN,Insulin (uIU/mL),LBXSKSI,Potassium (mmol/L),Difference,2593,929.0,0.2136202851167707,2.143917490687757e-05,3364.912245915172,0.2120824337296999,2.3531498891374825e-05,3365.174063750454,-0.0654081948723898,0.1118901552558965,3384.901687085512,1.0975934938534435,0.2618178352822724,8.763932210230043e-05,0.11577154449713888,True,False
high_cholesterol_binary,High Cholesterol,LBXPLTSI,Platelet Count (10^3/uL),LBXSCA,Calcium (mg/dL),Difference,5383,1762.0,-0.1684861865567729,2.2716023056039187e-08,6778.870922615459,-0.1678038858515412,2.5673653450676546e-08,6779.121179584861,0.1040709187080572,0.0003592662452747,6798.223092484337,1.1302001845719667,0.2502569694024714,1.2377689023766605e-07,0.00012266652450261163,True,True
high_cholesterol_binary,High Cholesterol,LBXSCA,Calcium (mg/dL),LBXPLTSI,Platelet Count (10^3/uL),Difference,5383,1762.0,0.1684861865567729,2.2716023056039187e-08,6778.870922615459,0.1040709187080572,0.0003592662452747,6798.223092484337,-0.1678038858515412,2.5673653450676546e-08,6779.121179584861,1.1302001845719667,0.2502569694024714,1.2377689023766605e-07,0.00012266652450261163,True,True
arthritis_binary,Arthritis,diastolic_bp,Diastolic BP (mmHg),LBXSCA,Calcium (mg/dL),Ratio,4667,1456.0,-0.1187413432751689,0.0001702370347324,5783.195664756731,-0.0997018228037432,0.0015269841820415,5787.331149053669,0.1181686297294697,0.0001970583824184,5783.439748894321,1.1575529539044334,0.2440841375901072,0.0006401671222527578,0.9192799875549601,True,False
high_cholesterol_binary,High Cholesterol,LBXSAL,Albumin (g/dL),LBXTR,Triglycerides (mg/dL),Difference,2580,863.0,-0.643736790590688,7.145892950071936e-24,3164.606284904161,-0.1126540871768971,0.006860622157487,3285.239353744369,0.6430172453237801,7.89833987139596e-24,3164.848920483505,1.1052978160436129,0.2426355793436414,1.273525476250444e-22,3.8587821930388457e-20,True,True
high_cholesterol_binary,High Cholesterol,LBXTR,Triglycerides (mg/dL),LBXSAL,Albumin (g/dL),Difference,2580,863.0,0.643736790590688,7.145892950071936e-24,3164.606284904161,0.6430172453237801,7.89833987139596e-24,3164.848920483505,-0.1126540871768971,0.006860622157487,3285.239353744369,1.1052978160436129,0.2426355793436414,1.273525476250444e-22,3.8587821930388457e-20,True,True
thyroid_binary,Thyroid Problem,LBXSBU,BUN Kidney (mg/dL),LBDLDL,LDL Cholesterol (mg/dL),Ratio,2350,300.0,0.1439968321612489,0.005024303829532,1791.8314480343795,0.148314089398538,0.0062855660565172,1792.0692502295456,0.0064275090069991,0.917048904738317,1798.9817389297516,1.2510322364606266,0.2378021951658411,0.01576481155111726,1.0,True,False
thyroid_binary,Thyroid Problem,LBXSCR,Creatinine Kidney (mg/dL),LBXSATSI,ALT Liver Enzyme (U/L),Difference,4901,599.0,0.269147408446057,1.1150099480846588e-05,3619.788281105803,0.031246707617809,0.4115236508236555,3643.107773984603,-0.2676274780153956,1.2281904262678293e-05,3620.0246093499136,1.1015062496774934,0.2363282441106093,4.740987180832407e-05,0.06021053719657158,True,False
thyroid_binary,Thyroid Problem,LBXSATSI,ALT Liver Enzyme (U/L),LBXSCR,Creatinine Kidney (mg/dL),Difference,4901,599.0,-0.269147408446057,1.1150099480846588e-05,3619.788281105803,-0.2676274780153956,1.2281904262678293e-05,3620.0246093499136,0.031246707617809,0.4115236508236555,3643.107773984603,1.1015062496774934,0.2363282441106093,4.740987180832407e-05,0.06021053719657158,True,False
heart_attack_binary,Heart Attack,LBXSAPSI,Alkaline Phosphatase (U/L),LBXSNASI,Sodium (mmol/L),Difference,4905,243.0,0.2205775812132303,1.8510315113122865e-05,1920.691516151921,0.2193413873032685,2.1179197451874168e-05,1920.9262070062025,-0.0361929018970205,0.5806461661511692,1937.8585021813185,1.1441835172681207,0.2346908542813253,7.659440736464633e-05,0.09995570161086348,True,False
heart_attack_binary,Heart Attack,LBXSNASI,Sodium (mmol/L),LBXSAPSI,Alkaline Phosphatase (U/L),Difference,4905,243.0,-0.2205775812132303,1.8510315113122865e-05,1920.691516151921,-0.0361929018970205,0.5806461661511692,1937.8585021813185,0.2193413873032685,2.1179197451874168e-05,1920.9262070062025,1.1441835172681207,0.2346908542813253,7.659440736464633e-05,0.09995570161086348,True,False
stroke_binary,Stroke,LBDLDL,LDL Cholesterol (mg/dL),LBDHDD,HDL Cholesterol (mg/dL),Difference,2365,111.0,-0.2822817866474317,0.0052724931865137,891.8487918519858,-0.286885349533942,0.0068767459421673,892.0830468253316,0.0756453390627978,0.4129258671084262,899.157845381464,1.30426834116297,0.2342549733458554,0.01644798567716579,1.0,True,False
stroke_binary,Stroke,LBDHDD,HDL Cholesterol (mg/dL),LBDLDL,LDL Cholesterol (mg/dL),Difference,2365,111.0,0.2822817866474317,0.0052724931865137,891.8487918519858,0.0756453390627978,0.4129258671084262,899.157845381464,-0.286885349533942,0.0068767459421673,892.0830468253316,1.30426834116297,0.2342549733458554,0.01644798567716579,1.0,True,False
liver_condition_binary,Liver Condition,LBXHGB,Hemoglobin (g/dL),LBXSATSI,ALT Liver Enzyme (U/L),Difference,4897,269.0,-0.3096763170584454,1.2622598529877147e-14,2038.916041856172,0.0885898062737309,0.1651219701080407,2086.093135907497,0.3116486749982705,1.4582378320545933e-14,2039.1409905961268,1.1552596152076031,0.2249487399546978,1.2483888655922454e-13,6.816203206133659e-11,True,True
liver_condition_binary,Liver Condition,LBXSATSI,ALT Liver Enzyme (U/L),LBXHGB,Hemoglobin (g/dL),Difference,4897,269.0,0.3096763170584454,1.2622598529877147e-14,2038.916041856172,0.3116486749982705,1.4582378320545933e-14,2039.1409905961268,0.0885898062737309,0.1651219701080407,2086.093135907497,1.1552596152076031,0.2249487399546978,1.2483888655922454e-13,6.816203206133659e-11,True,True
high_cholesterol_binary,High Cholesterol,LBXSAL,Albumin (g/dL),LBXIN,Insulin (uIU/mL),Difference,2578,863.0,-0.1404323250371611,0.0016826494762932,3279.8052207869496,-0.1129488420661412,0.0067271013030055,3283.5742220266693,0.1388792808209066,0.0018587304687617,3280.029494409033,1.104645082026479,0.2242736220832739,0.005605371481791043,1.0,True,False
high_cholesterol_binary,High Cholesterol,LBXIN,Insulin (uIU/mL),LBXSAL,Albumin (g/dL),Difference,2578,863.0,0.1404323250371611,0.0016826494762932,3279.8052207869496,0.1388792808209066,0.0018587304687617,3280.029494409033,-0.1129488420661412,0.0067271013030055,3283.5742220266693,1.104645082026479,0.2242736220832739,0.005605371481791043,1.0,True,False
diabetes_binary,Diabetes,LBXTR,Triglycerides (mg/dL),LBXSNASI,Sodium (mmol/L),Difference,2822,410.0,0.3888241982841947,2.276974396661976e-11,2288.214137634797,0.387929844338771,2.5484314622364387e-11,2288.437855663657,-0.0674654220234473,0.2064163205610638,2341.5376134028684,1.119218321458694,0.2237180288602758,1.6242617889002205e-10,1.229566174197467e-07,True,True
diabetes_binary,Diabetes,LBXSNASI,Sodium (mmol/L),LBXTR,Triglycerides (mg/dL),Difference,2822,410.0,-0.3888241982841947,2.276974396661976e-11,2288.214137634797,-0.0674654220234473,0.2064163205610638,2341.5376134028684,0.387929844338771,2.5484314622364387e-11,2288.437855663657,1.119218321458694,0.2237180288602758,1.6242617889002205e-10,1.229566174197467e-07,True,True
heart_attack_binary,Heart Attack,LBXSCR,Creatinine Kidney (mg/dL),LBXSBU,BUN Kidney (mg/dL),Difference,4904,243.0,-0.406560484680803,2.0883281629814226e-18,1872.128931904741,0.1709205880204616,3.2254023669251264e-06,1918.862084936135,0.3987690941534883,2.200067447388763e-18,1872.3525355862785,1.0535065735300024,0.2236036815374973,2.7239062995409862e-17,1.1276972080099682e-14,True,True
heart_attack_binary,Heart Attack,LBXSBU,BUN Kidney (mg/dL),LBXSCR,Creatinine Kidney (mg/dL),Difference,4904,243.0,0.406560484680803,2.0883281629814226e-18,1872.128931904741,0.3987690941534883,2.200067447388763e-18,1872.3525355862785,0.1709205880204616,3.2254023669251264e-06,1918.862084936135,1.0535065735300024,0.2236036815374973,2.7239062995409862e-17,1.1276972080099682e-14,True,True
stroke_binary,Stroke,LBXSATSI,ALT Liver Enzyme (U/L),LBXSNASI,Sodium (mmol/L),Ratio,4907,239.0,-0.3628139714575346,0.0005246477805292,1898.9101779977304,-0.3585413425314376,0.0005657596240607,1899.1337472168136,0.1181611636726443,0.0784548724711497,1911.5392544862132,1.0783608452321236,0.2235692190831741,0.00185776919007061,1.0,True,False
stroke_binary,Stroke,LBDLDL,LDL Cholesterol (mg/dL),LBXSNASI,Sodium (mmol/L),Ratio,2357,111.0,-0.2927680092346319,0.0060114306472581,891.038675614881,-0.2880571306929457,0.0067109354200379,891.2613700361511,0.1385313024167326,0.1566790732382904,897.0214171424693,1.1163624457846573,0.2226944212701482,0.01859205354822093,1.0,True,False
hypertension_binary,Hypertension,LBXSCA,Calcium (mg/dL),LBXPLTSI,Platelet Count (10^3/uL),Difference,5405,1899.0,0.1290313625513322,9.952633587654171e-06,6991.937913882306,0.1154543422639873,5.661273572987979e-05,6995.514918666297,-0.128305264187745,1.1113797310340184e-05,6992.156013956561,1.116668991424178,0.2181000742548349,4.289243525405628e-05,0.053744221373332526,True,False
hypertension_binary,Hypertension,LBXPLTSI,Platelet Count (10^3/uL),LBXSCA,Calcium (mg/dL),Difference,5405,1899.0,-0.1290313625513322,9.952633587654171e-06,6991.937913882306,-0.128305264187745,1.1113797310340184e-05,6992.156013956561,0.1154543422639873,5.661273572987979e-05,6995.514918666297,1.116668991424178,0.2181000742548349,4.289243525405628e-05,0.053744221373332526,True,False
heart_attack_binary,Heart Attack,LBDHDD,HDL Cholesterol (mg/dL),LBXSCA,Calcium (mg/dL),Difference,4900,243.0,-0.3744405351806798,1.9787254771989297e-06,1912.3877184615576,-0.3725435608382727,2.1714648526206217e-06,1912.6019463191649,0.0315624875187516,0.630898320765283,1937.4238588930912,1.0974058188680789,0.2142278576070566,9.078264721218538e-06,0.010685117576874221,True,True
heart_attack_binary,Heart Attack,LBXSCA,Calcium (mg/dL),LBDHDD,HDL Cholesterol (mg/dL),Difference,4900,243.0,0.3744405351806798,1.9787254771989297e-06,1912.3877184615576,0.0315624875187516,0.630898320765283,1937.4238588930912,-0.3725435608382727,2.1714648526206217e-06,1912.6019463191649,1.0974058188680789,0.2142278576070566,9.078264721218538e-06,0.010685117576874221,True,True
heart_attack_binary,Heart Attack,LBXSCA,Calcium (mg/dL),LBXTC,Total Cholesterol (mg/dL),Difference,4900,243.0,0.5023081756320538,2.212011740356261e-11,1888.9000050007285,0.0315624875187516,0.630898320765283,1937.4238588930912,-0.5010952582996173,2.425747411225612e-11,1889.1061207420491,1.0966250164815703,0.2061157413209002,1.5905277493906537e-10,1.1944863397923808e-07,True,True
heart_attack_binary,Heart Attack,LBXTC,Total Cholesterol (mg/dL),LBXSCA,Calcium (mg/dL),Difference,4900,243.0,-0.5023081756320538,2.212011740356261e-11,1888.9000050007285,-0.5010952582996173,2.425747411225612e-11,1889.1061207420491,0.0315624875187516,0.630898320765283,1937.4238588930912,1.0966250164815703,0.2061157413209002,1.5905277493906537e-10,1.1944863397923808e-07,True,True
liver_condition_binary,Liver Condition,LBXSCA,Calcium (mg/dL),LBXSATSI,ALT Liver Enzyme (U/L),Difference,4898,270.0,-0.3102369692895261,1.820807246022862e-14,2045.3222833168536,-0.0358392182662354,0.56715919735871,2093.514181909615,0.3097693326969904,2.0654351295058533e-14,2045.5263441050915,1.134351334561813,0.2040607882374843,1.7780034590458328e-13,9.832359128523455e-11,True,True
liver_condition_binary,Liver Condition,LBXSATSI,ALT Liver Enzyme (U/L),LBXSCA,Calcium (mg/dL),Difference,4898,270.0,0.3102369692895261,1.820807246022862e-14,2045.3222833168536,0.3097693326969904,2.0654351295058533e-14,2045.5263441050915,-0.0358392182662354,0.56715919735871,2093.514181909615,1.134351334561813,0.2040607882374843,1.7780034590458328e-13,9.832359128523455e-11,True,True
liver_condition_binary,Liver Condition,LBXPLTSI,Platelet Count (10^3/uL),LBXSCA,Calcium (mg/dL),Ratio,4896,269.0,-0.312714790158269,7.476712780048219e-06,2066.49233383532,-0.3097562498673294,7.895923775958241e-06,2066.694562379342,-0.0345728236964155,0.58160002990155,2087.6251501203365,1.056068891268459,0.2022285440225459,3.2824592692894624e-05,0.04037424901226038,True,True
hypertension_binary,Hypertension,LBXSAL,Albumin (g/dL),LBXTR,Triglycerides (mg/dL),Difference,2597,930.0,-0.2571445793752889,9.878450545718595e-07,3362.959979032991,-0.1963917363789205,1.963595905369592e-06,3369.239270449146,0.2560857270629835,1.072321883250044e-06,3363.157336868245,1.0855162743258326,0.1973578352540244,4.7081758999894455e-06,0.005334363294688041,True,True
hypertension_binary,Hypertension,LBXTR,Triglycerides (mg/dL),LBXSAL,Albumin (g/dL),Difference,2597,930.0,0.2571445793752889,9.878450545718595e-07,3362.959979032991,0.2560857270629835,1.072321883250044e-06,3363.157336868245,-0.1963917363789205,1.963595905369592e-06,3369.239270449146,1.0855162743258326,0.1973578352540244,4.7081758999894455e-06,0.005334363294688041,True,True
diabetes_binary,Diabetes,LBXSCA,Calcium (mg/dL),LBDLDL,LDL Cholesterol (mg/dL),Difference,2793,402.0,0.3718437374984902,8.167611595625656e-10,2264.801110380531,0.0778670903387036,0.1484377064038189,2303.5460850300315,-0.3709149890671321,8.952777594485163e-10,2264.998436417603,1.0961316524012994,0.197326037071889,5.170586473197953e-09,4.410510261637854e-06,True,True
diabetes_binary,Diabetes,LBDLDL,LDL Cholesterol (mg/dL),LBXSCA,Calcium (mg/dL),Difference,2793,402.0,-0.3718437374984902,8.167611595625656e-10,2264.801110380531,-0.3709149890671321,8.952777594485163e-10,2264.998436417603,0.0778670903387036,0.1484377064038189,2303.5460850300315,1.0961316524012994,0.197326037071889,5.170586473197953e-09,4.410510261637854e-06,True,True
high_cholesterol_binary,High Cholesterol,LBXSATSI,ALT Liver Enzyme (U/L),LBXWBCSI,WBC Count (10^3/uL),Difference,5384,1761.0,0.0704842982228048,0.0158536095186163,6804.454121978064,0.067830014195771,0.0166281465782194,6804.645630081267,-0.0153695232172612,0.6715052393261467,6810.148436443056,1.0488555655854652,0.1915081032029775,0.046653673787753695,1.0,True,False
high_cholesterol_binary,High Cholesterol,LBXWBCSI,WBC Count (10^3/uL),LBXSATSI,ALT Liver Enzyme (U/L),Difference,5384,1761.0,-0.0704842982228048,0.0158536095186163,6804.454121978064,-0.0153695232172612,0.6715052393261467,6810.148436443056,0.067830014195771,0.0166281465782194,6804.645630081267,1.0488555655854652,0.1915081032029775,0.046653673787753695,1.0,True,False
thyroid_binary,Thyroid Problem,diastolic_bp,Diastolic BP (mmHg),LBXSCR,Creatinine Kidney (mg/dL),Difference,4671,569.0,-0.1269930915177695,0.0034515042355338,3457.0732673994644,-0.1255990823273976,0.003850163438128,3457.2645296967053,0.0351579579685783,0.3607117633853375,3464.699496053633,1.1155030315449015,0.1912622972408826,0.01108092917472207,1.0,True,False
thyroid_binary,Thyroid Problem,LBXSCR,Creatinine Kidney (mg/dL),diastolic_bp,Diastolic BP (mmHg),Difference,4671,569.0,0.1269930915177695,0.0034515042355338,3457.0732673994644,0.0351579579685783,0.3607117633853375,3464.699496053633,-0.1255990823273976,0.003850163438128,3457.2645296967053,1.1155030315449015,0.1912622972408826,0.01108092917472207,1.0,True,False
stroke_binary,Stroke,LBXSATSI,ALT Liver Enzyme (U/L),BMXBMI,Body Mass Index (kg/m2),Difference,4830,227.0,-0.3228007826634552,0.000349915469477,1820.5089831175972,-0.3569429713715947,0.0008132613618419,1820.694717413572,0.0488261462631206,0.4598716111718949,1834.798398724761,2.324165213551184,0.1857342959742709,0.001264754708953012,1.0,True,False
stroke_binary,Stroke,BMXBMI,Body Mass Index (kg/m2),LBXSATSI,ALT Liver Enzyme (U/L),Difference,4830,227.0,0.3228007826634552,0.000349915469477,1820.5089831175972,0.0488261462631206,0.4598716111718949,1834.798398724761,-0.3569429713715947,0.0008132613618419,1820.694717413572,2.324165213551184,0.1857342959742709,0.001264754708953012,1.0,True,False
liver_condition_binary,Liver Condition,LBXSBU,BUN Kidney (mg/dL),LBXSNASI,Sodium (mmol/L),Ratio,4899,270.0,0.1709257535925204,0.0008525358530896,2084.1893035040403,0.1695864563758633,0.0009612282353252,2084.3722428931446,-0.0188015317991878,0.763452504776321,2093.864601287865,1.1274930336849032,0.1829393891043764,0.002939778803757242,1.0,True,False
heart_attack_binary,Heart Attack,LBXSCR,Creatinine Kidney (mg/dL),LBXSNASI,Sodium (mmol/L),Ratio,4906,243.0,0.1714532188936448,2.8223505593544064e-06,1918.86717446107,0.1709695196702488,3.200615679684623e-06,1919.048990558962,-0.0356965716923868,0.5858647438130349,1937.968418496834,1.1340248535308606,0.1818160978918968,1.2785816292377345e-05,0.015240693020513795,True,True
liver_condition_binary,Liver Condition,LBXSCA,Calcium (mg/dL),LBXSBU,BUN Kidney (mg/dL),Difference,4899,270.0,-0.1704676557149725,0.0008421686461231,2084.191438434642,-0.0355568843111677,0.5702172937890806,2093.63271181069,0.1695864563758633,0.0009612282353252,2084.3722428931446,1.1413726214459872,0.1808044585027346,0.0029077434073303964,1.0,True,False
liver_condition_binary,Liver Condition,LBXSBU,BUN Kidney (mg/dL),LBXSCA,Calcium (mg/dL),Difference,4899,270.0,0.1704676557149725,0.0008421686461231,2084.191438434642,0.1695864563758633,0.0009612282353252,2084.3722428931446,-0.0355568843111677,0.5702172937890806,2093.63271181069,1.1413726214459872,0.1808044585027346,0.0029077434073303964,1.0,True,False
stroke_binary,Stroke,LBXPLTSI,Platelet Count (10^3/uL),LBXSUA,Uric Acid (mg/dL),Difference,4903,239.0,-0.2063474933336959,0.00373040534787,1905.4706123887968,-0.2041898653251455,0.0040998350713384,1905.650797617372,0.1008080043228876,0.1186614601848223,1911.8673419469665,1.099032059258478,0.1801852285743734,0.011877469857604954,1.0,True,False
stroke_binary,Stroke,LBXSUA,Uric Acid (mg/dL),LBXPLTSI,Platelet Count (10^3/uL),Difference,4903,239.0,0.2063474933336959,0.00373040534787,1905.4706123887968,0.1008080043228876,0.1186614601848223,1911.8673419469665,-0.2041898653251455,0.0040998350713384,1905.650797617372,1.099032059258478,0.1801852285743734,0.011877469857604954,1.0,True,False
liver_condition_binary,Liver Condition,systolic_bp,Systolic BP (mmHg),LBXSAL,Albumin (g/dL),Difference,4668,256.0,0.2270384065341383,9.817314536612456e-05,1973.9361564628684,0.2257519674394291,0.0001089568680919,1974.1140130501255,-0.116908037088081,0.0627725437394401,1984.78168337981,1.1098439159264322,0.1778565872573381,0.0003775890206389406,0.5301349849770726,True,False
liver_condition_binary,Liver Condition,LBXSAL,Albumin (g/dL),systolic_bp,Systolic BP (mmHg),Difference,4668,256.0,-0.2270384065341383,9.817314536612456e-05,1973.9361564628684,-0.116908037088081,0.0627725437394401,1984.78168337981,0.2257519674394291,0.0001089568680919,1974.1140130501255,1.1098439159264322,0.1778565872573381,0.0003775890206389406,0.5301349849770726,True,False
high_cholesterol_binary,High Cholesterol,LBXTR,Triglycerides (mg/dL),diastolic_bp,Diastolic BP (mmHg),Difference,2459,825.0,0.6238438139290298,1.2142842621372474e-21,3027.8247195057565,0.6212644885484291,1.4524332374485628e-21,3028.001694260713,0.0198716290277414,0.6424597505950396,3141.5024102562825,1.1961229200913404,0.1769747549569729,1.9229134942935883e-20,6.557135015541136e-18,True,True
high_cholesterol_binary,High Cholesterol,diastolic_bp,Diastolic BP (mmHg),LBXTR,Triglycerides (mg/dL),Difference,2459,825.0,-0.6238438139290298,1.2142842621372474e-21,3027.8247195057565,0.0198716290277414,0.6424597505950396,3141.5024102562825,0.6212644885484291,1.4524332374485628e-21,3028.001694260713,1.1961229200913404,0.1769747549569729,1.9229134942935883e-20,6.557135015541136e-18,True,True
arthritis_binary,Arthritis,LBXSCA,Calcium (mg/dL),LBXPLTSI,Platelet Count (10^3/uL),Difference,4897,1523.0,0.1208605132196272,0.0001377970317678,6060.517214604546,0.114440449775452,0.0002230216683357,6061.646439527931,-0.1201484858541946,0.0001503693959879,6060.687348810904,1.0912382803806568,0.1701342063579431,0.0005218120417574474,0.74410397154612,True,False
arthritis_binary,Arthritis,LBXPLTSI,Platelet Count (10^3/uL),LBXSCA,Calcium (mg/dL),Difference,4897,1523.0,-0.1208605132196272,0.0001377970317678,6060.517214604546,-0.1201484858541946,0.0001503693959879,6060.687348810904,0.114440449775452,0.0002230216683357,6061.646439527931,1.0912382803806568,0.1701342063579431,0.0005218120417574474,0.74410397154612,True,False
heart_attack_binary,Heart Attack,systolic_bp,Systolic BP (mmHg),LBXSAL,Albumin (g/dL),Ratio,4674,228.0,0.3406081539319907,2.4154034021179513e-09,1793.955071433002,0.3465634026516151,3.648254606623156e-09,1794.1215074935085,-0.1411216117629347,0.0323000294606014,1821.515626432917,1.510412133817555,0.1664360605061574,1.4671741700154035e-08,1.3043178371436936e-05,True,True
heart_attack_binary,Heart Attack,LBXHGB,Hemoglobin (g/dL),LBDLDL,LDL Cholesterol (mg/dL),Difference,2361,125.0,0.5137513324169974,1.4142588589933511e-06,956.3531810535252,-0.014252643736396,0.8763896629653505,981.8696125247524,-0.5117386826015218,1.5159561726286198e-06,956.5142598469432,1.0719085569014255,0.161078793418028,6.600689575249867e-06,0.007636997838564096,True,True
heart_attack_binary,Heart Attack,LBDLDL,LDL Cholesterol (mg/dL),LBXHGB,Hemoglobin (g/dL),Difference,2361,125.0,-0.5137513324169974,1.4142588589933511e-06,956.3531810535252,-0.5117386826015218,1.5159561726286198e-06,956.5142598469432,-0.014252643736396,0.8763896629653505,981.8696125247524,1.0719085569014255,0.161078793418028,6.600689575249867e-06,0.007636997838564096,True,True
arthritis_binary,Arthritis,LBXSATSI,ALT Liver Enzyme (U/L),LBXSKSI,Potassium (mmol/L),Ratio,4899,1524.0,-0.1468539073755476,3.927662252554358e-05,6059.618971851991,-0.1455508676868787,4.074742964115044e-05,6059.77983461605,0.1258832497892235,4.342055436294665e-05,6061.689366770376,1.0374473929027457,0.1608627640589475,0.00015606604977037186,0.21209376163793534,True,False
high_cholesterol_binary,High Cholesterol,LBXIN,Insulin (uIU/mL),LBXHGB,Hemoglobin (g/dL),Ratio,2581,864.0,0.1392274998493752,0.0018473542127902,3283.786482416024,0.138092396908863,0.0019383560390595,3283.9468946843385,-0.0120538319965974,0.7724370664393927,3294.6622106535906,1.0492606267056386,0.1604122683143032,0.006139687975851877,1.0,True,False
liver_condition_binary,Liver Condition,LBDHDD,HDL Cholesterol (mg/dL),LBXHGB,Hemoglobin (g/dL),Ratio,4919,269.0,-0.1656583585764295,0.0158877723906795,2084.350805129192,-0.1631265729685109,0.0170854496655412,2084.5083943234995,0.0875124185060124,0.1701778199054948,2088.619391395152,1.0753835871644533,0.1575891943075476,0.04672874232552794,1.0,True,False
thyroid_binary,Thyroid Problem,LBXSCR,Creatinine Kidney (mg/dL),LBXSASSI,AST Liver Enzyme (U/L),Difference,4888,597.0,0.1250944641660876,0.0280648055428327,3626.725561391445,0.0311226155795942,0.4143900144241416,3631.839182105955,-0.1230956255269361,0.0301554774884648,3626.882296764162,1.0744944390382922,0.1567353727173213,0.08056881974018958,1.0,False,False
thyroid_binary,Thyroid Problem,LBXSASSI,AST Liver Enzyme (U/L),LBXSCR,Creatinine Kidney (mg/dL),Difference,4888,597.0,-0.1250944641660876,0.0280648055428327,3626.725561391445,-0.1230956255269361,0.0301554774884648,3626.882296764162,0.0311226155795942,0.4143900144241416,3631.839182105955,1.0744944390382922,0.1567353727173213,0.08056881974018958,1.0,False,False
arthritis_binary,Arthritis,LBXSAPSI,Alkaline Phosphatase (U/L),LBXSNASI,Sodium (mmol/L),Difference,4901,1524.0,0.211548787737728,2.0917312248707787e-11,6033.08811248438,0.211197897677544,2.2342009536828204e-11,6033.242885871554,-0.012347041303036,0.6889433191995367,6079.748685380275,1.0681109155507509,0.1547733871739183,1.5141217981638344e-10,1.1295348614302205e-07,True,True
arthritis_binary,Arthritis,LBXSNASI,Sodium (mmol/L),LBXSAPSI,Alkaline Phosphatase (U/L),Difference,4901,1524.0,-0.211548787737728,2.0917312248707787e-11,6033.08811248438,-0.012347041303036,0.6889433191995367,6079.748685380275,0.211197897677544,2.2342009536828204e-11,6033.242885871554,1.0681109155507509,0.1547733871739183,1.5141217981638344e-10,1.1295348614302205e-07,True,True
heart_attack_binary,Heart Attack,LBXSAL,Albumin (g/dL),LBXSAPSI,Alkaline Phosphatase (U/L),Difference,4905,243.0,-0.2202334384166851,1.9419891533240372e-05,1920.774097045352,-0.1677868146576995,0.0082236354746556,1931.3466103140584,0.2193413873032685,2.1179197451874168e-05,1920.9262070062025,1.09059298377761,0.1521099608503391,7.999039990808391e-05,0.10486741427949801,True,False
heart_attack_binary,Heart Attack,LBXSAPSI,Alkaline Phosphatase (U/L),LBXSAL,Albumin (g/dL),Difference,4905,243.0,0.2202334384166851,1.9419891533240372e-05,1920.774097045352,0.2193413873032685,2.1179197451874168e-05,1920.9262070062025,-0.1677868146576995,0.0082236354746556,1931.3466103140584,1.09059298377761,0.1521099608503391,7.999039990808391e-05,0.10486741427949801,True,False
high_cholesterol_binary,High Cholesterol,BMXWAIST,Waist Circumference (cm),LBXHGB,Hemoglobin (g/dL),Difference,5227,1693.0,0.3978249675286739,2.0398189370938117e-39,6408.765208037398,0.3978474660889323,2.2205699535607958e-39,6408.914972132041,0.0023371378557987,0.93699312756247,6587.616968604777,1.088611304258458,0.1497640946427054,6.223176418252306e-38,1.1015022260306583e-35,True,True
high_cholesterol_binary,High Cholesterol,LBXHGB,Hemoglobin (g/dL),BMXWAIST,Waist Circumference (cm),Difference,5227,1693.0,-0.3978249675286739,2.0398189370938117e-39,6408.765208037398,0.0023371378557987,0.93699312756247,6587.616968604777,0.3978474660889323,2.2205699535607958e-39,6408.914972132041,1.088611304258458,0.1497640946427054,6.223176418252306e-38,1.1015022260306583e-35,True,True
liver_condition_binary,Liver Condition,BMXWAIST,Waist Circumference (cm),LBXSCA,Calcium (mg/dL),Ratio,4643,252.0,0.2168576938799739,0.0004559214151341,1950.6230519263004,0.2160800747190952,0.000500349868871,1950.7670262509291,-0.0487578468959939,0.4519315327509791,1962.000574975898,1.0974476132554505,0.1439743246289708,0.0016336931929158193,1.0,True,False
liver_condition_binary,Liver Condition,LBXSAPSI,Alkaline Phosphatase (U/L),LBXSAL,Albumin (g/dL),Difference,4900,270.0,0.2921116968643332,1.0904717391895144e-08,2061.646391380519,0.2915751510481414,1.1920846189544353e-08,2061.789370587992,-0.1417654776716184,0.0198237957476783,2088.7445133130523,1.0931824971827735,0.1429792074727629,6.23126708108294e-08,5.8885473916233774e-05,True,True
liver_condition_binary,Liver Condition,LBXSAL,Albumin (g/dL),LBXSAPSI,Alkaline Phosphatase (U/L),Difference,4900,270.0,-0.2921116968643332,1.0904717391895144e-08,2061.646391380519,-0.1417654776716184,0.0198237957476783,2088.7445133130523,0.2915751510481414,1.1920846189544353e-08,2061.789370587992,1.0931824971827735,0.1429792074727629,6.23126708108294e-08,5.8885473916233774e-05,True,True
liver_condition_binary,Liver Condition,LBXSCA,Calcium (mg/dL),LBXSASSI,AST Liver Enzyme (U/L),Difference,4887,269.0,-0.2745154105738577,1.108139875847941e-12,2042.8129624210528,-0.0326238192592619,0.6030981464600143,2086.64031095752,0.2742846655424148,1.19555810204024e-12,2042.9555687441243,1.0788873571807955,0.1426063230715044,8.971447270732957e-12,5.983955329578882e-09,True,True
liver_condition_binary,Liver Condition,LBXSASSI,AST Liver Enzyme (U/L),LBXSCA,Calcium (mg/dL),Difference,4887,269.0,0.2745154105738577,1.108139875847941e-12,2042.8129624210528,0.2742846655424148,1.19555810204024e-12,2042.9555687441243,-0.0326238192592619,0.6030981464600143,2086.64031095752,1.0788873571807955,0.1426063230715044,8.971447270732957e-12,5.983955329578882e-09,True,True
liver_condition_binary,Liver Condition,LBXSAPSI,Alkaline Phosphatase (U/L),LBXSNASI,Sodium (mmol/L),Ratio,4900,270.0,0.2914935266642917,1.0999166199197089e-08,2061.6494978592355,0.2915751510481414,1.1920846189544353e-08,2061.789370587992,-0.0192485242673497,0.7579895828048253,2093.973611497607,1.0837954417321694,0.1398727287564725,6.278593813495166e-08,5.9395497475664276e-05,True,True
stroke_binary,Stroke,diastolic_bp,Diastolic BP (mmHg),LBXSAPSI,Alkaline Phosphatase (U/L),Difference,4674,223.0,-0.2739520875091121,6.342411625848541e-07,1771.7170039467148,-0.0634149976249293,0.3461254615082568,1795.31057167353,0.2683137267781982,7.385902255191717e-07,1771.8564766106258,1.1645258445684008,0.1394726639109649,3.0854975477101012e-06,0.0034249022779582125,True,True
stroke_binary,Stroke,LBXSAPSI,Alkaline Phosphatase (U/L),diastolic_bp,Diastolic BP (mmHg),Difference,4674,223.0,0.2739520875091121,6.342411625848541e-07,1771.7170039467148,0.2683137267781982,7.385902255191717e-07,1771.8564766106258,-0.0634149976249293,0.3461254615082568,1795.31057167353,1.1645258445684008,0.1394726639109649,3.0854975477101012e-06,0.0034249022779582125,True,True
arthritis_binary,Arthritis,LBXSAPSI,Alkaline Phosphatase (U/L),LBXSNASI,Sodium (mmol/L),Ratio,4901,1524.0,0.2116401162359757,2.1743253814923235e-11,6033.105884237903,0.211197897677544,2.2342009536828204e-11,6033.242885871554,-0.012347041303036,0.6889433191995367,6079.748685380275,1.027537540011331,0.1370016336513799,1.567604413892997e-10,1.1741357060058547e-07,True,True
stroke_binary,Stroke,LBXSCA,Calcium (mg/dL),systolic_bp,Systolic BP (mmHg),Difference,4673,223.0,-0.4901191457545051,7.200126061155613e-18,1728.8993973779875,-0.0252297676189554,0.7133814908270697,1795.953414937056,0.490189463901043,7.938578687990978e-18,1729.029095935878,1.1025610691483985,0.129698557890606,9.02103961258476e-17,3.888068073024031e-14,True,True
stroke_binary,Stroke,systolic_bp,Systolic BP (mmHg),LBXSCA,Calcium (mg/dL),Difference,4673,223.0,0.4901191457545051,7.200126061155613e-18,1728.8993973779875,0.490189463901043,7.938578687990978e-18,1729.029095935878,-0.0252297676189554,0.7133814908270697,1795.953414937056,1.1025610691483985,0.129698557890606,9.02103961258476e-17,3.888068073024031e-14,True,True
diabetes_binary,Diabetes,LBXSATSI,ALT Liver Enzyme (U/L),LBXSCA,Calcium (mg/dL),Difference,5896,800.0,0.0709409347323301,0.0342536694919573,4681.875685045341,0.0699130096442138,0.0371796865610145,4682.004601564311,-0.0594416906702361,0.1181015501995867,4683.605230006213,1.0854220033197983,0.1289165189700725,0.0975064919644541,1.0,False,False
diabetes_binary,Diabetes,LBXSCA,Calcium (mg/dL),LBXSATSI,ALT Liver Enzyme (U/L),Difference,5896,800.0,-0.0709409347323301,0.0342536694919573,4681.875685045341,-0.0594416906702361,0.1181015501995867,4683.605230006213,0.0699130096442138,0.0371796865610145,4682.004601564311,1.0854220033197983,0.1289165189700725,0.0975064919644541,1.0,False,False
stroke_binary,Stroke,LBXWBCSI,WBC Count (10^3/uL),LBXTC,Total Cholesterol (mg/dL),Difference,4926,239.0,0.2457799044161162,0.0003733662646993,1903.6033534299745,0.0197751544123841,0.6348257731248726,1916.3820461987352,-0.2486589400658348,0.0004606517359998,1903.729785343756,1.2337797480731754,0.1264319137817438,0.001346812177272024,1.0,True,False
stroke_binary,Stroke,LBXTC,Total Cholesterol (mg/dL),LBXWBCSI,WBC Count (10^3/uL),Difference,4926,239.0,-0.2457799044161162,0.0003733662646993,1903.6033534299745,-0.2486589400658348,0.0004606517359998,1903.729785343756,0.0197751544123841,0.6348257731248726,1916.3820461987352,1.2337797480731754,0.1264319137817438,0.001346812177272024,1.0,True,False
heart_attack_binary,Heart Attack,LBXHSCRP,hs-CRP Inflammation (mg/L),LBDLDL,LDL Cholesterol (mg/dL),Difference,2347,125.0,0.5080848561804182,9.42278412314284e-07,954.5100728987732,0.0504232977084227,0.5169879288000045,979.9895016276182,-0.515994053582082,1.297380675562314e-06,954.6307763254688,1.376854928020563,0.1207034266957407,4.506911803806141e-06,0.005088303426497133,True,True
heart_attack_binary,Heart Attack,LBDLDL,LDL Cholesterol (mg/dL),LBXHSCRP,hs-CRP Inflammation (mg/L),Difference,2347,125.0,-0.5080848561804182,9.42278412314284e-07,954.5100728987732,-0.515994053582082,1.297380675562314e-06,954.6307763254688,0.0504232977084227,0.5169879288000045,979.9895016276182,1.376854928020563,0.1207034266957407,4.506911803806141e-06,0.005088303426497133,True,True
heart_attack_binary,Heart Attack,LBXSAL,Albumin (g/dL),BMXWAIST,Waist Circumference (cm),Difference,4649,217.0,-0.3550796970338107,4.9101266221397256e-08,1729.060201994283,-0.1369416737462161,0.0426559709375971,1753.6785086239431,0.3544314462478898,5.2393371809345e-08,1729.177631649497,1.0670472645879163,0.1174296552139821,2.617441634704296e-07,0.0002651468375955452,True,True
heart_attack_binary,Heart Attack,BMXWAIST,Waist Circumference (cm),LBXSAL,Albumin (g/dL),Difference,4649,217.0,0.3550796970338107,4.9101266221397256e-08,1729.060201994283,0.3544314462478898,5.2393371809345e-08,1729.177631649497,-0.1369416737462161,0.0426559709375971,1753.6785086239431,1.0670472645879163,0.1174296552139821,2.617441634704296e-07,0.0002651468375955452,True,True
liver_condition_binary,Liver Condition,LBXPLTSI,Platelet Count (10^3/uL),LBXHGB,Hemoglobin (g/dL),Difference,5013,274.0,-0.2901239449116549,2.3500516887679704e-05,2110.5836972847783,-0.2888084520354244,2.456153567184613e-05,2110.700050906111,0.0830198054543581,0.1887181546883387,2127.847642858193,1.0451487424399024,0.1163536213325642,9.534394529937671e-05,0.1269027911934704,True,False
liver_condition_binary,Liver Condition,LBXHGB,Hemoglobin (g/dL),LBXPLTSI,Platelet Count (10^3/uL),Difference,5013,274.0,0.2901239449116549,2.3500516887679704e-05,2110.5836972847783,0.0830198054543581,0.1887181546883387,2127.847642858193,-0.2888084520354244,2.456153567184613e-05,2110.700050906111,1.0451487424399024,0.1163536213325642,9.534394529937671e-05,0.1269027911934704,True,False
heart_attack_binary,Heart Attack,diastolic_bp,Diastolic BP (mmHg),LBXSCA,Calcium (mg/dL),Difference,4671,228.0,-0.2848819968108909,2.80070698825441e-06,1805.4416945041053,-0.2841080979099392,2.989996382469004e-06,1805.554479649016,0.0423904807914617,0.5314163860954475,1825.31534814692,1.0675862898219757,0.1127851449107311,1.2698419594100599e-05,0.015123817736573814,True,True
heart_attack_binary,Heart Attack,LBXSCA,Calcium (mg/dL),diastolic_bp,Diastolic BP (mmHg),Difference,4671,228.0,0.2848819968108909,2.80070698825441e-06,1805.4416945041053,0.0423904807914617,0.5314163860954475,1825.31534814692,-0.2841080979099392,2.989996382469004e-06,1805.554479649016,1.0675862898219757,0.1127851449107311,1.2698419594100599e-05,0.015123817736573814,True,True
arthritis_binary,Arthritis,LBXHSCRP,hs-CRP Inflammation (mg/L),LBXSCA,Calcium (mg/dL),Ratio,4887,1517.0,0.1859870388098786,8.252929481433144e-09,6021.249689072722,0.186939443846996,9.415306016784904e-09,6021.361349953942,0.1142645314143942,0.0002329847471844,6044.726103695353,1.140844113349907,0.1116608812208141,4.761305470057583e-08,4.456581919973898e-05,True,True
liver_condition_binary,Liver Condition,BMXWAIST,Waist Circumference (cm),LBXSAL,Albumin (g/dL),Difference,4645,252.0,0.2171965112372886,0.0004653729271792,1950.8611382646156,0.2162428471821549,0.0004949934652945,1950.9711013520337,-0.1110552296218486,0.0797920921407145,1959.7653094822087,1.063649035827688,0.1099630874182366,0.0016642475541507815,1.0,True,False
liver_condition_binary,Liver Condition,LBXSAL,Albumin (g/dL),BMXWAIST,Waist Circumference (cm),Difference,4645,252.0,-0.2171965112372886,0.0004653729271792,1950.8611382646156,-0.1110552296218486,0.0797920921407145,1959.7653094822087,0.2162428471821549,0.0004949934652945,1950.9711013520337,1.063649035827688,0.1099630874182366,0.0016642475541507815,1.0,True,False
thyroid_binary,Thyroid Problem,LBXSASSI,AST Liver Enzyme (U/L),LBXSNASI,Sodium (mmol/L),Ratio,4888,597.0,-0.124755367070204,0.0289689503458082,3626.7786654532183,-0.1230956255269361,0.0301554774884648,3626.882296764162,0.0509864112824293,0.2456322999936631,3631.097827535856,1.0409585824992904,0.1036313109439106,0.08303202328416362,1.0,False,False
depression_binary,Depression,LBXSUA,Uric Acid (mg/dL),BMXBMI,Body Mass Index (kg/m2),Ratio,780,400.0,-0.2031577394173949,0.0055344662137878,1076.9306227693453,-0.2011963775928992,0.0056936756393005,1077.0334229907392,0.0707995998637333,0.326101246243655,1083.8272282285868,1.0287668980824356,0.1028002213938634,0.01721550550371781,1.0,True,False
hypertension_binary,Hypertension,LBXTR,Triglycerides (mg/dL),LBXSKSI,Potassium (mmol/L),Difference,2595,929.0,0.2717929352187944,3.031074797432389e-09,3349.260100802734,0.2714086506969074,3.153810219065034e-09,3349.3577235887456,-0.0617199883193326,0.1333956682597641,3386.951492817696,1.0404923764126883,0.0976227860114704,1.8247273028021073e-08,1.63678039061349e-05,True,True
hypertension_binary,Hypertension,LBXSKSI,Potassium (mmol/L),LBXTR,Triglycerides (mg/dL),Difference,2595,929.0,-0.2717929352187944,3.031074797432389e-09,3349.260100802734,-0.0617199883193326,0.1333956682597641,3386.951492817696,0.2714086506969074,3.153810219065034e-09,3349.3577235887456,1.0404923764126883,0.0976227860114704,1.8247273028021073e-08,1.63678039061349e-05,True,True
stroke_binary,Stroke,LBXTC,Total Cholesterol (mg/dL),LBXSKSI,Potassium (mmol/L),Difference,4902,238.0,-0.2515109385509582,0.0004083133698115,1895.1524432362912,-0.2506229210524606,0.0004279004781996,1895.24407337726,0.1075374054093249,0.0984419816490563,1905.522419137132,1.0479707740088366,0.0916301409688458,0.001470908737146164,1.0,True,False
stroke_binary,Stroke,LBXSKSI,Potassium (mmol/L),LBXTC,Total Cholesterol (mg/dL),Difference,4902,238.0,0.2515109385509582,0.0004083133698115,1895.1524432362912,0.1075374054093249,0.0984419816490563,1905.522419137132,-0.2506229210524606,0.0004279004781996,1895.24407337726,1.0479707740088366,0.0916301409688458,0.001470908737146164,1.0,True,False
liver_condition_binary,Liver Condition,LBXSBU,BUN Kidney (mg/dL),LBXSCA,Calcium (mg/dL),Ratio,4899,270.0,0.1674342026477982,0.0008319980534593,2084.283129033042,0.1695864563758633,0.0009612282353252,2084.3722428931446,-0.0355568843111677,0.5702172937890806,2093.63271181069,1.1553251012169037,0.0891138601027705,0.002876305690576325,1.0,True,False
liver_condition_binary,Liver Condition,BMXWAIST,Waist Circumference (cm),LBXSCR,Creatinine Kidney (mg/dL),Difference,4644,252.0,0.2169003241977337,0.0004709111038655,1950.7749021990203,0.2162585877675933,0.0004945583705664,1950.8579142341064,-0.0163622639942739,0.8172012827400895,1962.6213779238324,1.0502159887645657,0.0830120350858578,0.0016796036729680977,1.0,True,False
liver_condition_binary,Liver Condition,LBXSCR,Creatinine Kidney (mg/dL),BMXWAIST,Waist Circumference (cm),Difference,4644,252.0,-0.2169003241977337,0.0004709111038655,1950.7749021990203,-0.0163622639942739,0.8172012827400895,1962.6213779238324,0.2162585877675933,0.0004945583705664,1950.8579142341064,1.0502159887645657,0.0830120350858578,0.0016796036729680977,1.0,True,False
diabetes_binary,Diabetes,LBXSCR,Creatinine Kidney (mg/dL),LBXSBU,BUN Kidney (mg/dL),Difference,5897,800.0,-0.5964488664475952,7.357402711704038e-62,4379.9052618133765,0.382453641304207,9.45733576759224e-16,4590.141256857838,0.5968912154788165,7.350462093049586e-61,4379.985031150027,9.990566482593904,0.0797693366503153,5.029110714329342e-60,3.972997464320181e-58,True,True
diabetes_binary,Diabetes,LBXSBU,BUN Kidney (mg/dL),LBXSCR,Creatinine Kidney (mg/dL),Difference,5897,800.0,0.5964488664475952,7.357402711704038e-62,4379.9052618133765,0.5968912154788165,7.350462093049586e-61,4379.985031150027,0.382453641304207,9.45733576759224e-16,4590.141256857838,9.990566482593904,0.0797693366503153,5.029110714329342e-60,3.972997464320181e-58,True,True
liver_condition_binary,Liver Condition,LBXSKSI,Potassium (mmol/L),LBDHDD,HDL Cholesterol (mg/dL),Difference,4895,270.0,0.1657610561822851,0.0153263298864984,2087.281561310473,0.0530184671440226,0.3925141995211171,2092.775010868545,-0.1646840734160108,0.0159777336368401,2087.3599135502245,1.0425022660457972,0.0783522397514389,0.045191536793008726,1.0,True,False
liver_condition_binary,Liver Condition,LBDHDD,HDL Cholesterol (mg/dL),LBXSKSI,Potassium (mmol/L),Difference,4895,270.0,-0.1657610561822851,0.0153263298864984,2087.281561310473,-0.1646840734160108,0.0159777336368401,2087.3599135502245,0.0530184671440226,0.3925141995211171,2092.775010868545,1.0425022660457972,0.0783522397514389,0.045191536793008726,1.0,True,False
heart_attack_binary,Heart Attack,LBXHGB,Hemoglobin (g/dL),LBXGLU,Fasting Glucose (mg/dL),Difference,2428,127.0,-0.3449116786695829,1.0462712774546894e-09,971.2664442315348,0.0027582357206461,0.9758793715474912,1000.6987801355996,0.3445431528501215,1.0923544664685403e-09,971.3435453217512,1.044045163053658,0.0771010902166153,6.5165685100984115e-09,5.649864898255323e-06,True,True
heart_attack_binary,Heart Attack,LBXGLU,Fasting Glucose (mg/dL),LBXHGB,Hemoglobin (g/dL),Difference,2428,127.0,0.3449116786695829,1.0462712774546894e-09,971.2664442315348,0.3445431528501215,1.0923544664685403e-09,971.3435453217512,0.0027582357206461,0.9758793715474912,1000.6987801355996,1.044045163053658,0.0771010902166153,6.5165685100984115e-09,5.649864898255323e-06,True,True
high_cholesterol_binary,High Cholesterol,LBXSAPSI,Alkaline Phosphatase (U/L),LBXHGB,Hemoglobin (g/dL),Difference,5384,1761.0,0.107354997748365,0.0001866335015848,6796.288670358335,0.1071043076182836,0.0001940771982237,6796.3596460279605,-0.0074211780826471,0.7982761245859549,6810.297008206693,1.0398840324790422,0.0709756696251133,0.000697936917283878,1.0,True,False
high_cholesterol_binary,High Cholesterol,LBXHGB,Hemoglobin (g/dL),LBXSAPSI,Alkaline Phosphatase (U/L),Difference,5384,1761.0,-0.107354997748365,0.0001866335015848,6796.288670358335,-0.0074211780826471,0.7982761245859549,6810.297008206693,0.1071043076182836,0.0001940771982237,6796.3596460279605,1.0398840324790422,0.0709756696251133,0.000697936917283878,1.0,True,False
liver_condition_binary,Liver Condition,LBXSCA,Calcium (mg/dL),BMXWAIST,Waist Circumference (cm),Difference,4643,252.0,-0.2167035329440498,0.00048108886169,1950.6963460488432,-0.0487578468959939,0.4519315327509791,1962.000574975898,0.2160800747190952,0.000500349868871,1950.7670262509291,1.040036277525297,0.0706802020861232,0.001712511439107449,1.0,True,False
liver_condition_binary,Liver Condition,BMXWAIST,Waist Circumference (cm),LBXSCA,Calcium (mg/dL),Difference,4643,252.0,0.2167035329440498,0.00048108886169,1950.6963460488432,0.2160800747190952,0.000500349868871,1950.7670262509291,-0.0487578468959939,0.4519315327509791,1962.000574975898,1.040036277525297,0.0706802020861232,0.001712511439107449,1.0,True,False
heart_attack_binary,Heart Attack,LBXPLTSI,Platelet Count (10^3/uL),LBXSCA,Calcium (mg/dL),Difference,4901,243.0,-0.5501337630160249,1.0274914054975016e-12,1881.9299102101963,-0.5496320873136608,1.0536675218072901e-12,1881.9999175437192,0.0314998215185744,0.6315807361997802,1937.5264930475787,1.02547575207903,0.0700073335228808,8.381349833363307e-12,5.548453589686509e-09,True,True
heart_attack_binary,Heart Attack,LBXSCA,Calcium (mg/dL),LBXPLTSI,Platelet Count (10^3/uL),Difference,4901,243.0,0.5501337630160249,1.0274914054975016e-12,1881.9299102101963,0.0314998215185744,0.6315807361997802,1937.5264930475787,-0.5496320873136608,1.0536675218072901e-12,1881.9999175437192,1.02547575207903,0.0700073335228808,8.381349833363307e-12,5.548453589686509e-09,True,True
liver_condition_binary,Liver Condition,LBXSAPSI,Alkaline Phosphatase (U/L),LBXSCA,Calcium (mg/dL),Difference,4898,270.0,0.2916802417708656,1.1728960475971676e-08,2061.5307760733426,0.2914285871491922,1.2150496781873873e-08,2061.597743586798,-0.0358392182662354,0.56715919735871,2093.514181909615,1.0359397839873168,0.0669675134554381,6.62514503872877e-08,6.333638657024705e-05,True,True
liver_condition_binary,Liver Condition,LBXSCA,Calcium (mg/dL),LBXSAPSI,Alkaline Phosphatase (U/L),Difference,4898,270.0,-0.2916802417708656,1.1728960475971676e-08,2061.5307760733426,-0.0358392182662354,0.56715919735871,2093.514181909615,0.2914285871491922,1.2150496781873873e-08,2061.597743586798,1.0359397839873168,0.0669675134554381,6.62514503872877e-08,6.333638657024705e-05,True,True
stroke_binary,Stroke,LBXIN,Insulin (uIU/mL),LBXSCA,Calcium (mg/dL),Ratio,2378,114.0,0.1449319294005487,0.0089301442215323,913.68014523307,0.1448944525067134,0.0094287166215701,913.7446683144072,-0.0330813996551281,0.7308475322630603,918.949148942736,1.0558302741444638,0.06452308133737,0.027061043095552424,1.0,True,False
high_cholesterol_binary,High Cholesterol,LBXHGB,Hemoglobin (g/dL),LBXIN,Insulin (uIU/mL),Difference,2581,864.0,-0.1384606325674978,0.0018816587787288,3283.887952599587,-0.0120538319965974,0.7724370664393927,3294.6622106535906,0.138092396908863,0.0019383560390595,3283.9468946843385,1.0301315312699604,0.0589420847513793,0.006228296229169853,1.0,True,False
high_cholesterol_binary,High Cholesterol,LBXIN,Insulin (uIU/mL),LBXHGB,Hemoglobin (g/dL),Difference,2581,864.0,0.1384606325674978,0.0018816587787288,3283.887952599587,0.138092396908863,0.0019383560390595,3283.9468946843385,-0.0120538319965974,0.7724370664393927,3294.6622106535906,1.0301315312699604,0.0589420847513793,0.006228296229169853,1.0,True,False
arthritis_binary,Arthritis,LBXIN,Insulin (uIU/mL),LBXSNASI,Sodium (mmol/L),Difference,2376,753.0,0.1337388450364421,0.0037044179594181,2962.399662553076,0.1332707465482737,0.0038421055361346,2962.4582042028933,-0.0121949815858756,0.7821163878758997,2971.668148638979,1.037168477808099,0.0585416498179256,0.011808652290943175,1.0,True,False
arthritis_binary,Arthritis,LBXSNASI,Sodium (mmol/L),LBXIN,Insulin (uIU/mL),Difference,2376,753.0,-0.1337388450364421,0.0037044179594181,2962.399662553076,-0.0121949815858756,0.7821163878758997,2971.668148638979,0.1332707465482737,0.0038421055361346,2962.4582042028933,1.037168477808099,0.0585416498179256,0.011808652290943175,1.0,True,False
stroke_binary,Stroke,LBXSKSI,Potassium (mmol/L),LBXPLTSI,Platelet Count (10^3/uL),Difference,4903,239.0,0.2046040906895063,0.0040258966726095,1905.6162188572905,0.1065382770409296,0.1009922304253807,1911.6085482671988,-0.2039579348594784,0.0041415847579516,1905.6701545633289,1.0287359797704547,0.0539357060383736,0.012765614816260307,1.0,True,False
stroke_binary,Stroke,LBXPLTSI,Platelet Count (10^3/uL),LBXSKSI,Potassium (mmol/L),Difference,4903,239.0,-0.2046040906895063,0.0040258966726095,1905.6162188572905,-0.2039579348594784,0.0041415847579516,1905.6701545633289,0.1065382770409296,0.1009922304253807,1911.6085482671988,1.0287359797704547,0.0539357060383736,0.012765614816260307,1.0,True,False
liver_condition_binary,Liver Condition,LBXSNASI,Sodium (mmol/L),LBXSAPSI,Alkaline Phosphatase (U/L),Difference,4900,270.0,-0.2916237934549743,1.1434254621580044e-08,2061.736980671272,-0.0192485242673497,0.7579895828048253,2093.973611497607,0.2915751510481414,1.1920846189544353e-08,2061.789370587992,1.0425556001740557,0.0523899167205854,6.492636693641665e-08,6.174497495653224e-05,True,True
liver_condition_binary,Liver Condition,LBXSAPSI,Alkaline Phosphatase (U/L),LBXSNASI,Sodium (mmol/L),Difference,4900,270.0,0.2916237934549743,1.1434254621580044e-08,2061.736980671272,0.2915751510481414,1.1920846189544353e-08,2061.789370587992,-0.0192485242673497,0.7579895828048253,2093.973611497607,1.0425556001740557,0.0523899167205854,6.492636693641665e-08,6.174497495653224e-05,True,True
liver_condition_binary,Liver Condition,systolic_bp,Systolic BP (mmHg),LBXSCA,Calcium (mg/dL),Difference,4665,256.0,0.2256389508003669,0.0001086562237912,1973.777166811436,0.2253711847778332,0.0001122760373067,1973.827137565088,-0.0168575075240723,0.793221543778117,1987.783387315287,1.0333143688338504,0.0499707536523601,0.00041583530012223954,0.5867436084724801,True,False
liver_condition_binary,Liver Condition,LBXSCA,Calcium (mg/dL),systolic_bp,Systolic BP (mmHg),Difference,4665,256.0,-0.2256389508003669,0.0001086562237912,1973.777166811436,-0.0168575075240723,0.793221543778117,1987.783387315287,0.2253711847778332,0.0001122760373067,1973.827137565088,1.0333143688338504,0.0499707536523601,0.00041583530012223954,0.5867436084724801,True,False
heart_attack_binary,Heart Attack,LBXGLU,Fasting Glucose (mg/dL),LBXSAL,Albumin (g/dL),Difference,2380,126.0,0.324969961637799,2.0224015295324368e-08,964.8180356069868,0.324783667506717,2.0867706801244005e-08,964.8650586016364,-0.1166807969469359,0.191158759351358,988.0501113333976,1.0318280764981649,0.0470229946497511,1.1042435044969827e-07,0.00010920968259475159,True,True
heart_attack_binary,Heart Attack,LBXSAL,Albumin (g/dL),LBXGLU,Fasting Glucose (mg/dL),Difference,2380,126.0,-0.324969961637799,2.0224015295324368e-08,964.8180356069868,-0.1166807969469359,0.191158759351358,988.0501113333976,0.324783667506717,2.0867706801244005e-08,964.8650586016364,1.0318280764981649,0.0470229946497511,1.1042435044969827e-07,0.00010920968259475159,True,True
heart_attack_binary,Heart Attack,LBXSAL,Albumin (g/dL),LBXIN,Insulin (uIU/mL),Difference,2377,126.0,-0.1708359810820495,0.0016784639614438,981.003580847016,-0.1172445248039848,0.1889566504747873,987.7069756748612,0.1703168465361738,0.0017242240081144,981.0488973842472,1.027263049860949,0.045316537230974,0.005598335634216504,1.0,True,False
heart_attack_binary,Heart Attack,LBXIN,Insulin (uIU/mL),LBXSAL,Albumin (g/dL),Difference,2377,126.0,0.1708359810820495,0.0016784639614438,981.003580847016,0.1703168465361738,0.0017242240081144,981.0488973842472,-0.1172445248039848,0.1889566504747873,987.7069756748612,1.027263049860949,0.045316537230974,0.005598335634216504,1.0,True,False
stroke_binary,Stroke,LBXGLU,Fasting Glucose (mg/dL),LBXPLTSI,Platelet Count (10^3/uL),Ratio,2432,115.0,0.1780729693899956,0.0104788602911158,924.930530031318,0.1798536932816169,0.0111730758442834,924.9746675658524,-0.1722637705941817,0.0915029408207037,927.3567191146494,1.0662491467470132,0.0441375345342294,0.03145405534854103,1.0,True,False
depression_binary,Depression,LBXWBCSI,WBC Count (10^3/uL),LBXSNASI,Sodium (mmol/L),Ratio,788,409.0,0.1743522978573142,0.0266765804618562,1089.9399848911753,0.1736194565819872,0.0272452997271278,1089.9807270077729,-0.027380015533859,0.7012504947783482,1095.110324530307,1.0213190467228277,0.0407421165973573,0.07686954882285138,1.0,False,False
liver_condition_binary,Liver Condition,LBXSCR,Creatinine Kidney (mg/dL),LBXGLU,Fasting Glucose (mg/dL),Difference,2377,132.0,-0.254775571490801,3.0016775156142357e-05,1009.6778425791196,-0.0611714509813321,0.6116549673821421,1023.3891123826356,0.2545731261939888,3.0750551457500414e-05,1009.71194238092,1.0244455407864794,0.0340998018002665,0.00012006710062456943,0.16209058584316874,True,False
liver_condition_binary,Liver Condition,LBXGLU,Fasting Glucose (mg/dL),LBXSCR,Creatinine Kidney (mg/dL),Difference,2377,132.0,0.254775571490801,3.0016775156142357e-05,1009.6778425791196,0.2545731261939888,3.0750551457500414e-05,1009.71194238092,-0.0611714509813321,0.6116549673821421,1023.3891123826356,1.0244455407864794,0.0340998018002665,0.00012006710062456943,0.16209058584316874,True,False
liver_condition_binary,Liver Condition,LBDHDD,HDL Cholesterol (mg/dL),LBXSCR,Creatinine Kidney (mg/dL),Difference,4897,270.0,-0.1639298618286105,0.016299279829559,2087.6299622240467,-0.1635672205320619,0.0166261648528167,2087.663640958236,0.026671378469748,0.6213016722934362,2093.5068953212917,1.020055181988158,0.0336787341893796,0.047808859902019885,1.0,True,False
liver_condition_binary,Liver Condition,LBXSCR,Creatinine Kidney (mg/dL),LBDHDD,HDL Cholesterol (mg/dL),Difference,4897,270.0,0.1639298618286105,0.016299279829559,2087.6299622240467,0.026671378469748,0.6213016722934362,2093.5068953212917,-0.1635672205320619,0.0166261648528167,2087.663640958236,1.020055181988158,0.0336787341893796,0.047808859902019885,1.0,True,False
liver_condition_binary,Liver Condition,LBXPLTSI,Platelet Count (10^3/uL),LBXSKSI,Potassium (mmol/L),Difference,4896,269.0,-0.3097502638078772,7.87436883051315e-06,2066.6911768639125,-0.3095467273049642,8.008031782949648e-06,2066.723547549243,0.0481495818074181,0.4386406654183197,2087.332566896391,1.0169744338007836,0.0323706853305338,3.445834010111103e-05,0.04252159168477101,True,True
liver_condition_binary,Liver Condition,LBXSKSI,Potassium (mmol/L),LBXPLTSI,Platelet Count (10^3/uL),Difference,4896,269.0,0.3097502638078772,7.87436883051315e-06,2066.6911768639125,0.0481495818074181,0.4386406654183197,2087.332566896391,-0.3095467273049642,8.008031782949648e-06,2066.723547549243,1.0169744338007836,0.0323706853305338,3.445834010111103e-05,0.04252159168477101,True,True
liver_condition_binary,Liver Condition,LBXSAL,Albumin (g/dL),LBXGLU,Fasting Glucose (mg/dL),Difference,2378,132.0,-0.254880822831331,2.9703176529140643e-05,1009.7767404057232,-0.086296521099998,0.3269524973557169,1022.8640812144866,0.2547059848446247,3.0314830935699223e-05,1009.8058122002589,1.0205922220459658,0.0290717945356391,0.000118988986095964,0.16039715325735948,True,False
liver_condition_binary,Liver Condition,LBXGLU,Fasting Glucose (mg/dL),LBXSAL,Albumin (g/dL),Difference,2378,132.0,0.254880822831331,2.9703176529140643e-05,1009.7767404057232,0.2547059848446247,3.0314830935699223e-05,1009.8058122002589,-0.086296521099998,0.3269524973557169,1022.8640812144866,1.0205922220459658,0.0290717945356391,0.000118988986095964,0.16039715325735948,True,False
stroke_binary,Stroke,LBXHSCRP,hs-CRP Inflammation (mg/L),LBXSCA,Calcium (mg/dL),Ratio,4893,237.0,0.1567450342522589,0.0001162278003742,1889.7940667962023,0.1553947494190723,0.0001331235588977,1889.8224012250585,-0.0052269267192229,0.9374546908068078,1901.3597715437627,1.145367618324488,0.0283344288561693,0.000443908284601993,0.62763012202068,True,False
stroke_binary,Stroke,LBXSASSI,AST Liver Enzyme (U/L),LBXSATSI,ALT Liver Enzyme (U/L),Ratio,4894,239.0,0.2281804442252539,2.8772321735659617e-05,1897.9527127103545,-0.095323435911637,0.2545157775741651,1911.85413825244,-0.3565850131836298,0.000598899599223,1897.97943652412,20.815129370697782,0.026723813765102,0.00011543130562597468,0.15537053737256193,True,False
thyroid_binary,Thyroid Problem,LBXHSCRP,hs-CRP Inflammation (mg/L),LBXTC,Total Cholesterol (mg/dL),Ratio,4892,598.0,0.0860357701040778,0.0149914362619782,3632.19813355218,0.0852283384504552,0.0154275687622934,3632.2201405663927,0.0485635173146041,0.2603265609604012,3636.179588383362,1.0290921091677745,0.0220070142131589,0.04426121148971147,1.0,True,False
stroke_binary,Stroke,LBXSCA,Calcium (mg/dL),LBXSAPSI,Alkaline Phosphatase (U/L),Difference,4905,239.0,-0.2837053049871366,5.699850539694787e-08,1885.5029460323683,-0.0145353478116023,0.826628894199495,1914.412035240024,0.2836770948058409,5.7534880465311865e-08,1885.521909697664,1.009410335668077,0.0189636652953595,3.0234963570090224e-07,0.0003077919291435185,True,True
stroke_binary,Stroke,LBXSAPSI,Alkaline Phosphatase (U/L),LBXSCA,Calcium (mg/dL),Difference,4905,239.0,0.2837053049871366,5.699850539694787e-08,1885.5029460323683,0.2836770948058409,5.7534880465311865e-08,1885.521909697664,-0.0145353478116023,0.826628894199495,1914.412035240024,1.009410335668077,0.0189636652953595,3.0234963570090224e-07,0.0003077919291435185,True,True
stroke_binary,Stroke,LBXTC,Total Cholesterol (mg/dL),LBXSCA,Calcium (mg/dL),Difference,4902,238.0,-0.2515206584893005,0.0004147691710146,1895.1739409025845,-0.251319657509178,0.0004183203167,1895.1916578960536,-0.0177791251450354,0.7892053819915004,1908.1424071272916,1.0085617397182176,0.017716993469321,0.001492174232830673,1.0,True,False
stroke_binary,Stroke,LBXSCA,Calcium (mg/dL),LBXTC,Total Cholesterol (mg/dL),Difference,4902,238.0,0.2515206584893005,0.0004147691710146,1895.1739409025845,-0.0177791251450354,0.7892053819915004,1908.1424071272916,-0.251319657509178,0.0004183203167,1895.1916578960536,1.0085617397182176,0.017716993469321,0.001492174232830673,1.0,True,False
liver_condition_binary,Liver Condition,LBXSCA,Calcium (mg/dL),LBXGLU,Fasting Glucose (mg/dL),Difference,2375,132.0,-0.2544871888199388,3.1063184713176263e-05,1009.4970945378597,-0.0106383821817001,0.9055213421960752,1023.456671450628,0.2544011750386614,3.1401728042622526e-05,1009.5125589215676,1.010898538980218,0.0154643837081493,0.00012406893302599988,0.16774119745115182,True,False
liver_condition_binary,Liver Condition,LBXGLU,Fasting Glucose (mg/dL),LBXSCA,Calcium (mg/dL),Difference,2375,132.0,0.2544871888199388,3.1063184713176263e-05,1009.4970945378597,0.2544011750386614,3.1401728042622526e-05,1009.5125589215676,-0.0106383821817001,0.9055213421960752,1023.456671450628,1.010898538980218,0.0154643837081493,0.00012406893302599988,0.16774119745115182,True,False
stroke_binary,Stroke,LBXGLU,Fasting Glucose (mg/dL),LBXSCA,Calcium (mg/dL),Difference,2381,114.0,0.1704760220574652,0.0186500863171776,914.7162450580116,0.1702601423545394,0.0188581843708441,914.7312984910028,-0.0336986628893625,0.7260325757794915,919.239258336156,1.0111580209403583,0.0150534329909532,0.05446753169970744,1.0,False,False
stroke_binary,Stroke,LBXSCA,Calcium (mg/dL),LBXGLU,Fasting Glucose (mg/dL),Difference,2381,114.0,-0.1704760220574652,0.0186500863171776,914.7162450580116,-0.0336986628893625,0.7260325757794915,919.239258336156,0.1702601423545394,0.0188581843708441,914.7312984910028,1.0111580209403583,0.0150534329909532,0.05446753169970744,1.0,False,False
liver_condition_binary,Liver Condition,systolic_bp,Systolic BP (mmHg),LBXSCR,Creatinine Kidney (mg/dL),Difference,4667,256.0,0.2259428030839455,0.0001082485486422,1973.9854510150933,0.225762550361458,0.0001088987639159,1974.0001466789645,0.0254156056492824,0.6493314807287369,1987.8893063092216,1.0060066881436638,0.0146956638709525,0.00041486313887003544,0.5845421626678801,True,False
liver_condition_binary,Liver Condition,LBXSCR,Creatinine Kidney (mg/dL),systolic_bp,Systolic BP (mmHg),Difference,4667,256.0,-0.2259428030839455,0.0001082485486422,1973.9854510150933,0.0254156056492824,0.6493314807287369,1987.8893063092216,0.225762550361458,0.0001088987639159,1974.0001466789645,1.0060066881436638,0.0146956638709525,0.00041486313887003544,0.5845421626678801,True,False
depression_binary,Depression,LBXSCR,Creatinine Kidney (mg/dL),LBXSUA,Uric Acid (mg/dL),Difference,790,410.0,0.1907977770166157,0.0082792255005655,1090.9599800806866,-0.0482357180876126,0.5010092257807954,1097.5769499608814,-0.1904806856795916,0.0083153689516512,1090.9744244104766,1.004365559445536,0.014444329789967,0.025173320778746452,1.0,True,False
depression_binary,Depression,LBXSUA,Uric Acid (mg/dL),LBXSCR,Creatinine Kidney (mg/dL),Difference,790,410.0,-0.1907977770166157,0.0082792255005655,1090.9599800806866,-0.1904806856795916,0.0083153689516512,1090.9744244104766,-0.0482357180876126,0.5010092257807954,1097.5769499608814,1.004365559445536,0.014444329789967,0.025173320778746452,1.0,True,False
stroke_binary,Stroke,LBDLDL,LDL Cholesterol (mg/dL),LBXSKSI,Potassium (mmol/L),Difference,2357,111.0,-0.2882956867057428,0.0066604438877173,891.2475232159154,-0.2880571306929457,0.0067109354200379,891.2613700361511,0.0357257748937776,0.7120103165188159,898.899179872346,1.0075808058999918,0.0138468202356989,0.020400678952735916,1.0,True,False
stroke_binary,Stroke,LBXSKSI,Potassium (mmol/L),LBDLDL,LDL Cholesterol (mg/dL),Difference,2357,111.0,0.2882956867057428,0.0066604438877173,891.2475232159154,0.0357257748937776,0.7120103165188159,898.899179872346,-0.2880571306929457,0.0067109354200379,891.2613700361511,1.0075808058999918,0.0138468202356989,0.020400678952735916,1.0,True,False
stroke_binary,Stroke,LBXSCA,Calcium (mg/dL),LBXIN,Insulin (uIU/mL),Difference,2378,114.0,-0.1450414014684629,0.0093555493587677,913.733058397979,-0.0330813996551281,0.7308475322630603,918.949148942736,0.1448944525067134,0.0094287166215701,913.7446683144072,1.0078207339832808,0.0116099164282559,0.028239221094100382,1.0,True,False
stroke_binary,Stroke,LBXIN,Insulin (uIU/mL),LBXSCA,Calcium (mg/dL),Difference,2378,114.0,0.1450414014684629,0.0093555493587677,913.733058397979,0.1448944525067134,0.0094287166215701,913.7446683144072,-0.0330813996551281,0.7308475322630603,918.949148942736,1.0078207339832808,0.0116099164282559,0.028239221094100382,1.0,True,False
liver_condition_binary,Liver Condition,LBXGLU,Fasting Glucose (mg/dL),LBXGH,"Glycohemoglobin (HbA1c, %)",Difference,2423,135.0,0.2563195518937043,1.9994760823139856e-05,1031.33806670567,0.2563526628543592,2.0177374074239148e-05,1031.3487126420698,0.2341613349981758,0.0003414996075335,1035.256670385859,1.009133055039496,0.0106459363998965,8.2170249958109e-05,0.10797170844495523,True,False
liver_condition_binary,Liver Condition,LBXGH,"Glycohemoglobin (HbA1c, %)",LBXGLU,Fasting Glucose (mg/dL),Difference,2423,135.0,-0.2563195518937043,1.9994760823139856e-05,1031.33806670567,0.2341613349981758,0.0003414996075335,1035.256670385859,0.2563526628543592,2.0177374074239148e-05,1031.3487126420698,1.009133055039496,0.0106459363998965,8.2170249958109e-05,0.10797170844495523,True,False
hypertension_binary,Hypertension,LBXSKSI,Potassium (mmol/L),LBXSAPSI,Alkaline Phosphatase (U/L),Difference,5407,1899.0,-0.1589576208669041,3.838514814819768e-08,6982.396369732825,-0.0006871145077274,0.9807609330929934,7013.561927666399,0.1589410673279959,3.8517870155557805e-08,6982.40352489219,1.0034576395757997,0.007155159364629,2.072798000002675e-07,0.0002072798000002675,True,True
hypertension_binary,Hypertension,LBXSAPSI,Alkaline Phosphatase (U/L),LBXSKSI,Potassium (mmol/L),Difference,5407,1899.0,0.1589576208669041,3.838514814819768e-08,6982.396369732825,0.1589410673279959,3.8517870155557805e-08,6982.40352489219,-0.0006871145077274,0.9807609330929934,7013.561927666399,1.0034576395757997,0.007155159364629,2.072798000002675e-07,0.0002072798000002675,True,True
