outcome,marker1,marker2,anomaly_type,n11_d,n11_v,rate_00_d,rate_11_d,rate_00_v,rate_11_v,or_d,or_l_d,or_u_d,or_v,or_l_v,or_u_v,beta3_d,p3_d,beta3_v,p3_v,beta_med_int_d,p_med_int_d,beta_med_int_v,p_med_int_v
TRD,BMXBMI,BMXWAIST,High-High,74.0,44.0,0.2732362821948488,0.33783783783783783,0.2588495575221239,0.5,1.368469975831939,0.7094257219491895,2.639754969143331,2.859275053304904,1.2944393862614312,6.315825922188534,-0.9737814986306765,0.1057656851754306,0.7091053389145463,0.315716116003783,-0.4617399492975437,0.1414183553237553,0.7872533306660962,0.03785881810581079
TRD,BMXBMI,BMXWAIST,Low-Low,78.0,101.0,0.28683035714285715,0.2692307692307692,0.27305825242718446,0.2871287128712871,0.9286112283663993,0.47121553418310286,1.8299880859043942,1.08174936921783,0.5951830856792494,1.9660869503166567,-0.11890608700632418,0.8636256823352719,0.17293420456299524,0.7678707613077637,-0.0493424642778657,0.8675690250664814,0.04447523066102574,0.863097407072938
TRD,BMXBMI,LBDHDD,Low-High,25.0,28.0,0.29152148664343785,0.28,0.27353689567430023,0.14285714285714285,0.9840954274353877,0.31735978730111275,3.0515643413271305,0.48709692693782847,0.12791310018286695,1.8548797261037382,0.153443298967084,0.7913366753143154,-0.5683315142670026,0.3920478458316723,0.3920566554554989,0.4747291718327712,-0.35817682767708464,0.5659750381331661
TRD,BMXBMI,LBXGH,Low-Low,23.0,30.0,0.29318181818181815,0.2608695652173913,0.27190721649484534,0.3,0.8944459795523625,0.2698059348571986,2.965218725677115,1.181428335807356,0.4239693160117294,3.292155493181785,0.08459989985484428,0.8892564585762653,0.5441995758964264,0.31648093568698277,-0.2815542656987835,0.6008863541885467,0.2729347005691393,0.5500790613842073
TRD,BMXBMI,LBXHSCRP,High-High,38.0,22.0,0.2705202312138728,0.5526315789473685,0.2553191489361702,0.5909090909090909,3.3084983247030157,1.410672345517599,7.759534805756992,4.138446578339614,1.3644051034396985,12.552532996683999,0.7263850064434546,0.1493986536912428,0.8008459441565536,0.1865310213000192,0.6536482497395149,0.15024448649518657,1.2217967315962717,0.028161221935254464
TRD,BMXBMI,LBXHSCRP,Low-Low,32.0,46.0,0.29500580720092917,0.34375,0.2708333333333333,0.34782608695652173,1.2767853063462327,0.4886018555967178,3.3364194176273494,1.4542988559971695,0.6440558804192795,3.2838535084530607,0.8574665704054143,0.1245765194833872,0.6436002695833534,0.18393672855773036,0.4469473543695634,0.2897182981687034,0.44229116627215703,0.20891284998117732
TRD,BMXBMI,LBXSUA,Low-Low,21.0,23.0,0.2881745120551091,0.2857142857142857,0.2605905006418485,0.21739130434782608,1.0346309241326237,0.3057446640231619,3.5011605274996174,0.8422205989773558,0.2368565222499028,2.994789970754403,0.1654807216465942,0.7890369316705446,-0.8450317634810061,0.17067018041733584,0.03550449841293266,0.9494329167562152,-0.6599207970956127,0.2324963070149294
TRD,BMXWAIST,LBDHDD,Low-High,24.0,32.0,0.291970802919708,0.2916666666666667,0.27225806451612905,0.15625,1.038016038016038,0.33149150668288013,3.250391860595321,0.533806146572104,0.15743205958263404,1.8099807807481079,0.4910868032841537,0.4089320535167148,-0.5161233988823282,0.410124080372563,0.3502665545896797,0.5157010257881112,-0.24560577120530866,0.6675685454413409
TRD,BMXWAIST,LBXGH,Low-Low,26.0,39.0,0.29201430274135876,0.23076923076923078,0.27023498694516973,0.28205128205128205,0.7678207739307535,0.23690071418670697,2.4885899686017163,1.088015218769816,0.4318820771690683,2.740973008267067,0.05101168473178086,0.933842556337474,0.37406623803022726,0.4721777828957746,-0.37194595355897453,0.47671713693865936,0.2132999678675209,0.604637009896094
TRD,BMXWAIST,LBXHSCRP,Low-Low,35.0,53.0,0.29539951573849876,0.3142857142857143,0.2727272727272727,0.37735849056603776,1.1182755310713244,0.43617900620921385,2.8670342808590594,1.6293832044596295,0.7679928389359328,3.4569197684883695,0.7855366325307767,0.1736562742907517,1.11383976554143,0.02285653805252549,0.3022616721742823,0.4634829008730076,0.6269008329982237,0.05498867980633384
TRD,LBDHDD,LBXHGB,Low-High,29.0,20.0,0.2806818181818182,0.3103448275862069,0.2537313432835821,0.2,1.1861542251786155,0.42375636088660845,3.3202141036074395,0.8008446321404756,0.20032152871942438,3.201613570583861,-0.2602832788782795,0.6318955740390009,-1.249175669390495,0.05694686364931936,0.27641084850889164,0.6051168569150326,-0.36661820145583307,0.5467331082618451
TRD,LBDHDD,LBXTR,Low-High,24.0,23.0,0.28603603603603606,0.2916666666666667,0.26631853785900783,0.30434782608695654,1.0672268907563025,0.33581948830840996,3.391623404855391,1.2483370288248337,0.38639369657162725,4.033050620033438,-0.5699303100746063,0.43156064292726515,-0.30010082717023245,0.6847761101569166,-0.8254850372212,0.1605197237477629,-0.0658677764066071,0.9059522306724375
TRD,LBDHDD,LBXWBCSI,High-Low,28.0,22.0,0.30057142857142854,0.2857142857142857,0.2769607843137255,0.13636363636363635,0.9638080251770259,0.33129203215407005,2.8039488404104875,0.4679345672723156,0.10348561216962648,2.115876348969368,0.9199194673680049,0.11703581144414174,-0.3221059204181483,0.6618631989949265,0.08283773545240426,0.8798152516157243,-0.03297994303226562,0.9660872269549114
TRD,LBDHDD,LBXSASSI,Low-High,23.0,23.0,0.28456221198156684,0.2608695652173913,0.25280199252801994,0.43478260869565216,0.9326984126984127,0.28120875858084426,3.0935250147980184,2.2951132951132953,0.7791301901456475,6.760802115011246,-0.4502042947506127,0.44517175400793574,0.16942885893285475,0.7581871995602585,-0.7937211160836117,0.1656106034521292,0.12285522284342756,0.8048901921787897
TRD,LBDHDD,LBXSATSI,Low-High,28.0,20.0,0.2875,0.21428571428571427,0.25333333333333335,0.35,0.715099715099715,0.22350288690735334,2.2879686683763794,1.6348448687350836,0.4968019727902918,5.379845272791681,-0.6319894872289317,0.284768099445757,-0.3339449606426184,0.5775294222661007,-1.1352549718730887,0.03282360907110029,0.06983450096148003,0.8954381724842433
TRD,LBDLDL,LBXTC,High-High,36.0,50.0,0.2984409799554566,0.2777777777777778,0.2689295039164491,0.26,0.9294381707231536,0.3501945453957776,2.4667868890444966,0.9756521739130435,0.40890051919936815,2.327943154303333,1.6663953219238055,0.18423422590858118,-2.0546673538276052,0.025117530195471385,0.04940041780660483,0.9200572796188958,-0.14949520204924568,0.7174967860831402
TRD,LBXHSCRP,LBXPLTSI,High-High,26.0,24.0,0.26851851851851855,0.4230769230769231,0.2585551330798479,0.25,2.0183836281651057,0.7264760225677531,5.6077177276212105,1.0059472675609595,0.3050994463375078,3.3167215387009956,-0.2751931285115931,0.6017289531458816,-0.42212444054274895,0.47035826978118345,-0.439940010375257,0.40008622846457487,-0.8706413244183276,0.10202072551959912
TRD,LBXHSCRP,LBXSAL,High-Low,32.0,22.0,0.27293577981651373,0.4375,0.2561117578579744,0.22727272727272727,2.0851606323304437,0.8272849081416602,5.255619702270918,0.9114998380304502,0.25464758974351864,3.2626735464739793,0.0301883381085368,0.9526222325707665,-1.1680566718604064,0.07644695514811613,0.22945119072380435,0.6365216788403718,-0.6108247708210619,0.2982844857462549
TRD,LBXHSCRP,LBXWBCSI,High-High,26.0,20.0,0.25981524249422633,0.4230769230769231,0.259478672985782,0.35,2.1106501680852583,0.7594109582986746,5.866183630031646,1.5831435079726652,0.4814136898754494,5.2062154017357365,-0.6919397824784507,0.18508122645825464,0.0474190583905101,0.9381762084126811,0.06609436604430553,0.8999015111258636,0.060886692898505686,0.9161387881753905
TRD,LBXHSCRP,LBXWBCSI,Low-Low,21.0,31.0,0.29698375870069604,0.09523809523809523,0.26229508196721313,0.12903225806451613,0.30314389963512767,0.05314961058508505,1.7290102951719548,0.45951602354480053,0.1219817664239786,1.7310372040400115,-1.0612684679333506,0.20167745122942993,-1.3534627269155022,0.03427177748077544,-1.3601275632821583,0.0832218778584141,-0.5395635783080661,0.36323239366974225
TRD,LBXPLTSI,LBXWBCSI,High-High,28.0,26.0,0.26643990929705214,0.32142857142857145,0.2595797280593325,0.4230769230769231,1.339485001905384,0.4744452199694264,3.781722303883866,2.1130181595280058,0.7592151043707319,5.880870542210517,-1.0132350720861314,0.054292215825461475,0.5815650704244459,0.28620012984440035,-0.3831828445070849,0.4490913224045199,0.17939465459271547,0.7119526905473186
TRD,LBXSBU,LBXSCR,High-High,51.0,29.0,0.292817679558011,0.21568627450980393,0.27422907488986786,0.20689655172413793,0.6850108111878356,0.28383662001359644,1.6532039150612023,0.7311218181042938,0.2297589867255391,2.32652102329589,-0.36001310954679566,0.5433233889423421,0.36813247775379326,0.6785984408508247,-0.01926836286901785,0.9677932230354159,-0.1901457029526672,0.7252188536080046
TRD,LBXSBU,LBXSCR,Low-Low,24.0,26.0,0.2933930571108623,0.25,0.25404732254047324,0.4230769230769231,0.8452509652509653,0.2572226093735222,2.777552082213003,2.175013802350343,0.7811374473576236,6.0561493453132,0.11107659485485868,0.8578675765161187,0.5837670072575406,0.2969408782740173,-0.4864538649299245,0.37279794539616884,0.1834840240198361,0.6775674206639501
TRD,LBXSCR,LBXSUA,High-High,36.0,22.0,0.2917139614074915,0.25,0.2702380952380952,0.13636363636363635,0.8378111209179171,0.3119255794581662,2.2503043051263307,0.4840236686390533,0.10706329617000603,2.1882280873437345,-0.0968439860150224,0.8601305289372759,-0.8810210801119636,0.2472344957516942,0.07521199830418483,0.8806262734299888,-0.905279072703396,0.18033729624594197
TRD,LBXSCR,LBXSUA,Low-Low,20.0,26.0,0.2917139614074915,0.2,0.26004728132387706,0.2692307692307692,0.6614298323036187,0.16587360553349434,2.6374866673580106,1.092796092796093,0.35475886339925744,3.366239504173884,-0.41942058773181307,0.532959502895753,-0.43551283292383136,0.46963315396331384,-0.5047140598753876,0.41990842358419156,-0.5363951768863364,0.2765761899539946
TRD,LBXSASSI,LBXSATSI,High-High,67.0,63.0,0.2910284463894967,0.29850746268656714,0.25891829689298046,0.3333333333333333,1.0502024291497976,0.5183611708371796,2.127715585661741,1.4458588757010564,0.7106481552539081,2.941691852695521,0.669190271066214,0.2932425453287959,0.05471502744255977,0.9358583270031307,-0.27344158166932325,0.4058689806746347,0.13114717324835648,0.6791147329489291
uncontrolled_hypertension,BMXBMI,BMXWAIST,High-High,195.0,166.0,0.3628099173553719,0.3384615384615385,0.3255375330064127,0.2469879518072289,0.9016443877001645,0.6022257626457346,1.3499299636396296,0.6849060042401326,0.42658765418560896,1.0996479388034048,0.19771993942204583,0.5933027796171518,0.08109114175438888,0.8346282594704908,-0.9027556207478367,3.8399148578450686e-05,-0.6938868863209147,0.011536336420447968
uncontrolled_hypertension,BMXBMI,BMXWAIST,Low-Low,182.0,238.0,0.35379510576524265,0.46153846153846156,0.31252453867294855,0.35714285714285715,1.5664760511361102,1.052768662947163,2.330851311544155,1.2248477152689596,0.8505928672855898,1.7637720504137206,0.7566197386028259,0.03316225196370144,-0.020509730048848998,0.9497037657982665,0.9592260455576943,5.902957940211445e-07,0.6811921173900299,0.00011776323465706439
uncontrolled_hypertension,BMXBMI,LBDHDD,High-Low,34.0,38.0,0.37037037037037035,0.29411764705882354,0.3240432612312812,0.2894736842105263,0.7283929633721423,0.2798048963977206,1.896165206258246,0.8720391859583648,0.3504738756438065,2.1697832411902516,0.26855942985740633,0.5334340866713962,0.34936248626119104,0.3989838015232029,-0.5543355604445493,0.32007226571107106,-0.10515853806230892,0.8438163588279397
uncontrolled_hypertension,BMXBMI,LBDHDD,Low-High,62.0,74.0,0.3494183541576906,0.4032258064516129,0.3052588331963845,0.43243243243243246,1.2657301293900185,0.6472740536800963,2.47510733874939,1.7397444519166105,0.9444699720841935,3.2046659475001453,-0.38274017528613696,0.2531960656358505,0.24127605097883087,0.44238139289107337,0.22877464815583118,0.4778003473374527,0.09891316091998509,0.7381872152506239
uncontrolled_hypertension,BMXBMI,LBXGH,High-High,40.0,25.0,0.36434443963652097,0.325,0.3169590643274854,0.4,0.856250337199892,0.3611504571287086,2.0300808859107713,1.45934532188671,0.5181947385268582,4.109823219291994,-0.06597032396435774,0.8678618059453215,0.46097203037311424,0.3254197427880029,-0.8202220355850702,0.13397425811173436,1.8062201201798334,0.11507387252824723
uncontrolled_hypertension,BMXBMI,LBXGH,Low-Low,39.0,55.0,0.36207636207636207,0.358974358974359,0.31182348043297253,0.36363636363636365,1.0015788434971382,0.42616402440465173,2.3539297601257476,1.273966682013361,0.6179249820232166,2.6265180306614524,0.006636884204584258,0.9866949156832597,0.21959240283898795,0.5222363009468667,0.7474307460534378,0.06189881325406712,1.3308384386870828,0.0001413347835356628
uncontrolled_hypertension,BMXBMI,LBXHGB,High-High,26.0,21.0,0.36952714535901926,0.23076923076923078,0.317375154766818,0.38095238095238093,0.5408453551675837,0.1687146508463349,1.7337776935138303,1.353765071113999,0.43577736728619637,4.20554164889587,-0.41568817559458865,0.4132756939758099,0.5525171816077705,0.26310386566249344,-1.665424583187733,0.005084358392898391,0.4893333167002092,0.47729097768491946
uncontrolled_hypertension,BMXBMI,LBXHGB,Low-Low,35.0,46.0,0.3550347222222222,0.4,0.3075651095494006,0.391304347826087,1.2248298788197354,0.5067569340265129,2.960409875656637,1.4608532748930756,0.6713867519001064,3.178633305953807,-0.1710286362367815,0.6681880492506884,0.16186546600590562,0.6537882186271955,0.10746788645352096,0.8276120451662993,0.4423863324244662,0.3245469981575716
uncontrolled_hypertension,BMXBMI,LBXHGB,High-Low,39.0,29.0,0.3604701784936874,0.3333333333333333,0.31443506232408525,0.10344827586206896,0.9035765932977305,0.37908413604321317,2.153745256864197,0.2878654530110314,0.06623685497368559,1.2510636120958238,-0.31472185408986164,0.42761342510721967,-1.4571166264691384,0.023648212033316924,-0.5188185806058382,0.31867479526621434,-0.11701399190315288,0.9233252751316209
uncontrolled_hypertension,BMXBMI,LBXHSCRP,High-High,90.0,79.0,0.36280884265279584,0.36666666666666664,0.3234932349323493,0.17721518987341772,1.0229565217391305,0.5779891485070077,1.8104838958856904,0.46279653273644056,0.21732504517153658,0.98553128353806,0.17749226720498018,0.5737821991522688,-0.41914760389012634,0.25206071672341424,-0.8379236833861994,0.006892670213837125,-0.7707608251829458,0.06453889970268921
uncontrolled_hypertension,BMXBMI,LBXHSCRP,Low-Low,64.0,82.0,0.35801928133216476,0.453125,0.3010615711252654,0.32926829268292684,1.4896756686910453,0.7764788466629072,2.8579446915100646,1.1498708010335916,0.6236860949282834,2.1199813012051703,0.367437558223707,0.26498849797575663,-0.4054588565916578,0.17871673086455753,1.0104374085301733,0.0011760846462317545,0.7497713034147595,0.0093653374988628
uncontrolled_hypertension,BMXBMI,LBXPLTSI,High-High,51.0,56.0,0.3711563447379818,0.3137254901960784,0.31904161412358134,0.25,0.7872951997700488,0.36252896426206754,1.7097495446815973,0.7279479533748984,0.3298520045942622,1.6065029632744603,0.12993118605815476,0.7245898295924951,-0.08321784338574528,0.8217913875845977,-0.15659134657934132,0.7077597859893456,-0.39801937927751296,0.36300374100795896
uncontrolled_hypertension,BMXBMI,LBXPLTSI,Low-Low,26.0,37.0,0.3626086956521739,0.38461538461538464,0.3027295285359802,0.2972972972972973,1.1183070973364562,0.4020293347046818,3.1107450526508216,0.9991499774615237,0.3994778323884474,2.499013954022429,0.15558506007705755,0.730380950457038,-0.5707293898283688,0.16030393764458162,-0.0356315254888278,0.9421340274918654,-0.9161683104521666,0.05065326171137738
uncontrolled_hypertension,BMXBMI,LBXPLTSI,Low-High,32.0,44.0,0.3646240764884833,0.28125,0.30850131463628394,0.2727272727272727,0.7042565863672652,0.25995002647631427,1.9079718750744765,0.861767756728722,0.36275685726982004,2.047221580114397,-0.48454911616893154,0.2737367211504701,-0.4109271178994218,0.2832459875928329,-0.2442089810398955,0.6332117143296653,0.5070442402465675,0.2205385895445039
uncontrolled_hypertension,BMXBMI,LBXSAL,Low-Low,28.0,25.0,0.35458515283842795,0.5,0.3089632383312681,0.48,1.8196923076923075,0.6944561431132485,4.76816301146114,2.0701897622405303,0.7483959608647195,5.726494898146821,0.25583603202294275,0.5531516839171864,0.4968617919573811,0.2721905213579864,-0.2755604322525695,0.6024082252164235,0.9244383420247686,0.22369926129535755
uncontrolled_hypertension,BMXBMI,LBXSAL,High-Low,53.0,42.0,0.35602775368603645,0.2641509433962264,0.31787554498612763,0.19047619047619047,0.6637980847014955,0.2986036550479409,1.475627942942061,0.5285204749650098,0.19588683971187115,1.4259962173472713,-0.8323783370175244,0.027052474282183627,-0.5652866333944304,0.21575040270956392,-0.4818501924290729,0.3027385375327877,-0.289724315824086,0.646593407585242
uncontrolled_hypertension,BMXBMI,LBXSAL,Low-High,24.0,52.0,0.3569542253521127,0.3333333333333333,0.3091364205256571,0.3269230769230769,0.9277805784275284,0.31087041624891415,2.7689247889644624,1.1012602927070176,0.5145264657080187,2.357068709039674,-0.37998094894954954,0.42784835589312853,-0.015991064574996095,0.9646216382070687,0.38134414739585876,0.4460920076425592,0.6358073089614781,0.08049977327019552
uncontrolled_hypertension,BMXBMI,LBXSBU,Low-Low,22.0,46.0,0.35662237462494645,0.45454545454545453,0.3038309114927345,0.2608695652173913,1.515027027027027,0.5124011446680153,4.479511641429843,0.8298439484095751,0.35168826008100795,1.9581005591525058,0.32727918380078697,0.5012983841684737,-0.7094942144106127,0.06268403809007692,1.4385932233771932,0.0065902589920957605,0.1889082292124638,0.6202318173163415
uncontrolled_hypertension,BMXBMI,LBXSBU,High-Low,27.0,39.0,0.3615285530270502,0.4074074074074074,0.31800766283524906,0.28205128205128205,1.230554806222462,0.4546212411365776,3.330827937848783,0.865047233468286,0.34920486147964563,2.1428874528276074,0.24558704953839267,0.5854227433774544,0.08757429718997245,0.8311939812565818,0.09170132655468513,0.8555005889766333,-0.07378031307268648,0.8722744238468756
uncontrolled_hypertension,BMXBMI,LBXSBU,Low-High,30.0,35.0,0.35485287659200704,0.4,0.3090757005437056,0.4,1.228083370940514,0.47500625592176143,3.17509242705433,1.5070679434564522,0.623381640977914,3.6434402890516453,-0.1406494418473786,0.7395544627016544,0.37422425934243536,0.35039781035137585,-0.24745887050240278,0.7105451424917307,1.001102560345239,0.24448230475632016
uncontrolled_hypertension,BMXBMI,LBXSCA,Low-High,25.0,61.0,0.351138353765324,0.48,0.30844012372956253,0.3442622950819672,1.7105111341871464,0.6183942917366542,4.731363758163834,1.1897894076371767,0.5924299433887225,2.3894788747988382,0.10653479470205945,0.8130659562875402,-0.05278605736499338,0.870753692750738,-0.09273627534854154,0.8545401335496623,0.12975726960690012,0.708986788629206
uncontrolled_hypertension,BMXBMI,LBXSCR,High-High,25.0,27.0,0.35682624113475175,0.4,0.3165557404326123,0.25925925925925924,1.220700426503274,0.43327376632743075,3.4391870615567783,0.7896001153051583,0.2615012904117032,2.384188395813807,-0.19896846089256967,0.6621235844310112,-0.12917006733869038,0.789802501318774,-1.2573716832957267,0.23188357757833788,17.85114226527006,0.9986699194032733
uncontrolled_hypertension,BMXBMI,LBXSCR,Low-Low,32.0,30.0,0.35714285714285715,0.34375,0.31257835353113245,0.3,0.9625299377860919,0.37308508623653697,2.4832509132973417,0.9713846297245654,0.3538069485561073,2.6669575109135972,-0.2678917004631522,0.5303755177429643,0.04859732988019725,0.9142497770163851,0.5237604045894966,0.2442083282518711,0.6578259561405515,0.16146369327732568
uncontrolled_hypertension,BMXBMI,LBXSCR,High-Low,31.0,20.0,0.36220472440944884,0.3225806451612903,0.32455429497568883,0.2,0.8597353019606742,0.323861492697901,2.2822867370863635,0.5674020302841263,0.14354422865579103,2.242828339288723,-0.1540087434764239,0.7258550070354725,-0.04595039019662194,0.9393191520126741,-0.1784163360397902,0.7242253213822096,0.3029073253247377,0.6782237532511954
uncontrolled_hypertension,BMXBMI,LBXSCR,Low-High,25.0,39.0,0.35320088300220753,0.56,0.30716430716430715,0.5128205128205128,2.3083127393205336,0.8294864733256359,6.423622173303005,2.37033657201138,1.040823461763759,5.39812530272297,0.526095218463957,0.24144408257044825,0.7521788747761857,0.043279245020732264,0.455502119209704,0.5348559936129811,1.655260954054066,0.04844286509897581
uncontrolled_hypertension,BMXBMI,LBXSKSI,Low-Low,28.0,33.0,0.35673289183222956,0.32142857142857145,0.30676432572167167,0.3333333333333333,0.8782487353915925,0.31496899137377093,2.448878658983963,1.1545730994152046,0.45058092007919825,2.958489768405916,-0.43065666261745206,0.34138704660642083,-0.1023208194379008,0.8048209994524802,-0.14818868961981993,0.7704008846519547,0.22446441255497007,0.6319474057020029
uncontrolled_hypertension,BMXBMI,LBXSKSI,Low-High,28.0,25.0,0.3590968302214503,0.17857142857142858,0.3109381401065137,0.48,0.41759979430481453,0.1226347869845411,1.4220238195986457,2.051178894496867,0.7415778485951221,5.673490470622808,-1.1112820851034981,0.03835186951938789,0.7982589764805021,0.08239356352822719,-1.513736975819003,0.015015459471915482,1.6650341472550603,0.0237762219007547
uncontrolled_hypertension,BMXBMI,LBXSNASI,Low-Low,24.0,33.0,0.3610154905335628,0.4583333333333333,0.30571665285832644,0.3939393939393939,1.5073566717402334,0.5329528083291802,4.263274534499512,1.4949716795746157,0.6017362143215363,3.714152928704923,0.4924336315321743,0.29118264756513157,0.006001072299066872,0.9883683517618878,-0.02317372111063393,0.9658047072093622,0.1275573247853299,0.8014202322696388
uncontrolled_hypertension,BMXBMI,LBXSUA,High-High,54.0,39.0,0.35660957400087834,0.2777777777777778,0.31543340380549684,0.23076923076923078,0.707777994157741,0.32436568511279584,1.544397918786488,0.6757326540247933,0.2577324739631238,1.7716611829859015,-0.8261436623995386,0.024657260315099093,-0.2786087509061148,0.5180806142533887,-1.779140444835315,0.0001559008635182489,-1.3474190622806967,0.01818790065268508
uncontrolled_hypertension,BMXBMI,LBXSUA,Low-Low,52.0,52.0,0.3546690048224463,0.36538461538461536,0.3058871963771099,0.4230769230769231,1.058834917444894,0.5039992885561864,2.2244701686231663,1.6733548678712777,0.8106008952978055,3.45437135595535,-0.4009439316980724,0.2584758571877189,0.248746776050376,0.4815102224100556,0.5472105066395536,0.12655733331363164,1.060834449563213,0.0024815778592296076
uncontrolled_hypertension,BMXBMI,LBXTC,Low-Low,21.0,21.0,0.3615147512109203,0.2857142857142857,0.3143203883495146,0.19047619047619047,0.7404433275086878,0.22102141167464703,2.4805575039000956,0.5607533302710151,0.14304690008080184,2.1981902245516425,-0.42162442559692526,0.42071007322980836,-0.37785919025452847,0.533120185943496,0.05833345446530564,0.9293790057583657,-0.47908838670795056,0.4873124421617666
uncontrolled_hypertension,BMXBMI,LBXTC,Low-High,28.0,51.0,0.3474426807760141,0.5357142857142857,0.2972027972027972,0.47058823529411764,2.1557810188120907,0.8207523103505997,5.662356039040908,2.10584463295705,1.0196305300951132,4.349204429706854,0.09562672262206612,0.8236108561650216,0.09834384845962078,0.7671898565797999,0.47051944654566813,0.29791391551505264,0.4265882496148623,0.2281377169535872
uncontrolled_hypertension,BMXBMI,LBXWBCSI,High-High,58.0,33.0,0.3642611683848797,0.3620689655172414,0.31742902208201895,0.2727272727272727,1.0003771361225693,0.49398928731271813,2.0258625848363176,0.8335170194707305,0.3095089688832807,2.24468655707799,0.11140077201814053,0.7480749988305104,-0.06784840117645526,0.8802039438107577,-0.3037059314813267,0.4565586897041223,0.03389298395840312,0.9572013005362325
uncontrolled_hypertension,BMXBMI,LBXWBCSI,Low-Low,29.0,53.0,0.3602080624187256,0.4482758620689655,0.3094736842105263,0.37735849056603776,1.452850817252501,0.5607903274507838,3.7639299286532473,1.3649055876294935,0.6568847816138259,2.8360639723838625,0.24346670363778528,0.5658627099266054,0.24632248943456492,0.4711273116618456,0.47038727987579,0.2768977712686469,0.5297752514199418,0.13106741799010113
uncontrolled_hypertension,BMXBMI,LBXWBCSI,Low-High,23.0,30.0,0.359375,0.5217391304347826,0.3088235294117647,0.43333333333333335,1.9371047729002127,0.6721389670952362,5.582736732865401,1.7258993485034464,0.674249406920249,4.4178437987368495,0.5663395980267149,0.2267414740628323,0.38415731714820733,0.36379642132389756,0.5754624625523815,0.3179989442815646,0.5567837958083431,0.2668430105927899
uncontrolled_hypertension,BMXBMI,LBXSASSI,High-High,25.0,45.0,0.35774150860167625,0.36,0.3169907016060862,0.13333333333333333,1.0333837450288468,0.3597517537643075,2.9683857085224132,0.35443881294326984,0.11842214702375917,1.0608393385692427,-0.11278231642905881,0.8092074260908985,-1.0861998519342357,0.024450775457411648,-1.1280031412856901,0.04346584606907123,-1.5076052551869745,0.009352289060387974
uncontrolled_hypertension,BMXBMI,LBXSATSI,High-High,28.0,33.0,0.3619550858652576,0.42857142857142855,0.31986809563066776,0.18181818181818182,1.335083356359952,0.5048645682004999,3.530545973512407,0.5024059006029385,0.16244793169139765,1.553800570635496,0.3767606402063451,0.38842531136202174,-0.5204124801005066,0.2962853375459493,-0.5731109075842287,0.23648648915335357,-0.8201757949089679,0.15559159441341933
uncontrolled_hypertension,BMXBMI,LBXSATSI,Low-Low,46.0,26.0,0.34971726837755546,0.5434782608695652,0.30668257756563244,0.4230769230769231,2.2047639007327966,1.028420753048587,4.72664893582213,1.6766876424225952,0.6114546374833529,4.597694216243766,0.46717456484921127,0.1987128795042108,0.3759622098436753,0.43396311634267815,1.3602022508086946,0.0009066738623844362,0.8232155433479464,0.12666983434213575
uncontrolled_hypertension,BMXBMI,LBXSAPSI,High-High,39.0,22.0,0.35541904344010533,0.358974358974359,0.3154308617234469,0.18181818181818182,1.030966118711519,0.43856947294666976,2.423541088689367,0.5277220077220077,0.13564408882996012,2.0530973360973745,-0.3473275580435909,0.37499387814863383,-0.7472276210635056,0.20973324122849257,-1.1261109559857352,0.018595666713980077,39.45586830915111,0.9999994075548688
uncontrolled_hypertension,BMXBMI,LBXSAPSI,Low-Low,40.0,45.0,0.35910878112712974,0.325,0.30615861763402746,0.24444444444444444,0.8758773141751865,0.36938645925095104,2.0768521700616813,0.755121716076163,0.31165426083807257,1.8296197990569902,-0.320522848296392,0.42099421454725283,-0.6881144746635514,0.07741360643343044,0.7999947592406196,0.08108604273209782,0.4546138314314794,0.29445191691172523
uncontrolled_hypertension,BMXBMI,LBXSAPSI,Low-High,29.0,29.0,0.35030728709394204,0.3793103448275862,0.30409598676044686,0.3448275862068966,1.1525495439083417,0.43520557869925536,3.052282682436119,1.2317627987240496,0.4565090497679269,3.323569583323298,-0.45495176056818376,0.2920326736710206,-0.24266877334502793,0.5843213069590771,-0.23114486661535283,0.6521447199802776,0.8008069290954951,0.11198654991243553
uncontrolled_hypertension,BMXWAIST,LBDHDD,High-Low,51.0,49.0,0.3683005038937242,0.3137254901960784,0.32569204152249137,0.24489795918367346,0.7969870184437889,0.366814060636901,1.73163565885408,0.6898916168989161,0.29515165040815816,1.6125623638194817,0.2707456759161859,0.46947856645202335,0.26798466095497486,0.5043261415586886,-0.7401829723639919,0.1249869683831643,-0.13357349428779275,0.816113098743129
uncontrolled_hypertension,BMXWAIST,LBDHDD,Low-High,75.0,80.0,0.33967391304347827,0.41333333333333333,0.30509199828840394,0.3875,1.3756447012852853,0.74680315794477,2.5339988510255256,1.4488755813212715,0.7964209380347151,2.63584286888443,-0.6398351127757264,0.04493610003549671,-0.026092742545716783,0.9343253364817895,0.24218736232236507,0.40442629068396596,-0.00987286104839611,0.9723263783591373
uncontrolled_hypertension,BMXWAIST,LBXGH,High-High,47.0,27.0,0.36457863902658855,0.3617021276595745,0.3184791496320523,0.2222222222222222,0.9997569841735943,0.45792609360725534,2.182697254769507,0.6467324015096141,0.2030548233932658,2.0598515818179974,0.4218051316855413,0.2586946014705097,-0.2795672828105257,0.5917162340543851,-0.4892380645794155,0.3807360491611639,0.41312747733094163,0.6508813691165305
uncontrolled_hypertension,BMXWAIST,LBXGH,Low-Low,39.0,47.0,0.35262449528936746,0.3333333333333333,0.3120659722222222,0.3617021276595745,0.9349878252108098,0.3921474145976757,2.2292694041839574,1.2643684708187606,0.5789404259368582,2.761299018657447,-0.22618104197330305,0.5780839939245143,0.2938405256077843,0.42421470416358753,0.8674437188535724,0.03013995199393501,1.5049307269700016,3.4488539531805726e-05
uncontrolled_hypertension,BMXWAIST,LBXHGB,High-High,36.0,39.0,0.3668612483161203,0.2222222222222222,0.3169164882226981,0.23076923076923078,0.5145876924727721,0.18684582479717793,1.4172138635256877,0.6711127837858779,0.2559526540485392,1.7596706321920679,-0.5394826996158649,0.23699234214066078,-0.20627625155732746,0.6370328753526573,-2.129060651754103,6.675909601693684e-05,-0.7014800242124812,0.23550615793452145
uncontrolled_hypertension,BMXWAIST,LBXHGB,Low-Low,33.0,42.0,0.3509963768115942,0.6060606060606061,0.30451612903225805,0.2857142857142857,2.8069584736251403,1.1296694169230184,6.974620853343765,0.9356525561969989,0.3908708205583568,2.2397315426805435,0.8055513806015456,0.05169006114609011,-0.49354452112512237,0.21508668613614035,1.1440990849125525,0.019911189194243277,-0.0746368166593324,0.8700502113586716
uncontrolled_hypertension,BMXWAIST,LBXHGB,High-Low,24.0,22.0,0.35958124715521167,0.25,0.3154560810810811,0.13636363636363635,0.6255876369728363,0.19220630803968694,2.036144887879792,0.3893491124260355,0.08689864769934312,1.7444774499993463,-0.531813492504945,0.3025512355765263,-0.9666326922271122,0.1419024628922439,-1.0603827300011062,0.10797170312778392,-0.5812799207343058,0.6471506363677093
uncontrolled_hypertension,BMXWAIST,LBXHSCRP,High-High,73.0,64.0,0.35994525547445255,0.3424657534246575,0.32484900776531495,0.1875,0.9346709061587982,0.4926218163942293,1.7733881727247485,0.4946756406610421,0.21814976586553034,1.1217247403063932,0.06287934981285911,0.8508592554380648,-0.11306324169674867,0.7728624950537311,-0.9685392388580435,0.0065396339948689975,-0.9149554834136305,0.03888884022994332
uncontrolled_hypertension,BMXWAIST,LBXHSCRP,Low-Low,76.0,77.0,0.35045454545454546,0.4868421052631579,0.3019366197183099,0.36363636363636365,1.759067081224312,0.966854333498001,3.20039626347025,1.3305744995475515,0.7178965689640425,2.466133110792027,0.34738304767038747,0.2799121897443121,-0.09496307430452716,0.7598208955810658,1.2963469515114705,8.441699923473745e-06,1.210557752477527,3.732666605937186e-05
uncontrolled_hypertension,BMXWAIST,LBXPLTSI,High-High,33.0,41.0,0.36952554744525545,0.24242424242424243,0.3209986625055729,0.3170731707317073,0.5685790664199054,0.20367944420647918,1.5872105112541708,1.0016070711128966,0.42425191928342215,2.36467221314597,-0.19493562486520366,0.6709876248424227,0.6063463355444088,0.12618937956201046,-0.6118094334658449,0.25205130899064976,0.38822105596496315,0.48514263240703326
uncontrolled_hypertension,BMXWAIST,LBXPLTSI,Low-Low,20.0,27.0,0.35442457588262266,0.45,0.30351715154146763,0.4074074074074074,1.5042578904471486,0.48337572717372235,4.68122761190959,1.5986960382957525,0.5902480450420665,4.330093160546397,0.25141135530548,0.61046737592843,0.022274715705356735,0.9594338958543828,0.6079172646604756,0.26462063551968207,0.0233036473071153,0.9636785646371199
uncontrolled_hypertension,BMXWAIST,LBXPLTSI,High-Low,24.0,22.0,0.36601007787448464,0.25,0.3138500635324015,0.22727272727272727,0.6084377059986816,0.18693842346138523,1.980312207765074,0.6868509777478085,0.19397049252239704,2.4321444952698026,-0.49092352444389536,0.3402115109036593,-0.25225618143217793,0.6478474878674856,-0.9072037698247964,0.29393024699249604,0.27948887415502094,0.8182689651013881
uncontrolled_hypertension,BMXWAIST,LBXPLTSI,Low-High,27.0,51.0,0.3583180987202925,0.4074074074074074,0.30639269406392694,0.23529411764705882,1.2477934217895976,0.46079421337073745,3.3789235591131423,0.7160899931195038,0.3077691846910149,1.6661345701672563,0.0819540870768672,0.8534031651052606,-0.7030035943724531,0.06363035323856772,0.7285512093005829,0.15054592337736536,0.37525781012854154,0.34890848483209114
uncontrolled_hypertension,BMXWAIST,LBXSAL,High-Low,43.0,31.0,0.35419501133786846,0.18604651162790697,0.3179190751445087,0.1935483870967742,0.4364394942914042,0.1621173433465001,1.1749479003626226,0.5466910969449428,0.1752924411646863,1.7049859850949134,-1.1848831818161911,0.008131961667535267,-0.429284143110504,0.40606223352527815,-0.8264967107816126,0.1584813124201283,-0.9618001809399198,0.14670321147125803
uncontrolled_hypertension,BMXWAIST,LBXSAL,Low-High,30.0,40.0,0.34886940470696814,0.4,0.3093368237347295,0.3,1.260695593147675,0.4874278727647957,3.260694489149367,0.9788830780262848,0.4053700054938539,2.3637962046028633,-0.1592446117521614,0.7103531804827505,-0.10043888700660378,0.8037136344525856,0.9575391628199657,0.03200406008616104,0.8442427386504836,0.04059602043826268
uncontrolled_hypertension,BMXWAIST,LBXSBU,Low-Low,22.0,40.0,0.3475911751463305,0.45454545454545453,0.30448717948717946,0.3,1.576155339805825,0.5328843771513799,4.661922476463771,1.001423543833287,0.4145174866423811,2.4193167874937274,0.11765233278252113,0.8079382529284366,-0.3234654043157553,0.41205404502175225,1.4283320225160903,0.004557291225779815,0.7513891864071378,0.05660699590288035
uncontrolled_hypertension,BMXWAIST,LBXSBU,High-Low,20.0,31.0,0.35888187556357076,0.3,0.3190539937527889,0.2903225806451613,0.8005931121068468,0.23605693640784015,2.715231930509958,0.9007997515335041,0.33022208879722625,2.457255949528833,-0.16963986904159017,0.7517728603849443,0.3423183106597538,0.4470491770576738,-0.35496759689340196,0.5657981218433639,-0.1449674969501805,0.7798350762930393
uncontrolled_hypertension,BMXWAIST,LBXSBU,Low-High,20.0,32.0,0.3506672802577082,0.7,0.30992631122670133,0.46875,4.129482976040354,1.2173853932516467,14.007585226449432,1.9713487071977638,0.796736923006467,4.877664901867176,1.3090767585481544,0.013874510525343985,0.7543020079583093,0.06942575568183455,0.7095749841385892,0.33386707975474594,10.260122570505047,0.9014711159307502
uncontrolled_hypertension,BMXWAIST,LBXSCA,Low-High,20.0,55.0,0.34329044117647056,0.55,0.3079044117647059,0.23636363636363636,2.31497975708502,0.7438166613907061,7.204908889367318,0.7136991709435452,0.31634779621436393,1.6101471630304838,0.16561724636429573,0.736805546670453,-0.6836217154362263,0.06359009520347193,0.18744291878240654,0.7226005144919312,-0.19256913647913163,0.6198372235816643
uncontrolled_hypertension,BMXWAIST,LBXSCR,High-High,30.0,33.0,0.35585377140212865,0.3333333333333333,0.31768796175575836,0.18181818181818182,0.9268768126277753,0.3463362858872125,2.480538888919072,0.5074628720561735,0.16402998707693137,1.5699480997625272,-0.2824088093584303,0.5208334075352976,-0.4888171185026582,0.32840753437889303,-1.6680082678531887,0.04511680923578447,27.450381153098924,0.999988080491995
uncontrolled_hypertension,BMXWAIST,LBXSCR,Low-Low,43.0,29.0,0.3492932056543548,0.4418604651162791,0.31100478468899523,0.1724137931034483,1.4822876312951796,0.6725795517208107,3.2667906960137953,0.49714057530769123,0.14662575994986046,1.6855752474993217,0.0495206367695236,0.8945897129705696,-0.7269341417714084,0.17640009720500704,0.9099341118899733,0.014707596884728407,0.13639397057772454,0.8027374801829207
uncontrolled_hypertension,BMXWAIST,LBXSKSI,Low-Low,31.0,38.0,0.349235757295044,0.45161290322580644,0.30594015185350604,0.2894736842105263,1.5434819653507528,0.6137917090774889,3.881343690587814,0.9483058152642396,0.38084275484656255,2.3612997958338107,0.06454600809417563,0.8765087488189162,-0.2895484896404858,0.47781502613682825,0.5556617566992849,0.2172097627371412,0.2609627283830651,0.5567338852691794
uncontrolled_hypertension,BMXWAIST,LBXSNASI,Low-Low,21.0,26.0,0.35368611488014473,0.5238095238095238,0.30560344827586206,0.4230769230769231,2.000821542674578,0.6623642017486082,6.043936002371809,1.6851712928232059,0.6142247092755875,4.623393105602474,0.6322493668495789,0.1998423268724121,0.24326928907732895,0.5906815030366348,0.5766884322515851,0.31223764461264136,0.7005391459615681,0.2042634815240566
uncontrolled_hypertension,BMXWAIST,LBXSUA,High-High,48.0,43.0,0.3570445158329509,0.2708333333333333,0.31660061646851606,0.20930232558139536,0.6846047382561263,0.2980150859792422,1.5726843025503237,0.5941626129256429,0.22956461668077205,1.537820661141097,-0.6056417246178257,0.11916845034405459,-0.260006790817489,0.5477911336637031,-1.6009157292991416,0.0009745414396374255,-1.1289479578137616,0.05681497806504948
uncontrolled_hypertension,BMXWAIST,LBXSUA,Low-Low,51.0,51.0,0.34541284403669725,0.43137254901960786,0.3038297872340426,0.3333333333333333,1.4449518068223994,0.696134984959129,2.9992541233391674,1.1618036328231967,0.5407518799071616,2.4961312783099596,-0.21641359120496206,0.540270462830283,-0.22029548882279582,0.5545297104436588,1.063709322373602,0.0024119582987642747,0.86038713463729,0.014882375487085498
uncontrolled_hypertension,BMXWAIST,LBXTC,Low-High,32.0,47.0,0.34024896265560167,0.59375,0.29457013574660634,0.40425531914893614,2.7998946814112693,1.116383996382217,7.022144936150741,1.637799410267803,0.7609571609770344,3.525016973136176,0.18922412945232986,0.6483032811978042,-0.33752213250240726,0.33634187492017065,0.49158189334486296,0.24490412466022704,0.15650679809981904,0.6694702111456862
uncontrolled_hypertension,BMXWAIST,LBXWBCSI,High-High,57.0,36.0,0.3634321653189578,0.3157894736842105,0.3203481143804393,0.3333333333333333,0.8201265040930095,0.39343216160061517,1.7095894752971548,1.0820811841220004,0.4388847945226284,2.667897597829629,0.004254541950908847,0.9905699250747086,0.6431458511974733,0.13131798281515183,-0.6982593671546803,0.10553251860029214,-0.06930080009494878,0.9067400675428469
uncontrolled_hypertension,BMXWAIST,LBXWBCSI,Low-Low,34.0,51.0,0.35144927536231885,0.4411764705882353,0.307152259763054,0.3137254901960784,1.4663925900242705,0.6057609945778829,3.549761782824105,1.0480139940284103,0.4821582629765734,2.277951900894304,0.08158092473979627,0.8392841732974891,-0.18874862985325133,0.6008239856976598,0.8413578872771501,0.03834028800501196,0.4484378877909962,0.22302718030993074
uncontrolled_hypertension,BMXWAIST,LBXSASSI,High-High,29.0,44.0,0.3541089566020314,0.3103448275862069,0.31757950530035334,0.1590909090909091,0.8450146977039803,0.30542866685970355,2.337861231813394,0.42960389159138296,0.15231116189449723,1.211726713753922,-0.46360451065223884,0.3075855893153411,-0.6717796114100517,0.1476757530711045,-1.8677226330485701,0.0008703467940863142,-1.6485966884329544,0.0033935615022468333
uncontrolled_hypertension,BMXWAIST,LBXSASSI,Low-High,21.0,31.0,0.3432144511347846,0.5238095238095238,0.30480549199084667,0.22580645161290322,2.0952059852936453,0.6934514484198563,6.330490953351386,0.6979040678536982,0.2366171363516235,2.058473428580979,0.1302511142845397,0.7880253359392546,-0.8477401887071083,0.07057705167726651,0.6771766810991064,0.19591123335049188,-0.20353412834946968,0.6901083759999809
uncontrolled_hypertension,BMXWAIST,LBXSATSI,High-High,27.0,32.0,0.3587257617728532,0.37037037037037035,0.3200863930885529,0.1875,1.072282958199357,0.38970151565010225,2.9504394934843314,0.5208335983918371,0.1676856148983642,1.61771561250622,0.07516727719718361,0.8684004132917701,-0.3167772684337591,0.5293429573598352,-1.0313058053330875,0.04134263860394896,-0.9189733404497787,0.12579324470817874
uncontrolled_hypertension,BMXWAIST,LBXSATSI,Low-Low,42.0,21.0,0.34199726402188785,0.5714285714285714,0.3059454995871181,0.38095238095238093,2.5471847597097432,1.1423985165753872,5.679410561165088,1.4278114932194501,0.4595599757218204,4.4360818345146384,0.3968791070156527,0.2942422349895468,0.09234732289282581,0.86190936492881,1.3105118580075912,0.0012151514927472042,0.9175709798837998,0.12608708308484937
uncontrolled_hypertension,BMXWAIST,LBXSAPSI,Low-Low,45.0,41.0,0.35119047619047616,0.3333333333333333,0.30719557195571956,0.21951219512195122,0.9385913387088162,0.41679184235643185,2.113653895235872,0.6589531998384212,0.25290745185459657,1.7169099462792372,-0.4636818352732477,0.22591830478754604,-0.734836296480564,0.08066982417477335,0.8857623736424501,0.034460430270605115,0.452782257571623,0.3168747812826803
uncontrolled_hypertension,LBDHDD,LBXGH,High-Low,47.0,41.0,0.3598468736707784,0.48936170212765956,0.31245011971268954,0.4634146341463415,1.7059078799860168,0.8042229453847075,3.618550940008684,1.906445437141034,0.8526060333404524,4.262853020821364,0.6266684313504572,0.08802480464450997,0.766586228392406,0.04214432958626486,0.6266920464640271,0.08736513491948857,1.1430626149540324,0.005245550558121742
uncontrolled_hypertension,LBDHDD,LBXGH,Low-High,61.0,33.0,0.37065637065637064,0.3114754098360656,0.3166468017481128,0.3939393939393939,0.778858911985847,0.38170461767087877,1.5892425102984498,1.4207049468613808,0.5720841178407913,3.528156931981308,0.24780997806706764,0.48347884616516523,0.37918956733653214,0.36443477080423614,-0.4878551170375618,0.31660832094367286,-0.06200359845413965,0.9070664983118266
uncontrolled_hypertension,LBDHDD,LBXHGB,High-Low,36.0,27.0,0.3515151515151515,0.5,0.30665073675826365,0.3333333333333333,1.8443076923076924,0.7848342777534775,4.333998858512847,1.1606538400827822,0.4126155809376664,3.2648242061959767,0.1689400630013011,0.66580097953248,-0.21141573004345882,0.6425167349802934,0.8302901937872361,0.1428321495666477,-0.3900323490946088,0.4872205851277418
uncontrolled_hypertension,LBDHDD,LBXHGB,Low-High,54.0,61.0,0.3767301038062284,0.35185185185185186,0.3180682764363031,0.3442622950819672,0.9085597924898792,0.4358930486623235,1.893769352510904,1.1377645358460706,0.5669355261551715,2.283342777631322,0.718729090161897,0.04693932091585341,0.48562198748156343,0.1457279133045482,-0.03351008587731299,0.9303721816176616,0.1349088944287482,0.6926962072776243
uncontrolled_hypertension,LBDHDD,LBXHSCRP,High-Low,49.0,57.0,0.3517479499352611,0.46938775510204084,0.30496167809600644,0.43859649122807015,1.6338512083106789,0.7807290181265436,3.4192014244634974,1.787554019014693,0.8959931273400853,3.5662654917694994,0.09973142993466522,0.7778097263848296,0.27980203630416955,0.403087133377111,0.3991383818587303,0.2622070233112216,0.5386872873182041,0.12628739861503355
uncontrolled_hypertension,LBDHDD,LBXHSCRP,Low-High,34.0,66.0,0.368859649122807,0.2647058823529412,0.3217573221757322,0.16666666666666666,0.6372956788181702,0.23787049866167326,1.70742393245654,0.43662961206820855,0.18808307464562216,1.0136234666199497,-0.226088873827682,0.6088693795191173,-0.6572623768485547,0.08536598323210318,-0.7079987065266796,0.23131961784413868,-0.9621800930095028,0.034702111713776046
uncontrolled_hypertension,LBDHDD,LBXPLTSI,High-High,20.0,32.0,0.35951134380453753,0.3,0.3092132940681531,0.3125,0.7984149223144643,0.23545605022137123,2.707368902073565,1.0421481985044188,0.3952513604700942,2.7478029837880356,-0.4820167004537367,0.3623699191036668,-0.20980138346987875,0.6228377765511937,0.33003747426744495,0.6114511331114219,-0.04948709550246421,0.9205996235679803
uncontrolled_hypertension,LBDHDD,LBXPLTSI,Low-Low,28.0,43.0,0.3732517482517482,0.17857142857142858,0.31387755102040815,0.27906976744186046,0.39290116156020066,0.11538737744077202,1.3378527719342022,0.8671369782480893,0.3638757828779001,2.0664374339458007,-0.5960256252001183,0.2654054301713644,-0.17350624910916737,0.6596586698105384,-1.7064940424563715,0.012146731984976384,-1.1046880532664374,0.040886119333524096
uncontrolled_hypertension,LBDHDD,LBXPLTSI,High-Low,26.0,23.0,0.35692574902301344,0.34615384615384615,0.3046937151949085,0.391304347826087,0.9778028658271818,0.3441797360205556,2.7779045201044252,1.4945452909553052,0.5070256732407908,4.405429043542516,-0.15330727816605877,0.74010916695494,-0.03904866150652854,0.9341125672054292,-0.5231361200300525,0.34802403427050577,0.012733143677150961,0.9865313329599056
uncontrolled_hypertension,LBDHDD,LBXPLTSI,Low-High,25.0,47.0,0.3763157894736842,0.16,0.3197573656845754,0.2765957446808511,0.3468055423873441,0.09080776709114899,1.3244911540425164,0.8321509522828295,0.3610780275806295,1.9177993521928962,-0.5579403454445132,0.34123764796436296,0.11136407768324151,0.7662593105489051,0.05457613522778483,0.9474345846502481,0.24394534514923177,0.584162207093241
uncontrolled_hypertension,LBDHDD,LBXSAL,High-High,26.0,27.0,0.3543647363872083,0.5384615384615384,0.3091844813935075,0.3333333333333333,2.1128823887873245,0.776886123839329,5.746365975473266,1.146945409901264,0.40776781573025483,3.2260608183059563,0.4090274339254102,0.35869016469046333,-0.09121157728234236,0.8428943607857945,0.6692629944402814,0.16871302868134774,-0.10999117367442447,0.8257612853857167
uncontrolled_hypertension,LBDHDD,LBXSAL,Low-Low,23.0,36.0,0.3636759581881533,0.13043478260869565,0.3170633319887051,0.25,0.29865277108785454,0.06703769943756534,1.3304972937134216,0.743836328960296,0.2803488140071218,1.9735859637596826,-1.2922239000354288,0.04760326480017092,-0.25956994394656485,0.5537160918328792,-1.1540795571436824,0.15342108263820528,0.26033163136381515,0.7613244207719075
uncontrolled_hypertension,LBDHDD,LBXSAL,Low-High,25.0,24.0,0.3708061002178649,0.36,0.3181444991789819,0.16666666666666666,0.9767255645118241,0.3400831513900544,2.805175218094737,0.47030240128320044,0.12244873635690298,1.806342435483005,0.5561100484575752,0.23527234445241663,-0.5735761949156023,0.3265152832757182,0.5605736715261411,0.3233221919211735,-0.870513033211359,0.1636470075743114
uncontrolled_hypertension,LBDHDD,LBXSBU,Low-Low,23.0,52.0,0.3695836873406967,0.391304347826087,0.31680205215904234,0.3076923076923077,1.1172928756758898,0.3791055081294828,3.292865292819037,0.9745240580459823,0.44999915490177755,2.11044205164719,0.6048004787610599,0.2143632438495483,0.19674037104142664,0.5785636251820694,0.6523426711742007,0.27770659492670247,0.329693465458297,0.387864174888112
uncontrolled_hypertension,LBDHDD,LBXSBU,High-Low,23.0,40.0,0.3522966708807417,0.4782608695652174,0.30654515327257664,0.35,1.6909742976688584,0.586806974026747,4.872801793331033,1.237320525397169,0.5293255695938226,2.892288169158177,0.13286536146020994,0.7777107572695878,-0.1837184783331776,0.6326424981265721,0.7087694299756064,0.1742270211683814,0.04614312628888101,0.9084951331515874
uncontrolled_hypertension,LBDHDD,LBXSBU,Low-High,26.0,34.0,0.3655443812855269,0.15384615384615385,0.3179214402618658,0.2647058823529412,0.34704124327555297,0.09133290714747005,1.3186662758886865,0.799003845911355,0.2982251978237151,2.1406881458705826,-1.080141913716733,0.06221196965511561,-0.09727453418266037,0.8237627693956873,-1.9014440173254648,0.0438779025373124,-0.17753537924828378,0.8497703771087715
uncontrolled_hypertension,LBDHDD,LBXSCA,High-High,37.0,50.0,0.34817987152034263,0.5405405405405406,0.3093945720250522,0.36,2.1923786109403816,0.9409873076478933,5.107958348262252,1.2701177446963015,0.5946847597698327,2.7126961955722444,0.21727232517778888,0.5768672490128399,0.05041713907410704,0.8862596545791728,-0.2591954750766617,0.5876810449168219,0.09662167763773545,0.8191072479151921
uncontrolled_hypertension,LBDHDD,LBXSCA,Low-Low,23.0,32.0,0.3684210526315789,0.34782608695652173,0.31892106307021023,0.1875,0.939864826914796,0.3112982540956202,2.837619168272772,0.5236464697397892,0.1686694943215044,1.625697796593111,0.2244750663329201,0.6469136304106136,-0.4304414772389001,0.398032656103547,0.2378725729411975,0.6953362096130489,-1.2290126312579999,0.03742548347045364
uncontrolled_hypertension,LBDHDD,LBXSCR,High-High,21.0,23.0,0.3464052287581699,0.42857142857142855,0.30603096984515077,0.5217391304347826,1.433538654934004,0.47031040483973025,4.369525007405048,2.463912754201741,0.8548418873025615,7.10174144539702,-0.37143115911266533,0.4418036929232625,0.6993368669502751,0.129465132982918,-2.195299947921454,0.006576143251294076,0.6892457989465891,0.5724471233607452
uncontrolled_hypertension,LBDHDD,LBXSCR,High-Low,39.0,25.0,0.353393085787452,0.4358974358974359,0.31200631911532384,0.24,1.4227184335814391,0.6212742548943202,3.2580261057119317,0.7347670250896057,0.2276108439339693,2.3719545687183996,-0.04545696086210578,0.9062309238164009,-0.3876779247476495,0.45250298681815215,0.3708373511923359,0.384008671342816,0.1661131586159067,0.7765836073119314
uncontrolled_hypertension,LBDHDD,LBXSCR,Low-High,45.0,53.0,0.3630434782608696,0.28888888888888886,0.3119266055045872,0.16981132075471697,0.728601021958293,0.31406118945143136,1.690305797178944,0.47074673691953195,0.18617460416011114,1.1902938712833666,-0.391493613110574,0.31391004484610086,-1.0271839537196068,0.012539746207351782,-1.4906747809042404,0.020774533114082734,-1.029779937832803,0.14220546591453165
uncontrolled_hypertension,LBDHDD,LBXSKSI,Low-Low,22.0,32.0,0.3722563652326602,0.5,0.31751364972700546,0.28125,1.685916322922805,0.5725011798381525,4.964730114095276,0.8686279197311245,0.32055527013576884,2.353773383968549,1.1337075173136086,0.01715274853291216,-0.00032721711412832,0.9994038407543516,1.3162229853312666,0.1373068175549623,0.3313390447448749,0.5906733279388758
uncontrolled_hypertension,LBDHDD,LBXSKSI,High-Low,31.0,41.0,0.3524305555555556,0.3870967741935484,0.30601534113847395,0.24390243902439024,1.1775147928994085,0.4599281046534579,3.0146909342312407,0.7556580971215117,0.2997035923126306,1.905279664281285,-0.18298536169967933,0.6639449069311043,-0.6751193959209442,0.1036529101893401,-0.08191279189937933,0.8734286962372508,-0.6083252067758549,0.259634445101002
uncontrolled_hypertension,LBDHDD,LBXSKSI,Low-High,33.0,25.0,0.3714531384350817,0.15151515151515152,0.3194888178913738,0.28,0.32647407993668376,0.09786087174233653,1.0891515983133564,0.8632273747826529,0.28149739482335373,2.6471346246090732,-0.8226356164360379,0.12128192530564787,0.14250456067493522,0.7746077913839045,-1.3396356967741254,0.15400161913318905,-0.40610923410992666,0.6020923041318662
uncontrolled_hypertension,LBDHDD,LBXSNASI,Low-Low,40.0,30.0,0.3725074246924056,0.3,0.31497975708502024,0.3,0.7386494123755604,0.30614694598480785,1.7821603695822446,0.9606279219130409,0.34996763071791953,2.6368324478064844,0.33796775839758547,0.41397724138987124,0.028393104359313696,0.9494927513958495,-0.25607971515316813,0.6637849569926526,-0.16266075239243863,0.7852438696545769
uncontrolled_hypertension,LBDHDD,LBXSUA,High-High,20.0,23.0,0.3486038394415358,0.35,0.30333333333333334,0.2608695652173913,1.0378014036550622,0.3193472828438448,3.3726034674140855,0.8527306598686145,0.2597404729499939,2.7995235783679964,-0.6613685621370892,0.19671398127937434,-0.615577367473391,0.2283075640275014,-1.8275504389308037,0.05492535337046533,-1.7514338214636973,0.027792752439706043
uncontrolled_hypertension,LBDHDD,LBXSUA,High-Low,48.0,34.0,0.3523605150214592,0.5416666666666666,0.3055339049103663,0.4411764705882353,2.16415770609319,1.0254880952735892,4.567170109949458,1.8060662515729438,0.746499665332011,4.369560304651981,0.4563835928926924,0.20076088300313266,0.23266010163472756,0.5689036324305152,1.0075430676875918,0.007467672409481529,0.6838800568573342,0.11816705534576633
uncontrolled_hypertension,LBDHDD,LBXSUA,Low-High,36.0,80.0,0.3656618610747051,0.25,0.3139240506329114,0.2875,0.5991316146540028,0.2257944333444368,1.5897588189445797,0.8928723683826322,0.4703745903313354,1.6948642265298435,-0.44410932845870316,0.30851787280027776,-0.12183672913936085,0.6968840081243117,-1.366094290381419,0.008771107277776719,-0.565150452769582,0.17330578663753238
uncontrolled_hypertension,LBDHDD,LBXTC,High-High,41.0,63.0,0.342512908777969,0.4634146341463415,0.2966448445171849,0.4126984126984127,1.6631512868801006,0.7436362380264351,3.719657625066686,1.674863312657937,0.8625437200565431,3.252202816923447,-0.42696670926410774,0.2521423244741795,-0.21666117781924932,0.5013448971678149,-0.06785922753626929,0.8598462323652215,0.13889195560962833,0.6801573857019693
uncontrolled_hypertension,LBDHDD,LBXTC,Low-Low,53.0,48.0,0.37295434969853575,0.22641509433962265,0.32303480641376614,0.1875,0.5062952328645222,0.2189151632176747,1.1709324244774144,0.5038556671031573,0.19737040290353847,1.2862644527104843,-0.333691743481824,0.3956727965999376,-0.11128026158586074,0.8051464366297653,0.3741980213030458,0.6495481640063505,-1.1193179586401711,0.056763562752847115
uncontrolled_hypertension,LBDHDD,LBXTC,Low-High,23.0,32.0,0.3597027972027972,0.43478260869565216,0.3046841426729695,0.34375,1.3841327666464278,0.4767286378242868,4.018687705542101,1.220168149859875,0.47273071695683727,3.149383487319286,0.5001008356221343,0.2877150904501875,-0.0678680958113721,0.8694956828557858,0.7060493550815915,0.2114371350856199,-0.09048189985165432,0.8431914722619915
uncontrolled_hypertension,LBDHDD,LBXTR,Low-High,47.0,77.0,0.36010591350397175,0.23404255319148937,0.302928870292887,0.35064935064935066,0.5595647289616204,0.23081096442187352,1.3565763077250872,1.2520996927278936,0.6657651273707896,2.35481489804158,-0.25733588824357156,0.6135367519877637,0.09105203573906608,0.8238831622566625,-1.2854822878669472,0.005106984580524166,0.28651572561940697,0.45029491853279746
uncontrolled_hypertension,LBDHDD,LBXWBCSI,Low-Low,25.0,24.0,0.37106643356643354,0.16,0.31825866441251055,0.25,0.3546682727185622,0.09286562039868576,1.3545333906469934,0.7523628472533582,0.23117546062580846,2.4485724064087195,-1.0321102693857018,0.07727856778769776,-0.22446128253490735,0.6588040954562784,0.027662195182287602,0.9812454788876825,-0.5814247546773467,0.40472413001687113
uncontrolled_hypertension,LBDHDD,LBXWBCSI,High-Low,50.0,45.0,0.3562231759656652,0.42,0.30797248077701334,0.3111111111111111,1.316778742640231,0.6289357419105174,2.756889363295053,1.0339763832869544,0.4530511018326262,2.359793755871139,0.046008397430948214,0.8971467744019825,-0.26279346458107716,0.48807316531918765,0.18289855877902872,0.6279799511011364,-0.2563975087307869,0.5211861650788943
uncontrolled_hypertension,LBDHDD,LBXWBCSI,Low-High,40.0,58.0,0.3694239930705933,0.225,0.31681981622053534,0.2413793103448276,0.5146595252043407,0.1970704485788982,1.344059592869468,0.7023994109442592,0.31981299231376903,1.5426669470976375,-0.45395640713587726,0.29650032886449185,-0.28974277702701695,0.441081181716259,-0.5728892216868442,0.3019914286926123,-0.31195136594366263,0.45781812281420275
uncontrolled_hypertension,LBDHDD,LBXSASSI,High-High,33.0,28.0,0.34997847610848043,0.48484848484848486,0.3081395348837209,0.32142857142857145,1.7506892615681797,0.718202126333947,4.26747955511486,1.0934472934472934,0.3921159812356402,3.049166677113079,0.1649233844175246,0.6834058604142554,-0.13920424465200953,0.7560291834479184,0.2514928047545853,0.5975633269682206,-0.22364391844472986,0.65246867240171
uncontrolled_hypertension,LBDHDD,LBXSASSI,Low-High,45.0,59.0,0.364106988783434,0.2222222222222222,0.3166170845728857,0.2033898305084746,0.5164235859204963,0.20751274503443634,1.2851900737505397,0.567792721239719,0.24838051484857443,1.2979624206405642,-0.7223331280400018,0.08351474980091109,-0.5032198337820976,0.17803925737811999,-0.7493052566275252,0.12384717886344308,-0.9655328614184047,0.016973224812666866
uncontrolled_hypertension,LBDHDD,LBXSATSI,Low-High,49.0,56.0,0.3673557278208441,0.24489795918367346,0.31821929101401486,0.21428571428571427,0.5739113454403437,0.24564416604273634,1.3408591693068832,0.6016144867459365,0.2617532077020539,1.382752837453524,-0.4348466978145462,0.2713560315024929,-0.3082628156460492,0.41960268070965945,-0.552877174424954,0.19461301374350792,-0.44089785110030144,0.2630569384407869
uncontrolled_hypertension,LBDHDD,LBXSAPSI,High-High,24.0,21.0,0.3447379818103075,0.375,0.30332681017612523,0.2857142857142857,1.164631553368568,0.40052039218378105,3.3865108533083315,0.9628127534785051,0.2874422456836067,3.2250248951966407,-0.6246673732659755,0.1815236856595075,-0.5630396691579698,0.2864435506931634,-0.4264053631190883,0.46681158896603925,0.14027522408720486,0.8365206703682677
uncontrolled_hypertension,LBDHDD,LBXSAPSI,Low-Low,35.0,40.0,0.37310195227765725,0.3142857142857143,0.3187716262975779,0.25,0.7884950610110402,0.31189618331993035,1.9933698919331257,0.7354376215615448,0.29050473555394474,1.8618233337117711,0.23756852429464567,0.5754919676421638,-0.1294175125755058,0.7511453803470245,-0.08502587158079708,0.900559411623605,0.15624563299183059,0.7820076314553985
uncontrolled_hypertension,LBDHDD,LBXSAPSI,High-Low,30.0,34.0,0.3553255713669685,0.36666666666666664,0.30965315503552027,0.38235294117647056,1.0696925875822176,0.40783484493028366,2.8056509789494326,1.3993476454076432,0.5679402536399115,3.4478518121546053,-0.24852498509444773,0.5658179886720696,0.19021446234774417,0.6358771633285194,0.5618551406491652,0.2703014138485941,0.9289168975632239,0.058799458483797945
uncontrolled_hypertension,LBDHDD,LBXSAPSI,Low-High,31.0,30.0,0.36264693077927734,0.3225806451612903,0.31449333871618895,0.36666666666666664,0.8580934975795539,0.3232540664454837,2.2778505424076134,1.285028206772915,0.4899511687458832,3.3703307544480445,-0.11825866373087732,0.7866411070144684,0.15449600874148076,0.7207819870366414,0.5015842401004375,0.45402504488521966,-0.08213262889866696,0.8783598789967011
uncontrolled_hypertension,LBDLDL,LBXTC,High-High,95.0,126.0,0.3440766550522648,0.42105263157894735,0.29754601226993865,0.4444444444444444,1.3902689035432398,0.7974184641264683,2.423881200539618,1.890604890604891,1.163239713549331,3.072786125460586,-0.17371951978238762,0.7530676186414045,0.16678696896375733,0.7713241287397735,0.13678235486653995,0.6193322966339956,0.31996540704528187,0.18532587427743819
uncontrolled_hypertension,LBDLDL,LBXTC,Low-Low,88.0,62.0,0.3606271777003484,0.3181818181818182,0.32260424286759326,0.1774193548387097,0.8347506205824003,0.45525866020680694,1.5305773606726525,0.4686032831586934,0.19963456656561604,1.0999549865775968,0.7962611558838832,0.18279812130244233,0.421137620734924,0.5353030180125264,-0.018069545886098933,0.9704685797276473,-1.1937354854623126,0.024270322601460507
uncontrolled_hypertension,LBXGH,LBXHGB,Low-Low,26.0,34.0,0.3627031650983747,0.3076923076923077,0.31442269276867757,0.35294117647058826,0.8070999697399226,0.27597253185280085,2.3604173820517595,1.2109347442680776,0.4847736155414223,3.0248406841157767,-0.25606869432400564,0.5912022161221954,0.20423642576887605,0.6199565355792231,-0.10290361026653591,0.8569044030307118,0.4740544495132851,0.37519325318986596
uncontrolled_hypertension,LBXGH,LBXHGB,Low-High,31.0,45.0,0.37084398976982097,0.22580645161290322,0.31600324939073926,0.37777777777777777,0.5192300929561945,0.1762192726613541,1.5299114867497872,1.3286346888415645,0.6028472155918658,2.9282214311299537,-0.34884696937107773,0.46856592108262185,0.32398600565264407,0.3765352363289709,-0.5221784450065402,0.277412188246558,0.3193654952997323,0.3739435990112604
uncontrolled_hypertension,LBXGH,LBXHSCRP,High-High,40.0,32.0,0.362962962962963,0.375,0.3179466772781536,0.3125,1.0665513956032322,0.46175018861455486,2.4635222843682585,1.000750469043152,0.3797252703996215,2.6374370613683724,0.11766072453925552,0.7616562516021301,0.1073041817721697,0.8066331781593115,-0.8899574911012975,0.10321441490635672,-0.09879356341187492,0.8611870507210069
uncontrolled_hypertension,LBXGH,LBXHSCRP,Low-Low,27.0,59.0,0.36363636363636365,0.4074074074074074,0.3119640669661086,0.3898305084745763,1.2193845206397507,0.4504651186465389,3.3008074268732486,1.4194701523961404,0.7116152557845882,2.8314394571572357,0.5368629528369326,0.23422949894745793,0.43890327987072186,0.1883551114995189,0.9709317356752191,0.03594059245002938,1.521537514626624,9.498168520358317e-06
uncontrolled_hypertension,LBXGH,LBXPLTSI,High-High,29.0,23.0,0.3695090439276486,0.20689655172413793,0.3135179153094462,0.391304347826087,0.47183979974968715,0.1498563492323923,1.48564140103649,1.4340665488151445,0.4864869313965733,4.227342470488952,-0.5416379813264074,0.27969239319370265,0.36123101861902857,0.44722329147303885,-1.3684983636940276,0.02742183682456969,0.1854355786965975,0.746668064571112
uncontrolled_hypertension,LBXGH,LBXPLTSI,Low-Low,35.0,32.0,0.36904761904761907,0.2571428571428571,0.3118022328548644,0.34375,0.6127567591053756,0.22990169802808424,1.6331799593035488,1.1801619734006983,0.4575034596063168,3.0443098390108876,-0.34684983611746983,0.43221986193106443,0.04026149283817005,0.9240420087749156,-0.8221346213926954,0.08445530582742335,-0.13920850414860353,0.7682243762591952
uncontrolled_hypertension,LBXGH,LBXPLTSI,High-Low,28.0,21.0,0.3668817204301075,0.25,0.3086989992301771,0.47619047619047616,0.6018310377242817,0.20072515959065365,1.8044603810849373,2.043965867533523,0.6770020353997919,6.171024973617608,-0.29642032238449234,0.5381093399542443,0.4993563222182725,0.3074651704088408,-1.1328291687359682,0.07777835624135017,0.7388817621480908,0.37796446889587276
uncontrolled_hypertension,LBXGH,LBXPLTSI,Low-High,24.0,37.0,0.3735558408215661,0.3333333333333333,0.31616715913887716,0.24324324324324326,0.8636970737714871,0.2894760867272973,2.5769749884182227,0.7207026906826773,0.27273023851116096,1.904491306841265,0.522513380188178,0.28869742550567357,-0.23320646046243396,0.5848088101517627,0.5578231202021526,0.30957418059512576,0.739240640488335,0.12137356216175003
uncontrolled_hypertension,LBXGH,LBXSAL,High-Low,39.0,33.0,0.35732758620689653,0.3076923076923077,0.31223789553945863,0.42424242424242425,0.817305057811387,0.33704931224853535,1.9818689231785471,1.6373492279532549,0.6658035565078314,4.026581816926035,-0.4953152004521918,0.22085536427921892,0.5330741653188416,0.21141239294728842,-0.9814806015304015,0.0811225545532934,0.5191484014069898,0.4256492208513426
uncontrolled_hypertension,LBXGH,LBXSAL,Low-High,35.0,31.0,0.36683848797250856,0.4,0.3176328502415459,0.3548387096774194,1.1637568549539374,0.48157206796633456,2.8123101557189094,1.204729761040486,0.4633486142260732,3.1323581264203892,0.5601101980890896,0.17268767959247322,0.483953249269457,0.2618400696634169,1.1954938042856764,0.004993105390579716,0.9117740219809031,0.034401506750147554
uncontrolled_hypertension,LBXGH,LBXSBU,Low-Low,26.0,51.0,0.36539269214615705,0.4230769230769231,0.3123160992013451,0.21568627450980393,1.288265920586982,0.469896729297215,3.5319017534512143,0.6249968865974246,0.26230322399485756,1.4891967483561395,0.5669704591040305,0.22054855885396307,-0.5533009077894919,0.15713491555983994,1.0270820477630047,0.02937228752813141,0.5649514013162241,0.14344228262912645
uncontrolled_hypertension,LBXGH,LBXSCA,High-High,26.0,27.0,0.35495028102031995,0.2692307692307692,0.3129111842105263,0.4074074074074074,0.6987686689451754,0.22971731632276263,2.1255587541923098,1.5298553492906743,0.5650976848496381,4.141686388922374,-0.7216413690242142,0.13937307160466322,0.458874546111744,0.3021770395009933,-1.9247658591943366,0.022434598595074493,0.16269195361306205,0.8114228884747879
uncontrolled_hypertension,LBXGH,LBXSCA,Low-Low,26.0,22.0,0.36252115059221657,0.23076923076923078,0.3179326546593579,0.3181818181818182,0.5574201806158003,0.17390927865734213,1.7866629092859707,1.0377171215880894,0.32824256667030666,3.2806739094222523,-0.7413210908286434,0.1529740594104001,0.3240845068993572,0.5298925321520678,-0.47410972503960747,0.390369712756669,0.8945339096541267,0.15589313656093196
uncontrolled_hypertension,LBXGH,LBXSCR,High-High,37.0,22.0,0.35853976531942633,0.4594594594594595,0.3087942697970553,0.45454545454545453,1.5268647235230681,0.6553364918707631,3.5574333382291288,1.8795878943979394,0.6357076591479338,5.557351090440707,0.3271839673427668,0.39855530152126317,0.5585618662221256,0.2455586373128409,-0.12587450946689605,0.8908640705417845,0.4015371954014155,0.6867286902091354
uncontrolled_hypertension,LBXGH,LBXSCR,High-Low,36.0,28.0,0.36168384879725085,0.2777777777777778,0.31637764932562623,0.35714285714285715,0.699098594703544,0.27148106877039574,1.8002686055793427,1.2259873994505766,0.4504555498473069,3.3367223561150086,-0.4275938460798095,0.3172014306790192,0.42451222905604147,0.35504255499409954,-1.04460338017413,0.029840493840028657,0.3563673752337772,0.5045117567448487
uncontrolled_hypertension,LBXGH,LBXSCR,Low-High,26.0,31.0,0.3590633130962706,0.2692307692307692,0.3143093465674111,0.45161290322580644,0.6863655354904601,0.22564248915928245,2.0878055815833307,1.8069503146426225,0.7188721373293467,4.541933495596313,-0.5909225331207937,0.2296330822093262,0.7019089778114287,0.08796440022182075,-1.511489217110294,0.04962426441683531,0.3306090421628378,0.6448499736116413
uncontrolled_hypertension,LBXGH,LBXSKSI,High-High,40.0,23.0,0.36495726495726494,0.275,0.31370328425821065,0.43478260869565216,0.6781545358074402,0.2750760200281656,1.6718781026027467,1.7010088862163426,0.5861313828777982,4.936489182307119,-0.10699880776008465,0.7962664517970567,0.6558035316574131,0.1789193713815952,-1.0478223919977823,0.15464529321379145,13.202049855679958,0.9815102355104244
uncontrolled_hypertension,LBXGH,LBXSKSI,Low-Low,35.0,36.0,0.36489407695633375,0.2857142857142857,0.3136850783182193,0.19444444444444445,0.7165047191167764,0.27679897576241574,1.8546998272033275,0.5560501686012219,0.19275500445419216,1.604066212843393,-0.19588318353159587,0.6495116759191667,-0.6526895457439801,0.15997025988069047,-0.3257876067418128,0.47851479475082837,-0.1109353555079346,0.8274219825275879
uncontrolled_hypertension,LBXGH,LBXSNASI,High-Low,56.0,38.0,0.36470588235294116,0.32142857142857145,0.30857142857142855,0.34210526315789475,0.8368286865696192,0.4004874104484144,1.7485749424226538,1.185869289109845,0.49491439400189585,2.841473167677766,0.08749674344659676,0.8119431480606413,-0.06633319505035198,0.8734682608906635,-0.7412713823199163,0.08882716625537877,-0.05604542346505113,0.9108404056881287
uncontrolled_hypertension,LBXGH,LBXSUA,High-High,20.0,21.0,0.3586146427005699,0.25,0.3089133089133089,0.47619047619047616,0.6344611504128322,0.175795168316117,2.2898294375151456,2.041875375676217,0.6761011943269236,6.166613940008633,-0.780863285294775,0.1601108312241677,0.5304697556763189,0.2762479760167629,-0.4028584128881815,0.7508946359943343,0.3667834734765054,0.7085952491086995
uncontrolled_hypertension,LBXGH,LBXSUA,Low-Low,24.0,30.0,0.3630463003028992,0.4166666666666667,0.3130711164084227,0.43333333333333335,1.270152594935409,0.44457398798441183,3.6288394238614794,1.6920554398043302,0.6611824711886243,4.330198902920771,0.32787714126068135,0.4862903448328397,0.6339487553407515,0.13870606560099266,1.2335636212522265,0.013788248028704727,1.8425550158078159,6.0948010889778174e-05
uncontrolled_hypertension,LBXGH,LBXSUA,High-Low,37.0,26.0,0.3589076723016905,0.35135135135135137,0.3074866310160428,0.34615384615384615,0.9839887675045876,0.4080301002996486,2.3729472258643347,1.2221867517956904,0.4303350342555088,3.4711105007964593,-0.13731598819101618,0.7317529367928493,-0.1459228419669023,0.7576668687328695,-0.3468475706952514,0.45918256559604875,0.1048573630966106,0.8444024625218056
uncontrolled_hypertension,LBXGH,LBXSUA,Low-High,23.0,29.0,0.36288570186875274,0.34782608695652173,0.3114406779661017,0.2413793103448276,0.9625489855408196,0.3187726146329817,2.906462183498371,0.7366870609562656,0.2471536723443402,2.1958315271329147,0.08010097313838892,0.8706380004922568,-0.42963484785685946,0.36394811524703086,-0.6284639442839702,0.2614812983026452,-0.6506444669251155,0.23030635697988722
uncontrolled_hypertension,LBXGH,LBXTC,High-High,22.0,34.0,0.35209424083769636,0.45454545454545453,0.300121016538927,0.47058823529411764,1.5452879256965943,0.5225648095929144,4.569605012560842,2.079084457190569,0.862763110779822,5.0101726952886985,0.08753330528077319,0.8534478183581631,0.3059417108341847,0.44920065371098084,-0.03642422331422929,0.9467207740188535,0.0016285097347273198,0.9971178473126723
uncontrolled_hypertension,LBXGH,LBXTC,Low-High,31.0,38.0,0.35606387570133796,0.45161290322580644,0.30403700588730026,0.42105263157894735,1.498053127974388,0.5960595938821617,3.7649979922603336,1.6780004607233354,0.7224021427276347,3.8976705350794005,0.2950741805120822,0.4840059660213475,0.18007757117557552,0.634355606709514,0.3636963349145684,0.4105265308417799,0.4882070649110547,0.21181937632775516
uncontrolled_hypertension,LBXGH,LBXTR,High-High,22.0,30.0,0.35537190082644626,0.18181818181818182,0.3027754415475189,0.43333333333333335,0.44097646033129906,0.11275508198331687,1.724625047012018,1.7750346740638003,0.6884234752782383,4.576758648236614,-0.7349671236506498,0.2447318053178762,0.4690600716627038,0.3349367267682225,-1.510751180502071,0.03275922996137864,0.1449549719596098,0.7936273185495204
uncontrolled_hypertension,LBXGH,LBXWBCSI,High-High,39.0,29.0,0.3625905411163187,0.28205128205128205,0.31190926275992437,0.3103448275862069,0.7091613355173016,0.2864012371940974,1.7559623859161446,1.0219822428387821,0.36970270931423543,2.8251015704351805,-0.5089599394052275,0.2177319584751758,-0.07164347258555329,0.8769192342187943,-0.8540901488307797,0.1420600013757993,-0.25389974613970934,0.6918902716205586
uncontrolled_hypertension,LBXGH,LBXWBCSI,Low-Low,44.0,50.0,0.36548223350253806,0.22727272727272727,0.3145748987854251,0.22,0.5282520682978349,0.21166705304075206,1.3183452202512362,0.6341405836623387,0.26558695526904824,1.5141341540673052,-0.6874239701917445,0.10172457898678658,-0.47500919590842366,0.2278849265519005,-0.10641833269720168,0.8105245083431718,-0.14812065870658178,0.71494423894947
uncontrolled_hypertension,LBXGH,LBXSASSI,High-High,36.0,27.0,0.35766738660907127,0.2777777777777778,0.31103000811030007,0.25925925925925924,0.7113902141856732,0.2762352795925529,1.8320470780763416,0.8101215539842694,0.2683220420545245,2.445929999655133,-0.6009931688757297,0.1579151497681659,-0.4769671658461665,0.3261882355932054,-0.8834789527985198,0.1177340429360578,-0.11964711889154818,0.8492242220496108
uncontrolled_hypertension,LBXGH,LBXSASSI,Low-High,25.0,46.0,0.36277466609220166,0.4,0.3170936581268375,0.32608695652173914,1.1896046711974728,0.4223280748437413,3.35085294591994,1.0593531036945993,0.4725640187731358,2.374766071316424,0.28559860571393003,0.5359122417050695,0.2223658518359116,0.54756324654223,0.06109819656758611,0.8980182971165073,-0.24121081377222314,0.5171392605256879
uncontrolled_hypertension,LBXGH,LBXSATSI,High-High,39.0,31.0,0.3600689952565761,0.2564102564102564,0.3121319199057715,0.25806451612903225,0.6324133524023978,0.24892786954318086,1.6066768619793361,0.7968359254851091,0.28251719149691407,2.247464972943588,-0.6918234202078781,0.10045740214438463,-0.4610831276201838,0.3218413736383058,-1.2250895513653073,0.015426879540583928,-0.3739200043339826,0.525127731697739
uncontrolled_hypertension,LBXGH,LBXSATSI,Low-High,20.0,32.0,0.36512731981009927,0.35,0.31751227495908346,0.28125,0.9657412876550502,0.2972230201530269,3.1379004028740827,0.8686413393432066,0.3206134730410211,2.3534188044537356,0.28561597586247023,0.5808633980060618,0.00012089924378647527,0.9997818340945231,0.15885717517856043,0.7660643791801838,-0.2125928591456573,0.6343965254056734
uncontrolled_hypertension,LBXGH,LBXSAPSI,High-High,51.0,31.0,0.3575418994413408,0.43137254901960786,0.3081904761904762,0.41935483870967744,1.3701328447091157,0.6605630375754674,2.8419150109291755,1.6374972872811044,0.6470617195441323,4.143959200278566,0.29274530352812733,0.40785710109182205,0.24916091139420582,0.5659183013814695,-0.34525709571820384,0.42674285876305507,0.9630633030349564,0.11358042532242758
uncontrolled_hypertension,LBXGH,LBXSAPSI,Low-Low,30.0,48.0,0.3674698795180723,0.23333333333333334,0.31668077900084673,0.2916666666666667,0.5492200241524844,0.18539472989617267,1.6270291776847468,0.9065570755036644,0.4015903426791213,2.046477825295783,-0.25975062544618893,0.5927116088797388,0.07861640026427985,0.8324608869143932,0.7221427909779036,0.18295962694858647,0.9504661187280626,0.018492262250163302
uncontrolled_hypertension,LBXHGB,LBXHSCRP,Low-Low,27.0,31.0,0.35843240863055925,0.5925925925925926,0.3058630586305863,0.25806451612903225,2.5674593642405314,0.9483601098195084,6.950785380756843,0.8205526499551097,0.2908306394329162,2.3151159474160545,0.79224135802661,0.07258049763525075,-0.6119261434407304,0.175871805136674,1.0067666668659316,0.09690807038399643,0.00040043955245105977,0.9994548674901421
uncontrolled_hypertension,LBXHGB,LBXHSCRP,High-Low,22.0,44.0,0.3640370207139709,0.2727272727272727,0.30676126878130217,0.3181818181818182,0.6880236117985664,0.20760213005449152,2.2802101802524484,1.0739543747422853,0.46848835753212126,2.461913899213628,-0.18239066649074326,0.7267636996235787,-0.252125000086176,0.4997564225642521,0.4104573938104384,0.481252681524616,0.18128294442287946,0.6506501143251164
uncontrolled_hypertension,LBXHGB,LBXHSCRP,Low-High,59.0,66.0,0.3571117877337973,0.288135593220339,0.3184221228141521,0.2727272727272727,0.7410762235508932,0.3535087702612664,1.5535511854672308,0.8161961591852578,0.4001969745544494,1.6646207058672529,-0.739550032614266,0.03743161917773114,-0.009149547609708453,0.9787921222686485,-1.0833477473126012,0.013106054071473788,-0.3659166116256299,0.476824094053942
uncontrolled_hypertension,LBXHGB,LBXPLTSI,Low-Low,30.0,22.0,0.3637137989778535,0.4,0.3064579256360078,0.18181818181818182,1.1817405468663515,0.45720598378546606,3.054445413302521,0.5502854481795133,0.14144878937968716,2.1408035784971773,0.23674356364940458,0.5788199788634845,-1.0595848505490526,0.07146379648147153,-0.5011903825964967,0.4923270930025322,-1.2348116376759035,0.14900881971062313
uncontrolled_hypertension,LBXHGB,LBXPLTSI,High-Low,34.0,35.0,0.3715143715143715,0.2647058823529412,0.30871136089923723,0.4,0.6300872339703337,0.23521685897916142,1.6878463734929747,1.5096634782477296,0.6246367649172203,3.6486546190682,-0.1332763915169215,0.7621059525912943,0.2761885093849181,0.48625201565143406,-0.429701778987273,0.416741276384221,-0.4278672524416044,0.35389348290103184
uncontrolled_hypertension,LBXHGB,LBXPLTSI,Low-High,41.0,62.0,0.36645435244161356,0.36585365853658536,0.31426236207601144,0.3387096774193548,1.0109689613355037,0.4403675583083891,2.3209208342001446,1.1300641161135772,0.5647620547747791,2.261208761691385,0.16845109326869795,0.6637414347791346,0.19274228857962075,0.566665379176124,0.21782324862171207,0.6194495616869374,0.26683573745992195,0.5074158918892266
uncontrolled_hypertension,LBXHGB,LBXSAL,High-High,49.0,48.0,0.3667386609071274,0.2857142857142857,0.31409995936611135,0.3125,0.705112369330758,0.31352024683759294,1.5858097153157131,1.0100145683991162,0.45419607575391285,2.246011101450307,-0.15955329426396384,0.6756088777216336,0.06861643198673303,0.8548615366114938,-0.21928508574713027,0.5606399217990032,-0.2202990992132683,0.5347575118420669
uncontrolled_hypertension,LBXHGB,LBXSAL,Low-Low,73.0,72.0,0.35439795046968403,0.3698630136986301,0.31172360248447206,0.3055555555555556,1.077049063590401,0.5738629069409211,2.0214491498757643,0.9834141472641352,0.5072323035153847,1.906628143232824,-0.3268114349441928,0.3157288668240147,-0.07832680866668883,0.8222745561489507,-0.283270300744552,0.46129036360295206,0.22122287283685946,0.6688646817054926
uncontrolled_hypertension,LBXHGB,LBXSBU,Low-Low,21.0,25.0,0.35604770017035775,0.19047619047619047,0.3103157894736842,0.28,0.46494748527025864,0.11861262269693285,1.8225392807601022,0.900687127805772,0.29359965962848217,2.7630730336048144,-1.2003074048564244,0.045151525595554506,-0.23510460193048355,0.6296883190305724,-0.4248293756653462,0.519671638913096,-0.017536959413561256,0.9740499796413138
uncontrolled_hypertension,LBXHGB,LBXSBU,High-Low,24.0,48.0,0.36904761904761907,0.5833333333333334,0.3138093202223172,0.4583333333333333,2.3604188940976503,0.8263030693878605,6.742777029426617,1.8559024878944734,0.8790127597685437,3.9184573901746864,1.410761546657208,0.0029554123477209485,0.7264772940435751,0.03542638231685096,1.3952918510371757,0.007996736398534031,0.6670593230309054,0.05276202469986332
uncontrolled_hypertension,LBXHGB,LBXSBU,Low-High,85.0,70.0,0.3576923076923077,0.4,0.312081857536403,0.3,1.2026257064193595,0.6750208052290457,2.1426133513764913,0.957088210396339,0.48758588869277525,1.8786799694624545,0.021343815942726267,0.9454944536424248,-0.09660876471281327,0.778364274414315,-0.6966757789997061,0.2550250540756215,-1.9410684228693336,0.028258446151456663
uncontrolled_hypertension,LBXHGB,LBXSCA,High-High,32.0,50.0,0.3602080624187256,0.28125,0.314582431847685,0.38,0.717838819871803,0.26495901068500605,1.944801084449788,1.3482899689085257,0.6361386939809187,2.8576878870284244,-0.446725695989502,0.3153817579204019,0.3711203308713555,0.28083371049589645,-0.9716063741452701,0.058178518485621104,-0.011760315845945224,0.9736751433550752
uncontrolled_hypertension,LBXHGB,LBXSCA,Low-Low,49.0,40.0,0.35793044953350295,0.40816326530612246,0.31583011583011583,0.4,1.2462393754202166,0.5893195234078179,2.635433782791876,1.4584294316382629,0.6374962246227442,3.336516084197089,0.07216774513782576,0.843831565096042,0.7596134898564721,0.06377853067229847,0.087335010314658,0.8397974260917244,-0.05051781415868474,0.9234998618382858
uncontrolled_hypertension,LBXHGB,LBXSCA,Low-High,20.0,33.0,0.3526591107236269,0.45,0.3127921801954951,0.30303030303030304,1.5159384483175338,0.4872634189631491,4.716277253025578,0.9812800623997919,0.3745810987696046,2.5706330725875777,-0.02665954873242346,0.956786508184897,-0.02685561158359486,0.9493159128880124,1.1782549738219814,0.3208673316333033,-0.5880504735475934,0.3862445412577238
uncontrolled_hypertension,LBXHGB,LBXSCR,Low-High,80.0,78.0,0.3575107296137339,0.5,0.3103864734299517,0.358974358974359,1.7966406718656267,1.0027541556828308,3.2190519336254484,1.2534345463062184,0.6784942640200388,2.3155658716482157,0.5355667149615613,0.08709474057936958,0.19298622449979458,0.5435678434722431,-0.7340434354920107,0.21001296152583004,0.011349065338307414,0.9876800908608488
uncontrolled_hypertension,LBXHGB,LBXSKSI,Low-Low,32.0,22.0,0.3557986870897155,0.15625,0.31167763157894735,0.2727272727272727,0.36201598033189925,0.10811436613950935,1.2121938526333649,0.8696789916302111,0.26240489070648426,2.8823454717120907,-1.4924149423918809,0.004623123185462814,-0.2015819474346486,0.6972062922711147,-1.0216093446504977,0.12704616560492904,-0.8001326328155626,0.21297313401710438
uncontrolled_hypertension,LBXHGB,LBXSKSI,Low-High,50.0,35.0,0.3654257595207531,0.5,0.31393092743500195,0.2857142857142857,1.7361029842012874,0.8367629884537332,3.602039781088227,0.8995749009918976,0.34759979125486423,2.3280652717689403,0.898788978492756,0.012424384607199312,0.021732217014689557,0.9607477557853031,-0.6993999005062594,0.30082773338176305,-0.2853185905443016,0.7218882050709956
uncontrolled_hypertension,LBXHGB,LBXSNASI,Low-Low,30.0,34.0,0.3626279863481229,0.4666666666666667,0.3104536489151874,0.38235294117647056,1.5442075071704702,0.6069399037687904,3.9288516217085405,1.3941528239202658,0.566065159474599,3.4336366828315104,0.6671625864155233,0.12086964064661168,0.24194869494017107,0.5596909350792458,-0.10969999104089881,0.8594881318862644,-0.15836484349308466,0.8065317033964686
uncontrolled_hypertension,LBXHGB,LBXSUA,High-High,34.0,53.0,0.36459246275197194,0.3235294117647059,0.30887372013651876,0.32075471698113206,0.852635614337742,0.33514165824110864,2.1691946463846854,1.0723975911587584,0.5026347390849952,2.288016533868418,-0.02218792237770282,0.95806543387388,-0.12082044701044498,0.7280635884319202,-0.5935105042417415,0.23954979637596296,-0.19629870701692279,0.6421254048714191
uncontrolled_hypertension,LBXHGB,LBXSUA,Low-Low,28.0,29.0,0.35505028421512896,0.39285714285714285,0.3088757396449704,0.3448275862068966,1.1933714285714287,0.44595717116455713,3.193435286199513,1.2044082273820627,0.44653081191918637,3.248598169409491,0.1273278789561778,0.7730778559902333,-0.013355726425785959,0.9761395361715453,0.8235026532134029,0.10777015592519643,0.5098217461863752,0.34041779808062556
uncontrolled_hypertension,LBXHGB,LBXSUA,Low-High,40.0,49.0,0.35679930039352864,0.425,0.30762817840766987,0.2653061224489796,1.3420672043360997,0.5904418911711702,3.050502357449362,0.8321291770619823,0.36341416740706095,1.9053714175712075,0.029974068124939527,0.9368725198071912,-0.5461067336934626,0.14625672176745924,0.10988389326818407,0.890063230698818,-0.12691016045372303,0.9109591662156535
uncontrolled_hypertension,LBXHGB,LBXTC,High-High,27.0,45.0,0.3571115973741794,0.4444444444444444,0.3004694835680751,0.4,1.4514153645576122,0.5416320493855936,3.889368368920486,1.5655590683269889,0.7153433277114607,3.4262921054454707,0.19682313857905032,0.6551127159878327,0.026013514027309715,0.9415039779912321,0.176553615769389,0.697941050497823,-0.07077134407949798,0.8442159129838661
uncontrolled_hypertension,LBXHGB,LBXTC,Low-Low,36.0,29.0,0.36498257839721254,0.4166666666666667,0.3189688341669873,0.2413793103448276,1.2539973097030965,0.5276943577908595,2.979962225341501,0.711472774763914,0.23884279258910654,2.119358527603107,0.47816705583031555,0.228388700283902,0.23514970990585382,0.6409533431062029,0.1649653433939263,0.7897322068372351,-0.13270241995461945,0.865936412304563
uncontrolled_hypertension,LBXHGB,LBXTC,Low-High,20.0,30.0,0.3482652613087396,0.55,0.30079597821533305,0.4666666666666667,2.264683447749809,0.7278762480694533,7.046240527995051,2.041943442778516,0.8021557841221112,5.197909316417091,0.2353818960875368,0.6330512101941888,0.2526840092958932,0.5393449840624005,0.5628072485589453,0.42201855444195513,0.3552877895301456,0.5740486860233627
uncontrolled_hypertension,LBXHGB,LBXTR,High-High,22.0,37.0,0.3686635944700461,0.4090909090909091,0.3034605146406389,0.3783783783783784,1.2044666389235679,0.39978881906173785,3.62876552597086,1.4150955117254231,0.5891554401470823,3.398925259530007,1.2039237435358006,0.027373743310317725,0.24594269132161417,0.5641387283064399,0.5343453059757697,0.3752747035461632,0.10352047387206366,0.8141470729810774
uncontrolled_hypertension,LBXHGB,LBXWBCSI,High-High,42.0,30.0,0.3666950596252129,0.2857142857142857,0.313391442155309,0.4,0.7076391730017222,0.2958388844185859,1.6926551090492878,1.4798279011797648,0.5725318084598389,3.8249239339227405,-0.20797285723920397,0.6044995457988525,0.4825311779925503,0.2585064878021336,-0.8855526316746808,0.04795583176482746,0.26340759774389144,0.5716559227399038
uncontrolled_hypertension,LBXHGB,LBXWBCSI,Low-Low,43.0,40.0,0.36125211505922167,0.3953488372093023,0.31053677932405566,0.2,1.1673493270918667,0.5239500128796002,2.6008291210310044,0.5804714798956642,0.21384567849941288,1.5756555911565338,0.020695993927441356,0.9561108242964987,-0.796152426205346,0.07203442775210223,0.45475043654238706,0.4133987657159821,-0.7532924445674773,0.18402398771798112
uncontrolled_hypertension,LBXHGB,LBXWBCSI,Low-High,34.0,20.0,0.35874629394324437,0.38235294117647056,0.3125,0.35,1.1220827330726486,0.45559964423931504,2.763543992581406,1.221810953458085,0.37610273122087556,3.9691868260149863,-0.10470562433216188,0.7985718154720363,0.22897854313370494,0.6576705282011227,-0.10549243345211685,0.8585435903071491,-0.11878035572791075,0.8671899884987035
uncontrolled_hypertension,LBXHGB,LBXSASSI,High-High,40.0,62.0,0.3659592897358164,0.475,0.3189143341815098,0.5161290322580645,1.5709845557190596,0.6966228739308375,3.5427956311305953,2.2748760960731986,1.1765813114081796,4.398388111648243,0.816110948629708,0.033485459784671615,1.379443163612785,1.81195468691887e-05,-0.11304477236135399,0.7741541524720467,0.45279705546541515,0.15197452969418304
uncontrolled_hypertension,LBXHGB,LBXSATSI,High-High,58.0,65.0,0.36801375752364573,0.39655172413793105,0.3188346327451785,0.46153846153846156,1.1365202305484983,0.5678080729841527,2.2748500697735974,1.8348897241972737,0.961955564920053,3.4999748665569177,0.48414810368477657,0.16409170049193944,1.1813387102667388,0.0003122765799977627,-0.497851966414642,0.12812819448145177,0.39262091404654537,0.19318017695987533
uncontrolled_hypertension,LBXHGB,LBXSATSI,Low-Low,66.0,37.0,0.35064377682403436,0.45454545454545453,0.3112958065734794,0.40540540540540543,1.547040341837376,0.8142992246374056,2.939133118219557,1.5235765783976822,0.6465527020764948,3.5902496158269144,0.05296339809616547,0.8714200834090013,0.41083180381198264,0.3487365499663895,0.32432405642201034,0.42635800722594985,0.9891106205503161,0.2307834100475179
uncontrolled_hypertension,LBXHGB,LBXSAPSI,Low-Low,37.0,32.0,0.36300477637863654,0.43243243243243246,0.3144547759932375,0.40625,1.3463489901166268,0.5751913109187555,3.1513960116899162,1.5087565221883557,0.6017790538235701,3.7826943772510933,0.380937321852507,0.3342951813753259,0.45759657882290083,0.2616990287997355,0.9805901637225046,0.12486852332872717,0.9930908202608653,0.10085764493067083
uncontrolled_hypertension,LBXHGB,LBXSAPSI,High-Low,20.0,44.0,0.369916921731526,0.2,0.31134109529969817,0.20454545454545456,0.4644257101433711,0.11748490464251571,1.8359059906332829,0.5916955017301038,0.22928375323836467,1.5269445035805465,-0.49472185520651674,0.4094275262274496,-0.7230807463833152,0.08161269137108117,-0.03263920724473068,0.964192321674515,-0.8633779559381222,0.06098315562852833
uncontrolled_hypertension,LBXHGB,LBXSAPSI,Low-High,41.0,33.0,0.3524554541503694,0.43902439024390244,0.30826771653543306,0.3333333333333333,1.445930179205831,0.6441909072843017,3.245488347471363,1.146493653832518,0.44771124240791427,2.935927387502659,-0.04974007698294971,0.8943300510583193,-0.14915027100648828,0.7272476218748618,0.4823193282152578,0.3897206155122329,0.7652586696819633,0.36337378309683477
uncontrolled_hypertension,LBXHSCRP,LBXPLTSI,High-High,58.0,95.0,0.36668116572422793,0.2413793103448276,0.31899488926746167,0.22105263157894736,0.5626436130888552,0.2561506447651696,1.2358658540168825,0.6158781469525545,0.32446560834163346,1.169017246026078,-0.4434206471870113,0.23584692488053893,-0.35453265939895684,0.25532092349520663,-0.4698835347437272,0.2633658404992475,-0.433953507400244,0.19424342606036793
uncontrolled_hypertension,LBXHSCRP,LBXPLTSI,Low-Low,39.0,49.0,0.3624836029733275,0.3076923076923077,0.3052290231049858,0.3673469387755102,0.7992218751712422,0.32957324207143557,1.9381294480629754,1.3363351976490665,0.6231449691809472,2.8657725710647854,-0.1593019504057268,0.6929316573622814,-0.1343034549998465,0.7052092269966161,-0.12611202966722965,0.7929680233129269,-0.3140764597926552,0.4560004725162432
uncontrolled_hypertension,LBXHSCRP,LBXSAL,High-Low,69.0,92.0,0.35591766723842194,0.34782608695652173,0.31879460745440125,0.2717391304347826,0.9741582920390868,0.5059914391686433,1.8754949283484241,0.806974656446378,0.4389944951885394,1.4834083417539643,-0.3936632217391893,0.23636406666629983,-0.13807502089719356,0.6789586310273641,-0.46870504776863087,0.21492798281398884,-0.3547709676590054,0.37476547619124323
uncontrolled_hypertension,LBXHSCRP,LBXSAL,Low-High,44.0,56.0,0.3596187175043328,0.4318181818181818,0.30984204131227217,0.3392857142857143,1.361369833905868,0.622225708783555,2.978545885370323,1.1578576094056172,0.559165176419178,2.3975639045402306,0.2876462478248323,0.4382572236806018,0.08922068911083585,0.7995922511466775,1.1613611801507981,0.003369698043868533,0.9278699461796404,0.009460788167191625
uncontrolled_hypertension,LBXHSCRP,LBXSBU,High-High,37.0,41.0,0.35679930039352864,0.2702702702702703,0.3199343724364233,0.24390243902439024,0.6881144574959639,0.2684659121333137,1.7637304596787517,0.708306641042067,0.2809393003923946,1.7857889481591271,-0.7701601641945227,0.06688071986436811,-0.11919214810330671,0.7746068836276332,-1.3535986640824504,0.11726112038421894,-1.8633525970692166,0.04668714875244533
uncontrolled_hypertension,LBXHSCRP,LBXSBU,Low-Low,20.0,33.0,0.35793515358361777,0.45,0.30719517449375267,0.3939393939393939,1.4814459952870498,0.4762505256599283,4.608251579168173,1.4845915873314304,0.5973998986390999,3.6893414046371302,0.380322734477928,0.449052975113567,0.15285244819112778,0.701932205838592,1.081164168620587,0.051101853779061124,1.5743106624981815,0.0002534281176257502
uncontrolled_hypertension,LBXHSCRP,LBXSBU,High-Low,21.0,66.0,0.3594017094017094,0.2857142857142857,0.3170940170940171,0.22727272727272727,0.7472639104517662,0.22308885222245786,2.503053587396834,0.6479487430943741,0.3045371553708,1.3786087059439136,-0.39997654391665827,0.45330425751165504,-0.34606707904424683,0.3211039700213505,-0.019971894464253147,0.9728799757162472,-0.37848375215770663,0.31069214281996915
uncontrolled_hypertension,LBXHSCRP,LBXSBU,Low-High,24.0,28.0,0.355857832382624,0.4166666666666667,0.30955309553095534,0.42857142857142855,1.3104085665115688,0.4586019758143225,3.7443593829655635,1.6891282112989592,0.6387221447369278,4.466972278503287,0.004237464228845302,0.992632481047466,0.4533373411032435,0.2921606571720362,-0.44378262086306164,0.5603164104050695,13.38093685301706,0.9739019716000887
uncontrolled_hypertension,LBXHSCRP,LBXSCA,High-High,21.0,36.0,0.35430318916557446,0.3333333333333333,0.319596668128014,0.1388888888888889,0.9423800114730067,0.29422112895794156,3.0184102996587088,0.37158523450504255,0.11236231189448899,1.228842520006387,-0.4896204722079547,0.3316398522095798,-0.8269429552407664,0.10759795443735845,-1.1557109173251847,0.18515062839407448,-1.4488591663906805,0.02559682423455459
uncontrolled_hypertension,LBXHSCRP,LBXSCA,High-Low,37.0,39.0,0.3606837606837607,0.4594594594594595,0.3220675944333996,0.2564102564102564,1.5127294256956778,0.6493620459834173,3.5239976366342987,0.7489726994217839,0.2948603196552424,1.9024604773373428,0.447059373429435,0.25994207138535463,0.1836948899314922,0.673679057030328,0.10752554021188145,0.8178519622256064,-0.4017919985337027,0.45919261183730153
uncontrolled_hypertension,LBXHSCRP,LBXSCA,Low-High,26.0,61.0,0.3531970421922575,0.5,0.309051724137931,0.32786885245901637,1.830769230769231,0.6749514629410949,4.965862229153915,1.1039586919104991,0.5454923297452468,2.2341740240672188,0.13431636623142032,0.7607967880229464,-0.11091261882335655,0.7342388735959146,0.06060896994149056,0.9081898792857103,0.2661197138695195,0.467804986485881
uncontrolled_hypertension,LBXHSCRP,LBXSCR,High-High,49.0,56.0,0.35440278988666085,0.3469387755102041,0.31797235023041476,0.3392857142857143,0.9806155737317384,0.4531256433316019,2.1221639463505553,1.114970375246873,0.5383610953166147,2.3091544847739054,-0.5242700738943541,0.148251097059897,0.36040895615289464,0.2928312092340455,-1.4985335813937348,0.12409061226767844,-0.3917477892538294,0.5760336303937912
uncontrolled_hypertension,LBXHSCRP,LBXSCR,Low-Low,32.0,22.0,0.3620614984841923,0.625,0.31354891526811296,0.36363636363636365,2.888870292887029,1.1385323709995225,7.330113558210538,1.282925073666689,0.4192415050396606,3.9258916993129676,1.3331177459208887,0.0015468641916747822,0.35545478592935836,0.46900188117128916,1.840152638596346,0.00011786875971838728,1.2722902995229446,0.02074044858501194
uncontrolled_hypertension,LBXHSCRP,LBXSCR,High-Low,23.0,29.0,0.36209150326797385,0.43478260869565216,0.32389162561576357,0.13793103448275862,1.3698804035544867,0.47183625624037623,3.9771685520635076,0.36825243080132625,0.09819181815815524,1.3810707993273124,0.3478241536834145,0.46160497554952096,-0.5249456915138323,0.362956924466885,0.28332493493564087,0.5932296382195481,-0.7240473449497805,0.24136930717773564
uncontrolled_hypertension,LBXHSCRP,LBXSCR,Low-High,23.0,43.0,0.35239771227452704,0.43478260869565216,0.304857621440536,0.3488372093023256,1.4289180009704026,0.4921076607382486,4.1491056051315685,1.2396416573348263,0.5454274369632596,2.817444327985555,-0.06288976583302215,0.8923820980849371,-0.11399070470238629,0.7577867647680785,-0.7192842285615699,0.3653203300534762,0.6550619611582802,0.4428247281854516
uncontrolled_hypertension,LBXHSCRP,LBXSKSI,High-High,33.0,27.0,0.36371490280777535,0.2727272727272727,0.3221018852787806,0.2962962962962963,0.6781687155574396,0.2517843551788549,1.8266139150469798,0.9170934852328755,0.31630587131454113,2.659009955019818,-0.2487792803599702,0.5767740782006534,0.40130719313083113,0.4009388822697707,-0.26709128600778714,0.7745455721026149,-0.2804260809124497,0.7361201205030917
uncontrolled_hypertension,LBXHSCRP,LBXSKSI,Low-Low,27.0,34.0,0.3585237258347979,0.4074074074074074,0.3074664429530201,0.3235294117647059,1.246692274861289,0.46050606903923796,3.375073061341966,1.1018143845450985,0.43296491057899356,2.803910682662593,0.19408150718163575,0.6608276770902455,-0.09662643490325316,0.8145727270851733,0.5195645515223243,0.3258769110072528,0.3570895295110043,0.4717495587503634
uncontrolled_hypertension,LBXHSCRP,LBXSKSI,High-Low,30.0,49.0,0.3597185576077397,0.26666666666666666,0.31907756813417193,0.24489795918367346,0.6722459784158014,0.2368493700839911,1.9080255748029262,0.7110965200262639,0.3042706857327473,1.6618697906297881,-0.5950621091613066,0.19582808920631745,-0.19428243404649814,0.6129737968759102,-1.061672445294948,0.08741450688537813,-0.6594119908768242,0.20577714300194583
uncontrolled_hypertension,LBXHSCRP,LBXSKSI,Low-High,23.0,20.0,0.36233766233766235,0.391304347826087,0.3092,0.25,1.1527123005661348,0.3910631985684934,3.3977772716543306,0.792480764017766,0.2195978413623827,2.859890413502778,0.20873381442656036,0.6614344837558365,-0.3769343452928517,0.501059226905836,-0.6517083482525504,0.27219152484157094,0.33833778005652176,0.679974881469469
uncontrolled_hypertension,LBXHSCRP,LBXSNASI,Low-Low,30.0,29.0,0.3625106746370623,0.5,0.30647773279352225,0.4482758620689655,1.7580929958799294,0.6923283038266346,4.464487389982619,1.8507650765076509,0.7143231895318481,4.795212333321082,0.7017097457201247,0.09920872732442,0.27678000853088874,0.5160515134080412,0.20776631540599746,0.728636860986198,0.3967332316559282,0.4989013420203051
uncontrolled_hypertension,LBXHSCRP,LBXSNASI,High-Low,32.0,46.0,0.364258230012826,0.40625,0.317428224828144,0.30434782608695654,1.2079855628242726,0.4820130121977329,3.0273645795131876,0.959046173431915,0.4219324692916829,2.1798975658793402,0.4656138738085114,0.27515683047245,0.13457682528477138,0.7262988359446303,0.5357852957151891,0.4686723898712766,0.391201580990602,0.5421222379086825
uncontrolled_hypertension,LBXHSCRP,LBXSUA,High-High,50.0,69.0,0.3566128328240943,0.32,0.3167092924126172,0.2898550724637681,0.8626246509772637,0.3957552864541487,1.8802560924473162,0.8931751951254304,0.4497188192411071,1.7739127095760867,-0.43178985199970754,0.23812426397700226,-0.019032375527871827,0.9533946514414728,-1.918365165932173,0.00324600116561824,-0.5437489389138022,0.2604620541401136
uncontrolled_hypertension,LBXHSCRP,LBXSUA,Low-Low,40.0,41.0,0.35452961672473865,0.375,0.30639324487334135,0.4634146341463415,1.1063566003442507,0.4789477431362178,2.5556544417772993,1.961224043715847,0.8769796100329318,4.385962576147809,-0.21740668703031074,0.5732545901698454,0.4365209993131649,0.24816859712767902,0.42851349740174716,0.2890361422427449,1.429671348628718,0.00038341645358776373
uncontrolled_hypertension,LBXHSCRP,LBXTC,High-High,30.0,52.0,0.3510544815465729,0.5,0.30732961851693097,0.3076923076923077,1.848030018761726,0.7275355905321872,4.694223890471475,1.0184621259128444,0.47021111609505445,2.2059561469602187,0.18948202555363455,0.6483764995268906,-0.15655485124904625,0.6560741883142475,0.7160987850271155,0.21214312801710988,-0.30056330529020836,0.46982899734198214
uncontrolled_hypertension,LBXHSCRP,LBXTC,Low-Low,43.0,24.0,0.3652590335219852,0.4418604651162791,0.315955766192733,0.3333333333333333,1.3827837269511734,0.6277685144854549,3.0458533542227837,1.1149281698938163,0.3736799106326621,3.3265497787081797,0.5855998871537561,0.11614693645134755,0.6184204227566564,0.21544405168686964,0.5470916728735086,0.29500822998670917,0.4168708690660386,0.5022884014936138
uncontrolled_hypertension,LBXHSCRP,LBXTC,High-Low,21.0,26.0,0.3651982378854626,0.19047619047619047,0.32804442681475604,0.2692307692307692,0.44686127615603194,0.11398684625406884,1.751824940245415,0.7875900534510807,0.25898549069659543,2.3951075043882004,-0.7491941397151192,0.20573376280351285,0.7278197374254465,0.15242468564172995,-1.8147602412097896,0.039769081259626325,-0.13227866952112644,0.8827190782306128
uncontrolled_hypertension,LBXHSCRP,LBXWBCSI,High-High,69.0,62.0,0.3650452001721911,0.42028985507246375,0.3193445243804956,0.24193548387096775,1.2666433866591007,0.6723617746165951,2.386193756898382,0.695283236233172,0.3246459323486135,1.4890646406367563,0.4170345957066686,0.20818254696058713,-0.28254888611175705,0.4426445488229379,0.019059902034829587,0.9606051153314881,-0.7718290601355394,0.05279524592677809
uncontrolled_hypertension,LBXHSCRP,LBXWBCSI,Low-Low,43.0,65.0,0.36082024432809773,0.3488372093023256,0.30823334712453454,0.3076923076923077,0.9631737955159803,0.42392897005496283,2.1883471663858725,1.0107900148141598,0.5046841266025652,2.0244275581359568,-0.062021041576501006,0.8707024516063409,-0.2677670374384742,0.41583040568652596,0.13727385610371068,0.7260443864561138,0.09832470690118322,0.766771162727425
uncontrolled_hypertension,LBXHSCRP,LBXSASSI,High-High,33.0,51.0,0.35568132346538966,0.2727272727272727,0.31993156544054746,0.21568627450980393,0.7022280471821757,0.2606880014946772,1.8916261102234149,0.603371351757012,0.25321885557247864,1.4377167422940198,-0.7387916302479559,0.09513600097355229,-0.3130652853039243,0.4203507979030645,-1.1543072588110392,0.040731148816554624,-0.9328214554926528,0.04744817914533733
uncontrolled_hypertension,LBXHSCRP,LBXSASSI,Low-High,32.0,40.0,0.3562418442801218,0.53125,0.30848329048843187,0.325,2.039697691353894,0.8247529977382022,5.044378963791305,1.100031543751183,0.46372356623217276,2.6094628036259095,0.560013290204572,0.17216656546860365,-0.0717865795351994,0.8514316152177717,0.7866688739212887,0.11567463616283845,0.46755212957703546,0.3068958623087733
uncontrolled_hypertension,LBXHSCRP,LBXSATSI,High-High,29.0,42.0,0.3593886462882096,0.3103448275862069,0.32151793160967473,0.23809523809523808,0.8258178210197402,0.2986084949481289,2.283843510990058,0.6815394585971385,0.2712475397431057,1.7124433057155009,-0.35651203334371845,0.4320729821095297,-0.08966987996512342,0.8280849056651816,-0.7774560061377868,0.16011476459359486,-0.2747686445766317,0.6033691233718304
uncontrolled_hypertension,LBXHSCRP,LBXSATSI,High-Low,36.0,24.0,0.35063235935455733,0.3888888888888889,0.32004689331770225,0.5416666666666666,1.193163455562461,0.4974864541209313,2.8616639104382293,2.4932222723293633,0.881718870706116,7.050044527527289,-0.33290139599151763,0.40254277085441237,1.4309108982935486,0.0034529661798463813,-0.5162233288654554,0.2923441603448359,0.40419777066508494,0.538402894482152
uncontrolled_hypertension,LBXHSCRP,LBXSATSI,Low-High,27.0,31.0,0.35804622764936767,0.4444444444444444,0.30987088713036237,0.3225806451612903,1.4455264759586124,0.5394505157628835,3.8734726015458825,1.0872756805722585,0.40950078173673254,2.886852622234754,0.14228642263167696,0.7457337680642839,-0.032683644689011,0.939348146611881,0.3474578001627402,0.4945582825682454,0.6997569365792561,0.1895758518536228
uncontrolled_hypertension,LBXHSCRP,LBXSAPSI,High-High,50.0,55.0,0.3540130151843818,0.38,0.3165930092406589,0.32727272727272727,1.1292975242760912,0.5330735713640652,2.392376900383095,1.0645614035087718,0.5077934536944848,2.2317951789162165,-0.2778726243406235,0.4365591775713743,0.11659478018815157,0.7459468164635927,-0.6886326475548751,0.11479814296479393,-0.351551272674056,0.40065764125094616
uncontrolled_hypertension,LBXHSCRP,LBXSAPSI,Low-Low,61.0,94.0,0.3610154905335628,0.3442622950819672,0.3105196451204056,0.35106382978723405,0.9393672012294209,0.4681967518585155,1.884700684579399,1.2090387049349758,0.6872645519671378,2.126946000411119,-0.1452478657728843,0.6741716810254087,0.10856796370566962,0.7069654540763122,1.3079481893342768,0.004519323706599551,0.9138412018129223,0.0037656802451361913
uncontrolled_hypertension,LBXPLTSI,LBXSAL,Low-Low,28.0,25.0,0.3627664201826881,0.4642857142857143,0.3096646942800789,0.32,1.5295425114517094,0.582455874953388,4.016613781301845,1.0824224788578705,0.36661736359511377,3.195807234135139,0.5861221016348891,0.17448376594554904,-0.060622253877333734,0.8993536145077965,-0.15735626302036992,0.7911246412891392,-0.3151028727459943,0.6768945568108138
uncontrolled_hypertension,LBXPLTSI,LBXSAL,High-Low,38.0,53.0,0.3655680832610581,0.39473684210526316,0.3151590251961999,0.32075471698113206,1.1443832057410233,0.4890145269872471,2.678065475171976,1.0414816409649146,0.4883253609811429,2.221232184803233,0.19878290789744751,0.6151189582266949,0.11168683348559921,0.7578436563611459,-0.14481773216954405,0.7486722943937453,0.15862599775740885,0.7303609133850681
uncontrolled_hypertension,LBXPLTSI,LBXSAL,Low-High,23.0,26.0,0.3650655021834061,0.21739130434782608,0.31097804391217565,0.2692307692307692,0.5169383370220191,0.14721029670043395,1.815261909476899,0.8518774362263779,0.2800722597042531,2.59109976517466,-0.6445441052494125,0.23782938959955946,-0.27733699152633834,0.5701562062978783,-0.5620001500380972,0.3787183115977134,-0.6184330133346394,0.288621136989756
uncontrolled_hypertension,LBXPLTSI,LBXSBU,High-Low,46.0,85.0,0.3672006745362563,0.30434782608695654,0.3127446715963462,0.2823529411764706,0.7686746987951808,0.3382494137839271,1.7468198568565811,0.8750939281456748,0.4678267216704085,1.636908170493387,-0.09484374880981594,0.8103201197227472,-0.19521296726361345,0.5191790137462355,0.8475900877925833,0.06736691149696121,0.5554532513662582,0.06816678643371776
uncontrolled_hypertension,LBXPLTSI,LBXSBU,Low-High,38.0,45.0,0.36427015250544664,0.39473684210526316,0.3088818398096749,0.24444444444444444,1.1508056618890767,0.49173632167297143,2.6932191360814617,0.7455633953388924,0.3079726876798281,1.8049158211300242,0.2927682585221777,0.4526442507666941,-0.5608220357823142,0.16675966002956688,0.29419516334250906,0.6968556920723075,-2.6447595775200017,0.024393928250506933
uncontrolled_hypertension,LBXPLTSI,LBXSCA,High-High,37.0,69.0,0.36147186147186144,0.2702702702702703,0.31646693297825124,0.3188405797101449,0.6742941080463521,0.2631014814594535,1.7281261269374308,1.022719728543503,0.5235955887016233,1.9976402890364033,-0.4835767477105941,0.25434604433147745,0.1781535155082363,0.5696787738598295,-0.3104694392325471,0.5902011669927095,-0.12660447124783608,0.7177156704290739
uncontrolled_hypertension,LBXPLTSI,LBXSCA,Low-Low,31.0,30.0,0.36507258753202393,0.41935483870967744,0.31129156999226604,0.23333333333333334,1.2688170344511664,0.5012775443020112,3.211587443349581,0.7058520543603154,0.23830204402271524,2.0907379317199055,0.3601587841343357,0.3967014004338232,-0.44928476978481924,0.36063278198448545,-0.24125526181707788,0.637615471716009,-1.49519623459379,0.023356047571817695
uncontrolled_hypertension,LBXPLTSI,LBXSCA,High-Low,22.0,20.0,0.36738197424892705,0.3181818181818182,0.3184059161873459,0.4,0.8330037850968872,0.2634580461732589,2.633798117250942,1.4551386202450032,0.46043067010299077,4.598799649152168,0.008200756007698259,0.9871108102864871,0.8309092462339959,0.10317946579630488,0.02044398468288072,0.9726143167419798,0.4135962272465544,0.49991654980265254
uncontrolled_hypertension,LBXPLTSI,LBXSCA,Low-High,23.0,36.0,0.3588516746411483,0.30434782608695654,0.3099068585944115,0.2777777777777778,0.8119046308022686,0.2596765279648412,2.538501013874534,0.8819756584454891,0.34235504913896814,2.272147187683503,-0.4775316123377193,0.336861666716733,-0.3292560056246973,0.42902780734309387,-1.4129797183338295,0.0538143930721627,-0.9963203342303668,0.13815439412822095
uncontrolled_hypertension,LBXPLTSI,LBXSCR,High-Low,44.0,66.0,0.36880654890133563,0.29545454545454547,0.31661831744716123,0.15151515151515152,0.7332999749812359,0.31491072481084503,1.7075596699047788,0.4009735092055077,0.16748527982322003,0.9599634980117759,-0.12705970176388537,0.7478768068525676,-0.8338332757703296,0.03813453007721263,0.3884303442165812,0.37364956960131657,-0.11269936721018985,0.783862317079464
uncontrolled_hypertension,LBXPLTSI,LBXSCR,Low-High,41.0,58.0,0.36066288704753596,0.3902439024390244,0.305668016194332,0.27586206896551724,1.1467211658077128,0.5042718184373752,2.607659964394191,0.8815587651341145,0.41408681317000134,1.8767703574895809,0.13559694404794684,0.7208172078291337,-0.5723156621514535,0.10812549782864071,-1.2681661726248927,0.050058966020415166,0.05660206484424242,0.9481632569788757
uncontrolled_hypertension,LBXPLTSI,LBXSKSI,High-High,27.0,20.0,0.37267617812364895,0.2962962962962963,0.3165704863973619,0.2,0.7335711631363805,0.2529992836570879,2.126988834144813,0.5885727805051162,0.14887968692648884,2.3268313166360417,0.20111256377556028,0.6717124598009301,-0.42654246134626184,0.4768006387931828,-0.5097345326199193,0.4580158030456932,0.19913383999713177,0.8340897323806381
uncontrolled_hypertension,LBXPLTSI,LBXSKSI,High-Low,27.0,57.0,0.36858271171566476,0.25925925925925924,0.31445731445731445,0.2807017543859649,0.626586961883896,0.20753745995010955,1.8917607495883952,0.8664597038460591,0.4058378567914419,1.8498826706913356,-0.3377445577798816,0.4864987533205132,-0.1128465289979503,0.7465424991942281,-1.2134532784880034,0.030361447635982558,-0.09459743478339154,0.8210343707509115
uncontrolled_hypertension,LBXPLTSI,LBXSKSI,Low-High,36.0,24.0,0.37032258064516127,0.3888888888888889,0.31259720062208396,0.375,1.0955181530921518,0.45689615385169324,2.626767622438789,1.3473205156478678,0.46350293612100296,3.9164208690400573,0.6181726568639356,0.12676364333185225,0.45953139410361404,0.33988152627307033,0.4586683028408468,0.5357461640762193,0.2862893217195287,0.7249311713046239
uncontrolled_hypertension,LBXPLTSI,LBXSNASI,High-Low,27.0,46.0,0.3735042735042735,0.48148148148148145,0.3127333056822895,0.32608695652173914,1.5613059679422723,0.5857089997364212,4.161923970144134,1.0809744706364983,0.4822283511606389,2.423137924917665,1.175796766060224,0.009043714471049383,0.008961674638645561,0.9809675121462769,0.9557468749975784,0.17593497150961246,0.20578883432412842,0.6783573808673846
uncontrolled_hypertension,LBXPLTSI,LBXSUA,High-High,27.0,42.0,0.3660360756709195,0.2962962962962963,0.3129432624113475,0.38095238095238093,0.7547701547701547,0.2602727739586845,2.1887728703509866,1.3664623642991627,0.6041006636113241,3.0909077005209498,-0.16166640641535637,0.7301038901218084,0.39290304646166535,0.2798635588965367,-0.7081212209491978,0.28386635079363165,0.44068896237718164,0.4033937733466796
uncontrolled_hypertension,LBXPLTSI,LBXSUA,High-Low,26.0,32.0,0.36427320490367776,0.23076923076923078,0.31099084096586177,0.28125,0.5532117483336995,0.17256672983091254,1.7734776500331277,0.8953106098341991,0.33039690994416393,2.4261155717744156,-0.5657271007927218,0.26690136574154066,-0.38612024234947295,0.38240792480755315,-0.22337541163780256,0.6823200084286749,0.3478229169416564,0.4732106794122699
uncontrolled_hypertension,LBXPLTSI,LBXSUA,Low-High,30.0,48.0,0.3641948222904783,0.43333333333333335,0.30490848585690516,0.25,1.3464006192483016,0.5260271130429148,3.4461999820232023,0.7804110522826381,0.3329364866333724,1.8293020890665166,0.3188181451981289,0.450016569960752,-0.8090114821471516,0.0355302400545134,-0.2564931022894332,0.6703954434921492,-1.4810206553642475,0.0307997907254989
uncontrolled_hypertension,LBXPLTSI,LBXTC,High-High,29.0,75.0,0.3577057793345009,0.3793103448275862,0.303968600087222,0.38666666666666666,1.1158773452351434,0.4213912601106063,2.9549313606603924,1.4520908004778974,0.7830929547282668,2.692614816799385,-0.10152449160575121,0.8156741804914428,0.062498687971349054,0.8328445217085323,-0.05084884032210045,0.9160466994546189,0.266239221267088,0.3810244368567385
uncontrolled_hypertension,LBXPLTSI,LBXTC,Low-Low,46.0,46.0,0.3694239930705933,0.2391304347826087,0.3145253526496378,0.15217391304347827,0.5528107131364638,0.2290520429825264,1.334193227788668,0.41367333951805196,0.14742714685575742,1.160747090869544,-0.28645476815485504,0.47809297683064456,-0.7758163657996049,0.10962077646995844,-0.7629197896430308,0.20655778437596461,-1.1430179850855278,0.11215905169001082
uncontrolled_hypertension,LBXPLTSI,LBXWBCSI,High-High,71.0,65.0,0.36926315789473685,0.36619718309859156,0.3129554655870445,0.23076923076923078,0.9945900253592562,0.5249984654911837,1.8842137331175453,0.6735809327539088,0.3161758705075176,1.4349965171008774,0.3864707021820531,0.24566777531162198,-0.47566235578373944,0.18702341443008796,-0.11177009803690459,0.7402711598360845,0.1158028750213335,0.7677876534573005
uncontrolled_hypertension,LBXPLTSI,LBXWBCSI,Low-Low,67.0,74.0,0.3676656817222457,0.34328358208955223,0.30975898854207823,0.33783783783783783,0.9080237482836643,0.4665133712705863,1.7673815547912477,1.1475172373833942,0.6065288238171074,2.171035832732466,0.15616161171678566,0.64169170200989,-0.020982403761705,0.9479351807440907,-0.2493988971691465,0.5001939086814013,-0.2664256190148174,0.46592497685190537
uncontrolled_hypertension,LBXPLTSI,LBXSASSI,Low-High,43.0,62.0,0.36233766233766235,0.37209302325581395,0.31213872832369943,0.3709677419354839,1.055641791044776,0.46966993538208934,2.372686661524639,1.3105909125134907,0.6636157002268752,2.5883181175124688,0.10969659825118407,0.7724307141410025,0.2563823495949267,0.43853534418948525,-0.5757229098169476,0.16978802545020577,-0.6964746459556207,0.07187829019352265
uncontrolled_hypertension,LBXPLTSI,LBXSATSI,High-High,21.0,29.0,0.36816790555312634,0.2857142857142857,0.3164012053379251,0.20689655172413793,0.7194984205992151,0.21478586217319257,2.41020508522733,0.5973791168260121,0.1896500162288244,1.8816861517652097,-0.18734891793537933,0.7222133480117428,-0.44900683444111306,0.3645229748480139,-0.20860949129901868,0.7330802840070221,-0.4962344752301338,0.3549346220530416
uncontrolled_hypertension,LBXPLTSI,LBXSATSI,High-Low,38.0,24.0,0.36114732724902215,0.5,0.31385108086469177,0.4166666666666667,1.7684906794948887,0.7692101220218859,4.065936203802719,1.5825806026241183,0.5539504658610552,4.521273142913693,0.6014322665707235,0.12109312049527694,0.4409249993416713,0.36548269340614215,0.5899426714574822,0.21804313770996675,0.9970956148286306,0.14507324004053443
uncontrolled_hypertension,LBXPLTSI,LBXSATSI,Low-High,32.0,45.0,0.3646240764884833,0.3125,0.3127771060056429,0.35555555555555557,0.8129839189994045,0.30843583894009363,2.1428860369238825,1.228491601820424,0.5521534127106702,2.733283143781149,-0.016553797046596097,0.969608650009589,0.17807092325259924,0.6345679130680848,-0.528418630123096,0.28048442779572447,-0.7361182817478925,0.09234553452460546
uncontrolled_hypertension,LBXPLTSI,LBXSAPSI,High-High,29.0,47.0,0.36276223776223776,0.41379310344827586,0.3110008271298594,0.3191489361702128,1.2544078438118174,0.4800565370325227,3.277820250805186,1.056202402248914,0.4730772169100863,2.3581002733606646,0.3107468529653728,0.46801743032565435,-0.15799933476600952,0.6722170872694724,0.5544136826600082,0.291703574282171,0.5310126566339982,0.2328754190315705
uncontrolled_hypertension,LBXPLTSI,LBXSAPSI,Low-Low,30.0,30.0,0.3681462140992167,0.26666666666666666,0.31265822784810127,0.4666666666666667,0.6482247161514734,0.22841405248867555,1.8396209780065567,1.9312000653875232,0.758728123147752,4.915507385016883,-0.19951637532859848,0.6662453280266911,0.6391101936184981,0.12082523342425124,0.33578933236573744,0.6023087700371705,0.24333464398277882,0.6461837159988714
uncontrolled_hypertension,LBXPLTSI,LBXSAPSI,High-Low,28.0,44.0,0.37156563453990404,0.25,0.316235504014273,0.29545454545454547,0.5898520084566596,0.19672036628240164,1.7686292398464296,0.9263062518876473,0.3974657964857824,2.1587851832096803,-0.1577074872244209,0.7459485125485639,-0.012146087576574092,0.9741330810319485,1.4381461114592404,0.19709100111845257,0.756870392147275,0.14016622984800767
uncontrolled_hypertension,LBXPLTSI,LBXSAPSI,Low-High,34.0,35.0,0.3593205574912892,0.4117647058823529,0.30612244897959184,0.34285714285714286,1.2608323115332911,0.5172496215516214,3.0733673869836378,1.2052421388362615,0.485836010659913,2.9899154886718304,0.17804858112805086,0.6603535312601405,-0.23120673378403223,0.5781539913905998,-0.8883720212816102,0.0768603390646194,-1.0470252016750545,0.06436771916423804
uncontrolled_hypertension,LBXSAL,LBXSBU,Low-Low,24.0,34.0,0.35581787521079256,0.375,0.3117574764440803,0.2647058823529412,1.1093221795679824,0.38159166074947365,3.2249019689384193,0.8221518416953124,0.30684197651555467,2.2028721704858687,-0.19108114290522799,0.6899698266094334,-0.20693640517524345,0.638007047989509,0.6322910625377821,0.2466830437294304,0.6365370029584168,0.22050607490473206
uncontrolled_hypertension,LBXSAL,LBXSBU,Low-High,47.0,36.0,0.3552688172043011,0.425531914893617,0.31488698363211226,0.3611111111111111,1.352461090029148,0.632562476016418,2.8916527132022862,1.249476966802195,0.5149006600273236,3.0320269748466964,0.13626693251291497,0.7053263098432605,0.5089241807803555,0.21957053539794924,-2.0730876028253657,0.02572135824420019,18.395555898744572,0.998633275751798
uncontrolled_hypertension,LBXSAL,LBXSCA,High-High,56.0,92.0,0.35717326521924225,0.4642857142857143,0.3165231652316523,0.31521739130434784,1.5633134477001336,0.7817595909075812,3.1262154813128475,1.0028030476772927,0.5587694520192209,1.799693860852427,0.2543088747070337,0.4611191793177657,0.2673856311530333,0.3937933195029937,0.22428329678060224,0.5369256253478998,-0.014345931007981531,0.9598501011396716
uncontrolled_hypertension,LBXSAL,LBXSCA,Low-Low,82.0,56.0,0.35474513054289264,0.35365853658536583,0.3170731707317073,0.35714285714285715,1.0026951677932903,0.5498405626962671,1.8285256994969974,1.2093111800588126,0.5892112350312125,2.4820190846119345,-0.4711310545484254,0.15711284939464096,0.7657659184226631,0.05185548571554281,-0.4176884608602472,0.21099187967273092,0.07653091516367312,0.8694801961712395
uncontrolled_hypertension,LBXSAL,LBXSCR,Low-Low,24.0,23.0,0.3556989247311828,0.25,0.3164260632071791,0.043478260869565216,0.6362537764350453,0.1955381994463563,2.070280227464783,0.14397206818648592,0.016355977166346177,1.2673016235644847,-0.781394684732432,0.12993779864678123,-2.0741399663992857,0.04740057116737679,-0.043027741454372,0.9415031052279518,-0.7621205574288354,0.5075596163524696
uncontrolled_hypertension,LBXSAL,LBXSCR,Low-High,53.0,51.0,0.3535483870967742,0.49056603773584906,0.3125248508946322,0.4117647058823529,1.7614921248963802,0.8659731361979454,3.5830840200136533,1.5501026544245622,0.7441657057122353,3.228875263681165,0.38309466540167314,0.2667912389108672,0.6659426613578223,0.06483180766861356,-1.9779264249903425,0.008983111952547454,0.6971600758367029,0.5485816245931553
uncontrolled_hypertension,LBXSAL,LBXSKSI,Low-Low,20.0,20.0,0.356457242582897,0.35,0.31217356368019283,0.15,1.0027183146449203,0.3085685102428619,3.2584142099691404,0.44051446945337625,0.09707501997039601,1.9990003386758812,-0.11686824348961772,0.8203031975381021,-1.0951758081985314,0.09698201482088079,0.23753063904673205,0.7369292634878899,-0.8042877982102115,0.34610055712688725
uncontrolled_hypertension,LBXSAL,LBXSKSI,High-Low,37.0,34.0,0.36209887250650474,0.40540540540540543,0.3151294498381877,0.3235294117647059,1.2132854578096948,0.5146464759152294,2.860335533269936,1.0631610552318043,0.41791756754897347,2.704627699645932,0.30518836986870407,0.4389819913542967,0.25519356275706356,0.5443782576132229,0.27872497326732554,0.5503628194918158,-0.027810412758709876,0.9540367285552338
uncontrolled_hypertension,LBXSAL,LBXSKSI,Low-High,43.0,22.0,0.36054421768707484,0.37209302325581395,0.31590995803128574,0.36363636363636365,1.0638774307601648,0.4733912288759432,2.39090865787346,1.2689946517387052,0.4148568413162646,3.8816942756255406,0.1490949813967551,0.6973196515484097,0.4988543884625492,0.3219420745166044,-0.8528605010564181,0.2610092207291018,20.519881067335117,0.9996340840653478
uncontrolled_hypertension,LBXSAL,LBXSNASI,Low-Low,23.0,26.0,0.3599320882852292,0.391304347826087,0.3105181747873163,0.2692307692307692,1.1647938552821409,0.39519979980568165,3.4330602545095914,0.8537169115887225,0.2807246085350963,2.5962546316685584,0.27401140859856754,0.5711054630089258,-0.29168654586906995,0.5572610229358685,0.02493360837387359,0.9708453180075106,-0.11656285016397336,0.8658910506633957
uncontrolled_hypertension,LBXSAL,LBXSUA,High-High,22.0,42.0,0.35795454545454547,0.36363636363636365,0.3114415530772408,0.2857142857142857,1.0511666070564472,0.3435061604562234,3.216685355287475,0.9057675803104868,0.3785368041219225,2.1673319492528593,-0.0067025510450314015,0.9891430506682753,-0.06383677820458131,0.8721002826917286,0.4590860857826641,0.4937867296035454,-0.04573255580704555,0.930729593207273
uncontrolled_hypertension,LBXSAL,LBXSUA,Low-High,44.0,42.0,0.3545179420665802,0.4318181818181818,0.3107667210440457,0.3333333333333333,1.3919417858551097,0.6361776310380698,3.0455360903652546,1.127972389991372,0.4876828034920352,2.608912398535347,-0.062436180178121276,0.8647437159889388,0.13127867836479926,0.7353398840989274,-1.4601687113349304,0.02837895456352164,-0.3252232872778283,0.6790265384945808
uncontrolled_hypertension,LBXSAL,LBXTC,High-High,39.0,40.0,0.3533997401472499,0.5641025641025641,0.3048527581916217,0.5,2.3517627504155367,1.0268574419571213,5.386130350967452,2.2794017675050986,1.0113434934048104,5.137396395574274,0.7008184070805092,0.06873862605500412,0.7169972272377457,0.055638566435388497,0.7395552926777417,0.06142316548700078,0.5351510481894702,0.15137650214657675
uncontrolled_hypertension,LBXSAL,LBXTC,Low-Low,39.0,29.0,0.36210617177384546,0.358974358974359,0.31959152798789714,0.2413793103448276,1.0014481075336625,0.4260899589943387,2.3537243507211563,0.7094421446875616,0.2381842129756111,2.1131046024046243,0.02366810991929267,0.9519743082227388,0.3887062726224787,0.44597347762945105,-0.9358815618613395,0.0966151847330549,-0.7641786909345515,0.36631815093837616
uncontrolled_hypertension,LBXSAL,LBXWBCSI,Low-Low,33.0,29.0,0.3602080624187256,0.42424242424242425,0.31272727272727274,0.2413793103448276,1.3203971814915891,0.5367109812692902,3.2483939731730067,0.7323004088659351,0.24575360741202418,2.18212010994463,0.2565221364099376,0.5303519130645069,-0.3367428818207709,0.4841546050454969,-0.005787704445371667,0.9912476841003411,-0.8014142591010993,0.2551848293823876
uncontrolled_hypertension,LBXSAL,LBXWBCSI,Low-High,37.0,34.0,0.3592065545493747,0.43243243243243246,0.3138544891640867,0.35294117647058826,1.368689052887097,0.5847455542893808,3.203632263214966,1.2141439036078592,0.48615750175208006,3.0322383453004553,0.0914692211930961,0.8164029819483866,0.2672130446876431,0.5320142214240737,0.2526077282354187,0.6184482788514261,-0.07134673751373254,0.9049424334805579
uncontrolled_hypertension,LBXSAL,LBXSASSI,High-High,40.0,37.0,0.35800344234079173,0.4,0.315702479338843,0.2702702702702703,1.2073910645339216,0.5275840652736031,2.7631486215573067,0.8273143468696118,0.3227659266549021,2.120573988803031,0.0644898197359553,0.8678580242059855,-0.0924366417090329,0.8263004645916618,-0.24125330781444165,0.5589289141986689,-0.35142166799069985,0.42980535159974165
uncontrolled_hypertension,LBXSAL,LBXSASSI,Low-High,22.0,31.0,0.35296665223040274,0.4090909090909091,0.31342062193126025,0.22580645161290322,1.2896200921951995,0.43072211249445347,3.86123659303647,0.6703542473740964,0.22745671989216915,1.975649772781069,-0.11186561870536357,0.8156810224615149,-0.39689215576850956,0.4039855087849359,0.09012618635349627,0.8777188819008702,-0.9903350399019211,0.11143041036014409
uncontrolled_hypertension,LBXSAL,LBXSATSI,High-High,44.0,26.0,0.3605150214592275,0.36363636363636365,0.317102615694165,0.2692307692307692,1.026675850840665,0.45920703484498476,2.295398856542399,0.8280083898346422,0.27222867383759447,2.5184631874802768,0.007793095244361024,0.9836465728239311,0.12120603621779832,0.8040876068368067,-0.1317174501369888,0.7372912018662829,0.044765369334342546,0.9284342012754141
uncontrolled_hypertension,LBXSAL,LBXSATSI,Low-Low,59.0,29.0,0.3471215351812367,0.4067796610169492,0.3133110863922877,0.4827586206896552,1.2976681451508312,0.6536523066000556,2.576205419817385,2.0496556723450525,0.7949098743842395,5.2849870287880565,-0.3715423314252516,0.2734230629688563,0.9289217041397733,0.047606332943969966,-0.2808816529387775,0.46657268060558765,1.257098247895654,0.14345308229477596
uncontrolled_hypertension,LBXSAL,LBXSAPSI,High-Low,37.0,47.0,0.3629310344827586,0.2702702702702703,0.31353820598006643,0.14893617021276595,0.6700512543835987,0.2614564046992715,1.7171837271205506,0.40529940927028946,0.14465869186971128,1.135552997415429,-0.4204713903752148,0.3253472740564246,-1.0097353425338,0.026345597701362147,0.2548505527998892,0.6052429598442228,-0.44053799692167234,0.3773755378432043
uncontrolled_hypertension,LBXSAL,LBXSAPSI,Low-High,57.0,38.0,0.34886703719538265,0.3508771929824561,0.31209213051823415,0.47368421052631576,1.0200204123290468,0.49832117832857625,2.087893685469427,1.9884719744554544,0.8642892559457444,4.574881344403738,-0.6995925890233703,0.04391700795868258,0.9227971036835221,0.02193491287506342,-0.5368928136786635,0.2168230668056198,1.436175772500656,0.04474602694166939
uncontrolled_hypertension,LBXSBU,LBXSCA,High-High,39.0,42.0,0.3515490533562823,0.358974358974359,0.31532663316582915,0.30952380952380953,1.0485698866702644,0.44610605576940277,2.464657883505698,0.9932968182380528,0.4228480374944343,2.3333171296433552,-0.5632321747794566,0.14850052991477322,0.1562899280389328,0.6857689834856336,0.0,1.0,0.0,1.0
uncontrolled_hypertension,LBXSBU,LBXSCA,Low-Low,25.0,23.0,0.3573498964803313,0.28,0.31449333871618895,0.2608695652173913,0.7288846460820982,0.2377121154435603,2.234942153885989,0.8093283240172272,0.2465882953333412,2.65629938019191,-0.5680651121424941,0.2566645018729594,0.025031491967134327,0.9621583777559675,-0.15422801726215882,0.7760855158877489,0.43567429944656494,0.45155171720744247
uncontrolled_hypertension,LBXSBU,LBXSCA,High-Low,29.0,34.0,0.35802469135802467,0.4827586206896552,0.3163538873994638,0.29411764705882354,1.6769785137906579,0.6500828498365141,4.32599773463146,0.9258491055224267,0.3558035437188724,2.4091850160828243,0.5410407549485928,0.20953470612531866,0.24339123134232146,0.587942546122186,-0.5171817688525197,0.4830160484219739,-0.9741300964925801,0.26724432151407596
uncontrolled_hypertension,LBXSBU,LBXSCR,High-High,147.0,170.0,0.3554817275747508,0.40816326530612246,0.31103421760861205,0.31176470588235294,1.2532899674756066,0.8035753430717593,1.9546838465335294,1.0082267751304326,0.6502168447387467,1.5633572681408217,0.13858148267912263,0.6571064571141447,0.05455089068526837,0.8712932469646393,-0.5699818854233717,0.2068959784487424,-0.11339706683423291,0.8298643067820151
uncontrolled_hypertension,LBXSBU,LBXSCR,Low-Low,50.0,81.0,0.36058091286307054,0.38,0.3144016227180527,0.20987654320987653,1.097483501738821,0.5182789819649665,2.323980092772355,0.5914413806546414,0.2927504101843199,1.1948844291300134,-0.02342886838332107,0.9500679591361255,-0.5654997356508935,0.10679429137964305,0.891612410415645,0.018975841902755818,0.40099363019998613,0.22208388414668467
uncontrolled_hypertension,LBXSBU,LBXSKSI,High-High,75.0,74.0,0.36298482293423273,0.38666666666666666,0.3157894736842105,0.3108108108108108,1.113068603773114,0.6010307897182432,2.06132820131598,0.988354168242131,0.5158286370879419,1.893737360911693,0.3571939385509441,0.280605766784344,0.39415798735369084,0.2853377800311788,0.6757803235749531,0.407771755209028,-1.55563039990219,0.048481988672049656
uncontrolled_hypertension,LBXSBU,LBXSKSI,Low-Low,31.0,73.0,0.3611346316680779,0.45161290322580644,0.3116883116883117,0.3013698630136986,1.465411331492175,0.5831710470045082,3.6823336506434434,0.9644512835225308,0.4980539068328021,1.8676016100412125,0.36914585996631044,0.3831104364805058,-0.14482908920138501,0.6508497515385365,0.7046033396258171,0.14518994397203228,0.19104599951138368,0.5738322070862512
uncontrolled_hypertension,LBXSBU,LBXSNASI,High-Low,30.0,22.0,0.3606975754997873,0.3,0.31137254901960787,0.3181818181818182,0.7829548724835893,0.2852690393134575,2.1489129483560983,1.0697537505836496,0.3383534079657852,3.3821828299820345,-0.216327914392211,0.6331149158581943,0.01624877411423042,0.9744476694458876,-1.0500167213109213,0.42055241057949444,15.672861461352008,0.9955656720340033
uncontrolled_hypertension,LBXSBU,LBXSUA,High-High,74.0,91.0,0.3561937419631376,0.40540540540540543,0.31024706358849735,0.2967032967032967,1.238488720128102,0.6691115682808505,2.292374519581957,0.947551793362561,0.5214480341926419,1.721848280614872,-0.005962817052869903,0.9851386452815489,-0.23911329997878036,0.4474286953437091,0.23182319237271265,0.7196822612378466,-0.913016271621282,0.2526304084149009
uncontrolled_hypertension,LBXSBU,LBXSUA,Low-Low,40.0,46.0,0.3561816652649285,0.35,0.30700325732899025,0.2391304347826087,0.9887794289530806,0.4231894579059729,2.310276735055174,0.7309663147873324,0.30280700214909984,1.7645290550140005,-0.40877984794690797,0.30691832319825996,-0.7784199875194153,0.05278918663149288,0.712197705244566,0.09288561207010435,0.5427092352693641,0.18259538820464838
uncontrolled_hypertension,LBXSBU,LBXTC,High-High,21.0,27.0,0.34822601839684625,0.5238095238095238,0.30175292153589317,0.4074074074074074,2.049355002843375,0.6785300108708041,6.189639161706651,1.6121337773030933,0.5953542942535424,4.365426336901031,0.12411188626586248,0.7951458493069896,0.14247955251868882,0.7442787090432135,-1.774365796686651,0.03533975284926113,-0.15788326563733648,0.8703716982893174
uncontrolled_hypertension,LBXSBU,LBXTC,High-Low,41.0,25.0,0.364542696142176,0.3902439024390244,0.31952435749904107,0.16,1.1276432141484045,0.4959225368256627,2.5640682243524604,0.4455992522425748,0.11670616912771119,1.701355593138008,0.40229848166999904,0.2920366711350517,-0.29441551967141244,0.6238800644686875,1.163643550915346,0.3043989316451061,12.338217619494568,0.9853554347030863
uncontrolled_hypertension,LBXSBU,LBXTC,Low-High,27.0,58.0,0.34887664264518864,0.37037037037037035,0.2999131944444444,0.3793103448275862,1.1194899817850636,0.40704577312679213,3.0789112725333236,1.4383561643835618,0.7140450279720189,2.897392145557051,-0.7145160916749959,0.11595891872336254,-0.13719882879229606,0.6714492715357139,-0.09976179821508205,0.8390556938594351,0.3050481983525725,0.35209462352682697
uncontrolled_hypertension,LBXSBU,LBXWBCSI,High-High,31.0,21.0,0.3588516746411483,0.25806451612903225,0.3127215439149271,0.19047619047619047,0.6460687913192521,0.2290175307216505,1.8225892218881536,0.564937516856963,0.14412982388309958,2.2143536247665865,-0.8214039154722357,0.07238120870435266,-0.8450011469397265,0.15561532897774877,-1.2741645582023589,0.23439728536488258,-1.4957618939594284,0.17492538372752553
uncontrolled_hypertension,LBXSBU,LBXWBCSI,High-Low,27.0,28.0,0.361013986013986,0.3333333333333333,0.31503482179434655,0.39285714285714285,0.9086672879776327,0.3230112906120306,2.5561838370298555,1.4282929546087442,0.533766103853863,3.821937641704394,-0.13346118220037814,0.769459281468154,0.5617466171116321,0.19872664137183427,0.21575484377711907,0.8160020369801562,-0.5647741407943528,0.6050738318916595
uncontrolled_hypertension,LBXSBU,LBXWBCSI,Low-High,26.0,39.0,0.3605240912933221,0.2692307692307692,0.31527093596059114,0.5128205128205128,0.6820332567256997,0.22425236060436646,2.074312002898073,2.282451662412625,1.0026941161709018,5.195588073404252,-0.5122953834864844,0.3027891111764005,1.1460221617952309,0.002915330338667471,0.5611324000725528,0.35987436739748635,1.5666698328404902,0.00018686446544172576
uncontrolled_hypertension,LBXSBU,LBXSASSI,High-High,23.0,25.0,0.3531970421922575,0.2608695652173913,0.31338320864505403,0.16,0.68,0.20716603358582025,2.2320261289766257,0.45841231679689304,0.12001231443880073,1.7510024131586517,-0.9382215058880191,0.06821451070760776,-0.9473459811221374,0.10157803005430521,-1.8432133578805858,0.027851133156850463,-0.6677680059969897,0.5958031542553199
uncontrolled_hypertension,LBXSBU,LBXSASSI,Low-High,24.0,73.0,0.35765499789118516,0.5,0.3131703131703132,0.3150684931506849,1.7955215085444904,0.6369933078993861,5.061116730217048,1.0201950379842912,0.5307520507423541,1.9609870825219096,0.4204103434028386,0.3647671471007672,0.011679446496227314,0.9702199513661437,0.3554661227027282,0.4704042321332572,-0.22220464688893576,0.47444610580498103
uncontrolled_hypertension,LBXSBU,LBXSAPSI,High-High,43.0,36.0,0.35220397579948143,0.4418604651162791,0.3115519253208868,0.4166666666666667,1.4634942879665662,0.6643646913795602,3.2238551486883873,1.5925227407912488,0.6703181695198371,3.7834699926960846,-0.014744947241327175,0.9679730773142364,0.4905900537815219,0.22695890469354207,-0.453915785477952,0.49601386263753255,0.9541638582840608,0.42927869417368614
uncontrolled_hypertension,LBXSBU,LBXSAPSI,High-Low,33.0,28.0,0.3630849220103986,0.48484848484848486,0.31532663316582915,0.2857142857142857,1.6535139279325326,0.6783840450332047,4.030325196892045,0.8999789599753992,0.3127411051536525,2.589880623464765,0.6443603119703002,0.11209406121217141,-0.1078470674747865,0.8145193396093291,0.5139269332564554,0.6666738848260154,-0.28218489446244366,0.7646301338300947
uncontrolled_hypertension,LBXSBU,LBXSAPSI,Low-High,22.0,38.0,0.35251798561151076,0.36363636363636365,0.3073469387755102,0.2631578947368421,1.076412303746147,0.3518057876971741,3.2934746618024286,0.8299863793524954,0.32526631959654023,2.117887246257611,-0.5748197175025145,0.2447003965679846,-0.6081119901440184,0.14825744203613553,-0.05876341795092377,0.9146239166353196,0.2808445618400991,0.52837916843177
uncontrolled_hypertension,LBXSCA,LBXSCR,High-High,23.0,44.0,0.3475238922675934,0.30434782608695654,0.3125269048643995,0.36363636363636365,0.8531599568451536,0.2728514688653749,2.667685517658553,1.2730466910566163,0.5690700574449814,2.8478881578950177,-0.7898287317179874,0.11078809039360128,0.27026579482823715,0.4545958074083354,-0.6571332864147118,0.4436584900425894,0.13606730955601126,0.8552446212987791
uncontrolled_hypertension,LBXSCA,LBXSCR,High-Low,26.0,28.0,0.35389888603256214,0.3076923076923077,0.32018464120856066,0.2857142857142857,0.8385899511126371,0.2867192214052567,2.4526890895575026,0.8800453623396745,0.3058254685359087,2.5324242728483974,-0.587798312824099,0.21331636121520792,0.19998517203939228,0.6669370982833871,0.47817260606040135,0.5273914557226291,0.04527833790538454,0.9317449564329608
uncontrolled_hypertension,LBXSCA,LBXSCR,Low-High,37.0,37.0,0.35686941726924715,0.5945945945945946,0.3133097762073027,0.32432432432432434,2.6153240215950357,1.1094610235931857,6.165083398585505,1.0740113202450674,0.43831862646589337,2.6316479528033687,1.0274333012272805,0.010515877365787943,0.2655205045268764,0.5309168833950765,-0.5115846361431807,0.43871962208414617,-0.4337056173315695,0.5243029023708095
uncontrolled_hypertension,LBXSCA,LBXSKSI,High-High,23.0,30.0,0.35799828913601367,0.34782608695652173,0.31533742331288345,0.2,0.9831680308136735,0.32561947008481273,2.968555217420707,0.5758329255227691,0.18378337548232757,1.804208662757942,-0.10410943101363847,0.8307502267871233,-0.4447906395336196,0.37743963672802483,-0.706852944025858,0.3170880128118725,-0.14061086128097244,0.8573760619188588
uncontrolled_hypertension,LBXSCA,LBXSKSI,High-Low,29.0,47.0,0.3535528596187175,0.3103448275862069,0.313893653516295,0.2765957446808511,0.8470867623556824,0.3063001605857031,2.342656241466316,0.8549933224514022,0.37099078782704004,1.9704359391729533,-0.6550604822297965,0.14587145108746294,-0.1959962149424985,0.5999604709312703,-0.6347506697590375,0.3795660250827001,-0.26321666844830643,0.6376470282190534
uncontrolled_hypertension,LBXSCA,LBXSNASI,Low-Low,25.0,29.0,0.3614005835764902,0.28,0.3125948406676783,0.2413793103448276,0.7161772723732379,0.2335657220415076,2.195998115566035,0.7327673337376187,0.24599573733814264,2.1827531289896163,-0.3629307804417719,0.46852438535749175,-0.2775339788628123,0.5782111783129943,-0.7717042672979938,0.2416867058969211,0.29072887112910767,0.677415367784787
uncontrolled_hypertension,LBXSCA,LBXSUA,High-High,29.0,61.0,0.35039028620988727,0.3448275862068966,0.31263664188893747,0.36065573770491804,0.9980019980019978,0.369935484103033,2.6923829446395455,1.2518907730276254,0.6277765660209719,2.496478193707138,-0.6512291004462403,0.1386470479024726,0.3040232994692025,0.3431937325852329,-0.6217732498348073,0.38231724322045335,-0.06419834284594536,0.8963926820221905
uncontrolled_hypertension,LBXSCA,LBXSUA,Low-Low,29.0,20.0,0.3570212765957447,0.4827586206896552,0.3130699088145897,0.4,1.6843167015696747,0.652924043512588,4.344950656012798,1.4915463917525775,0.47212261321961746,4.712145905443559,0.48149727495673994,0.26442937923643295,0.4201150546790585,0.41819600290535375,1.2650193149763338,0.011489240529166845,0.5007245722079842,0.4228070430449049
uncontrolled_hypertension,LBXSCA,LBXSUA,Low-High,26.0,27.0,0.35772357723577236,0.5384615384615384,0.3115942028985507,0.18518518518518517,2.082175732217573,0.7656626983905398,5.662357313408536,0.5398608421203643,0.15773477485285983,1.847720194400904,0.48104441066877845,0.2835438968252897,-0.7630037393142732,0.1604728214705594,-0.8341068057044981,0.20218989639509555,-2.010642110748948,0.005444531334816299
uncontrolled_hypertension,LBXSCA,LBXTC,High-High,32.0,72.0,0.3477508650519031,0.71875,0.3010048055919616,0.3194444444444444,4.638350070328088,1.711897252524258,12.567513233162174,1.1020062847474015,0.5719157209636934,2.123420999122815,1.157342063671089,0.009100839111325417,-0.3749720075392005,0.22236607561038446,0.8938708422258047,0.06636231625680743,-0.24260134995758814,0.46113696137593074
uncontrolled_hypertension,LBXSCA,LBXTC,Low-Low,32.0,21.0,0.3641003828158231,0.3125,0.3225205070842655,0.2857142857142857,0.8148277875072972,0.30917637281630933,2.1474613899054495,0.8806209351297963,0.26300939442939764,2.9485381427964574,-0.2069967579271062,0.6374687639344323,0.8451097765828299,0.13161541554724304,-0.12372775190082098,0.8448746203581576,-0.7266285002491001,0.32016119215853167
uncontrolled_hypertension,LBXSCA,LBXWBCSI,High-High,25.0,36.0,0.356401384083045,0.4,0.31252600915522266,0.19444444444444445,1.2229699329016606,0.43414290097121166,3.44507638714256,0.5590513887479278,0.1937819072682476,1.6128360984100925,-0.1273044177289461,0.7809238956261928,-0.7428053853156317,0.11158372275713059,-0.5645307263014285,0.3789481081952947,-0.2987607733162665,0.6175523933825562
uncontrolled_hypertension,LBXSCA,LBXSASSI,High-High,32.0,62.0,0.35195530726256985,0.5,0.31514622435617634,0.2903225806451613,1.8407565588773642,0.745566204529234,4.54471338489589,0.9030986353563236,0.4387259720913354,1.8589898867730184,0.10579583169204397,0.7958479606358145,-0.030526634845853138,0.9267500605665278,-0.5316853328017007,0.31569386029788904,-0.446734505642866,0.2548857443935997
uncontrolled_hypertension,LBXSCA,LBXSATSI,High-High,34.0,44.0,0.3536480686695279,0.38235294117647056,0.31502767134951043,0.20454545454545456,1.1472915226987461,0.46577273127421204,2.826008801450169,0.5816492472729693,0.22542102464807512,1.5008176250701852,-0.3301971716771957,0.4202126037422521,-0.49864164789010096,0.2331567326789491,-0.623012688688801,0.22365691115709574,-0.868953193723424,0.055757031117045164
uncontrolled_hypertension,LBXSCA,LBXSAPSI,High-Low,25.0,61.0,0.35936151855047455,0.56,0.3146760687527545,0.2459016393442623,2.2471766516261966,0.8076709255799631,6.252302446058486,0.7256822953114065,0.33787281535709157,1.558618420282975,0.734231041442379,0.10861381973044575,-0.3356646048096736,0.33047863176457304,0.682060104245822,0.3056614798358489,-0.11744637627132927,0.8118801471091888
uncontrolled_hypertension,LBXSCA,LBXSAPSI,Low-High,33.0,28.0,0.3534153585065762,0.48484848484848486,0.3126419379258138,0.35714285714285715,1.7245179535521467,0.7075593530231272,4.20312749653735,1.2474125668318046,0.458358618013592,3.3948049643603935,0.2709927709808049,0.5077425719595745,0.28707035340875703,0.538794825436358,0.3288001661132481,0.5426066925343636,0.4538340592989505,0.5551293666873914
uncontrolled_hypertension,LBXSCR,LBXSKSI,High-High,78.0,72.0,0.3596454200084424,0.38461538461538464,0.3128643606684804,0.3194444444444444,1.1194183269341234,0.6110240344695717,2.05081522163658,1.042322668020992,0.5416765064379883,2.005692569933852,0.16900589989461431,0.6060315367465592,0.25611787259520286,0.476845479991147,-0.3508670726818599,0.5639686548026646,-0.9987171044752712,0.12194799840271765
uncontrolled_hypertension,LBXSCR,LBXSKSI,Low-Low,39.0,39.0,0.36160137752905724,0.38461538461538464,0.317102615694165,0.20512820512820512,1.1166458254926004,0.4804294819299203,2.5953817292418675,0.5809201719157331,0.2133177975741741,1.581997610964747,0.17178606332309662,0.6598842407343131,-0.3953903366663609,0.3788365484130738,0.17393694337720428,0.6823300039604113,-0.5813490217096509,0.22535136369455733
uncontrolled_hypertension,LBXSCR,LBXSNASI,High-High,24.0,23.0,0.34786324786324785,0.3333333333333333,0.31068702290076333,0.30434782608695654,0.9654742638168051,0.3235334566712215,2.881125691553606,1.008147776103577,0.3225438476235966,3.1510814605543684,-0.707329630501536,0.1402136610083775,-0.07245142321869132,0.8933579693161172,0.0,1.0,0.0,1.0
uncontrolled_hypertension,LBXSCR,LBXSNASI,High-Low,24.0,27.0,0.3591278324070115,0.4583333333333333,0.30936118923262357,0.4444444444444444,1.5197523519950646,0.5373487299616155,4.2982277292430116,1.7997320550124551,0.671673535360451,4.822336000034808,0.4263880752456897,0.35670061138182974,0.47776913469231974,0.27724581144664406,-0.6738364448118217,0.43514064401394636,0.5673817129104045,0.6465922249011042
uncontrolled_hypertension,LBXSCR,LBXSUA,High-High,82.0,123.0,0.3554603854389722,0.47560975609756095,0.30977814297452755,0.36585365853658536,1.6460725085981995,0.92439459783322,2.9311667440657523,1.290984454208929,0.7884676321397094,2.1137720726547373,0.3659338021981894,0.24064797493209533,0.17170249305822854,0.5422659445913511,-0.21167761860505466,0.661213702457623,-0.3560831753425913,0.5134210023739565
uncontrolled_hypertension,LBXSCR,LBXSUA,Low-Low,66.0,63.0,0.3563852354688163,0.3181818181818182,0.31542594013814274,0.31746031746031744,0.8531355616424028,0.4308360102125308,1.6893673446187922,1.0224574642769801,0.5084532728249542,2.0560773666523726,-0.5123840289088796,0.13522758819056352,0.2269796252034077,0.5359058177822764,0.3281455968904146,0.3100407058339777,0.6246817921780238,0.06181291591982633
uncontrolled_hypertension,LBXSCR,LBXTC,High-High,22.0,33.0,0.34460052677787534,0.5,0.29781771501925547,0.3939393939393939,1.9013367281985998,0.6455243794931701,5.600224358428287,1.552028434857213,0.6244870822641708,3.857233129421822,-0.1934520069863008,0.6797205609813884,-0.07132377422894483,0.8581190337292387,-1.1966830709876022,0.084832355743462,-0.2865216932178516,0.6746079372193907
uncontrolled_hypertension,LBXSCR,LBXTC,High-Low,41.0,36.0,0.3615819209039548,0.4146341463414634,0.31543887147335425,0.16666666666666666,1.2608322608322609,0.5586777899678665,2.8454648072672173,0.4623439264889947,0.1511172088639984,1.414543770151559,0.4124277785635281,0.2766346731962783,-0.4653378954369379,0.36233322167651916,0.6251278386770616,0.48137255981872695,14.96871755924315,0.9952572209581801
uncontrolled_hypertension,LBXSCR,LBXTC,Low-High,25.0,45.0,0.3487667676330593,0.28,0.3043298969072165,0.2222222222222222,0.7567735125081685,0.24673305501210308,2.321156965392651,0.6758560843735398,0.27149362153638434,1.68247579519476,-1.0754536929693623,0.027863133947095782,-0.7435436566233201,0.07167197306206864,-0.2371664504006519,0.6473376197181053,-0.5214287703521503,0.2181670295240371
uncontrolled_hypertension,LBXSCR,LBXWBCSI,High-High,23.0,30.0,0.3560804899387577,0.30434782608695654,0.31023368251410155,0.3,0.8217534460628384,0.26281331701160926,2.569423550505704,0.9820714425848512,0.3577721812477768,2.6957498902709442,-0.6498956686496078,0.19090058073616234,-0.24081991860754384,0.5923481568529916,-1.2360177468945235,0.17232937419782857,0.05800631748892767,0.9494897281241581
uncontrolled_hypertension,LBXSCR,LBXWBCSI,High-Low,27.0,40.0,0.35830048182216384,0.4074074074074074,0.3098827470686767,0.275,1.2479035930471485,0.46096169171983276,3.3782923950358765,0.8678400988795936,0.3518695460598575,2.140413814315215,0.17379447481285137,0.693185005448327,-0.30736938094133004,0.4430622215539405,-0.1941715326536755,0.7836398300836073,-0.37052336494735194,0.6271654592003555
uncontrolled_hypertension,LBXSCR,LBXWBCSI,Low-High,25.0,20.0,0.36139896373056996,0.2,0.31777167516673205,0.15,0.4739570440480525,0.1368791396299798,1.6411213586673294,0.4292412091301666,0.09460350975293559,1.9475811848493294,-1.0047320877423758,0.06406677306785802,-0.7007057804298561,0.29234648248209194,-0.6975711212051624,0.2513741190356128,-0.11794332624240716,0.876425294256045
uncontrolled_hypertension,LBXSCR,LBXSASSI,High-High,26.0,37.0,0.3510452961672474,0.38461538461538464,0.31037414965986393,0.24324324324324326,1.17606943583385,0.4227528024343648,3.271744882441771,0.7403604836869723,0.28013672806371975,1.956664695821425,-0.4667543260990059,0.2992332474898294,-0.5472753008765405,0.19668406719061293,-1.0925947281624886,0.1552476574294596,0.09511580148031337,0.9148197611570927
uncontrolled_hypertension,LBXSCR,LBXSASSI,Low-High,28.0,32.0,0.360550064460679,0.6428571428571429,0.31985142385472554,0.28125,3.123996710059843,1.1475146867601203,8.504776066979302,0.8593357751347791,0.31716938060160904,2.3282763708961425,1.2387512210819724,0.005632867654563125,0.18643909190616167,0.6754238293298643,0.7931026345606025,0.10274201542732464,-0.1700173008964899,0.7239024350508868
uncontrolled_hypertension,LBXSCR,LBXSATSI,High-Low,52.0,32.0,0.34640241275312367,0.46153846153846156,0.30899308224442734,0.34375,1.621525846935549,0.7904325371083708,3.326464876938078,1.195759318947201,0.4636443247104189,3.083916426114173,-0.16494423607372746,0.6320512476012403,0.044752115806946345,0.9221632194061331,-0.5498341578794236,0.3965328491897895,-0.10197116261891984,0.9180573072323531
uncontrolled_hypertension,LBXSCR,LBXSATSI,Low-High,25.0,26.0,0.3619948409286328,0.52,0.3204973926995588,0.23076923076923078,1.902979228486647,0.6881113151385774,5.262709483744415,0.6720206226452509,0.20965661493820753,2.1540542252559733,0.6494769841505169,0.15074790478890707,-0.15568391499374687,0.7620856817129599,0.48720974577072845,0.32257212632194554,-0.3414143043926004,0.5363704731945762
uncontrolled_hypertension,LBXSCR,LBXSAPSI,High-High,45.0,42.0,0.35064935064935066,0.5333333333333333,0.3083665338645418,0.42857142857142855,2.1096509475919256,0.9773047148958337,4.553981018243508,1.693007997259588,0.7598022171022273,3.772397624366604,0.42879212750535195,0.2350615561758328,0.3677663599122171,0.33026494841363674,0.0040837813629901526,0.9956849717738298,-0.42398998351948136,0.5570887229141965
uncontrolled_hypertension,LBXSCR,LBXSAPSI,Low-Low,22.0,21.0,0.36379310344827587,0.3181818181818182,0.3196652719665272,0.19047619047619047,0.845986363375924,0.26755202233165276,2.6749673606685005,0.5470802578716247,0.1395430381658239,2.144835116727346,-0.13056231495507986,0.7963506676448237,-0.4397957969801174,0.457353373905919,1.0432441709492997,0.1157091314357544,0.7365417455031883,0.300259331571871
uncontrolled_hypertension,LBXSCR,LBXSAPSI,High-Low,32.0,40.0,0.358974358974359,0.4375,0.3133304757822546,0.4,1.3992413466097677,0.5629945613857661,3.47761147326745,1.4753721037287095,0.6443720992363907,3.3780525988639023,0.24882504187776816,0.5459880262640946,0.42111534339815065,0.2559431781072887,-0.7344118387943542,0.36622392365991996,1.2551023006540065,0.26274830698586515
uncontrolled_hypertension,LBXSCR,LBXSAPSI,Low-High,27.0,35.0,0.35545023696682465,0.5185185185185185,0.3136874757658007,0.22857142857142856,1.947125199093703,0.7303114280591858,5.191342207284259,0.6760289741142119,0.24454870886676175,1.8688104139241675,0.40051469726397204,0.35916812396969255,-0.36521471340064493,0.42985380174484034,-0.04118471500100391,0.92952618611801,0.4384206208203937,0.3807303906237586
uncontrolled_hypertension,LBXSKSI,LBXSNASI,Low-Low,28.0,33.0,0.361929150661545,0.17857142857142858,0.3092,0.21212121212121213,0.41250517183013835,0.12115130479753113,1.4045289654204334,0.6320815699284068,0.21653646127131798,1.845080078881293,-0.9500255561118902,0.07819601690904651,-0.7908543030199013,0.09490937153586254,-0.9971507253510481,0.19232305123580296,-0.2335304429870182,0.7899034309021545
uncontrolled_hypertension,LBXSKSI,LBXSNASI,High-Low,21.0,25.0,0.3666245259165613,0.23809523809523808,0.3123569794050343,0.28,0.5757227646946199,0.1611854155694811,2.0563690617823784,0.8921887109806573,0.29099435390413586,2.7354506550445254,-0.42195060678322566,0.45016607632018657,-0.1715249791626736,0.7335458223573732,-2.749985651896045,0.007227347534780745,0.6642620264877332,0.5801191251355873
uncontrolled_hypertension,LBXSKSI,LBXSUA,High-High,40.0,41.0,0.36168384879725085,0.375,0.31069131832797425,0.21951219512195122,1.072473381043812,0.464357942904238,2.4769666818959637,0.648291979513699,0.24906607476468232,1.6874337105078376,0.134540657942962,0.7307647937902663,-0.632002299466631,0.14787063893900354,-0.45727055218918605,0.48797454861273404,-0.7130197064639223,0.5683745426478594
uncontrolled_hypertension,LBXSKSI,LBXSUA,Low-Low,32.0,29.0,0.35701830863121187,0.34375,0.30827668932427027,0.20689655172413793,0.9630517757566298,0.3732848119333314,2.4846141421731454,0.6204133974986556,0.19702828908255618,1.9535914643939474,-0.21268581854866422,0.6160146155187385,-0.8563529435645001,0.08797695773251014,0.5677318421975749,0.2614933501632851,0.06991549657034761,0.9041985084666204
uncontrolled_hypertension,LBXSKSI,LBXSUA,Low-High,28.0,45.0,0.35833333333333334,0.42857142857142855,0.3077900084674005,0.2,1.356222778241127,0.5128570211222288,3.5864581130141397,0.5851245116038224,0.2273707862031732,1.505781370583278,0.2762718095904963,0.522194194358468,-0.868210652007443,0.03648892571566492,-1.620612832422494,0.042220390663542225,0.09658329072636088,0.8966025112997483
uncontrolled_hypertension,LBXSKSI,LBXTC,Low-High,34.0,51.0,0.3490607252075142,0.3235294117647059,0.30055108096651123,0.35294117647058826,0.9123122164118531,0.35855887751647453,2.321274503030722,1.284665467588064,0.6037577566230709,2.733489293527356,-0.7572215296335201,0.06897421459405118,-0.25093640030161496,0.46830259130638474,-0.830399818554989,0.09176434028782336,-0.5013990832798207,0.22378038453407867
uncontrolled_hypertension,LBXSKSI,LBXWBCSI,High-High,20.0,22.0,0.36594827586206896,0.3,0.31405591727307547,0.13636363636363635,0.7765013902701386,0.2290167282302366,2.6327963627412054,0.3918967483866935,0.08750162055722559,1.7552024798857397,-0.20219872502919153,0.7042047119765684,-1.0860879233926073,0.1018146753716307,-1.4332315582313158,0.06925738921636596,-0.25693452494704117,0.8397234010050274
uncontrolled_hypertension,LBXSKSI,LBXWBCSI,Low-Low,31.0,29.0,0.3626037570991699,0.25806451612903225,0.3124737505249895,0.20689655172413793,0.635646303815953,0.22532321523434026,1.7931850614445892,0.6083620307789035,0.1931564653575963,1.916085800225461,-0.44715603101676826,0.3302093131756355,-0.6240643210010526,0.2076544372260234,-0.6222516848426394,0.2842140591638156,-0.6642113012138344,0.2674279912348423
uncontrolled_hypertension,LBXSKSI,LBXWBCSI,Low-High,33.0,27.0,0.3627664201826881,0.36363636363636365,0.3140096618357488,0.37037037037037035,1.0210124430448535,0.4056622677059929,2.569788939818175,1.3103139013452914,0.476424914575675,3.6037630852867655,0.11473359113963608,0.7833945782307088,0.2888286702695531,0.522310388444376,0.06527190551948597,0.9116106344562886,0.2594936577122537,0.6781888812397119
uncontrolled_hypertension,LBXSKSI,LBXSASSI,Low-High,39.0,41.0,0.358008658008658,0.41025641025641024,0.312579415501906,0.21951219512195122,1.2587388313942278,0.5461971904454385,2.900826795479425,0.6426019478152181,0.24679931016516635,1.673170249380198,0.09520833842081061,0.8049196449417698,-0.5266886738971275,0.21035410223116635,-1.015881976786342,0.026399905557850354,-0.3272289763414458,0.5535055627899628
uncontrolled_hypertension,LBXSKSI,LBXSATSI,Low-High,31.0,30.0,0.3606770833333333,0.3870967741935484,0.31450948062654577,0.23333333333333334,1.1359606518957093,0.4437278939333471,2.908103412694534,0.6953559336203654,0.234680934770636,2.060328739075525,0.11078493314345453,0.7928912926202561,-0.3583355969665927,0.4499594668948983,-0.8276311600314636,0.09164174802812589,0.44426882531927486,0.5241973666041992
uncontrolled_hypertension,LBXSKSI,LBXSAPSI,High-High,32.0,21.0,0.3574796399485641,0.375,0.31314285714285717,0.5238095238095238,1.0956611962764327,0.431824618302095,2.7800023577768296,2.4015342307135623,0.7955133076863969,7.249868236726673,-0.02313421884949139,0.9563125138873815,1.1626718150926578,0.02016834259612629,0.0,1.0,0.0,1.0
uncontrolled_hypertension,LBXSKSI,LBXSAPSI,Low-Low,30.0,29.0,0.3632013919095259,0.3,0.31529209621993126,0.3448275862068966,0.7745118505838309,0.28215940377172904,2.125991899175165,1.1689270566057495,0.43317104214085494,3.154390138620277,-0.10464421916125742,0.8157478923773565,0.3126297586013547,0.4702531022779012,-0.14050231135492153,0.7963794838355857,0.8100941693575255,0.14837286713553774
uncontrolled_hypertension,LBXSKSI,LBXSAPSI,Low-High,22.0,23.0,0.3546130301705291,0.5,0.30837004405286345,0.21739130434782608,1.8194701170671594,0.6177925473947395,5.358548789331949,0.6665555886840767,0.18982044604226883,2.3406137856563722,0.37617532107051355,0.4256660561761644,-0.7403754163906869,0.17442445039919652,-0.10696233176784778,0.8567834195686939,-0.9883190243082073,0.13005975258575916
uncontrolled_hypertension,LBXSNASI,LBXSUA,Low-Low,28.0,28.0,0.36096938775510207,0.35714285714285715,0.3083751447317638,0.42857142857142855,1.0045177608450122,0.36900744093886334,2.7345137791415333,1.6985047472852353,0.6425058473350832,4.490104469112983,0.11076351358768832,0.8063929017653967,0.31513312106966235,0.47783737705663865,-0.012180982837042484,0.9812092446830597,0.24569845390859926,0.6268247960696567
uncontrolled_hypertension,LBXSNASI,LBXSUA,Low-High,21.0,30.0,0.3605995717344754,0.2857142857142857,0.308039376538146,0.36666666666666664,0.7433904470182827,0.22193169212596436,2.490087609499142,1.3242745278673422,0.5048251758048952,3.4738818688314455,-0.29496960759361224,0.5764719447856128,0.04413096902197318,0.918008558693306,-0.5741915076728829,0.5530659764020851,-0.6589674378621748,0.43805986683738285
uncontrolled_hypertension,LBXSNASI,LBXTC,Low-High,21.0,30.0,0.35201026518391787,0.23809523809523808,0.300123507616303,0.5333333333333333,0.613438575187209,0.17171774601376275,2.1914268866396203,2.6525726170499397,1.042153040880597,6.751543403623116,-0.9030665263886771,0.10531705049897896,0.6650665368046165,0.11385451812706084,-0.6518829294006775,0.3135338353360807,0.6403952173818135,0.2226776285565364
uncontrolled_hypertension,LBXSNASI,LBXWBCSI,Low-High,30.0,31.0,0.36402206194314807,0.26666666666666666,0.309422256688639,0.1935483870967742,0.6598459845984598,0.23253719810319468,1.8723745144529165,0.5687011185187913,0.18239731851540836,1.7731673077047057,-0.4624107258760018,0.3249663939656491,-0.9136236723137626,0.07160468624563149,-1.321713261020851,0.03507473896397208,-1.0674883239785857,0.10385163119607303
uncontrolled_hypertension,LBXSNASI,LBXSASSI,Low-High,38.0,43.0,0.3590717299578059,0.2894736842105263,0.309979633401222,0.20930232558139536,0.7462445950995569,0.2999884241726003,1.85634161468476,0.6127399202565493,0.23685022082624743,1.5851799021603257,-0.40954719673029627,0.3320945334547808,-0.816372636608036,0.055620384735740346,-0.022468698393830127,0.969714481990956,-1.3222436947863205,0.011293869058322558
uncontrolled_hypertension,LBXSNASI,LBXSATSI,Low-High,34.0,31.0,0.360794254330376,0.17647058823529413,0.3112346169114728,0.16129032258064516,0.4039604570231899,0.13113230909303028,1.2444229188598777,0.4591435477470327,0.1366277351227743,1.5429722028861446,-1.1762324274621971,0.018847292747735493,-1.080846287516002,0.04203043569794161,-0.9798289359647347,0.12011859495424741,-1.7616333801162027,0.003178910726382768
uncontrolled_hypertension,LBXSNASI,LBXSAPSI,Low-Low,20.0,24.0,0.3668085106382979,0.3,0.3131731565865783,0.4166666666666667,0.7736331834082959,0.22818661030620166,2.6228896676598197,1.5875515646010439,0.5555730204610336,4.536433335398062,0.268912095200627,0.6204446679446723,0.2971717451860199,0.5175559180838462,0.6508105387156247,0.47469378473947255,-0.26431750455681413,0.6496100107104806
uncontrolled_hypertension,LBXSNASI,LBXSAPSI,Low-High,25.0,27.0,0.35814547001276054,0.48,0.30709876543209874,0.3333333333333333,1.6589735135729202,0.5999014444783008,4.587742110089269,1.1582260226328023,0.41183168478444365,3.257368408178567,0.585549687006351,0.2007693258034121,-0.11641016280773855,0.802950802835712,-0.18504319104817135,0.7504150830806213,0.24176823577127135,0.7206120256906436
uncontrolled_hypertension,LBXSUA,LBXTC,High-High,37.0,53.0,0.34919249236141425,0.5405405405405406,0.3006081668114683,0.5094339622641509,2.182618006603016,0.9366744657288446,5.08588793337171,2.4133914583475238,1.185436292485519,4.913345717645081,0.25915379118833043,0.5033477768425986,0.5830993894188268,0.07470796835040114,-0.28181792396439237,0.5727634806147295,0.4237514885141554,0.32408684405990684
uncontrolled_hypertension,LBXSUA,LBXTC,High-Low,40.0,29.0,0.36248912097476066,0.3,0.31553592934564434,0.13793103448275862,0.7711615571622517,0.3195404593537365,1.8610793401488388,0.38267080513069823,0.10204042172946323,1.4350876115312496,-0.1997560597594234,0.6191529488252223,-0.8123192435258156,0.1674853318803332,-0.5604526817905542,0.6497328209981881,-1.641535118894089,0.17359141730770267
uncontrolled_hypertension,LBXSUA,LBXTR,High-High,25.0,44.0,0.3547794117647059,0.44,0.296,0.4772727272727273,1.4415399027523754,0.5145452228747772,4.038590193525228,2.1740725381989856,0.9897089760263204,4.775738642209991,0.4865687461707692,0.341009809604615,0.3436973427824485,0.37932801350921175,-0.8872912907906144,0.13278330224785484,0.877214558354102,0.16708002447139514
uncontrolled_hypertension,LBXSUA,LBXWBCSI,High-High,37.0,42.0,0.35959947757945143,0.35135135135135137,0.3111931119311193,0.38095238095238093,0.9810363346790621,0.4067957040056875,2.365886071272456,1.377681443849603,0.6094288196993043,3.1144017141559113,-0.2551548076352617,0.5264933891949394,0.32498200612613853,0.3923789248892434,-1.1262702650802061,0.04801527934940492,-0.11751550440024446,0.8337958611580306
uncontrolled_hypertension,LBXSUA,LBXWBCSI,Low-Low,24.0,34.0,0.3595456531236348,0.3333333333333333,0.3106365834004835,0.35294117647058826,0.9173888244926497,0.30740738889698405,2.7377424411422875,1.232447612875351,0.4933357349260325,3.0788913329173067,-0.15855908953905196,0.7406143085151263,0.09239282557324727,0.8236301007350149,0.33549565644520535,0.5245189873157813,0.6258224688983346,0.16915472179143742
uncontrolled_hypertension,LBXSUA,LBXWBCSI,High-Low,34.0,30.0,0.359860078705728,0.29411764705882354,0.3105081826012059,0.3333333333333333,0.7621649752797294,0.2927706127012413,1.9841316865225376,1.136909893007454,0.42482753064786777,3.042562008274375,-0.460833340527965,0.282701710495475,-0.04558641969319698,0.9149735206529784,-0.5120438277354129,0.4111156658050692,0.43948607893134073,0.5531939090077462
uncontrolled_hypertension,LBXSUA,LBXSASSI,High-High,40.0,57.0,0.3523809523809524,0.275,0.3114754098360656,0.3333333333333333,0.7162447586644609,0.2904697613168746,1.766127227800043,1.1191929178088347,0.5419143747820352,2.311421961776271,-0.8934907157495398,0.029302517455968707,0.09415948881353052,0.7781336805590503,-1.3925397461995155,0.003718882491990558,-0.4820228160013745,0.24507067951421202
uncontrolled_hypertension,LBXSUA,LBXSASSI,Low-High,22.0,27.0,0.35391304347826086,0.4090909090909091,0.310838445807771,0.2962962962962963,1.2842916581406452,0.4289358339294432,3.8453421996935857,0.9660816938923448,0.3331270344867416,2.8016754650726132,-0.10757032680069432,0.82260170118996,-0.20944777350892918,0.6543540754391671,-0.16499715828813855,0.7688931003614045,0.08808109552453365,0.8737140608558424
uncontrolled_hypertension,LBXSUA,LBXSATSI,High-High,39.0,42.0,0.3559982676483326,0.3076923076923077,0.3118957545187053,0.2857142857142857,0.8220502901353964,0.33899088675115446,1.9934656237757638,0.9038472153226251,0.37768770262674134,2.1630034098669704,-0.43902989565578315,0.27874764935006513,-0.15753563049338037,0.6871173777196906,-0.8202629007760301,0.08096490698272232,-0.5612407936197086,0.2324823764789007
uncontrolled_hypertension,LBXSUA,LBXSATSI,High-Low,28.0,25.0,0.34727668845315907,0.39285714285714285,0.3089334907516726,0.4,1.234769368562472,0.46140755733366906,3.304357220221264,1.514814890864664,0.5378179904414871,4.266618436660451,-0.5116579035401975,0.2392440249780402,0.16476610588395668,0.7320244033008196,-0.5924591779760742,0.4773670601644443,-1.2073718884647122,0.322590643902243
uncontrolled_hypertension,LBXSUA,LBXSATSI,Low-High,21.0,24.0,0.35723598435462844,0.42857142857142855,0.3113582208101668,0.20833333333333334,1.3670759878419452,0.4485480340875966,4.166547648203615,0.6236047784804956,0.1789100971108408,2.173621981227711,0.10232393989613603,0.8336351287447241,-0.7832261419216312,0.1512991230993882,-0.2354677525383807,0.6738696498082036,-0.5286781483768673,0.4161581269536484
uncontrolled_hypertension,LBXSUA,LBXSAPSI,High-High,23.0,34.0,0.34951881014873143,0.30434782608695654,0.3086974275214373,0.5,0.8456990164307236,0.27045885188230456,2.644420108324388,2.238598810310641,0.930295852466627,5.386807455109008,-0.8773028082249984,0.07640133882971326,0.6600389734015583,0.09846618196613598,-2.101826689059201,0.002095740578219422,0.2332738158660675,0.7342092448846117
uncontrolled_hypertension,LBXSUA,LBXSAPSI,Low-Low,29.0,27.0,0.3603642671292281,0.3448275862068966,0.3104872006606111,0.25925925925925924,0.9555021046301864,0.3542099855453015,2.577522682053101,0.8121708127380277,0.26897155590073263,2.452383587010183,-0.039436334216817304,0.9292641758327715,-0.45203679940210006,0.34930038810019326,0.9276488717902001,0.07902237451045072,1.0901962965932275,0.057689607545964354
uncontrolled_hypertension,LBXSUA,LBXSAPSI,High-Low,22.0,49.0,0.3599825251201398,0.2727272727272727,0.31411096548711226,0.42857142857142855,0.7002039803737802,0.21128176429950812,2.3205297236928955,1.6466478914450826,0.7817737450165618,3.4683299300913397,-0.45248071684045477,0.3896583949931932,0.6616629674579665,0.051473182527080975,0.007806262686490152,0.9922119136516949,0.5500348843533595,0.3475298764081197
uncontrolled_hypertension,LBXSUA,LBXSAPSI,Low-High,35.0,25.0,0.3513864818024263,0.45714285714285713,0.30597302504816953,0.32,1.5614484098772454,0.6548589403305503,3.7231241517104414,1.1013395666636698,0.37305957369585785,3.251354278573732,-0.06841948504460857,0.8623536545141659,-0.2836870421794115,0.5581815911796234,-0.2870858564959867,0.5167463086828852,0.6086985675510082,0.3059567378776591
uncontrolled_hypertension,LBXTC,LBXTR,High-High,27.0,69.0,0.3536918869644485,0.5925925925925926,0.2874564459930314,0.4057971014492754,2.6202786637569244,0.9612429125422448,7.142690142267271,1.7007637205402548,0.8889588772554389,3.2539156839701073,1.3323501079416802,0.00891746283579648,-0.5433110270514321,0.12532395681053463,0.3915492312420576,0.4050801926880613,0.0012988771221759527,0.9968507446897782
uncontrolled_hypertension,LBXTC,LBXWBCSI,High-High,27.0,28.0,0.35235191637630664,0.48148148148148145,0.3008230452674897,0.32142857142857145,1.7108261804860385,0.6416216146377196,4.5617637452707775,1.1318681318681318,0.4058826026890033,3.156394138233815,0.1473760492698474,0.7358281884820881,-0.3609184155038483,0.42438124694569745,-0.11876526291633122,0.8102878130723113,-0.11185776178600816,0.8257324480791557
uncontrolled_hypertension,LBXTC,LBXWBCSI,Low-Low,28.0,24.0,0.36704446381865735,0.14285714285714285,0.32058359621451105,0.20833333333333334,0.3166596015260704,0.08409654747844174,1.1923593327580404,0.5975603990355066,0.17145707910477703,2.0826111838593966,-1.0255710348218292,0.07540997306405553,0.035238174395772176,0.9497694790252138,-0.394603282844941,0.6696546833337826,-1.0856121579328062,0.14220312229672466
uncontrolled_hypertension,LBXTC,LBXWBCSI,High-Low,28.0,46.0,0.3513749454386731,0.2857142857142857,0.302771855010661,0.43478260869565216,0.7651814506971885,0.26591956464207633,2.2018035915451786,1.7807151487790953,0.8273972038545259,3.8324355295366406,-0.7578543312011374,0.10337034748561345,0.17931980098878872,0.6066078012473752,-0.560248723380677,0.26419366678029277,0.005124660407082821,0.989038014975085
uncontrolled_hypertension,LBXTC,LBXSASSI,High-High,34.0,50.0,0.3493714781100997,0.5882352941176471,0.30308293530178027,0.42,2.6321268999722083,1.0797556407219266,6.416351770966597,1.6751756184560131,0.7994573086108816,3.5101478496024976,0.5643074530321206,0.16177807640971864,0.3206468824185474,0.34269598398287426,0.03809720896511285,0.927725664305415,0.27538589061801155,0.4489498941981618
uncontrolled_hypertension,LBXTC,LBXSASSI,Low-High,27.0,33.0,0.36257056013894917,0.3333333333333333,0.3198558847077662,0.18181818181818182,0.9025668397302148,0.3208590054155698,2.538893677381751,0.5024390243902439,0.16248467276392967,1.5536540704795692,-0.0968594893014351,0.8330361667279673,-0.19689210082436814,0.7013333956927065,-0.834600902030323,0.20193694227640302,-1.4314694857101218,0.021347441456144815
uncontrolled_hypertension,LBXTC,LBXSATSI,High-High,36.0,41.0,0.3502164502164502,0.4444444444444444,0.3037974683544304,0.3902439024390244,1.492926979918348,0.6321612219691222,3.5257318701478124,1.4822631342613382,0.6515545515741431,3.3720952357436302,-0.09195304272847434,0.8146736823823698,0.14236182188702082,0.7023400877442654,-0.23577690182395614,0.5589545202585695,0.3851069628678436,0.32320580134846866
uncontrolled_hypertension,LBXTC,LBXSATSI,Low-High,21.0,22.0,0.3658112222705524,0.3333333333333333,0.3214982442450254,0.18181818181818182,0.8964902575450243,0.27992150706088254,2.8711433798416266,0.5131857145198565,0.1319294447221116,1.9962153114642511,0.07693028649844587,0.8805473967997736,-0.06728493251040348,0.9115899361618284,-0.7590003007355793,0.26801913518750076,-1.4489043316966796,0.048173967300529884
uncontrolled_hypertension,LBXTC,LBXSAPSI,High-High,22.0,33.0,0.34338138925294887,0.5,0.2988929889298893,0.5151515151515151,1.9116338207247299,0.6490324580468345,5.630448553429556,2.486863148275074,1.01996623858791,6.063424537277543,-0.1808670697350217,0.7010562765351886,0.5345711893347856,0.18560529020849148,0.11292772700137474,0.8278221766852194,1.1825454555365156,0.014007672570321886
uncontrolled_hypertension,LBXTC,LBXSAPSI,Low-Low,27.0,20.0,0.3688097306689835,0.25925925925925924,0.3218344155844156,0.25,0.6259779784378185,0.20734776681583283,1.8898126346214257,0.7474642762770087,0.20713075581562265,2.697343724307372,-0.2770408551777279,0.5696196896684579,0.33862102519117704,0.5526066668295997,0.8021272520336112,0.4787570397497899,1.3678352304465455,0.23716675905769513
uncontrolled_hypertension,LBXTC,LBXSAPSI,High-Low,21.0,46.0,0.35340314136125656,0.42857142857142855,0.3025911286780852,0.391304347826087,1.3901295496607033,0.4560894971831139,4.237019656832863,1.4954772718598528,0.6868895567469714,3.255912466104398,-0.12506912988948732,0.7978812818022173,0.022257223335166595,0.9490356059945037,-0.1393933350897195,0.8020429586037736,0.3027381270891868,0.45521420131065626
uncontrolled_hypertension,LBXTR,LBXSATSI,High-High,25.0,44.0,0.3510540788267644,0.28,0.2990325417766051,0.38636363636363635,0.7489693082913422,0.2426688161833984,2.3116073733118907,1.4904552129221733,0.666251892380935,3.334259560281661,-0.588273209358156,0.27824908122956427,0.1728867358007041,0.6703677199256182,-1.1251722232169137,0.039282276666744415,0.10104544634459427,0.8103761390631995
uncontrolled_hypertension,LBXWBCSI,LBXSASSI,High-High,26.0,27.0,0.3585069444444444,0.34615384615384615,0.3142504118616145,0.2962962962962963,0.9711001642036123,0.34182533576307517,2.7588227970612342,0.9508672946786896,0.3278787617323392,2.757569924055231,-0.3099723038350177,0.5019571548912589,-0.059007369498371605,0.8999985439232228,-0.9305194071054267,0.09469718549505068,-0.03227162660715931,0.9536921358365236
uncontrolled_hypertension,LBXWBCSI,LBXSASSI,Low-High,28.0,51.0,0.358695652173913,0.2857142857142857,0.3135918193438432,0.2549019607843137,0.7411177261378913,0.25757708784784844,2.1323926308237686,0.7672388711085248,0.33696640921479504,1.7469263085052866,-0.5137637399660308,0.2720623641780058,-0.36304014578155996,0.32757069281830264,-0.28832399349191246,0.588552727589444,-0.3654776084252873,0.3855942323494631
uncontrolled_hypertension,LBXWBCSI,LBXSATSI,High-High,26.0,20.0,0.3612315698178664,0.3076923076923077,0.315178213856628,0.25,0.8122537654631237,0.2777099177387162,2.375702621214111,0.7707322068612391,0.2135807911885405,2.781280710627258,-0.4094763379684086,0.3872707484969462,-0.3133180560075084,0.5769836794966273,-1.017135539344309,0.06104810160092723,-0.25853046842186217,0.689481548932623
uncontrolled_hypertension,LBXWBCSI,LBXSATSI,Low-High,23.0,41.0,0.36193379790940766,0.2608695652173913,0.31620389556568584,0.3170731707317073,0.6546344815737479,0.19944831699418913,2.1486584139880973,1.0239892461999793,0.43394803774752516,2.4163122888534865,-0.41856411094169305,0.4195985853054953,0.15393417476990293,0.6925317131950638,-0.3084892868733348,0.5999746425082577,-0.15412561481295775,0.728151738150996
uncontrolled_hypertension,LBXWBCSI,LBXSAPSI,High-High,42.0,31.0,0.35809935205183585,0.5238095238095238,0.31102514506769824,0.45161290322580644,1.9668769020420764,0.8887309783970516,4.3529536404415605,1.8348042262274706,0.730251943193157,4.610061746445393,0.6953836526705438,0.06350377263886978,0.680694508277676,0.11156932821575605,0.04000875116131273,0.930917342557965,1.6290620983632367,0.013041383093900079
uncontrolled_hypertension,LBXWBCSI,LBXSAPSI,Low-Low,37.0,58.0,0.3659592897358164,0.2972972972972973,0.31533847472150817,0.3275862068965517,0.7516708880532899,0.3006320403694599,1.8794042153739068,1.0714635592564903,0.5204348452276932,2.205913322948841,-0.1438737968316189,0.7308992367457013,0.13206659505817592,0.6943254860030008,0.45713510031482457,0.36701214826385786,0.40620913339992054,0.291161606697526
uncontrolled_hypertension,LBXWBCSI,LBXSAPSI,Low-High,24.0,29.0,0.3567685589519651,0.4166666666666667,0.3103309120258273,0.3793103448275862,1.3052198671306547,0.45680248519055944,3.729399372338991,1.3809774686967669,0.5215374374058618,3.656686236244284,-0.00476618165189537,0.9917752313996558,0.17048336709474254,0.6958682790260773,-0.22327133365698099,0.6948695892229201,0.6385662270737135,0.2535232090562747
uncontrolled_hypertension,LBXSASSI,LBXSATSI,High-High,172.0,226.0,0.357230643179025,0.38372093023255816,0.31787819253438115,0.3185840707964602,1.1232280022061691,0.7401967686314214,1.704467242234466,1.006624409570013,0.6865019038244587,1.4760231490942526,-0.34114064381094894,0.3150097391094886,0.6342505447668927,0.06877784522936521,-0.43428227138673187,0.04012609386244335,-0.22599806444365808,0.23982907928224184
uncontrolled_hypertension,LBXSASSI,LBXSAPSI,High-High,49.0,51.0,0.35150214592274676,0.4489795918367347,0.31146213041717297,0.37254901960784315,1.5090687226135673,0.7194572597006046,3.1652865807737016,1.3259259259259257,0.6286295937306543,2.796685963524331,0.017929967070013358,0.9597818871872027,0.23032760035570132,0.5204643407765115,-0.2811890600354549,0.48296511962690136,-0.3197168801407235,0.4033784050039535
uncontrolled_hypertension,LBXSASSI,LBXSAPSI,High-Low,22.0,46.0,0.3610749891634157,0.45454545454545453,0.3145478374836173,0.2391304347826087,1.4859988002399518,0.5025668928634883,4.393827897681244,0.7056621477651475,0.29220104732217894,1.7041659205261999,0.47878036413095687,0.31976916400114164,-0.2915711908854345,0.45316817921706376,-0.2521576346215433,0.6576778431510477,0.36066497147749205,0.5088589794179714
uncontrolled_hypertension,LBXSATSI,LBXSAPSI,High-High,38.0,36.0,0.35501938819474366,0.5,0.3110671936758893,0.2777777777777778,1.8162522741055185,0.7899906218381765,4.175710738841145,0.8772327044025158,0.3406753517299449,2.258857923726069,0.41034462749809736,0.2870246617426022,-0.40649185200660615,0.3441613384246749,-0.035825597552494336,0.9322222078850019,-0.8530514867691779,0.0691575343207367
uncontrolled_diabetes,BMXBMI,BMXWAIST,High-High,79.0,64.0,0.39855072463768115,0.46835443037974683,0.3543307086614173,0.296875,1.3309681849393453,0.7294089724631351,2.4286461727207054,0.7803010298389225,0.3783057908905518,1.6094643852381207,0.6775458749974836,0.24328787715495437,0.006501673649032578,0.9920921261422263,-0.8300107056482139,0.020619308032250372,-1.3899873667106084,0.0012182565766889883
uncontrolled_diabetes,BMXBMI,BMXWAIST,Low-Low,73.0,64.0,0.40644490644490644,0.410958904109589,0.34338138925294887,0.40625,1.0235169771436121,0.5443507511095648,1.9244705741029522,1.3150030921459495,0.6667543351713346,2.593508644992988,0.7722437437618821,0.17071004491720254,0.5021132364933044,0.4640766981673998,1.5144769630775745,0.00014600087043485595,2.4904765738160966,3.7500923847339705e-11
uncontrolled_diabetes,BMXBMI,LBDHDD,Low-High,23.0,20.0,0.4219590958019376,0.30434782608695654,0.3592644978783593,0.4,0.622466705269253,0.19763792749748108,1.9604779511447634,1.2117092337917486,0.37876855807232934,3.87634938530408,0.18233301588916404,0.7474725169219794,0.08302092447809696,0.8894211284640408,2.226205423029691,0.04359413643145473,1.4604499209876038,0.022029081637743878
uncontrolled_diabetes,BMXBMI,LBXHSCRP,High-High,37.0,25.0,0.39439655172413796,0.4864864864864865,0.3655761024182077,0.28,1.4560814356175884,0.6200213302932666,3.4195164642922,0.7029651010233534,0.22636057625572736,2.1830653616047697,-0.1761064618803243,0.7091387095760134,-0.6188557407856465,0.28653991193430983,-1.0749322733729478,0.02436185344078962,-1.526561858819465,0.0098630364696491
uncontrolled_diabetes,BMXBMI,LBXHSCRP,Low-Low,39.0,30.0,0.4150537634408602,0.23076923076923078,0.36903039073806077,0.4666666666666667,0.43880559031238736,0.16595668281042794,1.1602446061744482,1.5013342821562,0.5810918503025072,3.878912818350616,-0.7106798705151052,0.16964280906877294,0.5508149186654954,0.30198756536622406,0.9005263294197193,0.19864576516038868,3.0754617324780655,1.1750304983259746e-06
uncontrolled_diabetes,BMXBMI,LBXPLTSI,High-High,26.0,22.0,0.40471092077087795,0.34615384615384615,0.3755522827687776,0.18181818181818182,0.7981505944517833,0.2786864508115166,2.2858821071806816,0.40413603427302064,0.10276836528656864,1.5892627438656945,-0.5554657762350413,0.2842115953943747,-0.8498680830420227,0.18887693021153285,-0.46226265142864525,0.5790710422633653,-1.917744982684324,0.008830760263328703
uncontrolled_diabetes,BMXWAIST,LBXHSCRP,Low-Low,37.0,30.0,0.4176931690929451,0.32432432432432434,0.37260677466863035,0.36666666666666664,0.6831246554846838,0.27595937521986896,1.6910434536216064,0.9922116016790573,0.37264364782198217,2.6418909010273106,-0.05374360550268934,0.9154690060157931,0.024924948245634994,0.9651534142369187,1.4962459370186918,0.029071543148090344,3.0556100580456453,1.3423752329959688e-05
uncontrolled_diabetes,BMXWAIST,LBXSAL,Low-High,20.0,21.0,0.42255125284738043,0.2,0.3661360347322721,0.38095238095238093,0.372568212406705,0.09361745031829519,1.4827051198680345,1.0891226532252174,0.34620643991513816,3.4262452023107794,-0.5409572379941245,0.4056299315021117,-0.25778538341487234,0.6854510992761504,0.0,1.0,0.0,1.0
uncontrolled_diabetes,LBDHDD,LBXTR,Low-High,24.0,25.0,0.39549180327868855,0.625,0.35446685878962536,0.56,2.491636066911465,0.8395517975463653,7.394719787484198,2.2920260517514524,0.7962065269147135,6.598016022631868,0.3385152572779622,0.6007526132369669,1.0796985588513763,0.13992066332933004,-0.8897423061035936,0.15185439756515912,0.11309348990222085,0.8506716249463928
uncontrolled_diabetes,LBDLDL,LBXTC,High-High,44.0,32.0,0.378,0.6590909090909091,0.3397790055248619,0.375,3.128521576304366,1.3475874046877139,7.263088998423904,1.1824824725980054,0.4493950350726572,3.1114380197267297,-0.23525969366098898,0.804656966604971,-0.5682021284626397,0.581953359200331,0.5355342156098849,0.22545845096182582,-0.5948081762616174,0.17747361124144845
uncontrolled_diabetes,LBXGH,LBXSNASI,High-Low,25.0,24.0,0.3313008130081301,1.0,0.3088042049934297,1.0,102.85911179173047,2.587452346951648,4088.962987491659,109.54777070063695,2.7478642967854534,4367.2877439829135,0.21641238358684617,0.9999972417939232,1.2196573358356735,0.999967093257949,-123.56774186661349,1.0,-0.5737360391161962,0.9999803577665844
uncontrolled_diabetes,LBXGH,LBXSUA,High-Low,21.0,21.0,0.33404482390608325,1.0,0.3095890410958904,1.0,85.65709728867624,2.1402222599188154,3428.213253047874,95.77704194260485,2.389625214311079,3838.7784445604366,0.9462431087478258,0.9999963861563077,1.5044113825585959,0.9999889794612925,-1.9998352770692736,0.9986726393216472,0.3922799332491771,0.9999987127837292
uncontrolled_diabetes,LBXGH,LBXTC,High-High,28.0,25.0,0.3372340425531915,1.0,0.2974137931034483,1.0,111.93543307086615,2.825828275353471,4433.935807792523,120.31084337349398,3.020245157876669,4792.557649001438,0.4336350551471907,0.9993293781543257,1.0377261610806523,0.999967151002723,0.0,1.0,0.0,1.0
uncontrolled_diabetes,LBXHGB,LBXSCR,Low-High,40.0,26.0,0.40799158780231337,0.325,0.36923076923076925,0.2692307692307692,0.712039312039312,0.2974900911926137,1.7042583833864682,0.6565362803548059,0.2132194204392549,2.021578928102027,-0.6395773287941715,0.19062453732395246,-0.8444701493433779,0.14822819511077212,-0.8472903643837407,0.29235036576545603,-0.6539062171130641,0.44319251356519296
uncontrolled_diabetes,LBXHSCRP,LBXPLTSI,High-High,29.0,26.0,0.39828693790149894,0.5172413793103449,0.3746397694524496,0.34615384615384615,1.6142096736866465,0.6200830655573321,4.20213519019676,0.9054565396216068,0.3144667128312135,2.607117102354742,0.1507507629473959,0.7589873115558063,0.023931721995374085,0.9642095415198793,-0.5639256049188707,0.3484807736487363,-0.8849404895246338,0.10131380826914317
uncontrolled_diabetes,LBXHSCRP,LBXSAL,High-Low,31.0,21.0,0.38883143743536713,0.41935483870967744,0.35994587280108253,0.5238095238095238,1.1464412619791107,0.44891292161303387,2.927800702295702,1.9459483605825072,0.6367663598759317,5.94678874491981,-0.9711269345871456,0.05687193865311355,-0.1372490710693654,0.8246167300129021,-0.8475896228349473,0.1842880553953552,0.07466629996349027,0.9132397941087
uncontrolled_diabetes,LBXHSCRP,LBXSAL,Low-High,23.0,25.0,0.4299465240641711,0.34782608695652173,0.38687150837988826,0.36,0.7268683630534962,0.23894115876210253,2.211162028112951,0.911875511875512,0.3135455083541764,2.6519816964463025,0.9160608645035103,0.09918719651472849,0.5808907913271849,0.3232978123513507,1.9685283131015034,0.07309025586678192,1.79416144160402,0.012924289552051734
uncontrolled_diabetes,LBXHSCRP,LBXWBCSI,High-High,30.0,25.0,0.3895410885805763,0.43333333333333335,0.3672627235213205,0.52,1.2083251905413328,0.4678081660819231,3.12104377810511,1.859214953271028,0.6635215347333112,5.209597671695664,-0.6353497842330509,0.19400120955026046,0.6707515228977563,0.21940501847666816,-1.1804687286968878,0.031357253661679574,-0.35299947255950115,0.5369163004905867
uncontrolled_diabetes,LBXHSCRP,LBXSAPSI,Low-Low,20.0,28.0,0.43418259023354566,0.15,0.4036144578313253,0.10714285714285714,0.2605616605616606,0.05711251948567885,1.1887477485855669,0.20268740643370944,0.04602709399278718,0.892565251529059,0.10050407593651835,0.8897937726541313,-0.7864021957922913,0.2633571837056866,-0.4019867775781023,0.6730382231036123,-0.09445518783352853,0.9201681116309953
uncontrolled_diabetes,LBXPLTSI,LBXWBCSI,High-High,31.0,27.0,0.4012539184952978,0.3870967741935484,0.37254901960784315,0.4074074074074074,0.9561201693841487,0.3702606002606174,2.468979355782695,1.172949002217295,0.42746688404093836,3.2185168329221665,-0.4797101823960791,0.32659864136461325,0.2094063728637024,0.690173699071847,-0.8177963060380262,0.14873209300332293,-0.2374113703080446,0.6731960258211744
uncontrolled_diabetes,LBXSAL,LBXSCA,High-High,20.0,26.0,0.4222903885480573,0.4,0.3652530779753762,0.2692307692307692,0.9299637243047159,0.29232143607220235,2.9584984944760837,0.667864845434939,0.2169653466865655,2.055828078445183,0.8472938011747265,0.15697370054492396,-0.9748599397554304,0.10480063351637332,-0.2049806836334794,0.7843561081255398,1.0075407029409988,0.2317982514121376
uncontrolled_diabetes,LBXSBU,LBXSCR,High-High,64.0,52.0,0.40060544904137235,0.421875,0.37333333333333335,0.46153846153846156,1.0967714884696016,0.5623986549918765,2.138887935173317,1.4419426462770117,0.6908471009057978,3.0096364194424923,-0.5668100503614399,0.27433863947066284,0.824661569379976,0.20997201242141883,-0.4684837479539409,0.4193949555099631,-0.04917059109366174,0.9239974120126209
uncontrolled_diabetes,LBXSBU,LBXSCR,Low-Low,26.0,26.0,0.394655704008222,0.5,0.35988620199146515,0.38461538461538464,1.5331599479843954,0.5607675908128387,4.191717682358076,1.1308947462793617,0.40098203178102954,3.1894768987071793,-0.1938818516645786,0.7156158090821355,-0.8188577148484383,0.14759164337088346,0.054647369134575914,0.9249275904768945,-0.4539173592245414,0.35154146232950967
uncontrolled_diabetes,LBXSBU,LBXSKSI,High-High,37.0,20.0,0.40332640332640335,0.4864864864864865,0.3739946380697051,0.5,1.4029304029304028,0.5978341044893404,3.292240607697811,1.6726296958855098,0.5344012876546566,5.235185925236748,0.32402326084774274,0.5046875049046398,0.7605784139585292,0.2212683254007768,-0.9411285081829106,0.1761059466718704,-0.3325685177329381,0.6327168193890711
uncontrolled_diabetes,LBXSBU,LBXSUA,High-High,28.0,21.0,0.418848167539267,0.5357142857142857,0.3672627235213205,0.5238095238095238,1.5925001155962453,0.6014367313215575,4.216664008201645,1.8854472630173564,0.6168852465077086,5.7626785560922285,1.34294362405754,0.009773239122413655,0.48722634049478797,0.40747154375117833,-0.6265557223684192,0.33638310747093936,0.7510945747626885,0.37630913210704964
uncontrolled_diabetes,LBXSCR,LBXSKSI,High-High,42.0,20.0,0.3968586387434555,0.4523809523809524,0.37796373779637377,0.5,1.2605331763518628,0.5622979903138168,2.825803961698194,1.6445672191528546,0.5251207796255305,5.150436705705752,-0.34459520364182766,0.45921588238292543,0.9948502111440768,0.0962873627230713,-0.5819811661718238,0.39086770181631003,-0.43394892550811526,0.508575099523539
uncontrolled_diabetes,LBXSCR,LBXSUA,High-High,31.0,38.0,0.4090909090909091,0.3870967741935484,0.36923076923076925,0.42105263157894735,0.9255583126550868,0.3583959724805556,2.3902561856255473,1.2517958412098298,0.530552644628233,2.9535105402560817,-0.01408162915953536,0.9774868584659315,0.09424226714460335,0.8545073819979456,-0.7443433294371524,0.2441268243846858,-0.6826232754310013,0.1767182500753094
uncontrolled_diabetes,LBXSASSI,LBXSATSI,High-High,79.0,58.0,0.3867069486404834,0.5316455696202531,0.36181575433911883,0.41379310344827586,1.7965322930212395,0.9849441964109187,3.276864102178666,1.25158139162463,0.61646259614627,2.541039780277873,-0.7810596945084878,0.15622336633223458,-0.7028789129158263,0.24441954145432276,-0.24443403476985082,0.4799344530533941,-0.7895852773602386,0.019000642995707032
statin_associated_diabetes,BMXBMI,BMXWAIST,High-High,133.0,117.0,0.38071995118974983,0.6090225563909775,0.3110838946723821,0.6153846153846154,2.524328033855656,1.5709145911410627,4.056383496878068,3.5268025975990573,2.1257322494990514,5.85131855875201,-0.5730149866705536,0.1834247918686952,-0.5373041321974384,0.2317564345477401,0.01997563469232152,0.9305581440675282,0.19716032224754226,0.426474928178762
statin_associated_diabetes,BMXBMI,BMXWAIST,Low-Low,122.0,124.0,0.42953431372549017,0.20491803278688525,0.3667083854818523,0.14516129032258066,0.3472887767969735,0.19304073639648944,0.6247877869747468,0.2998811282014337,0.15461161047425087,0.5816425479012877,-0.09353174605411901,0.83649929982313,0.149251848675925,0.7656934062020853,0.13466909542795316,0.646570667695469,0.008418945654677022,0.9777299146347883
statin_associated_diabetes,BMXBMI,LBDHDD,High-Low,23.0,24.0,0.37209302325581395,0.6956521739130435,0.30579613590939375,0.5416666666666666,3.7111882046834346,1.1839626336340072,11.632899129854641,2.663339168283106,0.9378661882074986,7.563312991236197,-0.5541449385107335,0.2789664235037804,-0.3371859597105272,0.47874737663336464,-0.03452607106239597,0.947944328519333,0.10086228643647564,0.8435088879684168
statin_associated_diabetes,BMXBMI,LBDHDD,Low-High,46.0,31.0,0.44472681067344344,0.17391304347826086,0.3509336767546684,0.16129032258064516,0.27561945549097583,0.10293373438837639,0.7380096009974388,0.38370544592982037,0.1138759223289445,1.2928972712151638,0.15642240488664882,0.7440004398842734,-0.06735696155948338,0.9066123022981897,0.1305325346538472,0.8131226159783805,-0.4121336267798369,0.468459654183072
statin_associated_diabetes,BMXBMI,LBXGH,Low-Low,24.0,26.0,0.4643533123028391,0.0,0.3884795713328868,0.038461538461538464,0.02353935464206049,0.0005923775445474316,0.9353852489260386,0.0925672594619243,0.010584046814254719,0.8095861322864513,-22.373138845951146,0.9997494822301357,0.4746665745282293,0.663159473909718,-8.972329020784784,0.8929484976144437,0.18630715252856647,0.8677308963671501
statin_associated_diabetes,BMXBMI,LBXHGB,Low-Low,22.0,20.0,0.4216250799744082,0.36363636363636365,0.3344262295081967,0.1,0.8039789809416746,0.2621678945188212,2.4655276840147544,0.2688143579426635,0.04711558150425036,1.5336998234778794,-0.041405079335820265,0.9355572376680595,-1.6943190603241056,0.03233891462130059,-0.24595706433353473,0.6747374078367666,-1.7340173128763476,0.03125108519748225
statin_associated_diabetes,BMXBMI,LBXHSCRP,High-High,62.0,43.0,0.3828972559029994,0.5967741935483871,0.30971128608923887,0.5581395348837209,2.369349071851888,1.2068479316080098,4.651634126600797,2.798670465337132,1.2642501292306945,6.195416707860276,-0.5151073383532686,0.16240894499878222,-0.2270501169079536,0.5713130341163897,-0.23717917644939726,0.4479644280567925,0.13820890558266416,0.7043457228031871
statin_associated_diabetes,BMXBMI,LBXHSCRP,Low-Low,46.0,43.0,0.43316195372750643,0.2826086956521739,0.35169210351692104,0.18604651162790697,0.5272562318135048,0.22743536636304296,1.2223214816222605,0.441186231431947,0.16337346071483067,1.1914131582538856,0.3480037080699851,0.41364595744918764,-0.0410230588228553,0.9323100275891429,0.482835599861196,0.2804747964280524,0.46536456696862727,0.3255523785076586
statin_associated_diabetes,BMXBMI,LBXPLTSI,High-High,37.0,30.0,0.3903061224489796,0.6486486486486487,0.31389830508474575,0.5666666666666667,2.834074074074074,1.17169274745316,6.855018839023675,2.831715210355987,1.1014622710099036,7.27996885922328,0.09159282869109223,0.8270781432687232,-0.05943490263002584,0.8921193560072067,0.39750250692561445,0.3293795100700443,-0.03657357611055717,0.932311387023195
statin_associated_diabetes,BMXBMI,LBXPLTSI,Low-High,21.0,22.0,0.4259020618556701,0.3333333333333333,0.35318559556786705,0.13636363636363635,0.6970834310735788,0.21718818348013524,2.2373469039201077,0.32856174188201615,0.07315757650335773,1.4756204809981623,0.08973393811899619,0.8645325611728037,-0.3839434474569506,0.5668742711708126,0.5237146964902821,0.42778506723152276,-0.6877856879469889,0.3029631816600027
statin_associated_diabetes,BMXBMI,LBXSAL,High-Low,29.0,23.0,0.38952020202020204,0.7586206896551724,0.29968847352024924,0.6521739130434783,4.700404858299596,1.5737122760869293,14.03929178646505,4.2586891454401075,1.40578340984213,12.901299809425208,0.658920056342174,0.19144634570218677,-0.65039537284003,0.22522215300600634,0.20196971415748116,0.6789702796367424,0.109127207123907,0.8322767207442907
statin_associated_diabetes,BMXBMI,LBXSBU,High-Low,21.0,28.0,0.3932291666666667,0.5714285714285714,0.30847212165097754,0.5,2.0297331417874713,0.6643193024519012,6.201560923587233,2.2403282532239155,0.8506372183843204,5.900365718450954,-0.24198466909127414,0.628627722812002,-0.3812690902027439,0.38733623374563086,0.12932976619343353,0.7969223011569656,0.17156689685668386,0.6950413021719271
statin_associated_diabetes,BMXBMI,LBXSUA,High-High,36.0,30.0,0.3929032258064516,0.6111111111111112,0.3009966777408638,0.5333333333333333,2.3969618964102852,0.9964280503038371,5.7660222743537375,2.640953503402654,1.0331990038017516,6.750524711571472,0.06945336837629676,0.8687465668313159,-0.6037635204313444,0.17249794750407776,-0.0031784486707584192,0.9943006136477275,-0.27642162644167617,0.5619263912059724
statin_associated_diabetes,BMXBMI,LBXSUA,Low-Low,36.0,28.0,0.4282067645181876,0.1388888888888889,0.345075016307893,0.21428571428571427,0.23310758902717205,0.07037341740915665,0.7721544592062203,0.5480432273633407,0.17259601964122817,1.7401987582515552,-1.0124022265159662,0.06481657386968444,-0.046404143726219316,0.9321777270312942,-0.26665344249038553,0.6605301971159776,0.1665142803752578,0.7595991322454029
statin_associated_diabetes,BMXBMI,LBXWBCSI,High-High,41.0,25.0,0.3893129770992366,0.6341463414634146,0.3079896907216495,0.56,2.681053324555629,1.1639105623652488,6.175772573541692,2.831357048748353,1.0138618901485659,7.906977089672712,-0.10854015920414595,0.7887087728388549,-0.3710956090275966,0.4362101945866361,0.11923969565044662,0.7626761228701815,-0.10639815343072069,0.8297284131691465
statin_associated_diabetes,BMXBMI,LBXWBCSI,Low-Low,23.0,32.0,0.4446564885496183,0.17391304347826086,0.3579920739762219,0.15625,0.28817287073184145,0.07444405925908452,1.1155168626259007,0.35852534562211985,0.10678943629415683,1.2036810747777478,-0.0455190492210036,0.9402513812204789,-0.021214632950129153,0.9697835886384535,-0.7657200998567386,0.2218260865089694,-0.21947529894598847,0.7040918176476463
statin_associated_diabetes,BMXBMI,LBXSAPSI,Low-Low,26.0,34.0,0.43024010382868266,0.2692307692307692,0.33967582804792107,0.08823529411764706,0.509245840820822,0.16703473014485004,1.552559316068088,0.21588946459412778,0.05020910971203314,0.9282829588107392,0.0963776685545857,0.8500433885218452,-1.2811627753946955,0.051001729131997985,0.6808375052101423,0.287222681967535,-0.4425091321290359,0.5401689324340333
statin_associated_diabetes,BMXWAIST,LBDHDD,High-Low,30.0,37.0,0.363758389261745,0.7333333333333333,0.3091286307053942,0.5405405405405406,4.6280834914611,1.6254768361461316,13.17715289915652,2.6164086193136473,1.1170757753229714,6.128137602160008,-0.41448313032041245,0.38939869132529903,-0.19094660756041668,0.6470329813386815,-0.025548365985030463,0.959135741451723,-0.5156467736096373,0.23698984093492015
statin_associated_diabetes,BMXWAIST,LBDHDD,Low-High,47.0,36.0,0.4372093023255814,0.2127659574468085,0.3538149898717083,0.19444444444444445,0.36036446469248296,0.14515595237571935,0.8946415581840259,0.4641224087508684,0.16036717803734699,1.3432275415767603,0.3572313069934812,0.43485816372023933,0.23732366695169585,0.6502355173055273,0.32965803089961376,0.4981285687864474,0.12652843675097886,0.8062868564457553
statin_associated_diabetes,BMXWAIST,LBXHSCRP,High-High,48.0,41.0,0.3731543624161074,0.5833333333333334,0.3100828729281768,0.5365853658536586,2.3345605154164746,1.0932662985604797,4.9852198017243925,2.565671258663472,1.1409924435108467,5.7692485563505205,-0.7501832297534387,0.05572931930359898,-0.2878013816749882,0.4757426950257312,-0.3218524969504455,0.36526182251673844,-0.09958745940414794,0.7950578592884149
statin_associated_diabetes,BMXWAIST,LBXHSCRP,Low-Low,48.0,51.0,0.425503355704698,0.2916666666666667,0.3570934256055363,0.23529411764705882,0.5673416246959263,0.2505189699048594,1.2848389055521572,0.569497714656831,0.2439366676809086,1.3295567660356966,0.27551188697991713,0.5117282118018209,0.580988979070317,0.19580620451304842,1.0684843743106707,0.019776664784910563,0.9620133874515155,0.02314949209915691
statin_associated_diabetes,BMXWAIST,LBXPLTSI,High-High,27.0,23.0,0.37877770315648085,0.6666666666666666,0.31379556826304505,0.5652173913043478,3.192718288191693,1.1314629153834903,9.00908896717909,2.809848854217455,0.9635207909116257,8.194167326765346,-0.06160103461113764,0.8966499304860103,-0.03511499433800426,0.941866600053964,0.4016650168837263,0.406337939992499,-0.1599208466647875,0.7489277146149117
statin_associated_diabetes,BMXWAIST,LBXSAL,High-Low,22.0,22.0,0.3801054018445323,0.7272727272727273,0.3014944769330734,0.7272727272727273,4.138461538461538,1.2456525327566552,13.749310867151154,5.877535811873809,1.7676922489385307,19.542670530236848,0.22225849209079307,0.6839796444775887,-0.29519370398812167,0.6122990102089927,-0.11314573534754775,0.838170522680226,0.34387635668607147,0.5590858533606593
statin_associated_diabetes,BMXWAIST,LBXSCR,High-High,21.0,27.0,0.37006802721088433,0.7619047619047619,0.2939541348158443,0.5925925925925926,5.104683195592287,1.4250668223447547,18.285311340339614,3.4438170525127045,1.2660301094897024,9.367767640184828,0.1486361783523761,0.7925613124269759,-0.6097024307642718,0.1882370125836864,0.20117354852321434,0.7716084917256093,-1.7174066535465633,0.012403567721431868
statin_associated_diabetes,BMXWAIST,LBXSUA,High-High,37.0,37.0,0.3855421686746988,0.5945945945945946,0.30401662049861494,0.4594594594594595,2.3127605405254177,0.9774378305009077,5.4723289307006775,1.9530231138488858,0.833730504304764,4.574978681400998,-0.08291221270285391,0.8442828714170111,-0.827818657894318,0.04765701087455829,-0.15220924423527818,0.7336400852152667,-0.37195659540414255,0.440907412616954
statin_associated_diabetes,BMXWAIST,LBXSUA,Low-Low,34.0,36.0,0.42150968603874417,0.23529411764705882,0.34440677966101696,0.08333333333333333,0.4401171215584338,0.15801827984216654,1.2258270428102223,0.1987848368775591,0.046445887470695134,0.8507838589018216,-0.36134080622712733,0.4545404644735005,-1.5698335034900082,0.019761554855765733,0.4809362641647548,0.3502368852473198,-0.3690327870121199,0.5865486589344878
statin_associated_diabetes,BMXWAIST,LBXTC,Low-High,22.0,23.0,0.43360433604336046,0.18181818181818182,0.36109117013639624,0.13043478260869565,0.3176783340717767,0.08147563639537499,1.238646648292374,0.3019594545498583,0.0675955257932892,1.3488986308188484,-0.002402658145803786,0.9968567929857991,-0.07494563562615614,0.9116698171776771,-0.21499477232000105,0.7315185324472915,0.12832912554337156,0.8533749266709678
statin_associated_diabetes,BMXWAIST,LBXWBCSI,High-High,39.0,28.0,0.37924151696606784,0.6666666666666666,0.30675675675675673,0.5,3.2119648131918073,1.3427368012663403,7.683350863290964,2.2585258525852585,0.8581842862812212,5.943873720759816,-0.11691685706890681,0.7813446413990625,-0.6927651464898905,0.1298587837136449,0.07113752782253531,0.8675199032526967,-0.651314381182648,0.18176542833589582
statin_associated_diabetes,BMXWAIST,LBXWBCSI,Low-Low,23.0,36.0,0.43567639257294427,0.08695652173913043,0.36074637180373187,0.19444444444444445,0.1505880272349456,0.02679024577241476,0.8464556144483899,0.4503284405157732,0.15557989332170974,1.303482731653667,-1.0442989751889553,0.18337680054851535,0.4047648548772344,0.4282556847113257,-1.1427635078630602,0.15397557833763076,0.4424354404877651,0.41204022873053114
statin_associated_diabetes,BMXWAIST,LBXSAPSI,Low-Low,30.0,35.0,0.41970310391363025,0.3333333333333333,0.34546805349182763,0.2,0.7080223332353806,0.2638914144371695,1.899628396131193,0.49833229690768277,0.1713736440634266,1.4490855901352975,0.27005258082658506,0.5631040733875565,-0.05864836980631941,0.9063664524331625,1.1985023993203374,0.03671183270406856,0.7262855061350094,0.19771280744987052
statin_associated_diabetes,LBDHDD,LBXHGB,High-Low,23.0,21.0,0.419910657306956,0.30434782608695654,0.3210659898477157,0.23809523809523808,0.6278042382825981,0.2003696265462686,1.9670554285061779,0.7045080618624547,0.1966802541622998,2.5235456977781885,-0.42587363940123785,0.4129487391835335,-1.3549002958764353,0.019177941393426406,-0.19440399466850194,0.7575173253958033,-1.1058663740495969,0.07525976443814038
statin_associated_diabetes,LBDHDD,LBXHGB,Low-High,29.0,34.0,0.4005037783375315,0.4827586206896552,0.34339369550637155,0.38235294117647056,1.3999189113853483,0.5412219411595225,3.6210153532498888,1.2000680657969371,0.4852426299904598,2.967924237353005,-0.3828488325985007,0.39776183209020965,0.6643571789555868,0.1271720838570123,0.16565812040118322,0.7258673971807712,0.06598839287988378,0.8804753265280582
statin_associated_diabetes,LBDHDD,LBXHSCRP,High-Low,34.0,28.0,0.43450479233226835,0.23529411764705882,0.34294871794871795,0.35714285714285715,0.4173817808769911,0.14992284987275015,1.1619813200983746,1.0869104398516163,0.39795538823352034,2.968609897462183,-0.022279702975227664,0.9629089887597367,0.5117493178331952,0.2864627880203878,0.38187992657843617,0.5342337773556647,0.8160715828757591,0.1442925567828339
statin_associated_diabetes,LBDHDD,LBXHSCRP,Low-High,21.0,48.0,0.37822164948453607,0.8095238095238095,0.3273092369477912,0.5208333333333334,6.391016548463358,1.626927216451547,25.10566674999683,2.228957033881729,1.0527053264281767,4.7195063368284424,0.3863821089168874,0.5210667305782646,0.5821592361855334,0.1207912815374931,0.8022459303982098,0.20263305671393794,0.10658991799510313,0.7742650418886077
statin_associated_diabetes,LBDHDD,LBXSBU,High-Low,20.0,22.0,0.4307692307692308,0.2,0.33756166314305847,0.22727272727272727,0.3603244339303819,0.09098859378772908,1.4269227854003805,0.6164457023685387,0.1735487132256555,2.1896175252797283,-0.4468234622822728,0.4647264890907238,-0.3767923116099464,0.5044058548032387,-0.1635651439832087,0.8118721399080208,-0.20390523787190204,0.7282762988348014
statin_associated_diabetes,LBDHDD,LBXSCA,High-High,26.0,29.0,0.43519695044472684,0.46153846153846156,0.3306719893546241,0.27586206896551724,1.1186146532860484,0.4103576879985718,3.049287924028418,0.7998363912586186,0.2789959126931552,2.2930022400909,1.1881174306385796,0.012045502200594494,-0.41574130281226407,0.3941210314058583,0.6204879005784432,0.34722799307260466,0.12844720596286172,0.8252118760513674
statin_associated_diabetes,LBDHDD,LBXSCR,Low-High,27.0,36.0,0.3782747603833866,0.6296296296296297,0.31066666666666665,0.4166666666666667,2.738396624472574,0.992911789026164,7.552348713955282,1.5987188115356812,0.6695954688507627,3.8170835336517372,-0.5982974385097474,0.1984797863855069,-0.6334823956455836,0.12398109364362721,-0.8191726600473905,0.13275957452481627,-1.5046568249922243,0.002588904122952978
statin_associated_diabetes,LBDHDD,LBXSUA,High-Low,31.0,20.0,0.43431803896920174,0.3225806451612903,0.3358302122347066,0.35,0.6359784089189325,0.23903311382475886,1.6921025298092502,1.0982152068503044,0.33710597928331437,3.577737313118474,0.47741961214838097,0.30718996960703826,0.07075106856079066,0.8974562904956132,0.04966729385029427,0.9211892522164998,0.5736111997314899,0.33119231091632095
statin_associated_diabetes,LBDHDD,LBXSUA,Low-High,20.0,40.0,0.38846153846153847,0.55,0.3212121212121212,0.5,1.9051069553521065,0.6109451700326948,5.940684515333419,2.1120418848167537,0.9327876916832301,4.782139561866285,-0.6190709578298657,0.2227148792583452,0.2479073898148527,0.5290493042171278,-0.1551939353839152,0.7797817699183878,-0.08178742770025103,0.8440644596687599
statin_associated_diabetes,LBDHDD,LBXTC,High-High,32.0,38.0,0.4415501905972046,0.15625,0.34502923976608185,0.23684210526315788,0.25291157440690154,0.07539288024040978,0.8484125326557499,0.6110464467369293,0.23144537261382672,1.613243573864052,-0.2605847669375569,0.6358797004689944,-0.12943453695851417,0.7826320968283633,-0.414930628160007,0.4672044266003753,0.5238242255509914,0.2716184251195236
statin_associated_diabetes,LBDHDD,LBXTC,Low-Low,37.0,30.0,0.37285986049461,0.6486486486486487,0.3239171374764595,0.43333333333333335,3.0514176028194724,1.2613989218518116,7.381605632837543,1.609320979117688,0.6266019109265144,4.133268617069458,-0.7440346743755162,0.0795283692537767,-0.43008316303989896,0.3635592191510324,-0.7725344416054214,0.18963499063810674,-0.577098646272067,0.29322153167678655
statin_associated_diabetes,LBDHDD,LBXTR,Low-High,31.0,38.0,0.40328697850821743,0.7741935483870968,0.32737276478679506,0.5,4.830985915492957,1.6225218964925847,14.384043115930911,2.052410901467505,0.877503820392379,4.800424124169707,0.755651691830383,0.193150625518843,0.38877006135332,0.441792815731026,1.4788130036479965,0.009686450189394765,0.07374169858624993,0.8588472930011344
statin_associated_diabetes,LBDHDD,LBXWBCSI,High-Low,32.0,23.0,0.4427672955974843,0.125,0.34726688102893893,0.43478260869565216,0.198685144372642,0.05344078188426521,0.7386828037035257,1.4613012642614862,0.5018416167164731,4.255130132299613,-0.5321032536632812,0.37249151047341145,1.10809923982959,0.028167223571644424,-1.3703033442050607,0.026905034163943076,1.546346289748677,0.013721301963170549
statin_associated_diabetes,LBDHDD,LBXWBCSI,Low-High,26.0,42.0,0.38515674984005116,0.6923076923076923,0.32266492488569565,0.3333333333333333,3.473321942885038,1.184522207410754,10.184667913738236,1.0674436343639686,0.4595443504344321,2.47949063342197,-0.08674305984570471,0.8585012097704579,-0.7599000638559037,0.06561250654756749,0.12216920004792751,0.8116220187632259,-0.4608975016290689,0.2672210729394666
statin_associated_diabetes,LBDHDD,LBXSASSI,Low-High,33.0,32.0,0.39260675589547483,0.6363636363636364,0.32582688247712877,0.5,2.6602108678021086,1.053945224335311,6.714506311877363,2.0679611650485437,0.8335604267909802,5.130357971301913,-0.03747506637237434,0.9316178188624362,0.4043157359205726,0.33099281250024315,-0.006946290820990546,0.9873579834606921,0.8380833822606898,0.058245658813492286
statin_associated_diabetes,LBDHDD,LBXSATSI,Low-High,42.0,31.0,0.3886435331230284,0.5952380952380952,0.3226879574184963,0.3548387096774194,2.2914841849148417,1.018805504339329,5.153976639653041,1.1768355479641306,0.4507654672484518,3.072422373892023,-0.4651601235452123,0.24852365327854475,-0.499312243265913,0.260852098485597,0.4064257065380894,0.32154692483023317,0.41630547539535206,0.3592489011060823
statin_associated_diabetes,LBDHDD,LBXSAPSI,Low-Low,22.0,20.0,0.3929712460063898,0.6363636363636364,0.3238231098430813,0.5,2.6343479715200457,0.858889661976677,8.079954320419132,2.086908690869087,0.6715688920562907,6.485094731963667,0.04770627838476592,0.9246358723497213,0.3838127775107439,0.43756914765971777,0.08842619514668984,0.8867047950158913,0.18404696077720697,0.7464723077902349
statin_associated_diabetes,LBDLDL,LBXTC,High-High,67.0,76.0,0.44029850746268656,0.34328358208955223,0.3476005188067445,0.25,0.6710987147588786,0.3393563667286289,1.3271402251638502,0.6359485061938304,0.3149943649653228,1.283929325449004,1.4579918635539184,0.043483598664054476,-0.7038911270795932,0.2583914628101749,0.06875145763575831,0.8260007819894745,0.29182404246140664,0.36184594946977233
statin_associated_diabetes,LBDLDL,LBXTC,Low-Low,59.0,28.0,0.3886792452830189,0.6440677966101694,0.32160194174757284,0.5357142857142857,2.8147800278017807,1.372313412877822,5.773452719008861,2.4195438376229337,0.9098888265226218,6.433964470750168,-1.0076858050483921,0.08904627595797601,-1.017891909338763,0.13724048437788838,0.13678988743700385,0.7915226320961468,-0.5034526464742253,0.3436611362929949
statin_associated_diabetes,LBXGH,LBXHSCRP,High-High,26.0,25.0,0.3417312661498708,1.0,0.28921885087153004,0.92,102.04627006610009,2.5744002861962954,4044.9969222888067,23.086064659977705,4.135010065755414,128.89119325210288,29.639468562390288,0.9999925829287702,-0.017130517819390997,0.9834413050017219,0.0,1.0,0.0,1.0
statin_associated_diabetes,LBXGH,LBXSAL,High-Low,26.0,20.0,0.3502824858757062,0.9615384615384616,0.2822384428223844,1.0,31.519247985675918,3.604215941770749,275.6391430571297,104.19913885898816,2.6023941871305705,4172.10451539098,-0.23228674828559784,0.8339098872908175,23.516832957155476,0.9998448291518757,-0.13377961634850705,0.9041502238471286,14.117295682358545,0.9900713315558464
statin_associated_diabetes,LBXGH,LBXSCR,High-Low,35.0,27.0,0.35518777848504135,0.9428571428571428,0.2825,0.8888888888888888,24.316741271262313,4.467437636974877,132.35862570516218,17.766850828729282,4.048744907195935,77.96514613931006,-0.5288905005030216,0.5379189974160936,-0.7834402118878471,0.2839637555573784,-0.11788855043810866,0.8814720462372683,0.11756383304967907,0.8647073459366509
statin_associated_diabetes,LBXGH,LBXSNASI,High-Low,35.0,25.0,0.35396039603960394,0.9142857142857143,0.28799019607843135,0.92,16.941359950093577,3.9527168109524555,72.61073602929739,23.22529224229543,4.161166857767948,129.63051427103088,-1.3017213779831711,0.09767572198311439,-0.056006771334058236,0.9470134824014349,-0.8200698910229176,0.22848011837908921,0.30064292801012565,0.7082086843195426
statin_associated_diabetes,LBXGH,LBXSUA,High-Low,25.0,28.0,0.36063492063492064,0.92,0.293424317617866,0.8571428571428571,16.658751099384343,2.986018832729981,92.9377889882633,13.1023113927021,3.4699554231686984,49.47342051863162,-0.7348288253808012,0.39757068734727685,-0.4236901776728826,0.5415598706140359,-0.26510533967131683,0.7418591185341727,0.1689816558249215,0.7887777062806453
statin_associated_diabetes,LBXGH,LBXTC,High-High,24.0,25.0,0.36977491961414793,0.9583333333333334,0.3030698889614631,0.92,26.691862148856067,3.036671759058368,234.61722619452877,21.602798708288482,3.8696956282321286,120.59886793836381,0.6247377526086009,0.5734857658341602,0.6465779874281229,0.43571289637985655,0.5047857314305769,0.6331666435346113,0.42210306596514724,0.5898715062140193
statin_associated_diabetes,LBXGH,LBXWBCSI,Low-Low,30.0,20.0,0.45779420825631545,0.03333333333333333,0.3804780876494024,0.0,0.06021679413675585,0.0069450658709083474,0.5221062497473734,0.03970059752907904,0.0009916952971618397,1.5893364107672079,-0.6805609490558276,0.5267204750709689,-23.02576460315412,0.9998200034737947,0.0,1.0,0.0,1.0
statin_associated_diabetes,LBXGH,LBXSASSI,High-High,29.0,26.0,0.3560411311053985,0.896551724137931,0.2878278412911903,0.9230769230769231,13.688651294602602,3.143061565076724,59.616768677788016,24.231271878646442,4.353534728129451,134.86846287525992,-1.3254929474658705,0.08958387534061028,0.11750022416114773,0.8863395534949837,-0.6997406868467185,0.32792182665763814,0.8060115454362711,0.32004816856003526
statin_associated_diabetes,LBXGH,LBXSATSI,High-High,28.0,21.0,0.35147247119078107,0.8928571428571429,0.2883631713554987,0.9523809523809523,13.437800597946184,3.075157552448024,58.7204010950313,33.70505721668513,3.796297374379246,299.24707417468244,-1.5707823037169504,0.044506818986534545,0.6560235290708663,0.5466575543202856,-1.0145304225779512,0.15281365172958633,1.6684675328235852,0.12067938626116369
statin_associated_diabetes,LBXGH,LBXSAPSI,Low-Low,20.0,23.0,0.4471853257432005,0.2,0.3650568181818182,0.043478260869565216,0.3371024734982332,0.08513601834353367,1.334782620207633,0.11590540978296081,0.013142211754799597,1.022207240881649,1.1632633258844107,0.08417619864493808,-0.27703993588153836,0.7990313909952255,1.0513580498650283,0.16749713018836043,-0.46316695709032546,0.6758533375640621
statin_associated_diabetes,LBXHGB,LBXHSCRP,Low-High,44.0,35.0,0.3904458598726115,0.6363636363636364,0.3165137614678899,0.5142857142857142,2.6957842483514853,1.2017277232101498,6.047337157411268,2.281548234598907,0.9552754724109457,5.449174083433468,-0.1439741377887689,0.7184057082453202,-0.20503161228161315,0.622483082135026,-0.19891350690759535,0.6197445212911742,0.1148055930285657,0.7913550011372283
statin_associated_diabetes,LBXHGB,LBXPLTSI,Low-High,40.0,33.0,0.4,0.675,0.32378414390406396,0.45454545454545453,3.0547579686185795,1.2847714840721196,7.263195332808997,1.7488680869975834,0.7122319824767341,4.294302503915566,0.3713168788682048,0.370830830823319,-0.24559281851798523,0.5605943235599951,0.417536827687901,0.30608876951832564,0.0002600125611135203,0.9995036762716967
statin_associated_diabetes,LBXHGB,LBXSAL,Low-Low,45.0,33.0,0.4004944375772559,0.6888888888888889,0.3089230769230769,0.5454545454545454,3.2510834020152606,1.4206549230626397,7.43990895697131,2.6685604236880116,1.0874226286428448,6.5487093493369315,0.42131578917354795,0.31754552087549015,-0.9290324302540686,0.04885027563275312,0.24330429351019822,0.5460279529233598,-0.23050213561285712,0.5948087389238708
statin_associated_diabetes,LBXHGB,LBXSBU,High-Low,23.0,42.0,0.42376111817026685,0.4782608695652174,0.34735315445975345,0.30952380952380953,1.2507865168539327,0.43302780063549623,3.6128555913676617,0.8594227744295789,0.36407979106708055,2.0286967948521726,0.5566643754791498,0.25281293447883757,0.4700440814234507,0.2528300900653413,0.7239089887790767,0.17453607765742285,0.5096341993003687,0.22004174756760342
statin_associated_diabetes,LBXHGB,LBXSBU,Low-High,62.0,49.0,0.3936369307548347,0.6612903225806451,0.30793650793650795,0.5714285714285714,2.9725275736986503,1.4804833530747676,5.968267159537965,2.977438746916389,1.4076363326988146,6.297891924004399,0.05356155073792523,0.8880369571451184,-0.3696759513379031,0.3531167300368204,-0.3893792799543332,0.358291399732217,-0.770174097379522,0.0836719665122965
statin_associated_diabetes,LBXHGB,LBXSCA,Low-Low,32.0,22.0,0.40685358255451715,0.625,0.3221601489757914,0.45454545454545453,2.3903596021423104,0.9397006664335091,6.080467144117153,1.7665062560153995,0.5956803740830201,5.238622066985595,0.5067150585580253,0.26044637038224483,0.11314849767019992,0.831700588906849,0.0987454567275933,0.8311434322007225,0.3543992484856676,0.5637304548522039
statin_associated_diabetes,LBXHGB,LBXSCR,Low-High,54.0,46.0,0.3958464443045941,0.6851851851851852,0.3087855297157623,0.6521739130434783,3.269601724724838,1.533128034816378,6.9728654069025655,4.135429530413856,1.85839905795269,9.20242470412097,0.3973884777252084,0.3088274843891192,0.28730853434462694,0.47781278920025416,-0.13573631894594876,0.7548867212919751,-0.006185822575954688,0.9888680897033568
statin_associated_diabetes,LBXHGB,LBXSKSI,Low-High,38.0,21.0,0.3961904761904762,0.7368421052631579,0.3083645443196005,0.6666666666666666,4.135537001029395,1.6164767868827878,10.580211498034542,4.333872598584429,1.3491747238174412,13.921437578979152,0.7563169363295729,0.08767643115669986,-0.16119291532943267,0.7662567412591843,0.2555459766962943,0.6581174378430577,-0.42011352545002845,0.48249958121049996
statin_associated_diabetes,LBXHGB,LBXSUA,Low-High,32.0,29.0,0.3977055449330784,0.40625,0.31216931216931215,0.6206896551724138,1.0481616062080434,0.4170145478433259,2.634542987553974,3.5425350816655166,1.332451527063196,9.418395003449685,-1.0084304177266177,0.020335288805169018,0.3040535931644649,0.5014515281103409,-1.0097569345524982,0.08711081691321546,-0.6169817696045264,0.23970391405182212
statin_associated_diabetes,LBXHGB,LBXTC,High-High,20.0,27.0,0.43312101910828027,0.2,0.35402455661664395,0.18518518518518517,0.356889987308797,0.09012567977378402,1.4132538402037458,0.44583467008876054,0.12987556658204474,1.5304537896093666,-0.4907542042086373,0.4225236365160405,-0.10474284639732617,0.8496253435892642,-0.6335942696082775,0.3031318923241729,-0.4550397971293506,0.40255187425635963
statin_associated_diabetes,LBXHGB,LBXWBCSI,High-High,26.0,23.0,0.4152595372107567,0.4230769230769231,0.3426165803108808,0.21739130434782608,1.0445156435835823,0.3800339497979248,2.870830172596287,0.5701707373095475,0.1619457119983251,2.007429932368171,-0.11026124838003909,0.8134579517852747,-0.5391607659166329,0.33967130549445745,-0.5761845706934275,0.24373785741419962,-0.3081094389753568,0.62823971961212
statin_associated_diabetes,LBXHGB,LBXWBCSI,Low-Low,30.0,21.0,0.41718555417185554,0.5333333333333333,0.3279639175257732,0.2857142857142857,1.5893697446578723,0.6231092968563887,4.054017807113594,0.8588749248156003,0.255661254304317,2.885326282561961,0.6902728222777612,0.12326828190355252,-0.8474548338875352,0.11841242400147688,0.2830817061626338,0.578862018531823,-1.1393738414573409,0.044500193872444936
statin_associated_diabetes,LBXHGB,LBXSASSI,High-High,23.0,37.0,0.42265372168284787,0.5652173913043478,0.3387438249823571,0.1891891891891892,1.7559296097934203,0.6033682116172663,5.110128003404149,0.47977687176950246,0.16625090264895,1.3845690039408842,0.9794623600631538,0.04320195576381294,-0.655428301623089,0.17036041167129468,0.3257044001145377,0.5076164849064472,-0.6206745199178989,0.20500296694519926
statin_associated_diabetes,LBXHGB,LBXSATSI,High-High,36.0,28.0,0.41787287602265577,0.4444444444444444,0.34018567639257297,0.25,1.121015250784562,0.4734297554437505,2.654406864041911,0.6762754466610811,0.22480604058438905,2.0344136597386604,0.22803412560461903,0.5903089957686665,-0.24605463520463441,0.6259011907794292,0.22042155587498852,0.5993784818596216,0.2974174628916327,0.5619744115958912
statin_associated_diabetes,LBXHGB,LBXSAPSI,Low-High,29.0,21.0,0.39641943734015345,0.7241379310344828,0.314070351758794,0.5238095238095238,3.8501682703701947,1.3444124365898216,11.026226258191135,2.3907045335616766,0.7892164953630006,7.241952240447686,0.49727937252596255,0.30039308459068514,-0.305407025460972,0.5546056966072044,0.240793567627045,0.6487380649893276,-0.16017565077016482,0.7849316391756123
statin_associated_diabetes,LBXHSCRP,LBXPLTSI,High-High,48.0,58.0,0.394888178913738,0.625,0.33287671232876714,0.39655172413793105,2.525617776224082,1.1685675515202387,5.458601980930155,1.325984685088951,0.6585840180958665,2.6697206989230455,0.09585736265338528,0.8042791143058043,0.11846685629845993,0.7392194010566145,0.11378097105832283,0.7526504276954591,-0.21776137284455904,0.5055907433408552
statin_associated_diabetes,LBXHSCRP,LBXPLTSI,Low-Low,23.0,26.0,0.42115509409474366,0.4782608695652174,0.33440721649484534,0.3076923076923077,1.264203233256351,0.43759054857103447,3.6522950968543904,0.9140545743048151,0.31153885910656504,2.681834834998118,0.41666582224177157,0.384829618416621,-0.43808832720959023,0.3770376295548892,0.4528314459133763,0.4760028177016372,0.5594138994863121,0.4469243445546064
statin_associated_diabetes,LBXHSCRP,LBXSAL,High-Low,43.0,42.0,0.39552238805970147,0.6976744186046512,0.3193224592220828,0.5714285714285714,3.451892583864304,1.472053671282492,8.094516282246849,2.821499615415219,1.2609487370059282,6.313389153861219,0.47653991838320997,0.2622155915636205,-0.0800545588903609,0.8583024586187635,-0.04136056483436158,0.9161252400218667,0.2669212968522332,0.486071232004035
statin_associated_diabetes,LBXHSCRP,LBXSAL,Low-High,20.0,28.0,0.4246913580246914,0.45,0.3404657016991819,0.21428571428571427,1.118846894635471,0.3589806736132428,3.4871469849212997,0.5593721144967682,0.1762061573542379,1.775744770641297,0.6537428660696489,0.21890781589301533,-0.2855150121596217,0.608550896813826,1.452151397528555,0.025247871367544323,0.07933985699560046,0.8903491376502514
statin_associated_diabetes,LBXHSCRP,LBXSBU,High-High,25.0,21.0,0.3853564547206166,0.8,0.3110079575596817,0.5238095238095238,5.943153432745438,1.7125445656650102,20.624907189751355,2.4249201277955272,0.8000839326957391,7.349525950828024,0.6491473922451648,0.24024094325746537,-0.2825019010731001,0.5693560971783143,0.5077856302795727,0.427652860736335,0.2536643883228296,0.6779954432582758
statin_associated_diabetes,LBXHSCRP,LBXSCR,High-High,32.0,28.0,0.3883183568677792,0.75,0.31120053655264923,0.5357142857142857,4.5389323359401565,1.6137352978970643,12.766596093603761,2.539767970338476,0.9630323713007127,6.698031691754045,0.5252423968647274,0.2657775174974695,-0.08968997677117356,0.839724423350337,0.3099174179037019,0.5699494686649546,0.024780395011443412,0.9604646575201138
statin_associated_diabetes,LBXHSCRP,LBXSUA,High-High,33.0,40.0,0.39487179487179486,0.48484848484848486,0.31805929919137466,0.425,1.4444907890163363,0.5908505844272063,3.531440425967971,1.5957446808510638,0.6986619025841418,3.644682896041828,-0.6455698241917562,0.12697547396115988,-0.2762187548204521,0.4840696905561973,-0.31465407018343255,0.5135193050452893,-0.37298871025298413,0.35938877196422614
statin_associated_diabetes,LBXHSCRP,LBXSUA,Low-Low,21.0,23.0,0.42283163265306123,0.47619047619047616,0.33225806451612905,0.17391304347826086,1.2460600897742538,0.41171983619813646,3.771170613652471,0.46355293590987096,0.11965306686839403,1.7958697592516213,0.5269781954698578,0.2924691466015418,-1.2269377013271083,0.04353179547607044,1.269196226403447,0.03790486597662296,0.7110297088326749,0.3462142000026719
statin_associated_diabetes,LBXHSCRP,LBXWBCSI,High-High,42.0,54.0,0.39191789608723543,0.5714285714285714,0.3262135922330097,0.42592592592592593,2.0541645488497493,0.9187566616186181,4.592719889853353,1.5401230198058742,0.7527147480407662,3.1512321530964624,-0.3289004865011872,0.4053101193912573,-0.0839172417797794,0.8252813356404785,-0.3362069403657739,0.36786801102049693,-0.17148608296624435,0.6328107409395519
statin_associated_diabetes,LBXHSCRP,LBXWBCSI,Low-Low,33.0,38.0,0.42938931297709926,0.21212121212121213,0.3458005249343832,0.2894736842105263,0.3760317305140846,0.12853193807460261,1.1001146055336513,0.7907798362774665,0.31666301932986674,1.9747577433777004,-0.5388482110921184,0.27710935034443973,0.0781573354786175,0.8595098477619271,-0.6416939710592631,0.23011855825252692,0.08751123720781523,0.8453643051064267
statin_associated_diabetes,LBXHSCRP,LBXSASSI,High-High,21.0,29.0,0.3963730569948187,0.5714285714285714,0.32251235003528583,0.41379310344827586,2.003222341568206,0.6556845641494513,6.120168094796479,1.499609679937549,0.5712558338135982,3.9366410967738052,-0.12698265099327802,0.7985632611870854,-0.0862211008202039,0.8422986297037978,-0.06944108037587289,0.894634427404069,-0.057918016895408285,0.8980864767185676
statin_associated_diabetes,LBXHSCRP,LBXSAPSI,High-High,33.0,31.0,0.39063502245028864,0.6363636363636364,0.32117722328854764,0.3870967741935484,2.6822969647251846,1.0626119414426107,6.770785012265465,1.354126801887996,0.5269933996826395,3.4794731711927684,-0.07588362047221875,0.8609069569391739,-0.5726880215534165,0.21166636847793863,-0.13278446928157336,0.7602305778607703,-0.4839546290405636,0.2809343609834257
statin_associated_diabetes,LBXHSCRP,LBXSAPSI,Low-Low,34.0,60.0,0.4219948849104859,0.5588235294117647,0.3317307692307692,0.3333333333333333,1.7228150716710215,0.7099998789702352,4.18041165793108,1.019150484507258,0.49965850866833067,2.0787551738878487,0.9641179793811888,0.02362751226627308,-0.11529505487576737,0.7525006454138872,1.403745105444933,0.007800087197467914,0.2883390873990331,0.455403055501324
statin_associated_diabetes,LBXPLTSI,LBXSAL,High-Low,30.0,23.0,0.3993730407523511,0.5333333333333333,0.3211249182472204,0.43478260869565216,1.7109127789046652,0.6706347892112867,4.364853395783273,1.6433819373799028,0.5640871486025446,4.787742813849207,-0.3841573764958708,0.38905785400269277,-0.7530751807756483,0.13881398088997665,-0.15774190649913503,0.7318000509269869,-0.3088974087568676,0.5368267799552754
statin_associated_diabetes,LBXPLTSI,LBXSBU,High-Low,28.0,62.0,0.4039820166987797,0.35714285714285715,0.3325892857142857,0.2903225806451613,0.8371508919562931,0.3066890408997335,2.285121156749576,0.8337831900069048,0.4025989477235245,1.7267665796670166,-0.881695662208868,0.055352761232226703,-0.3270041502217961,0.3508571997729346,-0.11297391472572875,0.8050723556827497,0.16440195615823366,0.6250518361718909
statin_associated_diabetes,LBXPLTSI,LBXSBU,Low-High,25.0,23.0,0.3998716302952503,0.56,0.31417624521072796,0.4782608695652174,1.8918099089989888,0.6781875566784165,5.27721969614938,2.0071878172588833,0.6941133085502996,5.80424389523217,-0.10204982370685613,0.8275676808962761,-0.4875047239677776,0.3225103775167987,-0.532057856993315,0.37197676525853485,-1.0199540762467751,0.08685798107515105
statin_associated_diabetes,LBXPLTSI,LBXSCA,High-High,26.0,55.0,0.4080717488789238,0.5,0.33074204946996466,0.4,1.4501960784313725,0.5333200798455164,3.943351741991253,1.358336386371239,0.6631206882437556,2.782416189467228,0.016322117505086175,0.9715945303615731,0.15679771490665678,0.6592901323490539,-0.41665024704470677,0.4130059579426901,-0.09235803997404524,0.7945945809789957
statin_associated_diabetes,LBXPLTSI,LBXSCR,High-Low,37.0,34.0,0.40063694267515926,0.4594594594594595,0.3243606998654105,0.5294117647058824,1.2767585578953486,0.5463571840037363,2.983602051708105,2.33421259224368,0.9644564114170836,5.649346472572424,-0.6665440408632435,0.1045431390781004,0.3028009589601283,0.4738942656722783,0.2731102468757017,0.5041908353691652,1.0428744906999612,0.009098289828933551
statin_associated_diabetes,LBXPLTSI,LBXSCR,Low-High,31.0,31.0,0.4011553273427471,0.45161290322580644,0.31225806451612903,0.3870967741935484,1.236565033687336,0.49062353274565573,3.1166321639342556,1.411050250059538,0.549012449010951,3.626625975021141,-0.6020319369780157,0.16364888980160663,-0.928456134387471,0.03963162904764144,-0.6316124893196339,0.3183724885186593,-1.4070050568877257,0.006939093155370632
statin_associated_diabetes,LBXPLTSI,LBXTC,High-High,26.0,45.0,0.41827541827541825,0.38461538461538464,0.34405594405594403,0.35555555555555557,0.8848438264272238,0.3173148618165135,2.4674186159585205,1.0658349823625568,0.4766317649276183,2.383400128189749,-0.08819852511730114,0.8512250437988281,0.4282296104408809,0.2704019656632062,0.10444190985331164,0.8259439065300691,0.38652227116388505,0.28726583376934645
statin_associated_diabetes,LBXPLTSI,LBXTC,Low-Low,27.0,23.0,0.39808306709265173,0.7037037037037037,0.32686476652516677,0.5217391304347826,3.4678522571819426,1.192981619150849,10.080624114059582,2.2373776040617317,0.7742170136776292,6.465704647045344,0.5100765174140375,0.2930276555058151,0.059665646632171415,0.9094334756285345,-0.32492658148414244,0.6144261030733855,-0.9306666864937349,0.11762265155595822
statin_associated_diabetes,LBXPLTSI,LBXWBCSI,High-High,52.0,46.0,0.405,0.6346153846153846,0.3333333333333333,0.391304347826087,2.5232785718522033,1.1974422822712654,5.317112019037713,1.2976022812233756,0.5937412542442698,2.835867759230002,0.550259046800614,0.1471887330933543,-0.10502709219154129,0.7872289803327484,0.4362647772490515,0.22077177590204677,-0.13976546743971904,0.7050080930356397
statin_associated_diabetes,LBXPLTSI,LBXWBCSI,Low-Low,47.0,39.0,0.42574257425742573,0.2978723404255319,0.34238787113076435,0.4358974358974359,0.583715409878711,0.2570699122410782,1.3254125181726573,1.493189964157706,0.6496123073395151,3.4322260275404526,-0.23392793445711937,0.5701477037262206,0.6667331577948793,0.11769159243643705,-1.2531774402208862,0.002217216877589512,-0.3761073948841245,0.363760125484901
statin_associated_diabetes,LBXPLTSI,LBXSASSI,Low-High,25.0,34.0,0.4134366925064599,0.4,0.3274695534506089,0.47058823529411764,0.960867265996827,0.3402515522774622,2.7134803550031386,1.8307254623044098,0.7564200761425871,4.430812750794729,-0.30501327295784003,0.5166661735546492,0.300976839937788,0.47780184467946407,-0.8301445695685253,0.08735115740785382,-0.18048770923888963,0.679231302192439
statin_associated_diabetes,LBXPLTSI,LBXSATSI,Low-High,22.0,20.0,0.41146168705730846,0.5909090909090909,0.3281653746770026,0.6,2.0321385951195423,0.6771559618744974,6.098428578171177,3.0091387587483376,0.9493076954202092,9.538441659206553,0.5092738037102588,0.3011470166965349,0.8717586421526072,0.09628295791772312,-0.09701326873577527,0.852958901600636,0.555900791025182,0.3211958862086134
statin_associated_diabetes,LBXPLTSI,LBXSAPSI,High-High,29.0,26.0,0.39652956298200515,0.4827586206896552,0.32958305757776307,0.46153846153846156,1.423298942144443,0.5501401332040977,3.682297939092442,1.7526718085290354,0.6420877734993335,4.784172188283582,-0.6550350274208852,0.13653027627673875,0.1871653362354967,0.692954478699106,-0.4361472348235251,0.36204272700538487,0.3042927909929049,0.5251803274983488
statin_associated_diabetes,LBXPLTSI,LBXSAPSI,Low-Low,23.0,25.0,0.4141479099678457,0.34782608695652173,0.3271857923497268,0.52,0.7755699592081883,0.2562573464287027,2.347283970621876,2.2196871741397293,0.7993995311329771,6.163390093633701,-0.5148556840333002,0.30028200758600965,0.5241159916622022,0.2617614219711749,-0.8984667741551349,0.12160953343281111,0.22323495563937776,0.7107021563034706
statin_associated_diabetes,LBXSAL,LBXSCA,High-High,29.0,38.0,0.4205097087378641,0.4482758620689655,0.33505487411233054,0.3684210526315789,1.1272858360097004,0.434203496430837,2.9266769303192537,1.1739899039500306,0.49446018856210006,2.787387794727391,0.4979061947828076,0.29687192399906936,0.7315821235378683,0.13496458241059378,0.006629697212376737,0.9892370899552634,0.9877759229838704,0.035265471170051195
statin_associated_diabetes,LBXSAL,LBXSCA,Low-Low,47.0,26.0,0.4110910186859554,0.5957446808510638,0.3264218009478673,0.5,2.093265708650324,0.9712650027564912,4.511396286879192,2.0625566636446058,0.7584142943376136,5.609256078777183,0.6512868449145234,0.12186672746590321,0.0675392122592025,0.9006246364498156,-0.06269336726525665,0.867511774191853,-0.3324573030403867,0.49157485921288335
statin_associated_diabetes,LBXSAL,LBXSCR,Low-High,31.0,23.0,0.3958852867830424,0.7419354838709677,0.308317698561601,0.6956521739130435,4.217753505808303,1.4916888134865351,11.925707610677074,4.932725430597771,1.5729000017710477,15.469375132728699,0.5580297334895092,0.24784479836654583,0.02083034064432523,0.9691221896680794,-0.29034019325710303,0.5963184988236694,-0.32381183193010643,0.5816509091105148
statin_associated_diabetes,LBXSAL,LBXSASSI,High-High,22.0,20.0,0.41682013505217924,0.36363636363636365,0.3353135313531353,0.3,0.8199994925274668,0.2674697066821293,2.5139264408152457,0.8881768555250398,0.2611710647911165,3.020465254530675,-0.17661707378924082,0.7366940375731302,0.1949562875179008,0.7327508338876301,-0.19548459003108024,0.7283563466925969,0.7881458995819673,0.2715636933489989
statin_associated_diabetes,LBXSBU,LBXSCA,High-High,27.0,27.0,0.3969562460367787,0.4074074074074074,0.31554054054054054,0.6666666666666666,1.0585262037776004,0.39004227162260136,2.872708435992226,4.2217281170841545,1.4948234669409908,11.923139212586692,-0.9020414147381285,0.0507353960196259,0.6739987196154689,0.15206115950020122,-0.19707225075887413,0.7921989723710103,-0.13509174782004882,0.8341025608212991
statin_associated_diabetes,LBXSBU,LBXSCR,High-High,95.0,97.0,0.39425427872860636,0.6210526315789474,0.31467661691542287,0.5773195876288659,2.5039207155969145,1.4344931881396286,4.3706160488125665,2.963462933669525,1.719222050443779,5.10818981001685,-0.17076230268951342,0.6493566823795737,0.22472664607586443,0.57322964203449,-0.5319816414256391,0.10455876961451756,-0.5941322120957444,0.053277946589256595
statin_associated_diabetes,LBXSBU,LBXSCR,Low-Low,45.0,62.0,0.41120906801007556,0.5555555555555556,0.32919254658385094,0.532258064516129,1.780674417302704,0.8200748893135381,3.8664778323971287,2.3128050403762535,1.1880572331347887,4.502364874018602,0.48719042728026984,0.21481253452647675,0.5854086412153815,0.10897472294490956,0.6143184399296543,0.08455541289205804,1.3497962616285475,1.2283091503644027e-05
statin_associated_diabetes,LBXSBU,LBXSKSI,High-High,53.0,37.0,0.39473684210526316,0.7358490566037735,0.30996309963099633,0.5945945945945946,4.175859334408925,1.8727952625718463,9.311109190239735,3.2298027430544454,1.3647444769481059,7.6436475364015575,0.7387428001947983,0.06827582990369079,-0.542943165036377,0.2314663224190261,-0.30470551063136786,0.5179070362911323,-0.19012972751135468,0.6873505848695174
statin_associated_diabetes,LBXSBU,LBXSKSI,Low-Low,24.0,49.0,0.42665816326530615,0.4583333333333333,0.33801827125790584,0.3673469387755102,1.1444969988659308,0.40370258951705,3.244649438538717,1.1495986418104798,0.5332239347265927,2.4784653335753397,0.6805746750963279,0.15509728944280007,0.34394809403093085,0.3736180618622438,1.073198371359489,0.05290518680562054,0.8484529864856887,0.03747602371683356
statin_associated_diabetes,LBXSBU,LBXSUA,High-High,49.0,54.0,0.39886934673366836,0.5918367346938775,0.3148028442146089,0.5740740740740741,2.168160273262843,1.0217763084397236,4.600732011230148,2.9159410801963994,1.4247848155674918,5.967716872242433,0.01790645101280176,0.9632989865548996,0.15821419013347102,0.6789726213195983,-0.4399965394671997,0.31796768074817117,0.033892714345844066,0.9381817047236569
statin_associated_diabetes,LBXSBU,LBXSUA,Low-Low,32.0,42.0,0.41535556954059155,0.375,0.33471933471933474,0.40476190476190477,0.8580897693912594,0.3373214463659156,2.182837943648594,1.3633229920716994,0.6050116467725477,3.0720889269262024,-0.278851041559102,0.5279877985793444,0.32086257377151356,0.4309333756417658,0.3691535947123061,0.4105734904364815,0.7265272461700535,0.054986514545198546
statin_associated_diabetes,LBXSBU,LBXTC,Low-High,20.0,59.0,0.4259020618556701,0.35,0.34112490869247625,0.2711864406779661,0.7487192407827329,0.2299306681744135,2.438041458188799,0.7322515212981743,0.34275128475612643,1.5643771862883047,0.15144244469610513,0.773880182260093,-0.10985604717094505,0.7651683642561029,-0.07869422378312116,0.8802408800520842,0.26352982160237665,0.44536472323360743
statin_associated_diabetes,LBXSBU,LBXSASSI,Low-High,23.0,46.0,0.40821566110397944,0.21739130434782608,0.3318216175359032,0.391304347826087,0.43088257149529735,0.12245409698768232,1.516158258364157,1.3063688801069797,0.5966585820034023,2.8602616343532845,-1.3774210748522158,0.01335839597008281,0.17793436811408989,0.6243300057895789,-1.1725728834058322,0.03848707556773768,0.6031723758314906,0.1010735651947651
statin_associated_diabetes,LBXSBU,LBXSAPSI,High-High,29.0,22.0,0.3904458598726115,0.6896551724137931,0.31628197130380536,0.7272727272727273,3.3678634238407756,1.2147050179496404,9.337661303803683,5.4845774914740435,1.6504209583790759,18.226010829095795,0.10954906974504061,0.8147764458033186,0.9042167436883868,0.1034420110209621,-0.5902722512271337,0.298703387911779,-0.3437820685577368,0.6273409036903985
statin_associated_diabetes,LBXSBU,LBXSAPSI,Low-High,23.0,25.0,0.4041051956382296,0.5217391304347826,0.32987551867219916,0.44,1.6024204392649035,0.5546577339292388,4.629433805932491,1.610290666185232,0.5764224632497892,4.498499269067525,0.02631392390620471,0.9561919208077215,0.05141651819023073,0.9139452723720839,-0.2566192073326184,0.6060636039994169,1.1614416975298019,0.018515807216376086
statin_associated_diabetes,LBXSCA,LBXSCR,Low-High,25.0,27.0,0.40400250156347717,0.68,0.321875,0.48148148148148145,3.0364860561393927,1.0260977682017622,8.98573981433315,1.9605003511823138,0.732894380226928,5.24435952939888,0.7439774092362098,0.13627557950071584,0.35575912180714936,0.4810600102530518,-0.9257654562293328,0.11948929358974378,-1.4123732712097024,0.0141225763970616
statin_associated_diabetes,LBXSCA,LBXSKSI,High-Low,20.0,29.0,0.4262086513994911,0.35,0.32972972972972975,0.3448275862068966,0.7477835777612064,0.22966524856789633,2.434762257921833,1.0940083457995433,0.403969022204169,2.9627377221864153,0.09330172651811167,0.8603644259266308,-0.13956061171303222,0.7607693030717723,0.5160016090001535,0.5562151492828398,0.4874935098052409,0.459841383045836
statin_associated_diabetes,LBXSCA,LBXWBCSI,High-High,20.0,26.0,0.40604890604890603,0.45,0.32360922659430125,0.4230769230769231,1.208062239664016,0.387445238274721,3.766762966040712,1.549907110285425,0.5629482860841061,4.267198444146997,-0.22325807358111135,0.6600335862365392,-0.10032677654075206,0.8277609458865055,-0.9650239436647122,0.11551499682954551,0.461866710003793,0.4078631400193078
statin_associated_diabetes,LBXSCA,LBXSASSI,High-High,22.0,49.0,0.4126679462571977,0.4090909090909091,0.32786885245901637,0.4897959183673469,1.0013196775396622,0.33368250427083,3.004775748788884,1.968512486427796,0.9360961354642361,4.139576334540045,-0.2311477296774313,0.6393015270466107,0.5772439951101467,0.10843344716730696,-1.0294433851935638,0.05231562713254958,0.272150203536265,0.4835435641745014
statin_associated_diabetes,LBXSCR,LBXSKSI,High-High,56.0,42.0,0.39296924042686754,0.6071428571428571,0.31133250311332505,0.6428571428571429,2.3679169992019156,1.1636685374523714,4.818408966684725,3.922367954626019,1.7105818252437937,8.99399850064724,-0.17604334811941158,0.639803987078779,0.019162068942046667,0.9655399715382914,-0.27829929001214504,0.5409019174367122,0.1044547891552891,0.8260179535290133
statin_associated_diabetes,LBXSCR,LBXSUA,High-High,51.0,72.0,0.4005037783375315,0.5686274509803921,0.3155844155844156,0.5416666666666666,1.9620319455354804,0.942709070155905,4.083517892391872,2.5557362212575354,1.3730622028079775,4.757095213377755,0.020102930940907163,0.9579972588489252,0.18470359978848438,0.606575347781519,0.1664789307503325,0.7051852318973637,-0.5213136494444474,0.13916804539735436
statin_associated_diabetes,LBXSCR,LBXSUA,Low-Low,47.0,40.0,0.4142857142857143,0.5531914893617021,0.3207196029776675,0.4,1.7422001567807681,0.8156155216390344,3.72143651727884,1.4256728778467909,0.6205437648500005,3.2754227336717534,0.6006467247521092,0.13093993692443942,-0.5786824797050423,0.1834249977927267,0.6180715670958314,0.07778934620286665,0.500628143153624,0.19468038580965996
statin_associated_diabetes,LBXSCR,LBXTC,High-Low,24.0,20.0,0.38107416879795397,0.75,0.3117206982543641,0.5,4.621123218776194,1.416877281338582,15.07172151348049,2.206793206793207,0.710878207516418,6.850591572588293,0.06725228776763821,0.8984988756659607,-0.67089060892424,0.21060716900084486,-1.0912505608297651,0.23887620261301168,-1.3661994305957272,0.10187225758650534
statin_associated_diabetes,LBXSCR,LBXTC,Low-High,29.0,35.0,0.42283163265306123,0.5172413793103449,0.3309162821357943,0.45714285714285713,1.4588519606059818,0.5640246052330523,3.7733265946519023,1.7099885189437427,0.7142254835618316,4.094030249854946,0.7825476292979668,0.08031229954647234,0.25778903501565076,0.5443869974854397,0.3654520918401924,0.39230714060285876,0.7948083048973157,0.048635301578039275
statin_associated_diabetes,LBXSCR,LBXSAPSI,High-High,28.0,26.0,0.3921944977607166,0.6785714285714286,0.31605562579013907,0.6923076923076923,3.1801569939518726,1.1377148557363512,8.889220752624718,4.707351472057354,1.6042702668938515,13.812608971669436,0.13783350946253595,0.768543853466079,0.8415202404368453,0.09795728090201661,-0.43661265766835655,0.45380367800062205,-0.35371447684735086,0.5584683869759691
statin_associated_diabetes,LBXSCR,LBXSAPSI,Low-High,25.0,20.0,0.39948947032546267,0.6,0.3182382133995037,0.6,2.2184091513700452,0.7855674656757823,6.264693203210491,3.148805773526548,0.9935712078730695,9.979131561812308,0.13414259071835138,0.7759695891644594,0.20939036298899869,0.6954470425403891,-0.07861128379570172,0.8729227909324295,1.7940614933479024,0.0015477254837309197
statin_associated_diabetes,LBXSKSI,LBXSUA,High-High,33.0,22.0,0.4033078880407125,0.6666666666666666,0.31441326530612246,0.6363636363636364,2.8939253777366636,1.1269257446791068,7.4315491783294245,3.717682817807974,1.2110930686696766,11.41214155325526,0.6624291329307266,0.1343685286340926,0.13558778374822064,0.7942056425707547,0.11570069559306327,0.8396840317008709,-0.1549527368016234,0.8006483361798701
statin_associated_diabetes,LBXSKSI,LBXSUA,Low-High,23.0,21.0,0.4190051020408163,0.13043478260869565,0.3247354497354497,0.2857142857142857,0.23668737828062691,0.05304168790022109,1.0561676533133684,0.8715584287730123,0.2593710467652355,2.9286772916208776,-1.7036965915553186,0.010494759791716327,-0.6408259089821572,0.23533240306052983,-0.6462229607333656,0.5911269111455683,-0.21133106643226465,0.758093914392748
statin_associated_diabetes,LBXSKSI,LBXTC,Low-High,22.0,24.0,0.4375400384368994,0.2727272727272727,0.34517426273458446,0.4166666666666667,0.5063288333222495,0.1524830517826504,1.6812943107860865,1.373122846917957,0.4789611707144798,3.9365745451045067,0.3057343318716872,0.5708741845412075,0.8526584952116325,0.07798366379257238,-0.3709551726065349,0.5102780168958632,1.0199686464548516,0.054262542196481876
statin_associated_diabetes,LBXSKSI,LBXWBCSI,Low-High,29.0,26.0,0.41751918158567775,0.4482758620689655,0.33054123711340205,0.38461538461538464,1.141197746400501,0.43934998791104846,2.9642251786137623,1.2882181110029212,0.4615713118636613,3.595340219077823,0.13899324905611787,0.7575691223220493,0.02935588984781705,0.9513119188368891,-0.6847335866896925,0.17835339790998772,0.16645571702055253,0.7917502426630074
statin_associated_diabetes,LBXSKSI,LBXSASSI,Low-High,25.0,21.0,0.42337164750957856,0.32,0.33035714285714285,0.2857142857142857,0.6614059640434923,0.2234915519423411,1.9573798001329452,0.8495963554751617,0.2527740698908441,2.855569669580347,-0.1293381280578546,0.7934808343084329,-0.3945836797864304,0.4614447717550241,-0.37683720473015986,0.512326710076421,-0.16310971644269157,0.7902190179382654
statin_associated_diabetes,LBXSNASI,LBXSASSI,Low-High,20.0,28.0,0.40648379052369077,0.65,0.3238598810310641,0.5,2.627586206896552,0.8070438147124172,8.554937351367053,2.0866462793068297,0.7933057642953852,5.488542868224769,0.4914390595146363,0.356558407717678,0.08462319347025352,0.8546487547783193,-0.4266726502220714,0.4354480570902828,0.21011241305461198,0.6729410773964395
statin_associated_diabetes,LBXSUA,LBXWBCSI,High-High,26.0,26.0,0.40604890604890603,0.6923076923076923,0.31767041694242226,0.34615384615384615,3.1828512877835218,1.0855736348357066,9.33197159092612,1.1653634606808383,0.40869338951047113,3.3229605135446527,0.9311621900229877,0.05617899752535012,-0.7050296570421961,0.13940143531264249,1.1217624697353288,0.08333064142342515,-0.9190838745747556,0.0852919182470813
statin_associated_diabetes,LBXSUA,LBXSASSI,High-High,20.0,35.0,0.4077170418006431,0.35,0.3191042687193842,0.37142857142857144,0.806847036161457,0.24776227095529382,2.6275273359921467,1.2795180722891566,0.520845532292546,3.1432860527927184,-0.7093898383892282,0.17443417699019936,-0.4511994901485114,0.2731649735773546,-0.9346181454688853,0.09371319483137296,0.12000716506653496,0.8010239656584063
statin_associated_diabetes,LBXTC,LBXTR,High-High,28.0,42.0,0.42362002567394097,0.39285714285714285,0.33951497860199714,0.4523809523809524,0.8937540523017073,0.3302714197870741,2.4186056017826396,1.6126053793657165,0.7135467967162571,3.6444646959761178,-0.4901737868646643,0.3717712111741136,0.8344292014940573,0.0821313983308219,-0.13376890281186157,0.7791724224652032,0.5177885156415206,0.179437972443663
statin_associated_diabetes,LBXTC,LBXSASSI,High-High,21.0,25.0,0.42129032258064514,0.14285714285714285,0.33739255014326647,0.32,0.2598275398581443,0.05754945984574743,1.1730839985238224,0.9534009998485079,0.3215800653438744,2.826585241035212,-1.4424397891968743,0.03070487142811602,0.018001808184911688,0.9701527235902627,-1.4414881579513865,0.030298059477315918,0.24871424865667002,0.6064641324992441
statin_associated_diabetes,LBXTC,LBXSATSI,High-High,22.0,24.0,0.4165596919127086,0.13636363636363635,0.33626522327469555,0.2916666666666667,0.2513373206213853,0.05601100126188245,1.1278221655381628,0.84551328068916,0.2722666015179748,2.6257084190127875,-1.760280582802989,0.00820939057887425,-0.22162935823405852,0.6628539574102085,-1.379050704698383,0.037160796946081924,0.3337207225775221,0.505372540388081
statin_associated_diabetes,LBXWBCSI,LBXSASSI,High-High,24.0,30.0,0.4055627425614489,0.5833333333333334,0.3269362577107608,0.5333333333333333,2.023562891291975,0.7064691395552645,5.796158028348832,2.3413973641451524,0.9161457852824849,5.983918394751443,0.24270829560967278,0.6093021750784737,0.5992639622512027,0.16914433733068424,-0.2590555049184281,0.6248991966568851,0.48008425957414835,0.32457539872184127
statin_associated_diabetes,LBXWBCSI,LBXSAPSI,High-High,31.0,21.0,0.39820166987797045,0.6129032258064516,0.3237139272271016,0.47619047619047616,2.356970185334408,0.9180951602808267,6.050907024557299,1.9065196346647584,0.6294722036424862,5.774388601004323,-0.042055414671302624,0.9237228255103406,-0.0809542268916979,0.8757224363038587,0.05986681810753179,0.9025255899885121,0.2635271534382043,0.6541765921863595
statin_associated_diabetes,LBXWBCSI,LBXSAPSI,Low-Low,23.0,45.0,0.43210659898477155,0.6521739130434783,0.33264033264033266,0.2222222222222222,2.3961417288852442,0.7918664803443991,7.250584950139667,0.5930881857220325,0.23723391063272276,1.4827289872046356,1.909764377825712,0.0001902015008391765,-0.6874038379929919,0.10960091446544418,1.297348469227113,0.022055158398633794,-0.5156694048078304,0.2710019554834847
statin_associated_diabetes,LBXSASSI,LBXSATSI,High-High,111.0,128.0,0.4111582777440873,0.4954954954954955,0.3318269851517108,0.421875,1.4064927188423189,0.8500082588793029,2.3272971144593977,1.472329296052074,0.9113054778720439,2.3787342539353964,0.2924536277579299,0.4565614221124431,0.6938138515773646,0.09509867186655158,-0.16651158603600447,0.4865132114195283,0.5274006952061016,0.02622528064355488
statin_associated_diabetes,LBXSASSI,LBXSAPSI,High-High,36.0,21.0,0.4017857142857143,0.4444444444444444,0.3226879574184963,0.3333333333333333,1.1980619330380458,0.5058394266857685,2.837565281929894,1.0850882488724742,0.3376855033815015,3.4867250623753954,-0.5093749332829026,0.21736420076490492,-0.6922714802496776,0.18944602422984136,-0.46294304387848345,0.29103655556624963,-0.22747473925651998,0.6790834952791237
